# .PCD v0.7 - Point Cloud Data file format
VERSION 0.7
FIELDS x y z
SIZE 4 4 4
TYPE F F F
COUNT 1 1 1
WIDTH 16012
HEIGHT 1
VIEWPOINT 0 0 0 1 0 0 0
POINTS 16012
DATA ascii
1.235671 -4.300497 -0.512450
1.722497 -4.370245 -0.508919
0.935511 -1.560083 -0.557643
-1.106771 -1.284440 -0.549211
-0.924585 -1.310575 -0.508328
-0.689915 -1.353331 -0.478530
-1.364033 -1.229437 -0.614074
-1.180565 -1.249156 -0.565416
0.854333 -1.072461 -0.568737
1.019630 -1.036270 -0.553599
1.840765 -1.193657 -0.464549
-3.668090 -0.828227 -0.639390
0.949223 -1.004020 -0.553665
1.108128 -0.956095 -0.566441
1.259190 -0.836103 -0.561935
1.483812 -0.958477 -0.516832
0.775901 -0.745134 -0.592998
1.276124 -0.762210 -0.548890
-1.067076 0.383923 -0.593286
-0.748050 0.443468 -0.523198
0.766736 0.311627 -0.516445
-1.116692 0.574923 -0.621596
-0.761655 0.666385 -0.622296
-0.743573 0.600131 -0.570706
-0.975050 0.904599 -0.508993
-0.952158 1.051184 -0.526277
1.248011 -7.038038 -0.334490
1.113181 -6.718381 -0.196091
1.337099 -6.640411 -0.318739
1.409135 -6.258721 -0.303492
1.467132 -5.881983 -0.287632
1.521996 -5.557226 -0.274039
1.367937 -1.980332 -0.332311
1.719283 -1.664696 -0.373110
-1.130245 -1.282380 -0.301889
-0.886109 -1.321704 -0.322817
-0.638147 -1.363713 -0.326827
-0.405289 -1.404133 -0.361680
-0.190013 -1.437654 -0.349823
1.760066 -1.370950 -0.341221
-1.896465 -1.132582 -0.390990
-1.594595 -1.179699 -0.349377
-1.373965 -1.228421 -0.325383
-1.174135 -1.245081 -0.346405
1.793981 -1.208361 -0.353273
0.889599 0.294055 -0.339986
-1.054880 0.976964 -0.287744
-0.975785 0.852744 -0.419163
-0.296528 0.970008 -0.215844
0.176437 0.955049 -0.199615
0.246878 0.924978 -0.199624
0.622163 0.867788 -0.220773
0.833098 0.838665 -0.254687
-1.092497 1.109658 -0.303515
-0.900426 1.146274 -0.319188
-0.756163 1.148564 -0.328783
-0.327628 1.054673 -0.230977
-0.116367 1.047791 -0.284457
0.045301 1.120101 -0.213940
-0.214628 1.293906 -0.267730
1.259566 -6.747468 -0.041297
1.428308 -6.055167 -0.009403
0.061653 -1.953638 -0.077629
1.638554 -1.849839 0.083357
1.714032 -1.727613 0.083524
-1.102017 -1.278535 -0.214371
-0.893249 -1.322520 -0.201532
-0.662120 -1.339209 -0.098858
-0.398242 -1.401600 -0.086453
-0.202767 -1.426804 -0.079852
1.743498 -1.390523 -0.122453
-1.812096 -1.147857 -0.193120
-1.641691 -1.172991 -0.207691
-1.392575 -1.208027 -0.165280
-1.170915 -1.250149 -0.120212
1.795445 -1.144753 -0.099796
1.832739 -1.005986 -0.124943
0.444093 0.039449 -0.056302
0.477579 0.006725 -0.060908
-0.129058 0.951730 -0.060264
0.161343 0.953555 -0.084660
0.296263 0.916094 -0.086491
0.694970 0.805229 -0.068542
0.848449 0.822345 -0.085036
0.986473 0.831894 -0.095606
-0.848652 1.103149 -0.156137
-0.732976 1.117344 -0.140375
-0.315631 1.001726 -0.083778
-0.176124 1.003614 -0.111111
0.126316 0.991363 -0.178624
-0.235847 1.296636 -0.134992
1.746648 -1.361688 0.171799
1.799784 -1.153690 0.179441
1.874420 -0.982216 0.129363
0.783468 0.508453 0.081058
2.570500 0.585185 0.201602
1.306555 -6.912833 -0.459219
1.390991 -6.515174 -0.420816
0.337580 -5.040435 -0.587374
1.189105 -4.215788 -0.532511
1.467833 -3.820198 -0.509627
1.322957 -3.700361 -0.482486
1.398014 -3.412686 -0.455909
-0.089592 -2.870752 -0.593312
-0.066659 -1.667878 -0.596161
-0.846136 -1.312048 -0.582859
-0.615333 -1.358950 -0.573586
-0.400175 -1.411550 -0.565284
-0.196703 -1.438876 -0.550616
0.419407 -1.397388 -0.572431
0.647012 -1.376225 -0.559532
0.768634 -1.313190 -0.555586
-2.142503 -1.087902 -0.604691
-1.790041 -1.152239 -0.638921
-1.582629 -1.195367 -0.508423
-1.386642 -1.237160 -0.471955
-1.259432 -1.241614 -0.469328
0.902179 -1.202316 -0.524054
1.153920 -1.146994 -0.542332
1.236729 -1.068628 -0.541100
1.830263 -1.064421 -0.421791
-2.703088 -0.913113 -0.717124
0.620914 -0.954006 -0.580604
0.796208 -0.894423 -0.577214
1.418560 -0.905890 -0.502966
1.499954 -0.853449 -0.514593
0.953313 -0.778246 -0.574789
1.245248 -0.117825 -0.504257
1.105737 0.083153 -0.503396
-1.078321 0.396301 -0.567688
-0.724185 0.438883 -0.608818
0.320104 0.453091 -0.519666
-1.082749 0.513673 -0.607114
-0.732204 0.553109 -0.602591
0.324901 0.474018 -0.538973
-0.941112 0.847329 -0.577477
-0.935551 1.046727 -0.607410
-0.037119 1.017327 -0.464704
0.260540 3.209199 -0.559225
0.276470 3.288661 -0.505380
1.140844 -6.723729 -0.170914
1.310754 -6.759642 -0.174824
1.381721 -6.347981 -0.162631
1.454476 -6.115410 -0.384783
1.448399 -5.994300 -0.151365
1.510827 -5.747613 -0.350788
1.294304 -2.090746 -0.308155
1.397402 -1.942760 -0.296722
1.469270 -1.877895 -0.184856
1.696046 -1.658774 -0.273197
1.738051 -1.633121 -0.322532
-1.114050 -1.288514 -0.374838
-0.902263 -1.327384 -0.370337
-0.659868 -1.367873 -0.345321
-0.444113 -1.407328 -0.326744
-0.199069 -1.444286 -0.312846
-2.309598 -1.066432 -0.392519
-1.855326 -1.130192 -0.361150
-1.608010 -1.188379 -0.225345
-1.370251 -1.227640 -0.335971
-1.203183 -1.256532 -0.379937
1.800249 -1.149761 -0.243888
-1.037326 0.933712 -0.285082
-1.002312 0.887477 -0.380514
-0.332632 0.951453 -0.256642
-0.072375 0.966624 -0.295189
0.129795 0.946242 -0.289248
0.449849 0.892941 -0.267815
0.893057 0.836916 -0.190837
1.054567 0.819243 -0.217243
-1.048489 1.127430 -0.327893
-0.938741 1.096599 -0.342989
-0.752385 1.149483 -0.284519
-0.304349 1.040704 -0.295392
-0.158475 1.022983 -0.274808
-0.021990 1.018762 -0.274427
-0.215114 1.294698 -0.233948
1.084510 -6.706231 -0.090941
1.364757 -6.504735 -0.098517
1.425793 -6.107042 -0.094464
1.495789 -5.712463 -0.117250
1.543390 -5.390195 -0.111240
1.579749 -5.147824 -0.087220
1.629016 -4.905078 -0.085976
1.240871 -3.964996 -0.084247
-0.024567 -2.159850 -0.125967
-1.139094 -1.282270 -0.176433
-0.902437 -1.321369 -0.152844
-0.669515 -1.365542 -0.135142
-0.400391 -1.405323 -0.121962
-0.200274 -1.438216 -0.102246
1.758208 -1.392476 -0.069890
-1.609874 -1.180429 -0.133020
-1.374264 -1.235564 -0.204502
-1.193510 -1.240775 -0.123484
-1.005153 -1.265086 -0.117780
1.802917 -1.175407 -0.020837
0.434301 0.016554 -0.058560
0.487601 0.036482 -0.047918
0.740278 0.508601 0.072427
2.587625 0.698949 0.098554
-2.042294 0.782711 -0.005409
-0.289045 0.961361 -0.032936
-0.217801 0.965332 -0.026356
0.165744 0.953317 -0.106629
0.325785 0.914169 -0.107145
0.633161 0.843179 -0.100584
0.801724 0.822764 -0.072502
1.015393 0.806922 -0.042898
2.586727 0.722275 0.042402
-1.035228 1.148057 -0.139589
-0.816749 1.105230 -0.184445
-0.727955 1.102367 -0.150281
-0.331136 1.035615 -0.138571
-0.161739 1.030427 -0.140647
0.047862 1.081988 -0.137022
-0.230276 1.300180 -0.166130
1.746309 -1.371879 0.177717
1.783880 -1.199732 0.177516
1.848434 -1.019552 0.180936
1.228069 0.456643 0.128183
0.792233 0.508600 0.075202
2.576233 0.630995 0.202219
2.591622 0.767583 0.202473
1.313370 -6.793282 -0.465796
1.386798 -6.372944 -0.425171
1.516030 -3.906306 -0.536028
1.310088 -3.628878 -0.485400
1.403480 -3.396642 -0.464863
-0.069280 -2.449519 -0.496445
-0.828609 -1.305781 -0.581714
-0.615116 -1.365022 -0.578164
-0.400819 -1.418268 -0.564099
-0.188747 -1.449848 -0.550784
0.457204 -1.401262 -0.573010
0.622467 -1.371552 -0.562022
0.830784 -1.334492 -0.554350
-1.679970 -1.173240 -0.559410
-1.474344 -1.231794 -0.493248
-1.236249 -1.235499 -0.467176
0.867903 -1.274442 -0.553444
1.106681 -1.171925 -0.529982
1.230014 -1.111228 -0.541751
1.807854 -1.104000 -0.413232
-3.584324 -0.838302 -0.553431
-2.712811 -0.898500 -0.727082
0.615437 -0.968087 -0.578279
0.809421 -0.900157 -0.574539
1.393041 -0.941934 -0.493681
1.489374 -0.903283 -0.510984
1.847428 -1.017313 -0.408204
-2.815841 -0.651692 -0.732471
0.960771 -0.786066 -0.571197
1.445351 -0.756060 -0.470459
1.118150 0.093548 -0.497654
-1.079219 0.385217 -0.571178
-0.734270 0.430638 -0.592820
0.317974 0.456313 -0.517353
-1.068606 0.497901 -0.604279
-0.737076 0.515027 -0.603647
0.328424 0.470782 -0.534107
-0.947271 0.838651 -0.561196
-0.925418 1.021396 -0.585092
1.180806 -6.801818 -0.205781
1.321651 -6.687897 -0.202618
1.386605 -6.264423 -0.187119
1.452979 -5.924954 -0.174827
0.486654 -4.149452 -0.276046
1.288451 -2.072185 -0.307456
1.406783 -1.947604 -0.299221
1.483359 -1.890227 -0.183925
1.726185 -1.640173 -0.305086
-1.110895 -1.294574 -0.387652
-0.909096 -1.325084 -0.362595
-0.656320 -1.373204 -0.345795
-0.424331 -1.418224 -0.325592
-0.202215 -1.449502 -0.317355
-1.382106 -1.240123 -0.345317
-1.195127 -1.262409 -0.395999
1.802332 -1.179861 -0.241108
-1.039209 0.975568 -0.352505
-1.002949 0.897554 -0.374995
0.136175 0.936613 -0.286396
0.353261 0.878393 -0.261670
0.893282 0.825454 -0.176903
1.048172 0.812734 -0.201682
-1.040982 1.177000 -0.292719
-0.909989 1.105516 -0.303535
-0.728370 1.120160 -0.335885
-0.316493 1.029292 -0.280877
-0.059115 1.014049 -0.290002
-0.000794 1.170467 -0.249803
-0.213104 1.299082 -0.216362
1.238928 -6.802973 -0.037359
1.370163 -6.423481 -0.126883
1.432011 -6.037958 -0.120555
1.499428 -5.646401 -0.140103
1.527145 -5.343692 -0.109691
1.569217 -5.193448 -0.129926
1.630786 -4.858482 -0.104241
-1.134446 -1.289767 -0.178355
-0.889328 -1.334375 -0.150317
-0.658408 -1.375500 -0.136564
-0.412078 -1.410578 -0.126011
-0.199297 -1.446569 -0.105198
1.746667 -1.403755 -0.067595
-1.610890 -1.186695 -0.152736
-1.396644 -1.237732 -0.184587
-1.181582 -1.269436 -0.180983
1.783910 -1.255723 -0.070616
1.794931 -1.026737 -0.126341
0.427834 0.011519 -0.030424
0.478149 -0.020058 0.004654
0.774184 0.496684 0.083528
2.568758 0.567709 0.113427
-0.282839 0.925044 -0.021715
-0.207948 0.956957 -0.015862
0.156613 0.944068 -0.098993
0.314095 0.905455 -0.077012
0.656929 0.823661 -0.070443
0.807751 0.806060 -0.055887
1.010858 0.800504 -0.029002
2.590659 0.723912 0.056771
-1.036148 1.134114 -0.131379
-0.838332 1.115526 -0.178097
-0.731287 1.089002 -0.139130
-0.329912 1.026531 -0.128240
-0.164871 1.016916 -0.126919
0.075244 1.049504 -0.125088
2.628972 0.959436 0.053689
-0.232250 1.273101 -0.153788
1.745065 -1.393484 0.176357
1.780281 -1.193699 0.174924
1.817356 -1.004598 0.183408
0.778935 0.499405 0.085489
2.574160 0.595591 0.217180
2.585943 0.698503 0.217707
-3.121721 -0.824510 -0.795604
0.347211 -5.076763 -0.610622
1.247414 -4.283756 -0.485877
-1.152314 -1.283435 -0.523698
-0.868684 -1.316212 -0.590724
-0.661243 -1.356984 -0.569193
-0.415776 -1.408247 -0.539689
-0.164158 -1.442185 -0.548877
0.337163 -1.331651 -0.587392
-1.813206 -1.147335 -0.632993
-1.634542 -1.176308 -0.612560
-1.377743 -1.235007 -0.541068
-1.210798 -1.258088 -0.505292
0.942468 -1.192097 -0.553661
1.087672 -1.121329 -0.547249
1.857365 -1.172552 -0.448849
-3.025947 -0.951775 -0.783249
0.616078 -0.904846 -0.592391
0.775413 -0.854230 -0.577516
1.199834 -1.005275 -0.533472
1.371886 -0.900959 -0.529051
0.861828 -0.765390 -0.568817
1.493416 -0.652194 -0.513450
-1.068365 0.407766 -0.604903
-0.712221 0.441441 -0.609129
0.325534 0.454115 -0.526489
-1.074516 0.507795 -0.605417
-0.708562 0.502844 -0.599548
0.320862 0.501148 -0.526265
-0.982563 0.833102 -0.566929
-0.970027 1.024206 -0.484315
0.087090 3.311646 -0.486003
0.320330 3.283857 -0.463339
0.500543 -4.151743 -0.413910
1.251204 -4.264942 -0.361973
1.313976 -3.673882 -0.293586
1.287417 -2.139605 -0.271205
1.384220 -1.962164 -0.249462
1.735198 -1.598377 -0.244368
-1.329041 -1.275560 -0.277178
-1.113692 -1.290715 -0.362287
-0.904655 -1.325637 -0.407155
-0.645790 -1.370623 -0.381439
-0.418978 -1.409307 -0.360444
-0.177255 -1.448423 -0.352808
1.776524 -1.308255 -0.255985
-2.289100 -1.076289 -0.481689
-1.838392 -1.144539 -0.333876
-1.620584 -1.187504 -0.298987
-1.408319 -1.230716 -0.311764
-1.211964 -1.252825 -0.339824
1.811051 -1.158189 -0.234452
1.711373 -0.913000 -0.203314
-1.031092 0.937212 -0.364129
-0.990031 0.921599 -0.322327
0.152301 0.946961 -0.252203
0.287541 0.882618 -0.231965
0.701471 0.846176 -0.172791
0.856014 0.829592 -0.196527
1.017109 0.801844 -0.217960
-1.111633 1.190447 -0.313388
-0.905997 1.122237 -0.312416
-0.730776 1.130574 -0.225456
-0.290768 1.038054 -0.314829
-0.114399 1.022137 -0.292674
-0.224936 1.300919 -0.212380
1.310612 -6.813058 -0.038468
1.129461 -6.713737 -0.045981
1.379327 -6.380624 -0.024155
1.441727 -5.998136 -0.011409
1.505689 -5.682652 -0.000131
1.562475 -5.393115 0.010740
1.620054 -5.141569 0.019343
1.652327 -4.831459 0.037842
1.407710 -3.375244 0.050688
1.422585 -3.199218 0.060718
1.450623 -3.072601 0.060261
1.396581 -2.957297 0.061889
1.477276 -2.898346 0.062912
1.515878 -2.748129 0.067297
1.277621 -2.177444 0.072080
1.606214 -1.897734 0.065049
-1.104606 -1.284751 -0.221413
-0.900411 -1.325555 -0.195247
-0.667855 -1.362265 -0.154102
-0.401854 -1.407337 -0.117520
-0.198491 -1.451526 -0.110149
1.742796 -1.414891 -0.084168
-1.325459 -1.232830 -0.233239
-1.220836 -1.252906 -0.159375
1.794694 -1.157835 0.009428
0.657168 -0.326306 -0.018935
0.416609 0.054677 -0.023577
0.868467 0.482448 0.051344
0.119813 0.942908 -0.102905
0.336186 0.922038 -0.109421
0.630516 0.815210 -0.032844
0.841917 0.818464 -0.034025
1.046389 0.806300 -0.050429
-0.304407 1.030926 -0.155734
-0.112058 1.036030 -0.140363
0.101630 1.053584 -0.128947
2.686912 1.138654 0.110434
-0.227743 1.281259 -0.178917
1.586961 -1.859730 0.092016
1.747742 -1.390247 0.172148
1.777532 -1.180299 0.188157
1.859478 -1.004102 0.157632
2.581279 0.558477 0.219301
2.604882 0.737755 0.226616
1.138170 -6.912658 -0.508938
1.270629 -6.943388 -0.427654
1.356172 -6.552944 -0.407488
1.430560 -6.046599 -0.447880
1.481780 -5.684884 -0.421185
0.341447 -5.053675 -0.568284
-1.145258 -1.296005 -0.472538
-0.863151 -1.306516 -0.534628
-0.648573 -1.357677 -0.515362
-0.391360 -1.426398 -0.496075
-0.185470 -1.446414 -0.495798
-1.980711 -1.130404 -0.514485
-1.647667 -1.190416 -0.587490
-1.396043 -1.237545 -0.515273
-1.148835 -1.265495 -0.512185
-1.001741 -1.274987 -0.532056
0.598376 -1.285658 -0.560846
0.953587 -1.183737 -0.554745
1.058929 -1.137278 -0.542532
1.814314 -1.230744 -0.433163
-3.582762 -0.820050 -0.663302
-3.363409 -0.895550 -0.624953
-3.174161 -0.925840 -0.590745
-3.020824 -0.957885 -0.563121
0.665086 -0.886339 -0.582976
0.778611 -0.843144 -0.574214
1.173858 -1.012295 -0.534604
1.347460 -0.911730 -0.534691
0.840006 -0.786586 -0.572365
1.421885 -0.729055 -0.519349
1.099949 0.069696 -0.494652
-1.068212 0.400412 -0.591797
-0.746159 0.412792 -0.597706
0.305014 0.444354 -0.511123
-1.088942 0.502468 -0.587016
-0.743430 0.538222 -0.616037
0.317601 0.494225 -0.524063
-0.995889 0.829698 -0.534444
-0.971779 1.014240 -0.483085
-0.040527 1.028282 -0.468680
1.423672 -6.166366 -0.386605
1.482950 -5.816737 -0.368741
1.543895 -5.521133 -0.354678
1.591818 -5.226431 -0.339825
0.498534 -4.167182 -0.363421
1.229885 -4.265540 -0.321391
1.315834 -3.681389 -0.278361
1.396854 -1.947309 -0.239446
1.487296 -1.885966 -0.238138
-1.122106 -1.291283 -0.256502
-0.902557 -1.334260 -0.347385
-0.633196 -1.376756 -0.317013
-0.419355 -1.420235 -0.326574
-0.190244 -1.453361 -0.314284
1.753087 -1.492299 -0.159493
-1.835263 -1.148705 -0.278569
-1.633891 -1.187586 -0.262201
-1.399240 -1.242473 -0.267974
-1.218538 -1.242198 -0.252969
1.800608 -1.213300 -0.258557
-1.036712 0.942124 -0.363243
-0.960534 0.831320 -0.427322
0.154068 0.958536 -0.210921
0.317794 0.886226 -0.209952
0.700077 0.843465 -0.189220
0.866103 0.828022 -0.218101
1.045960 0.816237 -0.251400
-1.019859 1.122890 -0.297426
-0.929734 1.091626 -0.317429
-0.724927 1.124807 -0.229762
-0.307812 1.041970 -0.286565
-0.112768 1.017893 -0.260331
0.124775 0.971137 -0.217644
-0.202782 1.280208 -0.258657
1.437386 -3.173030 0.098053
1.435346 -3.015299 0.083571
1.477118 -2.946828 0.093995
1.506784 -2.746808 0.085906
1.608254 -1.865587 0.088154
1.690226 -1.603513 0.028380
1.748580 -1.611755 -0.110713
-1.091046 -1.288390 -0.154590
-0.878803 -1.333982 -0.156297
-0.673408 -1.369144 -0.126751
-0.401236 -1.406806 -0.083160
-0.195954 -1.454620 -0.087154
1.732001 -1.370006 -0.035676
-1.561515 -1.194649 -0.200449
-1.293674 -1.251800 -0.037129
-1.204101 -1.244246 -0.065758
1.795710 -1.155131 -0.057076
0.370761 -0.037186 -0.022421
0.445207 0.014212 -0.044680
1.310171 0.206895 0.086335
-1.706488 0.609881 -0.068536
0.825797 0.486444 0.076489
2.596272 0.693351 0.019918
-0.078479 0.945189 -0.064264
0.180559 0.941462 -0.105442
0.331661 0.908969 -0.134947
0.641748 0.810531 -0.048679
0.852990 0.818212 -0.051539
1.031611 0.811989 -0.068632
2.620361 0.832167 0.015875
-0.870836 1.129942 -0.192982
-0.733979 1.097510 -0.167128
-0.314413 1.035439 -0.122063
-0.161185 1.041879 -0.129922
0.081456 1.055570 -0.108483
-2.780532 1.245550 -0.158210
-0.223015 1.290131 -0.152865
1.733914 -1.372126 0.178291
1.806258 -1.184527 0.191375
1.801609 -1.011458 0.190249
1.336365 0.432972 0.129049
2.590661 0.605628 0.192193
2.627305 0.764591 0.194751
1.339324 -6.530923 -0.412791
1.411813 -6.167405 -0.388875
-0.150007 -4.157142 -0.517420
0.056019 -2.426014 -0.578198
-1.134195 -1.288235 -0.497787
-0.955481 -1.316859 -0.478499
-0.683591 -1.357508 -0.454698
-1.986144 -1.114930 -0.505659
-1.552467 -1.193447 -0.608429
-1.388795 -1.229464 -0.554712
-1.182054 -1.253686 -0.532874
0.925303 -1.155386 -0.539254
1.057533 -1.074381 -0.541001
1.819991 -1.215952 -0.392478
-3.685623 -0.818304 -0.674766
-3.403802 -0.883455 -0.624113
-3.136791 -0.930989 -0.575408
0.693932 -0.859097 -0.564654
0.760350 -0.813663 -0.565279
1.134528 -0.999620 -0.538718
1.309312 -0.887089 -0.531323
0.819798 -0.759160 -0.564118
-1.069175 0.390438 -0.582964
-0.731454 0.417538 -0.588356
0.792743 0.307640 -0.506893
-1.073880 0.506626 -0.618949
-0.761160 0.619251 -0.564435
-0.733739 0.550832 -0.567755
0.318351 0.487852 -0.520346
-1.194725 0.734921 -0.546579
-0.989549 0.916475 -0.488519
-0.964915 1.028734 -0.496247
-0.010250 1.029084 -0.533324
1.233713 -7.040786 -0.358741
1.315881 -6.608367 -0.338942
1.396414 -6.264961 -0.323733
1.468098 -5.867619 -0.337520
1.509593 -5.560738 -0.292560
1.535169 -5.531219 -0.347108
1.569495 -5.247284 -0.303205
1.275560 -3.823296 -0.323552
1.368446 -3.661978 -0.303118
1.419267 -1.924591 -0.251236
1.736497 -1.619385 -0.171586
-1.146214 -1.280648 -0.252884
-0.903696 -1.327047 -0.284496
-0.657189 -1.367869 -0.351471
-0.420106 -1.410957 -0.381343
-0.191701 -1.442107 -0.349726
1.770206 -1.410587 -0.205568
-1.828865 -1.146491 -0.304489
-1.623697 -1.187970 -0.304265
-1.370428 -1.239280 -0.275472
-1.208361 -1.253338 -0.242754
1.803444 -1.193478 -0.324932
-1.045702 0.943478 -0.265495
-0.983356 0.887897 -0.432006
0.195582 0.953972 -0.222880
0.373674 0.809506 -0.212342
0.636047 0.856046 -0.194138
0.865860 0.831800 -0.229625
1.057868 0.823147 -0.261438
-1.046902 1.077139 -0.262135
-0.883460 1.147436 -0.303254
-0.702002 1.124054 -0.268594
-0.299006 1.042030 -0.250125
-0.112166 1.021035 -0.315053
0.107261 1.051118 -0.188535
-0.213139 1.286900 -0.257376
0.058820 -1.965564 -0.036481
1.708449 -1.819927 0.092770
1.696637 -1.585083 -0.073145
-0.649464 -1.366820 -0.128834
-0.402964 -1.404230 -0.090300
-0.196434 -1.439509 -0.082642
-1.886279 -1.127421 -0.052001
-1.597113 -1.198687 -0.201708
-1.315707 -1.233205 -0.065586
-1.169509 -1.254013 -0.078950
1.804204 -1.164996 -0.026942
1.821429 -1.033874 -0.130493
0.635955 -0.310136 -0.000842
0.413981 -0.036316 -0.035572
0.481277 -0.056206 -0.060309
-0.621667 0.115839 -0.177435
0.433196 0.021078 -0.066058
0.478325 -0.003872 -0.037681
2.554293 0.530656 0.059161
-0.308821 0.968746 -0.034252
-0.114881 0.951810 -0.054167
0.178504 0.942118 -0.081683
0.309302 0.917411 -0.112016
0.623736 0.807463 -0.047763
0.847082 0.818832 -0.058496
0.984265 0.819600 -0.072182
-0.818850 1.089721 -0.157889
-0.737251 1.120238 -0.165708
-0.321006 1.035653 -0.125323
-0.154521 1.014181 -0.113738
0.148987 0.986932 -0.135037
-0.223815 1.298662 -0.142537
1.685695 -1.440571 0.177103
1.747759 -1.392790 0.178664
1.859571 -0.984114 0.178909
1.328770 0.367395 0.131376
0.815433 0.500422 0.083177
2.575534 0.597478 0.219134
2.582852 0.748762 0.224359
1.223782 -6.921426 -0.403533
1.314915 -6.558141 -0.382490
-1.134156 -1.291859 -0.499189
-0.943103 -1.326871 -0.459086
-0.765384 -1.357020 -0.447061
-2.085392 -1.106502 -0.498060
-1.639476 -1.180773 -0.600843
-1.391614 -1.240595 -0.547263
-1.207737 -1.250992 -0.491697
0.941077 -1.125780 -0.531501
1.049318 -1.068564 -0.543901
1.831227 -1.192857 -0.408855
-3.776083 -0.787050 -0.644157
-3.611064 -0.840464 -0.615865
-3.063593 -0.945156 -0.523454
0.690425 -0.859802 -0.567242
0.755904 -0.813444 -0.568418
1.133632 -1.000395 -0.546299
1.304173 -0.885260 -0.538807
0.813419 -0.757987 -0.566799
-1.077126 0.387731 -0.564728
-1.077420 0.506181 -0.608121
-0.751681 0.569515 -0.536806
-0.991442 0.902223 -0.483443
-0.971145 1.017963 -0.493658
1.212694 -7.100800 -0.326446
1.304253 -6.704559 -0.311629
1.376825 -6.307137 -0.297156
1.394931 -6.208757 -0.362545
1.451939 -5.910452 -0.313638
1.504401 -5.572324 -0.297100
1.553049 -5.271178 -0.282868
1.249957 -3.861908 -0.256947
1.478703 -2.893910 -0.314054
-0.086968 -2.341017 -0.220583
0.128095 -2.302969 -0.201054
1.418040 -1.928900 -0.262949
1.690766 -1.690472 -0.384343
-1.129545 -1.284693 -0.263669
-0.896549 -1.328520 -0.307710
-0.661153 -1.373801 -0.318913
-0.430989 -1.414554 -0.364418
-0.195495 -1.449696 -0.346064
1.750877 -1.384308 -0.293935
-1.856780 -1.139982 -0.345617
-1.668194 -1.183401 -0.302047
-1.408979 -1.233982 -0.263726
-1.227242 -1.257282 -0.229521
1.787107 -1.238105 -0.350002
-1.047984 0.963369 -0.248917
-0.984953 0.885028 -0.392712
0.155512 0.939751 -0.222318
0.466485 0.889088 -0.185642
0.602987 0.859159 -0.200519
0.861933 0.819995 -0.237840
1.020064 0.795171 -0.263212
-1.018625 0.977845 -0.432448
-0.889656 1.137639 -0.303351
-0.747895 1.125280 -0.275769
-0.309293 1.036386 -0.238373
-0.107758 1.054619 -0.286474
-0.227828 1.299922 -0.245684
1.438062 -1.891177 -0.130836
1.593973 -1.887786 0.085117
-0.950359 -1.319415 -0.187827
-0.655863 -1.356843 -0.090861
-0.396343 -1.415080 -0.079577
-0.202197 -1.450870 -0.077421
1.744278 -1.485239 -0.133721
-1.669602 -1.189417 -0.189028
-1.511792 -1.179828 -0.171309
-1.198034 -1.256165 -0.045345
1.791276 -1.167969 -0.037174
-0.629374 0.110757 -0.177417
-0.057174 0.935802 -0.050685
0.153714 0.946146 -0.091997
0.297999 0.920551 -0.110211
0.622939 0.800658 -0.048960
0.862307 0.809677 -0.071472
1.017084 0.804894 -0.087877
-0.831842 1.091726 -0.170409
-0.714814 1.087450 -0.123134
-0.311334 1.020527 -0.131747
-0.178921 1.026218 -0.106180
0.114691 1.015401 -0.138504
-0.230055 1.303031 -0.150276
1.716783 -1.589254 0.110867
1.755671 -1.384777 0.163692
1.784051 -1.255491 0.171499
1.828100 -1.038889 0.173737
2.433729 0.119546 0.208216
2.508222 0.105551 0.169701
0.792906 0.490626 0.077659
1.730945 -4.413915 -0.479723
0.053547 -4.223947 -0.612178
1.225091 -4.298176 -0.478970
1.038156 -3.181134 -0.537519
0.015097 -2.229729 -0.584450
1.720476 -1.742894 -0.417533
-1.156446 -1.280339 -0.540550
-0.920186 -1.325504 -0.487155
-0.746688 -1.355787 -0.464338
1.490427 -1.481019 -0.494088
-1.542011 -1.192485 -0.614641
-1.397374 -1.231732 -0.602284
-1.257569 -1.239455 -0.575369
0.853598 -1.121277 -0.551189
1.026068 -1.058961 -0.533905
1.827543 -1.233242 -0.443941
-3.749987 -0.814661 -0.653367
0.940607 -1.047224 -0.509655
1.078254 -0.996901 -0.550063
1.257418 -0.873528 -0.544001
0.753754 -0.780000 -0.570924
1.283982 -0.781364 -0.528807
-1.075439 0.395641 -0.582505
-0.728326 0.446685 -0.499776
-1.071516 0.513968 -0.620994
-0.765427 0.653917 -0.581898
-0.743615 0.609916 -0.571915
-1.002015 0.905153 -0.473008
-0.962867 0.902374 -0.489222
0.036375 0.766462 -0.567500
-0.946001 1.055371 -0.512154
0.093458 1.891059 -0.485505
1.243902 -6.996489 -0.332987
1.325181 -6.581157 -0.313805
1.397043 -6.189622 -0.297934
1.453382 -5.821770 -0.281540
1.510485 -5.517936 -0.269276
1.308197 -3.609068 -0.382054
1.318178 -2.066131 -0.314049
1.352838 -1.981163 -0.289290
-1.333238 -1.262792 -0.317020
-1.165616 -1.276830 -0.303804
-0.937596 -1.319198 -0.289031
-0.679114 -1.365246 -0.324280
-0.420463 -1.415004 -0.338287
-0.192524 -1.448280 -0.347458
1.756010 -1.387228 -0.319713
-1.926743 -1.121106 -0.382122
-1.704405 -1.170068 -0.331297
-1.445044 -1.226520 -0.305511
-1.241528 -1.238319 -0.351865
1.784920 -1.241303 -0.359104
1.814297 -1.055981 -0.321357
-1.022312 0.945335 -0.275023
-0.984299 0.902306 -0.426857
0.194494 0.947423 -0.199313
0.465806 0.814180 -0.178710
0.642510 0.835807 -0.201992
0.901670 0.819703 -0.249677
-1.063394 1.126978 -0.297024
-0.833035 1.152758 -0.295310
-0.747037 1.155188 -0.262482
-0.300921 1.035718 -0.217143
-0.074282 1.037581 -0.243188
0.165617 0.989509 -0.190501
-0.208653 1.289303 -0.270735
1.579734 -1.887452 0.100081
1.690349 -1.883302 0.101550
1.708539 -1.780665 0.101781
-1.182321 -1.270446 -0.144636
-0.938580 -1.331562 -0.196256
-0.660841 -1.366483 -0.096557
-0.421817 -1.406945 -0.068226
-0.219325 -1.441950 -0.063552
1.740583 -1.450622 -0.042336
-1.870339 -1.134732 -0.181979
-1.639023 -1.181535 -0.197451
-1.381933 -1.238855 -0.101143
-1.278230 -1.238719 -0.217963
1.796318 -1.178985 -0.079603
0.444105 -0.061915 -0.050485
-0.155169 0.943859 -0.050476
0.158831 0.943126 -0.095291
0.354224 0.896620 -0.081176
0.627064 0.794215 -0.047275
0.831734 0.805457 -0.066568
1.018956 0.804672 -0.085571
-0.822283 1.105542 -0.142219
-0.735788 1.111893 -0.124960
-0.323743 1.009458 -0.080355
-0.182127 0.987242 -0.093520
0.149098 0.979308 -0.100908
0.257291 0.964503 -0.159045
-0.210375 1.297282 -0.126455
1.741661 -1.444987 0.183119
1.760319 -1.244915 0.179678
1.771993 -1.056901 0.191192
1.305964 0.224331 0.104292
0.815768 0.493850 0.095410
2.542696 0.522381 0.211691
-0.099169 -4.258905 -0.617558
1.132348 -3.312703 -0.538408
-0.014996 -2.301190 -0.606114
1.728317 -1.748276 -0.396398
-1.314184 -1.262445 -0.607398
-1.142255 -1.287809 -0.553506
-0.950526 -1.320599 -0.506486
-0.769069 -1.356833 -0.478254
1.564613 -1.525730 -0.501220
1.803163 -1.499055 -0.469695
-2.457716 -1.033454 -0.609422
-1.570180 -1.192790 -0.661638
-1.384027 -1.230631 -0.610743
-1.193672 -1.257489 -0.552194
0.875255 -1.115195 -0.550565
1.016479 -1.085999 -0.536448
1.828422 -1.244466 -0.430975
-3.668635 -0.809745 -0.658292
-3.141625 -0.929361 -0.567392
1.100846 -0.999516 -0.546383
1.266486 -0.867748 -0.539188
1.298691 -0.778818 -0.527352
-1.069275 0.384846 -0.612526
-0.763663 0.440763 -0.535054
-0.744500 0.440898 -0.521288
0.350565 0.398205 -0.524094
-1.146169 0.557253 -0.607367
-0.743945 0.610929 -0.594023
-0.976953 0.919794 -0.516387
-0.942271 1.052681 -0.541937
1.242549 -6.965336 -0.280412
1.326286 -6.567801 -0.264753
1.396032 -6.173005 -0.250582
1.453186 -5.810985 -0.236833
1.501981 -5.470816 -0.224364
1.328282 -3.565737 -0.356962
-0.036432 -2.360678 -0.272128
1.304413 -2.078598 -0.381194
1.351907 -1.985741 -0.276396
1.456133 -1.906333 -0.365930
-1.151695 -1.282004 -0.318796
-0.924284 -1.326757 -0.327007
-0.659163 -1.374483 -0.357313
-0.418290 -1.418324 -0.352587
-0.205157 -1.451463 -0.333163
1.760758 -1.370241 -0.306248
-1.929162 -1.127520 -0.398410
-1.661903 -1.184386 -0.330293
-1.386622 -1.231182 -0.332943
-1.216488 -1.242688 -0.330398
1.797699 -1.184243 -0.278564
1.810696 -1.051640 -0.300979
-1.038097 0.963549 -0.308134
-0.978058 0.873316 -0.457768
0.189952 0.945295 -0.205708
0.536108 0.869910 -0.201235
0.851850 0.820322 -0.244606
-1.064549 1.143559 -0.307225
-0.833374 1.138995 -0.333246
-0.705099 1.114019 -0.266330
-0.310013 1.035067 -0.232930
-0.077289 1.049612 -0.281244
0.062261 1.106122 -0.219888
1.341821 1.049763 -0.377201
-0.210008 1.289918 -0.283901
0.038995 -1.994892 -0.050136
1.586941 -1.875241 0.109512
1.715553 -1.696348 0.057490
-1.169298 -1.279138 -0.178114
-0.932173 -1.328324 -0.200250
-0.664716 -1.375410 -0.116679
-0.421912 -1.410650 -0.084730
-0.224783 -1.441411 -0.069536
1.745206 -1.406545 -0.096413
-1.867817 -1.157031 -0.203970
-1.575298 -1.192994 -0.204264
-1.371697 -1.233352 -0.177060
-1.225728 -1.248510 -0.166337
1.783979 -1.195553 -0.049976
0.650288 -0.343733 0.028438
-0.711582 0.134626 -0.161577
0.408862 -0.016779 -0.037303
0.933809 0.497172 -0.074147
-2.187217 0.933544 -0.058646
-0.130191 0.948624 -0.061002
0.166058 0.946545 -0.078696
0.328302 0.908961 -0.101170
0.703500 0.794083 -0.059603
0.852890 0.807695 -0.074287
0.997896 0.804051 -0.087112
1.262414 0.711295 0.031477
-0.798852 1.081850 -0.130528
-0.734361 1.106636 -0.146200
-0.322038 0.990589 -0.091379
-0.162346 1.018551 -0.108019
0.120493 0.968693 -0.137977
2.599731 0.934965 0.055052
-2.288711 1.323453 -0.072577
-2.184733 1.599100 -0.076102
-1.967799 1.924196 -0.078648
1.730152 -1.425969 0.197546
1.782010 -1.204400 0.199409
1.271342 0.064215 0.112202
0.779487 0.488260 0.089686
2.587652 0.620194 0.236918
2.624681 0.739579 0.220021
-0.428248 2.711515 -2.484721
-0.111517 -4.164286 -0.540541
0.520526 -4.183922 -0.550463
1.417522 -4.206098 -0.511402
-0.132851 -3.852885 -0.601959
1.190137 -3.579271 -0.525695
1.266810 -3.537407 -0.527288
-1.101919 -1.294094 -0.501476
-0.917524 -1.320937 -0.588242
-0.662869 -1.370739 -0.555574
-0.396449 -1.420762 -0.526165
-0.210770 -1.439410 -0.503352
0.413211 -1.536802 -0.577623
0.691385 -1.500751 -0.557656
0.868587 -1.401474 -0.551272
0.988412 -1.316021 -0.545402
-1.207935 -1.242110 -0.513259
0.282418 -1.080271 -0.584668
1.056377 -1.181511 -0.477888
1.346083 -1.255682 -0.530333
1.540422 -1.110421 -0.514572
-3.791059 -0.800872 -0.576828
-3.600346 -0.849480 -0.548162
0.632712 -1.016348 -0.572791
0.869331 -0.942223 -0.583638
0.997979 -0.850912 -0.574848
1.429382 -0.957864 -0.460217
1.618657 -0.918439 -0.499282
1.565517 -0.744852 -0.458774
1.200503 -0.065701 -0.515295
1.084504 0.096134 -0.501132
-1.071385 0.402870 -0.573879
-0.768962 0.417077 -0.570250
-0.723222 0.434586 -0.591031
0.334459 0.427375 -0.545276
-0.735597 0.569321 -0.609430
-0.947321 0.839928 -0.567788
-0.950782 1.029669 -0.581434
1.334358 1.060446 -0.433316
1.122381 -6.715043 -0.170371
1.296727 -6.777682 -0.178977
1.375265 -6.388738 -0.172161
1.390592 -6.256393 -0.233838
1.435713 -6.004522 -0.164715
1.482012 -5.629094 -0.156521
1.289749 -2.099865 -0.295206
1.395853 -1.949273 -0.344362
1.713056 -1.834501 -0.285689
1.729221 -1.701692 -0.350746
-1.319560 -1.265654 -0.339212
-1.129168 -1.287134 -0.324239
-0.920951 -1.327014 -0.323923
-0.671156 -1.366759 -0.298658
-0.434639 -1.415908 -0.274407
-0.210599 -1.446475 -0.263333
1.754653 -1.451709 -0.374684
-1.991478 -1.122786 -0.372040
-1.605498 -1.207358 -0.397602
-1.398177 -1.237070 -0.336680
-1.195036 -1.256608 -0.331393
1.798163 -1.190119 -0.244347
-3.047453 -0.949042 -0.465947
1.818159 -1.032425 -0.214393
-1.104673 0.420322 -0.468432
-1.050124 0.951952 -0.327691
0.139269 0.944868 -0.271326
0.576916 0.858932 -0.245753
0.801643 0.824022 -0.282115
-1.037660 1.094552 -0.337330
-0.880052 1.142198 -0.346777
-0.733762 1.123503 -0.301874
-0.311982 1.027310 -0.237123
-0.113812 1.039061 -0.330219
0.094218 1.039238 -0.214794
-0.213567 1.299499 -0.298422
1.431762 -3.190947 0.091079
1.472277 -2.922535 0.086944
1.511153 -2.763099 0.085106
0.059468 -1.983678 -0.070590
1.600564 -1.866786 0.081009
-1.308533 -1.266781 -0.117812
-1.177850 -1.277765 -0.147096
-0.911378 -1.327199 -0.184269
-0.664785 -1.365295 -0.106780
-0.412998 -1.406139 -0.071985
-0.213090 -1.435499 -0.081122
1.753772 -1.369455 -0.033419
-1.548421 -1.195895 -0.161325
-1.403584 -1.224707 -0.171950
-1.267605 -1.248266 -0.102028
1.789961 -1.158709 -0.063380
0.430257 0.014195 -0.127792
-0.293426 0.967505 -0.073427
-0.167708 0.959391 -0.067832
0.150669 0.930221 -0.109065
0.343175 0.894184 -0.126504
0.655439 0.799051 -0.094517
0.881464 0.817764 -0.108543
1.012602 0.821234 -0.137039
-1.072233 1.126131 -0.166324
-0.842521 1.100632 -0.157985
-0.731816 1.117140 -0.149213
-0.330231 1.002299 -0.126926
-0.096097 1.022017 -0.204051
0.208079 0.977368 -0.168173
1.741767 -1.440775 0.154544
1.782492 -1.265587 0.159153
0.770162 0.493122 0.068712
2.601417 0.790832 0.170212
0.511453 -4.142013 -0.499239
1.357195 -3.944199 -0.528552
1.341725 -3.635789 -0.490225
1.500331 -3.787201 -0.522094
0.309255 -3.014246 -0.560763
-0.047754 -1.734091 -0.600119
-1.152935 -1.273905 -0.476225
-0.927375 -1.301563 -0.624291
-0.677304 -1.359887 -0.589336
-0.406991 -1.418276 -0.563211
-0.193110 -1.440451 -0.546046
0.354637 -1.472727 -0.579439
0.566364 -1.426912 -0.570597
0.810501 -1.355392 -0.558704
-1.615992 -1.198319 -0.512521
-1.409655 -1.216726 -0.488677
-1.226284 -1.239888 -0.484985
0.344906 -1.044494 -0.586490
0.944984 -1.234905 -0.523524
1.162114 -1.206730 -0.538224
1.243609 -1.158243 -0.543318
-2.659388 -0.865903 -0.738618
0.642408 -0.976727 -0.583769
0.823504 -0.916799 -0.580814
0.986467 -0.797617 -0.579520
1.502808 -0.941783 -0.508776
-2.791803 -0.597538 -0.753199
1.549840 -0.791374 -0.494198
1.108276 0.058585 -0.494099
-1.077961 0.395324 -0.575651
-0.725994 0.439863 -0.616008
0.331854 0.436152 -0.537206
-1.086902 0.540442 -0.619370
-0.740186 0.574553 -0.622916
-0.943793 0.874903 -0.588028
-0.935079 1.018931 -0.595638
-0.021978 1.004467 -0.458528
-0.298133 3.729960 -0.607454
1.240765 -6.897358 -0.186263
1.047798 -6.738555 -0.179183
1.341971 -6.589735 -0.177375
1.410287 -6.198621 -0.165569
1.469177 -5.837376 -0.153841
1.529232 -5.539165 -0.144815
-0.131332 -4.048898 -0.257892
1.282341 -2.133091 -0.322031
1.377352 -1.971373 -0.307647
1.756998 -1.621864 -0.332846
-1.306157 -1.267457 -0.438743
-1.131652 -1.286943 -0.379349
-0.914795 -1.327624 -0.366999
-0.647850 -1.374340 -0.342367
-0.426372 -1.416766 -0.323655
-0.195948 -1.448029 -0.311721
-2.137080 -1.100242 -0.349676
-1.897952 -1.131785 -0.393179
-1.603219 -1.194936 -0.237039
-1.381718 -1.234127 -0.419519
-1.219526 -1.249429 -0.364815
1.796748 -1.174026 -0.228247
1.833136 -1.036131 -0.390943
-1.019284 0.915925 -0.382634
-0.987808 0.854406 -0.398013
0.449488 0.906134 -0.292576
0.937806 0.821931 -0.190110
1.026300 0.802371 -0.201088
-1.039518 1.000711 -0.385782
-0.896452 1.134818 -0.328739
-0.723287 1.131942 -0.319335
-0.307504 1.031145 -0.292597
-0.115839 1.061805 -0.262198
-0.202478 1.300392 -0.259553
1.319286 -6.743153 -0.109190
1.386307 -6.315049 -0.105576
1.450399 -5.951910 -0.101744
1.504117 -5.616630 -0.099018
1.571500 -5.182582 -0.108092
1.642361 -4.885531 0.051066
1.466447 -2.978815 0.048883
1.717935 -1.593812 0.008251
-1.350390 -1.266928 -0.203678
-1.175413 -1.285520 -0.175557
-0.910454 -1.325253 -0.149242
-0.661639 -1.368655 -0.141118
-0.427246 -1.406977 -0.125366
-0.212424 -1.439670 -0.092450
1.749046 -1.420538 -0.066337
-1.624593 -1.175791 -0.172002
-1.392458 -1.233316 -0.202246
-1.144337 -1.251177 -0.168570
1.788572 -1.258701 -0.066795
0.406094 0.022261 -0.049883
0.477896 -0.033169 -0.025924
0.762645 0.499867 0.063741
2.542684 0.530730 0.039131
-0.287377 0.930508 -0.047716
-0.184739 0.962092 -0.039263
0.147237 0.949605 -0.123819
0.354749 0.903383 -0.104629
0.639379 0.840230 -0.123789
0.835735 0.820494 -0.128567
1.047094 0.766228 -0.029521
-0.873249 1.111005 -0.173500
-0.722887 1.088371 -0.134037
-0.303387 1.038677 -0.175864
-0.116339 1.020844 -0.140812
0.173085 0.973534 -0.125296
-0.228227 1.297780 -0.172566
1.754155 -1.374347 0.176005
1.812476 -1.156589 0.178475
0.822669 0.497318 0.069087
2.583017 0.586248 0.199162
2.620392 0.783758 0.190781
0.635141 -5.162758 -4.462203
0.282978 -3.959790 -0.633082
-3.764867 -0.810068 -0.749174
-3.494254 -0.879521 -0.688966
1.282843 -3.749243 -0.552704
-4.358992 0.162419 -0.771298
-2.175094 -1.064842 -0.757611
1.364493 -3.466639 -0.515135
-2.207808 -0.931123 -0.759980
-1.505245 -1.201172 -0.560621
1.431013 -3.287062 -0.441301
-1.326657 -1.257107 -0.545081
-0.899089 -1.327276 -0.681475
-0.671612 -1.362290 -0.621080
-0.563277 -1.374882 -0.596287
1.057631 -2.328135 -0.552405
1.335723 -2.532222 -0.533907
-0.115761 -1.466739 -0.585172
0.052033 -1.487880 -0.619616
0.275374 -1.544549 -0.601817
0.456348 -1.590671 -0.577429
0.067024 -1.125400 -0.635082
0.206791 -1.139478 -0.624529
0.454027 -1.510653 -0.592852
0.590962 -1.526387 -0.577715
0.810796 -1.496169 -0.571439
1.377434 -2.007897 -0.430359
0.360937 -1.147582 -0.619299
0.869061 -1.365085 -0.534060
0.907666 -1.420287 -0.558983
1.494568 -1.916138 -0.421193
-0.990462 0.852348 -0.533284
-0.933084 0.754567 -0.589245
-0.758627 0.595896 -0.591044
-0.958650 0.959168 -0.570533
0.343379 0.433723 -0.531155
-0.039400 1.021472 -0.478589
-0.365508 3.715909 -0.610046
1.232920 -7.019720 -0.347981
1.069463 -6.743814 -0.310862
1.269702 -6.744506 -0.288169
1.344152 -6.544189 -0.296631
1.387634 -6.260980 -0.307662
1.431255 -6.014616 -0.322216
1.469880 -5.725099 -0.279319
1.523939 -5.516870 -0.238893
-3.820036 -0.815317 -0.600081
-3.068138 -0.960895 -0.596485
-2.897334 -0.980908 -0.559698
-2.773772 -1.009312 -0.533988
-4.305206 0.094007 -0.641736
-2.174248 -1.107177 -0.416974
-1.517348 -1.219581 -0.391612
1.444352 -3.283663 -0.401895
-1.268431 -1.263547 -0.399627
-1.035012 -1.313480 -0.471789
-0.825962 -1.346455 -0.429930
1.488499 -2.981122 -0.378469
-0.686601 -1.366345 -0.395474
-0.482599 -1.401000 -0.376144
-0.270687 -1.448470 -0.388608
1.534768 -2.754206 -0.346949
0.636926 -1.180401 -0.260087
1.568493 -1.834703 -0.332510
1.734489 -1.647127 -0.373444
1.753881 -1.325742 -0.278002
1.761377 -1.464349 -0.358090
-0.982135 0.815635 -0.459722
-0.711810 0.511905 -0.323148
1.814653 -1.114217 -0.256751
-1.068997 1.181168 -0.315702
-0.995507 1.013887 -0.396427
-0.896191 1.167069 -0.303479
-0.735257 1.117624 -0.246783
-0.297218 1.024017 -0.345447
-0.264676 1.106755 -0.259347
-0.097163 1.016906 -0.306422
0.156457 0.935412 -0.288959
0.287623 0.910405 -0.274035
-0.229222 1.277823 -0.223119
-0.003740 1.175127 -0.262253
0.431086 0.900553 -0.286043
0.564041 0.854322 -0.280136
0.877846 0.822044 -0.161029
0.991084 0.806046 -0.176284
0.113533 1.890553 -0.238204
1.389473 -6.265681 -0.221558
1.457660 -5.927009 -0.201662
1.505982 -5.576695 -0.182490
-0.221813 -3.850943 -0.172199
1.589813 -5.077260 -0.089527
1.560941 -5.293653 -0.165981
1.628635 -4.809980 -0.073966
1.178659 -3.984357 -0.160415
-4.652435 0.163535 -0.227848
1.227776 -3.830571 -0.152019
-4.145850 0.042539 -0.200589
1.311895 -3.642919 -0.039464
1.456428 -3.726639 -0.063719
-1.522474 -1.202817 -0.281710
-1.425346 -1.234380 -0.271815
1.418269 -3.213501 -0.014562
1.398807 -3.380440 -0.022820
-1.259807 -1.259410 -0.241750
-1.034148 -1.313252 -0.238069
-0.850563 -1.348184 -0.216494
1.456532 -3.011764 -0.002964
-0.705103 -1.358199 -0.168680
-0.511518 -1.393118 -0.153065
-0.267973 -1.451916 -0.118535
-0.148890 -1.462897 -0.193062
1.306143 -1.974668 -0.058183
1.277503 -2.126577 -0.068502
1.669747 -1.745311 -0.037949
1.765084 -1.172299 -0.035469
-1.133336 1.166648 -0.159281
-0.952624 1.110641 -0.165359
0.446194 -0.029055 -0.064316
-0.742974 1.091319 -0.197614
-0.290414 1.013169 -0.201486
-0.281225 1.008707 -0.145059
-0.109747 1.002466 -0.153386
0.135148 0.924533 -0.107270
0.332625 0.872169 -0.120012
-0.230990 1.299756 -0.191848
0.445119 0.867261 -0.111092
0.684928 0.827045 -0.093098
0.875546 0.793648 -0.050626
0.963061 0.809753 -0.093564
2.502039 0.367708 0.100258
2.647725 1.339457 -0.003620
1.594200 -4.988862 0.136261
1.637439 -4.757019 0.133990
1.708997 -4.334211 0.159678
1.319011 -3.620162 0.113283
1.414616 -3.189652 0.114132
1.394232 -3.339818 0.114751
1.456533 -3.009629 0.114074
1.471113 -2.672135 0.164248
1.493501 -2.832925 0.125030
1.226608 -2.113815 0.181003
1.255832 -2.187573 0.162644
1.302988 -2.021906 0.184727
1.359568 -1.993228 0.164017
1.584926 -1.881459 0.180331
1.697890 -1.917697 0.154996
1.699620 -1.664051 0.182776
1.740533 -1.339733 0.177509
1.730429 -1.445614 0.171466
1.876815 -0.985516 0.198321
-0.383799 -5.432653 -4.617914
-4.329763 -0.830574 -0.631041
-3.840284 -0.804077 -0.630196
0.503509 -4.133319 -0.531415
-4.366143 0.178826 -0.602373
-2.363358 -1.066082 -0.726361
0.957980 -3.912581 -0.558769
1.232287 -4.286111 -0.471520
-2.461107 -0.729044 -0.739404
-2.148610 -1.113495 -0.662997
-1.879236 -1.153883 -0.581505
-2.461778 -0.590035 -0.738187
-1.785408 -1.136160 -0.570496
-1.508375 -1.199148 -0.539577
-1.360882 -1.253475 -0.520958
0.038583 -2.470008 -0.606544
0.745844 -3.011090 -0.567922
-1.344274 -0.899952 -0.679305
-1.163244 -1.193606 -0.673663
-0.925112 -1.319560 -0.627530
0.147062 -2.446870 -0.596581
0.535946 -2.695298 -0.581861
0.667507 -2.686164 -0.579236
0.889267 -2.963761 -0.558542
1.412711 -3.391250 -0.435317
-1.448464 -0.665871 -0.690826
-1.363766 -0.868912 -0.682704
-0.577628 -1.358705 -0.644889
-0.430578 -1.403511 -0.602185
1.228775 -2.895524 -0.551708
-0.497224 -0.982298 -0.652739
-0.185117 -1.461064 -0.541851
0.092657 -1.638263 -0.610215
0.185297 -1.720681 -0.590737
1.415948 -2.759121 -0.532517
-0.133734 -1.149116 -0.632401
0.087286 -1.222655 -0.629670
0.479102 -1.643435 -0.567553
0.538238 -1.659521 -0.575991
0.725601 -1.542869 -0.552801
-1.109001 0.404965 -0.516399
-0.977270 0.977686 -0.568251
1.768549 -1.275209 -0.426048
1.742834 -1.446411 -0.452479
-0.931974 1.078502 -0.580862
1.779422 -1.164419 -0.410675
0.307143 0.484586 -0.548013
0.335268 0.438478 -0.510171
0.096545 1.131580 -0.491317
0.211399 1.179855 -0.559963
0.389488 1.174221 -0.583876
1.075111 -6.700598 -0.304445
1.216483 -6.797030 -0.295965
1.369156 -6.390124 -0.276077
1.431575 -6.016164 -0.257609
1.480575 -5.667411 -0.239834
-3.811459 -0.821706 -0.552934
-3.567961 -0.861555 -0.558451
-3.363392 -0.895228 -0.541479
-4.275723 0.075450 -0.590147
-3.190827 -0.926505 -0.509774
-3.003887 -0.953788 -0.472038
-1.487008 -1.202736 -0.356121
-1.378634 -1.247957 -0.268409
1.331472 -3.604287 -0.274876
-1.221246 -1.253609 -0.439469
-0.996982 -1.301643 -0.416582
-0.838964 -1.332239 -0.398281
1.407300 -3.331364 -0.247797
-0.685845 -1.351098 -0.376236
-0.474695 -1.393012 -0.366826
1.432722 -3.189551 -0.234644
-0.295501 -1.426978 -0.374375
-0.192684 -1.451643 -0.383871
1.475584 -2.947242 -0.374180
0.344695 -1.246230 -0.242826
1.499824 -1.870159 -0.338818
-0.997947 1.013829 -0.396123
1.733127 -1.327024 -0.325256
-0.838961 1.144914 -0.300371
1.789310 -1.172244 -0.279579
-0.248201 1.290264 -0.204157
0.000194 1.049906 -0.319837
0.233153 0.938340 -0.280175
0.382820 0.920008 -0.298951
0.527939 0.894377 -0.288614
0.940273 0.834607 -0.168251
0.981958 0.829545 -0.170851
0.093997 1.901196 -0.359320
1.065470 -6.717095 -0.148211
1.259602 -6.877302 -0.145903
1.339392 -6.522940 -0.094877
1.356798 -6.463978 -0.197106
1.413285 -6.126214 -0.112579
1.469902 -5.767821 -0.097770
1.523564 -5.484131 -0.053252
-4.684586 0.193032 -0.165866
-4.408000 -0.022125 -0.163190
1.573481 -5.173367 -0.072572
-4.403934 0.081789 -0.160118
-4.161683 0.074048 -0.142775
1.616269 -4.929558 -0.031608
-2.615072 -1.005288 -0.116969
1.658921 -4.716800 -0.016326
1.368856 -3.889259 -0.016907
-2.602021 -0.445952 -0.089493
-1.537216 -1.198447 -0.260179
-1.389732 -1.229233 -0.246468
1.367893 -3.670352 0.000977
1.447307 -3.722933 -0.002729
-1.202346 -1.259670 -0.224872
-0.979365 -1.310201 -0.179749
-0.839612 -1.344021 -0.185220
1.406474 -3.258398 0.006968
1.396046 -3.371753 0.006120
-2.623760 0.474506 -0.064002
-0.700041 -1.346869 -0.151375
-0.462940 -1.397900 -0.114658
1.437044 -3.044754 0.035354
-2.431651 0.525162 -0.053901
-0.340445 -1.400689 -0.125698
-0.223868 -1.441263 -0.173936
1.471209 -2.866055 0.041705
-2.279978 0.576017 -0.045197
-1.835886 0.741887 -0.022346
1.302528 -1.995975 -0.046850
-1.554182 0.772294 -0.009322
-0.632372 -0.020998 -0.137562
0.641807 -0.309805 -0.010091
1.715613 -1.280818 -0.048934
-0.796435 1.124671 -0.186235
-0.733889 1.079174 -0.123666
0.309410 0.089846 -0.022996
0.400869 0.027001 -0.041411
1.774500 -1.128280 -0.035414
-0.274107 0.978735 -0.072038
-0.118178 0.960559 -0.047648
-0.257048 1.301029 -0.169845
0.048681 0.990118 -0.117028
0.219491 0.937954 -0.125060
0.444212 0.846632 -0.121326
0.376906 0.919921 -0.135023
0.548694 0.868109 -0.127167
0.760732 0.834965 -0.094098
0.892795 0.833426 -0.125065
1.016765 0.781609 -0.037072
2.664499 1.323983 0.043976
1.335792 -6.485543 0.146940
1.352505 -6.364435 0.125598
1.406957 -6.079029 0.138029
1.465633 -5.743733 0.136383
1.518542 -5.478738 0.140745
1.568315 -5.173465 0.133690
1.608517 -4.909476 0.132103
1.201664 -4.312046 0.106669
1.653286 -4.680761 0.131019
1.699832 -4.337091 0.168972
1.327357 -3.617707 0.111302
1.395832 -3.283165 0.152611
1.384397 -3.397456 0.112151
1.428100 -3.090579 0.142576
1.497928 -2.778903 0.141832
1.474411 -2.882094 0.138152
1.244694 -2.169220 0.162784
1.277538 -2.312176 0.147206
1.293758 -1.997070 0.170492
1.491211 -1.869940 0.180982
1.672115 -1.878067 0.173424
1.691716 -1.677475 0.169005
1.684371 -1.824628 0.168538
1.715509 -1.345150 0.197814
1.714871 -1.460956 0.177693
1.806318 -1.053646 0.136513
-4.293046 0.118147 -0.697710
-4.255042 0.033232 -0.644812
-3.812351 -0.808398 -0.593898
-3.967249 0.016423 -0.641489
-2.603152 -0.599572 -0.728266
-2.579058 -0.787925 -0.728029
-2.543903 -0.974456 -0.728387
-1.554256 -1.205343 -0.548069
-1.181263 -0.812317 -0.664179
-1.078551 -1.035714 -0.662615
-0.958363 -1.316913 -0.636064
-0.170802 -4.153743 -0.593418
-0.910875 -1.306953 -0.662288
-0.717245 -1.375036 -0.623662
-1.061869 0.429083 -0.502751
-1.071601 0.377701 -0.494623
-0.660372 -0.934284 -0.669196
-0.544476 -1.087732 -0.667579
-0.505168 -1.411231 -0.570496
-0.968625 1.005112 -0.457732
-0.963135 0.863088 -0.495920
-0.258538 -1.463790 -0.570730
-0.092319 -1.697034 -0.624411
-0.932882 1.079232 -0.563726
-0.934766 0.994800 -0.511712
-0.054450 1.042979 -0.482676
-0.032471 1.022464 -0.472601
0.306750 1.106523 -0.504874
0.341272 0.424355 -0.532629
0.362176 0.378397 -0.522349
0.448350 1.260692 -0.550740
0.352640 1.154158 -0.532998
1.783314 -1.312061 -0.435424
-3.805052 -0.823914 -0.536089
-3.571353 -0.861431 -0.498829
-3.395714 -0.893928 -0.499283
-3.206682 -0.924366 -0.469723
-3.048502 -0.955612 -0.444665
-2.869700 -0.981152 -0.390254
-1.857659 -1.149879 -0.378484
-1.777474 -1.178600 -0.325814
-1.608369 -1.195422 -0.391648
-1.387923 -1.230757 -0.434712
-1.242413 -1.269118 -0.417105
-1.068616 -1.293487 -0.450532
-0.858114 -1.342237 -0.445173
-0.737681 -1.365791 -0.425625
-0.502516 -1.412672 -0.385371
-0.063641 -2.379704 -0.511501
-1.033048 1.041053 -0.296849
-1.034066 0.943545 -0.269113
-0.344784 -1.423500 -0.391434
-0.234825 -1.463367 -0.355673
-0.855316 1.157864 -0.256777
-0.705568 1.107926 -0.286148
1.224950 -3.787024 -0.396422
1.231974 -4.116040 -0.436360
-0.254919 1.012886 -0.299026
-0.198855 1.278496 -0.219559
-0.040634 1.083996 -0.309283
-0.057442 1.017430 -0.299383
0.383072 0.892833 -0.259644
1.324165 -2.001714 -0.281247
0.572655 0.865732 -0.264485
1.450100 -1.903588 -0.266227
0.771170 0.836187 -0.230482
0.909395 0.810328 -0.152556
1.007998 0.801164 -0.158532
1.809509 -1.147635 -0.413536
-4.369268 -0.041140 -0.176576
-4.343206 0.107307 -0.181173
-1.767200 -1.158142 -0.137930
-1.593224 -1.192510 -0.206416
-1.380963 -1.233438 -0.189563
-1.243873 -1.263167 -0.184775
-1.129911 -1.274907 -0.182747
-0.198946 -3.934658 -0.287516
-0.865864 -1.328104 -0.185096
-0.726877 -1.365281 -0.184350
1.071476 -6.719667 -0.134822
1.212495 -6.797095 -0.193182
-0.470396 -1.404417 -0.152208
1.347468 -6.481722 -0.119577
1.317441 -6.704833 -0.244348
-1.003624 1.118880 -0.131089
-0.345110 -1.427205 -0.099452
-0.207553 -1.455589 -0.116308
0.013894 -1.924602 -0.051249
1.430884 -6.027483 -0.152691
1.388860 -6.316787 -0.220073
-0.916281 1.120001 -0.129037
0.110900 -2.040145 -0.046930
1.488820 -5.692951 -0.136880
1.624072 -4.912184 -0.063112
1.590664 -5.125921 -0.109895
1.552451 -5.337070 -0.162564
1.370516 -3.700029 -0.061835
1.686535 -4.413690 -0.046345
1.666559 -4.679621 -0.055403
1.642359 -4.834250 -0.133152
-0.006623 1.140783 -0.133154
-0.000403 0.988402 -0.134772
0.401759 0.015465 -0.020773
1.450617 -3.052875 -0.004763
1.406430 -3.320549 -0.024159
1.707229 -4.340337 -0.027986
0.240763 0.915343 -0.101740
0.354259 0.874736 -0.090797
0.459929 0.008640 -0.030358
1.352147 -1.977235 -0.093599
1.501766 -2.826765 0.002507
0.554468 0.841398 -0.111945
1.389066 -1.877099 -0.126199
1.457883 -1.901179 -0.099788
0.777865 0.833257 -0.132575
0.916960 0.809488 -0.128435
1.729639 -1.494900 -0.107638
1.024298 0.765250 -0.065357
1.795544 -1.140420 -0.066564
1.750017 -1.320139 -0.096956
0.902157 -7.624907 0.047586
-0.040073 -4.189056 -0.014054
1.081129 -7.656825 0.051222
1.085188 -6.762960 -0.068220
1.195645 -6.870727 -0.081888
1.211989 -7.191409 0.044849
1.193181 -7.281588 0.054660
-0.430639 -1.425395 0.023228
1.342063 -6.418709 0.062428
1.324925 -6.547050 0.007508
1.285118 -6.787597 0.000258
-0.352457 -1.437126 0.009075
-0.227434 -1.460829 0.012553
0.028075 -1.977095 0.074018
-0.006981 -2.360164 0.076993
1.417020 -6.025283 0.021746
1.364280 -6.329658 0.046659
1.498218 -5.551015 0.007492
1.474151 -5.719813 0.005883
1.208722 -4.323263 0.000101
1.604151 -4.962029 0.027707
1.567399 -5.178862 0.037355
1.529970 -5.332350 0.131251
1.369618 -3.433836 0.024775
1.328145 -3.622352 0.082544
1.687627 -4.424755 0.062445
1.660324 -4.682404 0.034067
1.639087 -4.808575 0.019863
1.470755 -2.938541 0.152515
1.445970 -3.072571 0.085921
1.402488 -3.346916 0.077706
1.722707 -4.317119 0.090685
1.311294 -2.073606 0.099922
1.277997 -2.266291 0.076571
1.362285 -2.468003 0.089042
1.502701 -2.832588 0.090012
1.485143 -2.948269 0.045559
1.510281 -1.916047 0.110413
1.741124 -1.494920 0.128148
1.734143 -1.634264 0.117884
1.704328 -1.866584 0.110658
1.756722 -1.406644 0.118031
0.940788 -7.637599 0.134871
1.123457 -7.665051 0.138762
-4.414716 0.209778 -0.753663
-3.825541 -0.774780 -0.603987
-3.769222 -0.783131 -0.663729
-3.662858 -0.830974 -0.575041
-3.497685 -0.871354 -0.573886
-3.280400 -0.899256 -0.535775
-2.351277 -0.459643 -0.687713
-2.358291 -0.690498 -0.694291
-2.314678 -0.884238 -0.688789
-1.691178 -1.176180 -0.533259
-1.351527 -1.235861 -0.562299
-1.089063 -1.270961 -0.568075
-0.845675 -1.315623 -0.583531
-0.717461 -1.356458 -0.581079
-1.065730 0.475403 -0.566291
-1.081563 0.362974 -0.540190
-0.630238 -0.954912 -0.645594
-0.552779 -1.398015 -0.562517
1.132358 -6.615150 -0.570539
-0.967313 0.974962 -0.458785
-1.074570 0.545005 -0.601158
-0.519219 -1.052670 -0.645249
-0.344965 -1.434426 -0.532857
-0.198253 -1.468609 -0.537306
-0.933870 1.025598 -0.462606
-0.805312 0.662079 -0.586038
-0.038385 1.022299 -0.500218
1.690274 -4.411890 -0.540801
0.337345 0.425507 -0.526983
0.394000 0.338966 -0.519886
0.452447 1.126740 -0.446589
1.316113 1.049703 -0.423535
-3.458432 -0.875069 -0.513307
-3.253111 -0.904967 -0.477405
-3.095661 -0.939679 -0.451308
-2.932001 -0.964853 -0.424009
-2.734431 -1.004277 -0.391833
-1.800725 -1.152211 -0.358783
-1.656673 -1.180496 -0.346687
-1.395504 -1.230068 -0.341171
-1.283858 -1.265736 -0.312356
-1.102117 -1.291580 -0.332305
-0.867106 -1.335816 -0.333076
-0.738326 -1.363253 -0.335953
1.210393 -6.985453 -0.273502
-0.544853 -1.395169 -0.320722
-1.109243 1.208027 -0.274625
-1.006287 0.991922 -0.394798
-1.005828 0.913846 -0.397662
-0.317071 -1.429064 -0.331383
-0.202556 -1.457422 -0.343441
-0.904008 1.145184 -0.292614
-0.116348 -1.453357 -0.430877
-0.232156 1.045886 -0.259120
-0.204427 1.291834 -0.277245
-0.039602 1.103824 -0.337904
-0.030715 0.990907 -0.325080
0.267492 0.926114 -0.258779
1.327575 -2.027970 -0.331587
0.454093 1.129239 -0.411530
0.579371 0.868610 -0.239090
1.441142 -1.911684 -0.316523
0.800740 0.842789 -0.234318
0.934656 0.816990 -0.243920
1.021656 0.807881 -0.237558
1.800564 -1.147485 -0.192518
1.309437 1.029668 -0.400546
-4.349178 0.009500 -0.211096
-4.111893 -0.832174 -0.194530
-4.361118 0.175776 -0.230962
-4.202061 0.086540 -0.192893
-1.830434 -1.156953 -0.138478
-1.663043 -1.182033 -0.088071
-1.409779 -1.204579 -0.135283
-1.239630 -1.231115 -0.119317
-1.149490 -1.272435 -0.147867
-0.046251 -4.462341 -0.027605
-0.860251 -1.326396 -0.168492
-0.761739 -1.354936 -0.104749
1.082099 -6.717261 -0.057071
-0.512284 -1.393557 -0.087708
0.513370 -4.161167 -0.035676
1.320574 -6.551366 -0.086001
1.257707 -6.845633 -0.077284
-1.116029 1.165804 -0.157324
-0.342332 -1.424976 -0.074516
-0.222042 -1.449130 -0.057717
1.425455 -6.019882 -0.044426
1.375194 -6.287027 -0.066628
-0.921322 1.133809 -0.142927
-0.133385 -1.451109 0.017245
0.041822 -1.945784 -0.170455
1.500966 -5.523874 -0.067489
1.467800 -5.765505 -0.054866
1.210670 -4.310749 -0.015175
1.597939 -4.991405 -0.057905
1.568205 -5.178920 -0.043223
1.673412 -4.634690 -0.013260
1.636830 -4.811619 -0.036007
-0.192010 1.279737 -0.176090
-0.029795 1.092048 -0.118233
-0.024357 0.984316 -0.088817
0.415084 0.016329 -0.070041
1.440403 -3.121139 0.011559
1.409020 -3.346115 0.007088
1.691919 -4.372375 -0.008088
0.234245 0.922891 -0.093972
0.343469 0.878904 -0.075446
0.439338 0.042443 -0.048495
1.340925 -1.993470 -0.188975
1.502158 -2.820129 0.017853
1.468902 -3.001332 0.014331
0.469073 0.869150 -0.112217
1.438003 -1.883320 -0.022148
1.508637 -1.892038 -0.115371
0.793520 0.814384 -0.090867
0.902448 0.801165 -0.065075
1.686641 -1.667500 -0.077443
1.002995 0.809486 -0.104912
0.880763 -7.600957 0.174380
-0.037623 -4.184742 0.095147
1.060165 -7.646051 0.176885
1.068681 -6.784293 0.074661
-0.477460 -1.401050 0.033385
0.457876 -4.175505 0.070219
1.318733 -6.499541 0.145834
1.258361 -6.835333 0.094672
-0.386833 -1.433145 0.023375
-0.153925 -1.431721 0.060395
0.017319 -2.291134 0.127390
1.400238 -6.074516 0.093229
1.351582 -6.332508 0.114612
1.501372 -5.500205 0.139982
1.455709 -5.752885 0.105140
1.591828 -4.978126 0.129778
1.560397 -5.182489 0.109316
1.529074 -5.417327 0.051141
1.321767 -3.626863 0.114625
1.665735 -4.449849 0.030937
1.649522 -4.688649 0.116739
1.613667 -4.871109 0.091472
1.425560 -3.126082 0.102879
1.398252 -3.342103 0.113539
1.705829 -4.357265 0.124927
1.301659 -2.103231 0.109702
1.270306 -2.240564 0.103392
1.498360 -2.817746 0.109516
1.469326 -2.988943 0.099069
1.482788 -1.915251 0.104340
1.711699 -1.544254 0.146737
1.716029 -1.655599 0.140994
1.671870 -1.886679 0.117687
1.744309 -1.440654 0.142045
-3.553365 -5.119665 -4.066276
-4.422707 0.237971 -0.752692
-4.293009 0.033126 -0.702035
-4.246588 0.226761 -0.651022
-4.210297 0.076954 -0.686819
-3.951543 -0.736910 -0.616776
-3.784300 -0.801526 -0.562782
-3.946349 -0.083278 -0.629695
-3.678806 0.435947 -0.626203
-3.719740 0.251691 -0.623446
-3.522266 -0.239401 -0.556849
-3.416133 -0.506886 -0.546542
-2.590170 -0.312410 -0.699235
-2.612038 -0.492437 -0.696931
-2.588415 -0.737454 -0.683883
-2.511428 -0.147896 -0.690962
-2.533617 -0.362305 -0.676401
-2.052524 -1.118587 -0.588641
-1.904480 -1.131999 -0.546245
-1.833138 -1.168581 -0.550347
-1.693069 -1.190669 -0.510110
-1.284678 -1.271090 -0.596261
-1.039717 -1.298339 -0.538340
-0.901805 -1.330757 -0.566817
-0.745774 -1.349675 -0.552973
-0.544137 -1.388262 -0.515886
-0.309180 -1.268808 -0.494362
1.214951 -4.306767 -0.499121
-0.694747 1.245184 -0.583438
0.297388 0.464565 -0.566212
0.350961 0.377236 -0.556211
1.381042 -3.104165 -0.484652
0.423001 0.288040 -0.552688
0.782948 0.335532 -0.460915
0.903347 0.894330 -0.592679
1.330358 1.027086 -0.479891
-3.566858 -0.848258 -0.521610
-3.446171 -0.331819 -0.522161
-3.427633 -0.495949 -0.508264
-3.297672 -0.893891 -0.485021
-3.008286 -0.947545 -0.417736
-2.687945 -1.008155 -0.386617
-2.517359 -1.046497 -0.330284
-2.092171 -1.118453 -0.342502
-1.938097 -1.141411 -0.281519
-1.809537 -1.162635 -0.337499
-1.557422 -1.209513 -0.321523
-1.444589 -1.247970 -0.458868
-1.419899 -1.225674 -0.346428
-1.255900 -1.259128 -0.390663
-1.026819 -1.299343 -0.376374
-0.906705 -1.328609 -0.384658
-0.731692 -1.350571 -0.361161
-0.509709 -1.390776 -0.312269
-0.366789 -1.423593 -0.320558
-0.229990 -1.443390 -0.316433
-0.522411 1.077137 -0.280032
-0.366840 0.429247 -0.451580
-0.330694 1.041217 -0.283166
-0.243967 1.013177 -0.262921
0.067787 0.987303 -0.264350
0.376709 0.257317 -0.350521
0.399749 0.173589 -0.311900
0.221059 0.957691 -0.277910
0.362631 0.932583 -0.289836
0.558094 0.880962 -0.269597
0.695961 0.831784 -0.258500
0.778268 0.277481 -0.263704
0.814722 0.814296 -0.288509
1.740627 -1.343423 -0.220337
1.045922 0.788525 -0.186465
1.787692 -0.643613 -0.202827
1.809362 -1.074774 -0.212763
1.782797 -1.181903 -0.215171
1.803971 -0.543279 -0.204424
-4.323072 -0.793917 -0.199227
-4.373350 0.206088 -0.260888
-4.341311 -0.025068 -0.243645
-4.294818 -0.244967 -0.232764
-4.274114 -0.473526 -0.212992
-4.315895 0.474954 -0.275459
-4.367848 0.298279 -0.266007
-4.215829 0.096583 -0.243521
-4.061766 0.335099 -0.249332
-2.143223 -1.086656 -0.124555
-1.928565 -1.127393 -0.119978
-1.832962 -1.145405 -0.136086
-1.538063 -1.215246 -0.124831
-1.421701 -1.224262 -0.228723
-1.279065 -1.251990 -0.165176
-1.022487 -1.288057 -0.178015
-0.897959 -1.324053 -0.152148
-0.700148 -1.368996 -0.076682
-0.520003 -1.400620 -0.065298
-0.384041 -1.424902 -0.062461
-0.718990 0.037765 -0.105259
-0.337791 -1.294883 -0.084523
-0.232699 -1.432854 -0.041939
0.094880 -2.049501 0.007738
-0.792908 1.252601 0.028267
1.515174 -5.362689 -0.010020
1.477302 -5.592333 -0.038973
-0.489687 1.054054 -0.148754
1.624634 -4.805406 -0.011466
1.575556 -5.061052 -0.015784
-0.309332 1.059324 -0.138124
-0.233329 0.985321 -0.108798
1.384141 -3.326681 0.047929
1.421098 -3.724104 -0.012382
1.696980 -4.324542 0.040677
1.669641 -4.518295 -0.000849
1.643242 -4.680138 0.032128
-0.182216 1.297173 -0.156870
0.129312 0.956569 -0.115621
0.442538 0.087622 -0.081630
0.543356 -0.140168 -0.097829
1.224314 -2.184300 -0.054084
1.411559 -3.153465 0.053172
1.720841 -4.162143 0.044741
0.206831 0.954885 -0.131541
0.330931 0.905108 -0.122237
0.484376 0.102166 -0.056059
0.567218 -0.147091 -0.037732
0.657627 -0.282064 -0.038789
1.304279 -2.027995 -0.067688
0.553334 0.842369 -0.131925
0.693829 0.806751 -0.126296
0.336256 2.237298 0.028842
0.860115 0.811178 -0.149704
1.686504 -1.554726 -0.063190
0.601291 2.211864 0.026898
1.028735 0.788825 -0.175867
1.802179 -0.708730 -0.148223
1.752031 -1.221762 -0.078741
0.831615 2.319512 0.024725
0.843063 2.043287 0.023903
1.784704 -0.600282 -0.147407
2.292609 -0.617945 0.081564
-0.689833 -1.346991 0.039289
-0.501788 -1.381234 0.044955
-0.363678 -1.422193 0.049689
-0.246029 -1.445934 0.048967
1.515397 -5.358432 0.132356
1.469451 -5.597509 0.133973
1.615180 -4.789370 0.130996
1.565303 -5.078128 0.127464
1.387191 -3.363946 0.110399
1.330206 -3.576810 0.108649
1.714131 -4.243503 0.129069
1.663195 -4.541062 0.127192
1.263330 -2.258605 0.097953
1.491431 -2.825914 0.080916
1.458481 -2.977645 0.112654
1.411940 -3.200144 0.122070
1.727955 -4.185475 0.147410
1.364518 -2.002007 0.105716
1.271742 -2.148750 0.101789
1.505742 -2.732556 0.117040
1.574851 -1.901863 0.121751
1.697877 -1.799300 0.114434
1.824725 -2.012298 0.116589
-4.413712 0.240413 -0.753086
-4.289383 0.220293 -0.696413
-4.127976 0.064105 -0.686673
-4.069714 -0.691453 -0.605281
-3.959080 0.940789 -0.751084
-4.051790 0.286777 -0.675717
-3.802289 -0.780984 -0.597745
-3.891689 1.181396 -0.765278
-3.920013 1.070149 -0.753009
-3.694568 0.483419 -0.630952
-3.726019 0.307432 -0.628311
-3.839340 -0.073248 -0.600816
-3.730824 -0.163118 -0.572008
-3.532249 1.050970 -0.682022
-3.615185 0.711613 -0.650359
-3.642262 0.580423 -0.641721
-3.504555 -0.194117 -0.556814
-3.240350 0.952781 -0.617214
-3.144464 0.964804 -0.602943
-2.746024 0.895675 -0.527365
-2.699085 -0.025313 -0.705265
-2.766415 -0.202934 -0.701786
-2.773147 -0.346185 -0.687658
-1.802049 -1.164387 -0.590373
-1.702569 -1.187026 -0.555422
-1.587617 -1.208614 -0.539653
-1.385957 -1.237253 -0.545172
0.293224 0.501593 -0.550047
0.352997 0.387733 -0.530539
0.395221 0.336237 -0.561253
0.699380 0.213387 -0.571445
1.085394 0.017311 -0.405060
1.211624 -0.121904 -0.431178
1.726346 -1.361752 -0.470982
1.829788 -0.634016 -0.432512
1.809417 -0.756933 -0.424182
1.806829 -0.975496 -0.418083
2.038061 -0.097797 -0.508250
-4.122839 -0.740888 -0.565494
-3.694257 -0.819964 -0.524984
-3.440440 -0.313177 -0.514050
-3.511773 -0.489615 -0.505096
-2.327461 -1.065049 -0.300455
-2.160012 -1.094229 -0.361095
-1.835919 -1.157922 -0.418410
-1.660462 -1.182860 -0.366149
-1.537811 -1.204942 -0.410009
-1.428286 -1.225585 -0.397074
-1.202548 -1.263523 -0.354259
-0.631590 -1.356380 -0.329932
-0.565714 -1.377769 -0.355615
-0.460390 1.094354 -0.241088
-0.280479 -1.233773 -0.391775
-0.423210 -1.403996 -0.255433
-0.286550 1.056968 -0.301168
-0.255500 0.278749 -0.386033
-0.174675 -1.428836 -0.247875
-0.098965 1.028617 -0.281816
0.073098 0.982710 -0.287522
0.257430 0.933252 -0.242464
0.500393 0.890054 -0.180982
0.406767 0.252173 -0.286669
0.436113 0.200187 -0.284017
0.713557 0.847818 -0.176216
0.740597 0.327945 -0.389220
1.280531 -2.086942 -0.295165
1.452108 -2.733986 -0.331109
1.744611 -1.313248 -0.252923
1.750618 -1.441708 -0.196733
1.793590 -1.100552 -0.192229
1.779588 -1.239854 -0.213496
-4.576699 0.373823 -0.096642
-4.605299 0.242065 -0.094127
-4.347747 -0.413541 -0.235865
-4.271517 0.682799 -0.303567
-4.282921 0.552113 -0.294491
-4.306429 0.250483 -0.274518
-4.336898 -0.166344 -0.249529
-4.107938 0.366221 -0.268696
-3.868324 -0.248468 -0.273730
-3.934001 0.810318 -0.290385
-2.387691 -1.051413 -0.156225
-2.241519 0.803912 -0.167510
-2.107415 -1.108016 -0.197044
-1.881834 -1.144779 -0.135552
-1.736902 -1.156755 -0.089349
-1.286583 -1.250359 -0.126992
-1.144635 -1.273991 -0.169730
-0.922823 -1.292066 0.007289
-0.491736 1.062991 -0.136333
-0.366974 -1.414341 -0.151944
-0.312780 1.011770 -0.035554
-0.255211 0.286146 -0.063994
-0.143085 0.966828 -0.054444
0.417604 0.888647 -0.101232
0.473641 0.088896 -0.084758
0.550342 -0.115246 -0.084062
0.665207 -0.262937 -0.079454
1.723951 -1.314126 -0.130527
1.674078 -1.758346 -0.131755
1.866897 -0.364693 -0.104634
-0.516734 -1.398797 0.042878
-0.356518 -1.397867 0.066582
-0.238934 -1.420926 0.064954
1.392775 -3.194786 0.200163
1.388455 -3.346969 0.167028
1.426356 -3.091168 0.147673
1.406269 -3.238918 0.143397
1.738609 -1.324902 0.124768
1.785742 -1.210092 0.123254
1.761628 -1.427770 0.127679
-4.390792 0.296032 -0.713681
-3.878296 1.231647 -0.739249
-3.954065 1.040471 -0.715823
-3.937521 0.284589 -0.634427
-4.134700 0.067461 -0.607775
-3.656246 0.698422 -0.615911
-3.713519 0.456705 -0.588577
-3.721225 0.277297 -0.572340
-3.640516 0.319729 -0.578042
-3.248269 0.965006 -0.586501
-2.965160 -0.051148 -0.704339
-2.765079 0.967145 -0.512191
-2.786465 0.237104 -0.708759
-2.877812 0.069581 -0.699259
-2.041945 -1.115339 -0.538732
-1.939080 -1.143402 -0.524814
-1.721416 -1.186948 -0.517476
-1.132609 0.332030 -0.490212
0.722922 0.372082 -0.410409
0.752468 0.299275 -0.400218
1.801434 -0.719533 -0.443570
1.820004 -0.886054 -0.435500
1.810937 -1.152493 -0.422039
1.770662 -1.420398 -0.408511
1.729979 -1.694058 -0.401213
1.679940 -1.936204 -0.397259
-4.147954 -0.722506 -0.541020
-3.741568 -0.202848 -0.503486
-3.666549 -0.152140 -0.493970
-3.628303 -0.351783 -0.467752
-3.466112 -0.433913 -0.428667
-2.835828 0.880773 -0.505223
-2.413239 1.443459 -0.301920
-2.526117 0.800680 -0.446357
-2.152067 -1.096846 -0.344936
-1.974813 -1.128222 -0.340429
-1.942347 -1.140861 -0.358700
-1.748989 -1.171515 -0.381250
-0.840233 -1.229482 -0.223500
-0.380968 -1.420339 -0.171137
0.024313 0.973246 -0.204745
0.480049 0.877317 -0.208024
0.635993 0.829138 -0.238580
0.392121 0.213520 -0.280614
0.654303 0.832882 -0.199748
0.763905 0.794147 -0.209193
1.349296 0.967342 -0.315857
1.326222 -1.983165 -0.191821
1.239405 -2.118165 -0.150587
1.341025 -1.989865 -0.132133
1.411733 -2.869369 -0.264374
1.842804 -0.462430 -0.097486
1.835782 -0.595819 -0.086468
1.777621 -1.071655 -0.208625
-4.339545 1.546681 -0.109646
-4.434376 1.336686 -0.103229
-4.347903 0.338786 -0.244833
-4.042549 0.396965 -0.229340
-2.363164 1.398627 -0.220980
-2.712685 -0.981509 -0.146449
-2.200753 -1.081303 -0.161127
-1.780531 1.280691 -0.149068
-2.058116 -1.099501 -0.116922
-1.196322 -1.189530 0.013886
-1.274326 -1.221542 -0.048809
-1.060124 -1.216596 -0.007444
-1.014332 -1.263579 -0.028415
0.022094 0.927806 -0.016758
0.500309 -0.061910 -0.083615
0.520765 -0.196253 -0.077544
0.546088 -0.090014 -0.060140
0.574056 -0.261796 -0.071335
1.779293 -0.946969 -0.059840
1.793970 -1.191900 -0.046824
1.730211 -1.452316 -0.031473
1.716318 -1.588618 -0.025040
-1.126894 -1.204172 0.070770
-1.168187 -1.226065 0.069336
-1.106292 -1.234746 0.071836
-3.874573 1.375781 -0.637909
-3.920346 1.077746 -0.577324
-3.069905 1.844929 -0.613596
-2.178996 2.408161 -0.690465
-3.116553 0.585326 -0.712449
-2.922050 0.729624 -0.706866
-2.970393 0.677568 -0.701846
-3.397249 -0.691965 -0.699659
-3.467897 -0.836444 -0.702734
-2.224724 0.679872 -0.563549
-2.701579 -0.360010 -0.673639
-2.906337 -0.900530 -0.686252
-2.773737 -0.977694 -0.633785
-1.171413 0.864359 -0.479315
-2.536299 -1.002697 -0.527366
-1.122511 0.792200 -0.590379
-1.195222 0.463457 -0.578241
-2.248019 -1.091599 -0.576486
-1.155708 0.325494 -0.508657
0.298882 0.421947 -0.519186
0.368975 0.352052 -0.526535
1.193723 -1.220023 -0.473505
1.198300 -1.351278 -0.471525
1.142511 -2.004247 -0.468365
-4.271487 0.206831 -0.526519
-4.230613 0.076047 -0.502900
-3.108040 1.113552 -0.475920
-3.221896 1.071222 -0.481591
-3.623955 0.654397 -0.470817
-2.887078 1.045549 -0.439015
-2.174184 1.432543 -0.232967
-1.619741 0.698194 -0.297368
-2.739640 -0.969941 -0.374557
-1.223887 0.822010 -0.332827
-1.410916 0.644401 -0.302317
-1.563758 0.250496 -0.236352
-2.472302 -1.016369 -0.373512
-1.294192 0.624275 -0.404102
-1.201729 0.437644 -0.276671
-1.541218 0.241758 -0.232309
0.685873 0.836102 -0.234664
-0.703238 -1.344981 -0.256767
1.177325 -0.180168 -0.299100
1.773692 -1.304625 -0.149044
1.710766 -1.464077 -0.137563
1.406881 -1.952241 -0.103931
1.725715 -1.613681 -0.133122
1.694028 -1.809578 -0.124939
1.530824 -1.918200 -0.112010
-4.543216 0.499052 -0.083649
-4.597528 0.401109 -0.089672
-4.319252 -0.299151 -0.216800
-4.082753 -0.214465 -0.214992
-2.093290 1.381186 -0.184654
-2.214580 1.372242 -0.143020
-1.989146 1.317533 -0.121840
-1.732432 1.266020 -0.100751
-1.372463 1.217578 -0.106351
-1.596026 0.727860 -0.116179
-2.685385 -0.969682 -0.139199
-2.732312 -0.969703 -0.158782
-1.142719 1.202559 -0.113060
-1.452175 0.666765 -0.168746
-1.521613 0.637598 -0.141590
-2.563837 -0.988874 -0.130700
-1.302543 0.620677 -0.148917
-1.948029 -1.067493 -0.089362
-1.395803 -1.162580 -0.016323
0.346839 0.495316 0.089899
-0.811002 -1.322340 -0.055736
0.629442 0.537103 0.099007
0.528274 0.544747 0.095414
-0.714365 -1.345707 -0.063808
0.754242 0.466647 0.103065
0.472717 -0.076752 -0.095490
1.786914 -1.086702 0.149158
1.756080 -1.241098 0.149753
1.727158 -1.473375 0.170388
1.698506 -1.607774 0.154803
1.663651 -1.784709 0.151074
-1.912196 -1.056592 0.031377
1.631680 -1.849574 0.189345
1.545395 -1.483709 -0.524913
-3.880320 1.469704 -0.670346
-3.908237 1.314004 -0.688444
-3.114237 1.962704 -0.670716
-3.945110 1.066299 -0.616341
-1.520697 3.907626 -0.512828
-3.029519 1.960959 -0.662811
-3.472643 -0.854020 -0.729497
-3.042141 -0.700220 -0.731721
-3.111008 -0.881862 -0.692364
-1.616083 0.658855 -0.471251
-2.809429 -0.966410 -0.601309
-2.915934 -0.949990 -0.606027
-2.738274 -0.973409 -0.595667
0.311358 0.363019 -0.466605
1.327598 -0.974990 -0.498035
1.456700 -1.547128 -0.512881
1.496566 -1.684945 -0.520181
1.342612 -1.979009 -0.506373
-2.979253 1.519437 -0.377406
-2.736068 1.491704 -0.341684
-4.318857 -0.616069 -0.522746
-4.144397 -0.726339 -0.486094
-2.443735 0.791190 -0.356731
-3.409493 -0.501858 -0.522974
-3.483401 -0.597424 -0.433281
-1.790796 1.585247 -0.217806
-1.903223 1.362065 -0.195493
-3.211874 -0.916389 -0.566820
-1.633260 0.680964 -0.296108
-1.817519 0.603703 -0.338949
-2.837552 -0.969405 -0.417232
-2.895154 -0.957056 -0.447815
-1.184554 0.802272 -0.375679
-1.475483 0.606334 -0.235342
-1.711213 0.092959 -0.327173
-2.751356 -0.991526 -0.436682
-1.479723 0.124837 -0.356146
-1.202306 -0.002143 -0.191284
-1.013879 -0.081203 -0.210239
-1.091033 -1.275900 -0.303103
1.647898 -1.400300 -0.166129
1.679381 -1.586985 -0.183883
1.444143 -1.914402 -0.072241
1.295704 -2.035738 -0.067512
1.722805 -1.779886 -0.081352
-4.318456 -0.072773 -0.368177
-4.301548 -0.191141 -0.365094
-2.785449 1.516245 -0.228426
-3.853909 -0.323242 -0.246817
-2.153370 1.372075 -0.167865
-2.260184 1.378695 -0.162000
-1.939443 1.325835 -0.151560
-3.167302 -0.917262 -0.228174
-1.685959 0.681213 -0.142567
-1.792783 0.612215 -0.141001
-2.847743 -0.965818 -0.246931
-2.971012 -0.947578 -0.217402
-1.497700 0.640979 -0.129160
-1.120351 0.027128 -0.162477
-1.218401 -0.036612 -0.168173
-1.174456 -0.091167 -0.165459
-1.675497 -1.150925 -0.090900
-1.171869 -1.266236 -0.132429
-1.072872 -1.288776 -0.087228
1.766358 -1.249689 0.232749
1.718312 -1.452034 0.229925
1.259324 -2.068820 0.179931
-4.344062 -0.371141 -0.147529
-4.121932 -0.276391 -0.130398
-4.331578 0.861656 -2.815828
-3.548860 0.929390 -0.743631
-3.805175 0.715798 -0.761555
-3.373371 -0.793592 -0.754215
-3.413986 -0.818256 -0.753482
-3.016895 -0.763501 -0.741946
-3.162308 -0.876182 -0.705145
-1.736750 0.615529 -0.553831
-2.801447 -0.958385 -0.628140
-2.924160 -0.940172 -0.697430
-2.761285 -0.966364 -0.589589
-1.117337 0.759988 -0.430085
-0.875602 0.442668 -0.515985
-1.030383 -1.299810 -0.492774
1.011877 0.621332 -0.385335
-0.038139 -0.902519 -0.557970
1.679504 -0.853166 -0.462579
1.713531 -0.939215 -0.471672
1.752088 -1.084029 -0.458123
1.428189 -1.559497 -0.488262
1.777009 -1.258002 -0.457113
1.786869 -1.479224 -0.455180
1.305666 -2.037206 -0.403875
1.824080 -1.577040 -0.458249
1.739393 -1.783713 -0.449015
-3.873196 1.351864 -0.490873
-4.088068 1.058589 -0.486601
-3.870199 1.217150 -0.493783
-3.962683 1.044985 -0.489740
-3.137364 1.680479 -0.457294
-4.353613 0.257174 -0.457578
-2.892814 1.543832 -0.348441
-3.126991 1.094851 -0.372665
-4.310932 -0.593496 -0.494026
-2.232359 1.439207 -0.347136
-2.245560 1.400454 -0.351922
-2.092922 1.376618 -0.313272
-3.402235 -0.453148 -0.554744
-1.878437 1.335170 -0.298562
-2.302301 0.759342 -0.395010
-3.173807 -0.886050 -0.439206
-1.607462 0.669783 -0.302907
-1.790255 0.611790 -0.369973
-2.810647 -0.964027 -0.454506
-2.916405 -0.938406 -0.429479
-1.174073 0.806100 -0.376441
-1.483644 0.633403 -0.249932
-2.743686 -0.985125 -0.450784
-1.180747 -1.267778 -0.260605
-1.050882 -1.299695 -0.326220
0.369639 0.214131 -0.216645
0.506743 -0.083531 -0.065038
2.667017 1.243986 0.047067
2.627081 1.100467 0.045189
1.687518 -1.382420 0.002667
1.944552 -1.999386 0.008064
-3.149861 1.256696 -0.080395
-4.310379 -0.089496 -0.263808
-4.308140 -0.313058 -0.270028
-1.550706 1.191124 -0.055069
-3.207550 -0.894115 -0.281558
-1.617394 0.654538 -0.158604
-1.784340 0.616331 -0.133844
-2.850010 -0.950660 -0.197458
-2.976810 -0.931391 -0.245347
-1.488484 0.643037 -0.148235
-2.299334 -0.996498 -0.043300
-1.083181 0.007162 -0.157441
-1.169521 -0.090879 -0.139931
-1.796716 -1.090527 -0.046020
-1.166840 -1.277685 -0.118896
-1.099895 -1.286766 -0.117069
0.470785 0.004312 -0.047659
0.525515 -0.160288 -0.033645
1.772597 -1.071117 0.226150
1.763807 -1.130027 0.225239
1.719974 -1.256008 0.219142
1.699650 -1.492052 0.224313
1.672612 -1.662432 0.223905
1.453084 -1.926409 0.007773
1.675465 -1.785467 0.115154
-2.292604 -0.977813 -0.041413
-3.553010 0.945319 -0.736827
-3.642988 0.880081 -0.744107
-3.828898 0.674274 -0.753320
-3.499553 -0.237742 -0.643491
-3.372979 -0.806181 -0.760142
-3.418944 -0.850130 -0.762688
-1.595349 1.328731 -0.487590
-3.016424 -0.772343 -0.745967
-3.091357 -0.876764 -0.715030
-1.774160 0.611632 -0.535294
-2.789623 -0.965027 -0.626586
-2.880001 -0.952566 -0.675048
-2.768808 -0.968752 -0.609949
-1.108558 0.802970 -0.418919
-0.841364 0.442236 -0.498818
-1.034197 -1.288388 -0.484956
1.008239 0.639843 -0.346279
1.722392 -0.902304 -0.450187
1.745631 -1.005892 -0.444308
1.554784 -1.470191 -0.479508
1.352611 -1.667923 -0.478780
1.835534 -1.246859 -0.435480
1.769660 -1.543440 -0.426979
1.329476 -2.027153 -0.388926
1.734247 -1.761770 -0.425233
-3.862991 1.450545 -0.487523
-3.883176 1.333834 -0.497101
-3.908774 1.164940 -0.462974
-3.993433 1.032065 -0.472041
-3.104940 1.624397 -0.426772
-2.977959 1.559565 -0.336286
-3.323035 0.907805 -0.358673
-2.605698 1.496715 -0.369957
-4.241780 -0.655448 -0.507296
-2.232759 1.413701 -0.307649
-2.247342 1.396988 -0.320375
-2.091715 1.386702 -0.308909
-3.405808 -0.465754 -0.557129
-1.881498 1.332236 -0.291856
-3.154208 -0.909088 -0.521365
-1.629339 0.659041 -0.274226
-1.739180 0.625677 -0.285076
-2.909102 -0.948929 -0.458506
-1.185110 0.803367 -0.350847
-1.485483 0.628209 -0.237080
-2.740918 -0.986464 -0.493446
-1.167152 -1.273947 -0.259063
-1.064896 -1.293230 -0.309411
0.362096 0.236078 -0.192324
2.659830 1.268526 0.102700
2.645049 1.133871 0.099553
1.695679 -0.904198 -0.175389
-2.058473 1.285211 -0.080801
-1.895803 1.305218 -0.122531
-1.559717 1.201825 -0.029598
-3.193188 -0.902089 -0.307009
-1.623590 0.655592 -0.137538
-1.794361 0.603120 -0.115092
-2.825567 -0.959315 -0.232077
-2.969122 -0.936329 -0.256998
-1.504198 0.627217 -0.127903
-2.773093 -0.963340 -0.302909
-1.108182 -0.017556 -0.133332
-1.170903 -0.095619 -0.135074
-1.162328 -1.276157 -0.098612
-1.091154 -1.290220 -0.108921
0.478011 -0.059939 0.043433
1.733171 -1.259814 0.248993
1.687996 -1.470341 0.239901
1.625359 -1.674988 0.229044
1.474042 -1.918509 0.023521
1.272851 -2.069301 0.079663
1.670064 -1.835677 0.124989
-2.854768 -0.955356 -0.072549
-2.290220 -0.983267 -0.040451
-3.561116 1.110840 -0.740593
-3.634701 1.065917 -0.746987
-2.315662 0.695629 -0.508051
-3.376078 -0.648616 -0.734985
-3.388694 -0.750960 -0.735233
-1.619914 1.320459 -0.462524
-2.990436 -0.572167 -0.728811
-3.013522 -0.671326 -0.723949
-3.293530 -0.877921 -0.693658
-3.020445 -0.834785 -0.654987
-3.157737 -0.924532 -0.598370
-2.780620 -0.970452 -0.616657
-1.101754 0.795222 -0.493925
-0.888273 0.497754 -0.472226
-0.973776 -1.293925 -0.524995
1.572999 -0.779365 -0.458753
1.806448 -1.029118 -0.447545
1.797745 -1.377216 -0.439541
1.298362 -2.014897 -0.385903
1.260203 -2.089220 -0.383771
1.769056 -1.643621 -0.434706
1.694180 -1.852138 -0.427260
1.248838 -2.174917 -0.384914
-3.896008 1.315738 -0.456658
-3.932402 1.143583 -0.455671
-3.162704 1.252224 -0.387762
-4.039958 0.303413 -0.437463
-4.226154 0.089926 -0.453540
-2.776895 1.527696 -0.299321
-3.154822 1.091282 -0.383639
-4.345661 -0.634728 -0.522093
-2.153672 1.394973 -0.314617
-1.896634 1.355607 -0.299021
-2.011561 1.369453 -0.326514
-2.301956 0.749837 -0.426973
-2.417899 0.732466 -0.436851
-2.209409 0.729053 -0.407602
-3.202070 -0.893358 -0.443484
-1.708996 0.653641 -0.245197
-1.793145 0.595165 -0.317785
-2.968636 -0.935590 -0.433027
-1.531310 0.641140 -0.257731
-2.789671 -0.972991 -0.426012
-1.181678 0.817202 -0.399647
-1.067029 -1.290042 -0.297406
-0.851956 -1.327425 -0.385696
-4.063197 0.306349 -0.267890
-4.311069 0.048110 -0.304316
-2.158890 1.385962 -0.217219
-3.784601 -0.829385 -0.363972
-1.882407 1.323891 -0.140776
-1.982226 1.310854 -0.097921
-1.600143 1.246576 -0.106224
-3.200912 -0.896751 -0.285234
-1.488664 1.157649 -0.061205
-1.785076 0.604851 -0.070293
-1.806855 0.587860 -0.103199
-3.010173 -0.927674 -0.185871
-3.125133 -0.910855 -0.234133
-1.538976 0.621297 -0.172591
-2.835984 -0.957217 -0.219023
-1.203398 0.061100 -0.132446
-2.066272 -1.016963 -0.101528
-2.175332 -1.034170 -0.170508
-1.126497 0.012912 -0.111051
-1.938258 -1.069623 -0.116402
-1.311635 -1.242928 -0.115007
-1.101654 -1.286955 -0.127564
-0.965964 -1.319268 -0.153978
0.463329 -0.030697 -0.014300
1.748217 -1.094387 0.227403
1.707526 -1.291102 0.221555
1.688086 -1.522045 0.216685
1.326278 -1.988031 0.027028
1.256049 -2.092672 0.028895
1.655069 -1.667478 0.147751
1.644541 -1.816593 0.146071
1.470691 -1.913410 0.023981
1.226108 -2.169452 0.030569
-2.992955 -0.928285 -0.071468
-2.857798 -0.937541 -0.049229
-2.075766 -0.993713 -0.008890
-2.251592 -1.026212 -0.019919
-1.974402 -0.980217 -0.001841
-3.740691 0.973990 -0.757970
-4.378762 0.235803 -0.787585
-2.915480 1.475344 -0.717067
-3.342534 -0.503303 -0.737166
-3.341027 -0.656559 -0.735581
-2.953994 -0.471578 -0.727095
-2.968422 -0.593432 -0.738183
-3.308051 -0.799970 -0.720424
-3.367830 -0.875822 -0.734944
-2.987608 -0.925702 -0.625994
-2.703315 -0.961343 -0.629056
-1.091678 0.812751 -0.479424
-0.876812 0.502377 -0.455778
-0.621847 -1.365644 -0.452576
1.548203 -0.690898 -0.501778
1.870330 -0.966048 -0.406533
1.776698 -1.302871 -0.406160
1.748846 -1.426567 -0.380538
1.737231 -1.578919 -0.390049
1.702379 -1.808436 -0.385831
1.282418 -2.117355 -0.392894
1.259593 -2.297629 -0.396406
1.831358 -1.963646 -0.321712
-3.882506 1.298437 -0.475728
-4.178675 0.925432 -0.459408
-3.153754 1.671938 -0.435621
-3.055442 1.613640 -0.418931
-3.242537 1.152663 -0.367983
-4.022546 0.314632 -0.463824
-3.096875 0.919977 -0.494369
-2.123532 1.401368 -0.323902
-1.909197 1.366218 -0.314855
-2.373621 0.734478 -0.429281
-1.610393 1.324379 -0.453368
-2.201349 0.697325 -0.432600
-1.669290 0.660243 -0.429303
-1.744846 0.610417 -0.353882
-2.988228 -0.923873 -0.409655
-1.559815 0.642704 -0.293942
-2.785899 -0.960846 -0.414629
-2.889334 -0.941808 -0.457824
-1.144759 0.792105 -0.412496
-1.376508 0.606340 -0.238018
-2.475737 -1.003092 -0.412988
-0.879613 0.464195 -0.416241
-2.195059 -1.069020 -0.408811
-1.268103 -1.241198 -0.259859
-1.306283 -1.231001 -0.252160
-1.113335 -1.289141 -0.276346
-0.894369 -1.326318 -0.249997
1.779098 -0.581766 -0.250991
1.445795 -1.942935 -0.289848
1.288230 -2.101165 -0.277944
1.256826 -2.275379 -0.277900
-2.892679 1.541656 -0.252650
-4.038847 0.322115 -0.229744
-4.285830 -0.043891 -0.341969
-4.373775 -0.734517 -0.188770
-2.131712 1.357418 -0.106330
-3.817857 -0.813748 -0.338459
-1.936244 1.320093 -0.140285
-2.120547 1.299833 -0.111779
-1.605469 1.283518 -0.150923
-3.195437 -0.875259 -0.184673
-1.468657 1.211116 -0.088815
-1.596902 1.130545 -0.054590
-1.666226 0.672165 -0.223681
-1.765653 0.597089 -0.224491
-3.035702 -0.910444 -0.176133
-1.501243 0.653548 -0.194544
-2.794611 -0.951655 -0.205576
-2.918812 -0.941338 -0.239027
-1.385929 0.590147 -0.204700
-2.526050 -1.016189 -0.252158
-1.201345 0.066621 -0.114219
-2.075632 -1.055579 -0.071103
-1.101738 0.048900 -0.059683
-1.181145 -0.085022 -0.119062
-2.030890 -1.079518 -0.057120
-1.281447 -1.239538 -0.093924
-1.315655 -1.227871 -0.075433
-1.125230 -1.278946 -0.116237
-0.915064 -1.321819 -0.125629
1.807226 -1.100538 0.183943
1.693883 -1.562539 0.172403
-3.330281 -0.848967 -0.048538
-3.009132 -0.916319 -0.073545
-2.853197 -0.937304 -0.058761
-2.913519 -0.936415 -0.052959
-2.599966 -0.966467 -0.029613
-3.691690 2.754889 -0.704598
-3.831979 2.661537 -0.710091
-3.225637 0.972493 -0.634134
-3.495185 -0.194336 -0.633458
-3.328156 -0.471857 -0.694670
-3.357605 -0.613659 -0.712798
-2.963110 -0.533488 -0.714850
-3.300245 -0.574405 -0.726409
-3.341218 -0.745001 -0.725519
-2.962766 -0.611058 -0.718426
-3.006629 -0.918557 -0.610814
-2.920197 -0.925301 -0.648329
-1.197459 0.324975 -0.536388
-0.853067 0.477575 -0.449412
-1.423492 -1.172550 -0.539010
-0.925638 -1.312585 -0.515068
0.551886 -1.307475 -0.524217
0.586898 -1.384981 -0.533803
0.528914 -1.632908 -0.536884
0.472748 -1.746733 -0.534230
-3.886348 1.285079 -0.467390
-3.155585 1.680875 -0.435883
-3.916364 1.083251 -0.519862
-2.720104 1.508887 -0.392712
-3.140774 1.223204 -0.362224
-2.175627 1.408695 -0.306409
-1.762673 1.583033 -0.312285
-1.996045 1.376447 -0.307427
-2.352112 0.743666 -0.418293
-3.494198 -0.541521 -0.397919
-3.770136 -0.773582 -0.452883
-1.610361 1.332346 -0.318637
-2.216041 0.755566 -0.405993
-2.256704 0.750990 -0.408793
-1.700091 0.693037 -0.299950
-1.777578 0.617699 -0.281209
-3.071738 -0.902333 -0.436356
-1.576444 0.664592 -0.292109
-2.806674 -0.953530 -0.390857
-2.930108 -0.941114 -0.430117
-1.173426 0.827453 -0.388148
-1.396767 0.611801 -0.273608
-2.515961 -1.006795 -0.375624
-0.911119 0.489501 -0.382200
-1.196893 0.131800 -0.202773
-2.156101 -1.079456 -0.431705
-1.200836 0.102735 -0.196551
-1.320017 -1.212896 -0.226780
-1.127798 -1.268172 -0.260318
-0.959502 -1.308570 -0.260063
-0.181989 -1.444414 -0.390489
1.724995 -1.559514 -0.260932
1.694459 -1.781454 -0.257445
1.407876 -1.944153 -0.236542
1.272926 -2.112838 -0.228460
1.684704 -1.921248 -0.256208
-4.324548 -0.024530 -0.175876
-4.323973 -0.156708 -0.251467
-2.769205 1.478144 -0.153558
-3.874039 -0.133070 -0.253584
-3.863518 -0.268214 -0.254730
-2.167297 1.370143 -0.124961
-2.250932 1.355959 -0.104255
-4.086695 -0.843080 -0.128776
-1.985354 1.344242 -0.123669
-3.807296 -0.832918 -0.238099
-1.620095 1.324652 -0.120882
-1.415500 1.208540 -0.051350
-1.823992 0.580464 -0.173659
-3.074396 -0.904691 -0.173236
-1.573493 0.653117 -0.139692
-1.746445 0.625475 -0.142648
-2.848193 -0.937810 -0.155790
-2.958825 -0.928062 -0.167890
-1.453343 0.600258 -0.116833
-2.554527 -1.007534 -0.209424
-2.120341 -1.040711 -0.049317
-2.413815 -1.038943 -0.205840
-0.508336 0.660472 0.092980
-0.658700 0.661801 0.087021
-1.173326 0.073410 -0.092386
-2.055053 -1.063743 -0.034253
-1.325230 -1.226806 -0.052700
-1.483504 -1.200556 -0.090524
0.345036 0.506962 0.120171
-1.155267 -1.271525 -0.105760
0.386963 0.334754 0.116111
-0.954158 -1.309673 -0.100950
0.649996 0.286920 0.123060
-0.727992 -1.357886 -0.138811
0.707678 0.039980 0.116090
0.753119 -0.115220 0.111055
0.769465 -0.274338 0.105336
1.334036 -0.433170 0.116440
1.655638 -1.781914 0.120409
1.391854 -1.950394 0.122206
-4.120760 0.112090 -0.094378
-4.362965 0.056141 -0.110384
-3.024644 -0.914988 -0.054706
-2.827250 -0.942675 -0.030724
-2.923054 -0.944304 -0.041948
-2.062652 -1.072445 -0.005830
-3.635051 2.530138 -0.710325
-3.342355 2.565853 -0.701770
-3.058962 2.570581 -0.685307
-3.239529 2.548233 -0.690460
-2.917356 2.563786 -0.678807
-3.895793 0.159125 -0.731511
-2.822952 1.345442 -0.689528
-3.178328 0.952314 -0.598416
-3.359893 0.136830 -0.714962
-0.462044 3.794800 -0.529618
-3.478050 -0.278252 -0.673455
-3.612364 -0.366034 -0.749121
-3.418216 -0.514021 -0.645914
-3.576392 -0.754539 -0.677034
-3.304309 -0.880037 -0.611159
-3.078130 -0.890378 -0.570847
-2.749622 -0.953347 -0.583994
-2.526464 -1.010056 -0.557677
-0.172760 1.553614 -0.598567
-1.423940 -1.205756 -0.567117
-1.012556 -1.279322 -0.581888
0.627995 -1.161614 -0.567285
0.598484 -1.337290 -0.565203
0.614246 -1.458888 -0.571578
0.544313 -1.667423 -0.568733
1.865353 -0.231023 -0.435633
1.763655 -1.461119 -0.387934
1.359921 -1.976325 -0.406073
1.723916 -1.707029 -0.404570
1.595810 -1.867755 -0.410300
-3.807275 3.172979 -0.377685
-3.890372 1.419228 -0.522688
-4.325297 0.039315 -0.440134
-2.939718 1.536349 -0.333314
-3.593669 0.586518 -0.503503
-4.076362 0.308104 -0.388905
-4.280529 -0.243553 -0.536997
-2.687224 1.507697 -0.341951
-3.860105 -0.172969 -0.413133
-2.552426 1.462297 -0.398327
-3.794925 -0.172034 -0.589621
-2.068630 1.398010 -0.316725
-2.133549 1.386786 -0.358233
-3.793726 -0.833479 -0.375061
-1.905863 1.356274 -0.330335
-2.017425 1.313164 -0.280585
-2.425907 0.705072 -0.420717
-3.390542 -0.499640 -0.415282
-3.520438 -0.843823 -0.466936
-1.691870 1.363949 -0.281347
-3.166130 -0.891442 -0.431179
-3.299841 -0.881203 -0.434434
-1.842494 0.585232 -0.353866
-2.996161 -0.924405 -0.387199
-2.617098 -0.999188 -0.404712
-2.755303 -0.975944 -0.384460
-1.288765 0.486754 -0.272308
-1.283632 0.454816 -0.298026
-1.507030 0.133054 -0.424707
-2.523403 -1.018998 -0.441822
-1.249071 0.216708 -0.238603
-1.253077 0.064528 -0.227818
-2.035640 -1.095321 -0.275367
-1.549763 -1.186332 -0.370196
-1.670545 -1.164371 -0.367962
-1.365124 -1.227477 -0.360257
-1.169113 -1.255319 -0.367524
1.737039 -1.045479 -0.242879
1.755622 -1.325883 -0.243152
1.357103 -2.014971 -0.205392
1.732750 -1.647757 -0.229974
1.620681 -1.866068 -0.221000
1.270925 -2.182373 -0.199713
-3.181210 1.771188 -0.228843
-4.320760 0.045867 -0.333144
-4.069350 0.303346 -0.232072
-2.705539 1.461594 -0.183114
-3.875520 -0.208117 -0.264813
-4.170521 -0.603694 -0.264619
-4.300390 -0.725920 -0.264116
-2.592893 1.393658 -0.156534
-4.042868 -0.868160 -0.226633
-4.097939 -0.869575 -0.286342
-2.161024 1.364356 -0.134121
-2.443616 0.900774 -0.199222
-3.859987 -0.878507 -0.195509
-1.872956 1.308889 -0.117270
-2.027840 1.272339 -0.094510
-2.340714 0.812157 -0.142868
-3.493122 -0.851831 -0.207844
-1.767716 1.278382 -0.126460
-3.188154 -0.883778 -0.162007
-3.328337 -0.870152 -0.173797
-2.935011 -0.929606 -0.241435
-2.666389 -0.989770 -0.285526
-2.759726 -0.973294 -0.227374
-2.465861 -1.025520 -0.110334
-1.212033 0.127068 -0.071716
-1.203659 0.065463 -0.078698
-2.143928 -1.064488 -0.267234
-2.215685 -1.064658 -0.270660
-1.900051 -1.127459 -0.107105
-1.557078 -1.191407 -0.174183
-1.670715 -1.168174 -0.184420
-1.390117 -1.225469 -0.152815
-1.112055 -1.282012 -0.152825
1.791721 -1.133950 0.125826
1.751294 -1.358914 0.124695
1.318645 -2.006131 0.080976
1.226183 -2.148407 0.087009
2.176278 -1.013780 0.137923
1.746461 -1.536694 0.120233
1.719007 -1.664948 0.116356
1.681585 -1.824139 0.108244
-4.425253 -0.842616 -0.085746
-4.211932 -0.837953 -0.052076
-3.653480 -0.843643 -0.084624
-3.173266 -0.883914 -0.062633
-3.320956 -0.877318 -0.068099
-3.107890 -0.885734 -0.060098
-3.585737 2.788767 -0.744684
-3.591778 0.597035 -0.737249
-4.378764 0.255316 -0.726884
-3.809144 0.350034 -0.734470
-3.969380 0.158423 -0.763529
-4.093621 0.043394 -0.720842
-4.312901 -0.218790 -0.629335
-3.997514 -0.105933 -0.655682
-3.522831 -0.828949 -0.612663
-2.951699 -1.007333 -0.580001
-2.045712 -1.087141 -0.572863
-2.209436 -1.035448 -0.562174
-1.671931 -1.159023 -0.517508
-1.949859 -1.116978 -0.602112
-1.500938 -1.182348 -0.569733
-0.171665 -1.418342 -0.508814
1.244702 -1.999651 -0.483812
-3.805839 3.183026 -0.391587
-3.866940 1.405274 -0.565818
-3.035652 1.535388 -0.431244
-3.929008 1.051099 -0.475584
-2.717119 1.510055 -0.417368
-2.492431 1.477314 -0.407541
-3.216594 0.959300 -0.422634
-3.630966 0.534923 -0.518770
-1.934833 1.365751 -0.338228
-3.708180 0.449420 -0.552410
-4.308388 0.027804 -0.543286
-4.311644 -0.097569 -0.485287
-1.417828 1.544158 -0.310134
-1.802179 1.347665 -0.341451
-4.330976 -0.386754 -0.401897
-4.328101 -0.600351 -0.560831
-4.115985 -0.842593 -0.387603
-3.429611 -0.829727 -0.434024
-3.594283 -0.809558 -0.441742
-3.773041 -0.841845 -0.427479
-1.231179 0.386431 -0.248077
-3.265707 -0.862031 -0.424379
-1.193274 0.111449 -0.205889
-2.727968 -0.956837 -0.320932
-2.889042 -0.926911 -0.334187
-2.412599 -0.963406 -0.332144
-2.553079 -0.977579 -0.344127
-2.059105 -1.086774 -0.366405
-2.198338 -1.048286 -0.352372
-1.725952 -1.157573 -0.336711
-1.878854 -1.119014 -0.358826
-1.364411 -1.207779 -0.277028
-1.554775 -1.179203 -0.301536
-3.014578 1.570385 -0.230375
-2.813863 1.531610 -0.210110
-2.973876 1.494498 -0.191227
-2.483349 1.430984 -0.199951
-2.613941 1.438946 -0.209097
-4.043879 0.296533 -0.263472
-4.344384 0.174644 -0.234285
-4.355429 0.061671 -0.193447
-2.012351 1.359856 -0.163910
-2.501028 1.116407 -0.052960
-4.351992 -0.091141 -0.222834
-1.915691 1.352638 -0.156916
-2.338552 0.790827 -0.148688
-3.823094 -0.149596 -0.251539
-4.083615 -0.243280 -0.170759
-4.321970 -0.324201 -0.179700
-4.344241 -0.443259 -0.195031
-3.834170 -0.233122 -0.244115
-3.852535 -0.275574 -0.248497
-4.171681 -0.542434 -0.204444
-4.262586 -0.746492 -0.304033
-4.016016 -0.866257 -0.231895
-4.098966 -0.864884 -0.199992
-3.449395 -0.820466 -0.208640
-3.600899 -0.813417 -0.224112
-3.804324 -0.844353 -0.226454
-4.006774 -0.950542 -0.113318
-3.064783 -0.842001 -0.191232
-3.282618 -0.865797 -0.187308
-1.217608 0.116486 -0.125040
-2.758252 -0.899484 -0.182556
-2.926374 -0.938277 -0.110441
-1.189730 -0.007378 -0.101817
-2.381277 -1.013494 -0.149152
-2.559584 -0.996337 -0.172900
-2.062918 -1.078401 -0.177828
-2.219817 -1.047089 -0.149979
-1.695275 -1.142430 -0.197544
-1.911863 -1.116427 -0.168313
-1.379651 -1.198591 -0.192661
-1.526232 -1.179349 -0.187816
-1.183710 -1.239212 -0.202143
1.838159 -1.021763 0.129440
1.790800 -1.174016 0.131038
1.760541 -1.312404 0.131518
-4.381149 -0.152144 -0.088179
-4.149360 -0.238965 -0.097950
-4.363570 -0.322147 -0.093285
-4.056985 -0.917923 -0.091736
-3.450526 -0.830260 -0.062007
-3.556764 -0.824184 -0.065301
-3.870451 -0.901925 -0.075979
-3.368295 -0.839213 -0.054077
-3.539016 3.213130 -0.668378
-3.744131 3.212909 -0.681525
-3.116686 3.226028 -0.657265
-3.460791 3.150092 -0.653753
-3.890218 1.393038 -0.615234
-4.498893 0.250982 -0.834356
-3.636397 0.616711 -0.638135
-3.697425 0.535457 -0.615818
-4.115777 -0.313745 -0.676937
-0.287592 0.897038 -0.584556
-0.890926 0.635510 -0.542406
-0.307596 0.822134 -0.578678
-2.274031 -1.030711 -0.582976
-2.394119 -1.032460 -0.645406
-1.946932 -1.175369 -0.697595
1.826858 -0.257864 -0.337651
1.816889 -0.727766 -0.365047
1.791657 -0.842450 -0.371423
1.791442 -0.985280 -0.456906
1.811966 -1.149047 -0.393192
1.747564 -1.565774 -0.422668
1.349704 -1.967398 -0.419572
1.312552 -2.075569 -0.418571
-3.132497 3.939191 -0.309601
-4.144482 1.320822 -0.423935
-3.887657 1.397774 -0.461751
-3.907925 1.296961 -0.487451
-2.980546 1.554986 -0.369495
-3.938295 1.026872 -0.573292
-3.989192 0.982834 -0.580144
-2.679767 1.506103 -0.367421
-2.836191 1.524102 -0.345813
-2.373712 1.442308 -0.356586
-2.477715 1.456415 -0.355171
-3.734200 0.483815 -0.589338
-4.017592 0.298479 -0.434582
-4.298532 0.061085 -0.531776
-4.293346 -0.083962 -0.554859
-2.464491 0.871649 -0.276310
-4.106977 -0.433727 -0.493605
-4.186311 -0.822452 -0.515978
-3.825088 -0.775383 -0.496923
-4.088419 -0.838921 -0.586443
-1.295070 0.516381 -0.263524
-3.393548 -0.782113 -0.472503
-3.934955 -1.058668 -0.592754
-3.164703 -0.850314 -0.446455
-1.244087 0.141216 -0.227315
-1.244209 0.056995 -0.231566
-2.626767 -0.982628 -0.382978
-2.723659 -0.961478 -0.427449
-2.260734 -1.065142 -0.389979
-2.460587 -1.025567 -0.431852
-1.921657 -1.101968 -0.464974
-2.139627 -1.073770 -0.445975
-1.707879 -1.159448 -0.320030
-2.980313 1.517226 -0.198826
-2.694902 1.461259 -0.199536
-2.860759 1.476497 -0.174084
-3.907705 0.799789 -0.260767
-2.356943 1.406300 -0.182825
-2.497540 1.411497 -0.176405
-2.761343 1.234666 -0.091266
-3.999202 0.337513 -0.222272
-4.229969 0.071017 -0.320519
-4.342322 0.041076 -0.296018
-4.124419 0.066388 -0.277915
-4.334371 -0.142713 -0.293153
-4.353378 -0.278041 -0.220206
-4.140854 -0.259641 -0.168594
-4.296923 -0.487021 -0.231723
-4.219663 -0.730758 -0.303552
-4.298642 -0.832751 -0.195216
-3.819723 -0.853583 -0.305279
-4.062060 -0.904060 -0.270293
-3.285769 -0.780401 -0.211023
-3.497104 -0.816121 -0.239889
-3.695536 -0.853768 -0.288813
-2.970038 -0.905320 -0.205331
-3.106287 -0.894190 -0.219385
-3.325861 -0.887217 -0.296874
-1.230646 0.146499 -0.185858
-2.634129 -0.990224 -0.244378
-2.798595 -0.954736 -0.245556
-2.275661 -1.049730 -0.229120
-2.487704 -1.023618 -0.228502
-1.893517 -1.113634 -0.231879
-2.106125 -1.085553 -0.240705
-1.736399 -1.148444 -0.234286
-0.935234 -1.267276 -0.025989
-1.063748 -1.276445 -0.022761
2.215457 -0.845383 0.112485
1.791117 -1.178675 0.099745
1.274880 -1.928278 0.028067
1.268061 -2.129091 0.035462
-4.386652 0.045334 -0.142192
-4.143755 0.060302 -0.128728
-4.382427 -0.132845 -0.143827
-4.386069 -0.247176 -0.147334
-4.129485 -0.267659 -0.121329
-4.392258 -0.577649 -0.160995
-4.199622 -0.572455 -0.152949
-3.829903 -0.889959 -0.140129
-4.046620 -0.939744 -0.144511
-3.548560 -0.817992 -0.122123
-3.727405 -0.896440 -0.145477
-4.452242 0.251296 -0.843079
-4.450123 0.170113 -0.843765
-3.865986 1.351015 -0.628657
-3.898618 1.077300 -0.728106
-4.295091 0.005243 -0.700152
-4.298621 -0.115024 -0.688788
-4.116508 0.022969 -0.777501
-4.268048 -0.197071 -0.687089
-3.381554 -0.844943 -0.684359
-2.155019 1.620273 -0.675181
-2.322050 -1.053035 -0.566395
-2.140627 -1.070057 -0.622457
-1.049556 -1.288810 -0.466535
-0.881227 -1.321319 -0.487698
-0.607155 -1.365579 -0.522475
-0.102892 -0.385468 -0.566585
1.318432 -2.030837 -0.481759
1.729062 -1.742620 -0.460447
-4.168396 1.304802 -0.456265
-3.877967 1.383509 -0.545961
-3.901761 1.172479 -0.479873
-4.036688 0.986520 -0.502222
-4.300229 0.012870 -0.526348
-4.311066 -0.116519 -0.518351
-4.252573 -0.015804 -0.550821
-4.297961 -0.200908 -0.528431
-3.179687 1.715874 -0.404205
-4.147873 -0.426477 -0.480756
-4.111523 -0.837352 -0.616062
-3.024909 1.559852 -0.399306
-3.030982 1.542080 -0.349887
-3.835243 -0.766021 -0.521048
-3.889586 -0.855601 -0.523354
-3.673215 -0.771800 -0.463979
-2.503342 1.461349 -0.373144
-3.358337 -0.842349 -0.487557
-2.239983 1.419244 -0.352459
-3.134180 -0.890413 -0.500885
-2.047234 1.379307 -0.378127
-2.914679 -0.938734 -0.515119
-2.613250 -1.002692 -0.538241
-2.735762 -0.983368 -0.530690
-1.778238 0.741307 -0.364107
-2.453357 -1.039333 -0.374978
-1.720840 0.078614 -0.380421
-1.850067 -1.136729 -0.447264
-1.324421 -1.244128 -0.433309
-1.197333 -1.262338 -0.448067
1.779515 -0.945607 -0.179291
1.351083 -1.976777 -0.250207
1.273829 -2.212795 -0.252454
1.829655 -1.084493 -0.176219
1.775495 -1.263735 -0.168919
1.756075 -1.520531 -0.162019
1.731493 -1.688235 -0.224308
1.462337 -1.894118 -0.253087
1.785689 -1.902346 -0.261739
-4.332798 -0.007684 -0.305275
-4.344072 -0.145071 -0.286655
-4.323369 -0.260382 -0.306811
-4.300608 -0.473086 -0.244415
-4.317167 -0.829289 -0.389912
-3.167578 1.761244 -0.286028
-4.071442 -0.191220 -0.306842
-4.189405 -0.536295 -0.201633
-4.178321 -0.838272 -0.244814
-3.842744 -0.820324 -0.351120
-3.952382 -0.896564 -0.267196
-3.614614 -0.825214 -0.217690
-3.760980 -0.876478 -0.155501
-2.462951 1.407967 -0.217093
-3.420076 -0.846473 -0.220366
-2.253587 1.399622 -0.196027
-3.155715 -0.886338 -0.253103
-2.827277 -0.926026 -0.143682
-2.937243 -0.939120 -0.248384
-2.639678 -0.982832 -0.251727
-2.691250 -1.008369 -0.313918
-1.738827 0.787319 -0.175870
-2.078989 -1.084057 -0.184412
-1.213707 0.098180 -0.084093
-0.360218 0.523240 0.074586
1.815064 -1.025605 0.174902
1.763123 -1.219541 0.170103
1.717599 -1.383092 0.161163
-4.372927 -0.231869 -0.164767
-4.258369 -0.277290 -0.155660
-4.384233 -0.473432 -0.157651
-4.217823 -0.555982 -0.150347
-4.157291 -0.869566 -0.145013
-3.912141 -0.914947 -0.127869
-3.606917 -0.839041 -0.111441
-3.411014 -0.863365 -0.099483
-3.172134 -0.895035 -0.090516
-4.281312 -0.178507 -0.664269
-4.291009 -0.211089 -0.676415
-4.113785 -0.497843 -0.672351
-3.398176 -0.830594 -0.651810
-3.325050 -0.849016 -0.644787
-3.199563 -0.857942 -0.644795
-2.758681 -0.973511 -0.629801
-2.608295 -0.979127 -0.656378
-2.496159 -1.024176 -0.620370
-2.287516 -1.059242 -0.640666
-3.484616 2.142997 -0.803298
-3.822077 3.197079 -0.792254
-3.750019 3.179074 -0.782842
-3.623216 3.179464 -0.747758
-4.237343 -0.639231 -0.548324
-4.330681 0.090990 -0.460777
-4.310510 -0.055931 -0.494335
-4.323296 -0.248892 -0.434530
-4.148026 -0.402094 -0.477629
-3.889720 -0.785436 -0.478769
-3.873187 -0.814177 -0.462459
-4.317703 0.138970 -0.468181
-4.295425 0.082275 -0.592984
-3.858695 -0.772569 -0.544236
-3.754211 -0.796872 -0.433207
-3.451710 -0.828552 -0.455224
-3.326059 -0.853567 -0.516079
-4.172348 1.241243 -0.485494
-4.033586 1.006196 -0.575662
-3.123064 -0.884909 -0.483925
-2.961821 -0.933134 -0.522313
-4.137534 1.355135 -0.498989
-3.898146 1.232342 -0.540930
-3.910623 1.079404 -0.526986
-2.784249 -0.957704 -0.470865
-2.476770 -1.017041 -0.450497
-2.275859 -1.047459 -0.551307
-2.131703 -1.088212 -0.580483
-3.029644 1.537550 -0.397027
-2.659379 0.937900 -0.562782
-3.628101 3.166404 -0.428653
-2.756761 1.517307 -0.402841
-2.580848 1.488723 -0.402465
-2.388997 1.460782 -0.403334
-2.239631 1.417743 -0.412032
-2.138248 1.409025 -0.423412
-2.592974 4.480928 -0.482891
1.247812 -2.193407 -0.373698
1.378384 -1.968524 -0.378930
1.703630 -1.786070 -0.368960
1.752917 -1.944281 -0.382479
1.742722 -1.413399 -0.342796
1.733471 -1.601290 -0.356038
1.759718 -0.921825 -0.309007
1.814581 -1.121543 -0.323115
1.771546 -1.297279 -0.334518
-4.342623 -0.448215 -0.291859
-4.234650 -0.791872 -0.329521
-4.357642 0.111660 -0.269910
-4.342930 -0.086219 -0.260546
-4.331128 -0.279629 -0.272571
-4.185256 -0.456379 -0.295918
-4.072854 -0.855142 -0.335685
-3.894089 -0.868788 -0.323653
-4.339860 0.118177 -0.330801
-3.660404 -0.810884 -0.266442
-3.491721 -0.821166 -0.232262
-3.339424 -0.850873 -0.235011
-3.144785 -0.880647 -0.229736
-2.981237 -0.921568 -0.216483
-2.816817 -0.950274 -0.215333
-2.645023 -1.011961 -0.118290
-2.613745 -0.955719 -0.249959
-2.568201 -1.010462 -0.209409
-2.917731 1.526342 -0.287595
-2.760434 1.508093 -0.297683
-2.602752 1.461727 -0.304799
-2.409045 1.434476 -0.262566
-2.264234 1.402477 -0.257260
-2.155953 1.406623 -0.280874
-1.323207 0.573586 -0.272586
1.261433 -2.138164 -0.005026
1.326003 -1.995706 0.020101
1.670889 -1.815781 -0.023833
0.319575 0.949305 -0.143600
0.458607 0.880096 -0.138768
1.674365 -1.676374 -0.026439
2.585838 0.601861 -0.034736
-3.482947 -0.817334 -0.100806
-3.339708 -0.847886 -0.103407
-3.162702 -0.884035 -0.102351
-2.974796 -0.920479 -0.093087
-2.807070 -0.965279 -0.090160
-2.616282 -0.974348 -0.089902
-2.526867 -0.988163 -0.084936
-1.563648 -1.203874 -0.024399
-1.399750 -1.232298 -0.017093
-1.228003 -1.263367 0.006681
-1.068529 -1.294444 -0.012901
-0.895117 -1.320737 0.029585
-0.694943 -1.359065 0.014742
-0.552107 -1.390016 0.038520
-0.344879 -1.427559 0.032409
-0.214318 -1.444792 0.031353
1.254376 -2.154773 0.148046
1.297976 -2.035991 0.151930
-4.087142 -0.854175 -0.676086
-3.482725 -0.814596 -0.693953
-3.275622 -0.852469 -0.675952
-3.024951 -0.907386 -0.662409
-2.818993 -0.951105 -0.677720
-2.576319 -1.013600 -0.715907
-2.393218 -1.022641 -0.719831
-2.980391 -0.710730 -0.773899
-2.785643 -0.691809 -0.760534
-2.267087 -0.919110 -0.706761
-1.949468 -1.122486 -0.670081
-1.208476 -1.247646 -0.612433
-1.049631 -1.241157 -0.632553
-4.281011 -0.003965 -0.687045
1.722843 -1.795674 -0.491100
1.766374 -1.475293 -0.479669
1.809218 -1.222014 -0.471568
-3.964152 1.037725 -0.688854
1.831939 -1.034416 -0.466648
-3.913301 1.110222 -0.730050
-3.343038 0.962779 -0.726880
0.943630 0.264473 -0.457356
-3.567879 2.101776 -0.783397
-3.483797 2.089566 -0.773202
-2.200714 2.187778 -0.686538
1.410810 1.012638 -0.484325
-3.143857 3.930407 -0.725627
-2.733201 3.877460 -0.677966
-4.246401 -0.780233 -0.422732
-4.108335 -0.813187 -0.444086
-3.860906 -0.774263 -0.480102
-3.498151 -0.790129 -0.431655
-3.283918 -0.839157 -0.446794
-3.055456 -0.894545 -0.448566
-2.798148 -0.962550 -0.456184
-2.536525 -1.005644 -0.457532
-2.343670 -1.037482 -0.484263
1.236472 -2.281861 -0.349686
-4.323099 -0.186049 -0.492805
-4.201251 -0.365649 -0.402407
-1.982527 -1.112140 -0.314350
-1.828479 -1.136957 -0.327727
-0.414372 -1.425106 -0.266169
1.272621 -2.086247 -0.343699
-4.300524 0.007197 -0.516785
1.414465 -1.942167 -0.342954
1.738329 -1.949610 -0.354826
-4.196836 0.168815 -0.609049
-3.920760 1.021701 -0.633408
-3.850898 1.461465 -0.585414
-2.861233 1.501030 -0.347538
-3.198635 1.658860 -0.360669
-2.965886 1.572669 -0.370536
-2.792124 1.535254 -0.370726
-2.548006 1.502785 -0.379916
-2.326196 1.463345 -0.404826
-4.257231 -0.768576 -0.326926
-4.109302 -0.833832 -0.295004
-3.884720 -0.839936 -0.329781
-4.356240 -0.416934 -0.367971
-4.219955 -0.444115 -0.327949
-3.726318 -0.798955 -0.274004
-3.541142 -0.806218 -0.241526
-3.295180 -0.838144 -0.238965
-3.069185 -0.891960 -0.263781
-2.797794 -0.965850 -0.265146
-2.566196 -1.005362 -0.223220
-2.349222 -1.059160 -0.127272
-2.097858 -1.122028 -0.078072
1.208727 -2.250734 0.030461
-4.350206 -0.224384 -0.326180
-4.241385 -0.380905 -0.342129
-2.261382 -1.041194 -0.290374
-2.173098 -1.074687 -0.137982
-1.833775 -1.169896 -0.069631
-0.526781 -1.417033 -0.016601
-0.361303 -1.443226 -0.018864
1.264678 -2.070083 0.052681
-4.337862 0.003305 -0.331285
1.416607 -1.946373 0.056552
1.638878 -1.907618 0.080958
1.907127 -2.048454 0.034727
-4.356103 0.173065 -0.334011
1.669810 -1.723836 0.062720
1.708660 -1.450086 0.065596
1.762068 -1.194517 0.061243
-1.227460 0.154088 -0.203368
1.785507 -0.914555 0.081015
1.804714 -1.045134 0.053053
-1.646363 0.354980 -0.270310
-1.753140 0.777471 -0.218215
-1.306059 0.592904 -0.194927
-2.994976 1.531701 -0.209192
-2.909484 1.517756 -0.209015
-0.270431 0.513441 0.015301
-3.208466 1.649872 -0.347651
-2.996950 1.577009 -0.320440
-2.795143 1.521613 -0.273054
-2.569309 1.459223 -0.242745
-2.329656 1.432189 -0.225731
-2.115051 1.420977 -0.230056
-0.226230 0.657729 0.018660
0.339643 0.659127 0.003545
2.555792 0.456093 0.077089
2.597271 0.658915 0.076140
-3.712758 3.832957 -0.181400
-2.731448 3.893460 -0.261230
-2.213407 -1.088853 0.006778
-2.157998 -1.090990 0.009152
1.198364 -2.265230 0.180680
-1.282543 -1.270945 0.052701
-1.069178 -1.313130 0.072049
-0.822783 -1.361173 0.052142
-0.606143 -1.403545 0.060612
-0.373075 -1.450597 0.080404
1.260085 -2.071859 0.205054
1.378827 -1.959927 0.186369
1.597017 -1.873573 0.219693
1.924963 -2.078053 0.248320
1.984375 -2.109848 0.195502
1.683052 -1.650479 0.217788
1.704309 -1.395113 0.216275
1.767660 -1.169609 0.216032
-1.304441 0.080937 0.002123
-1.218367 0.096424 0.006250
2.006206 -1.011883 0.190433
2.159978 -1.096277 0.272454
-1.063320 0.254486 0.026273
-0.976514 0.177738 0.048063
-1.507486 0.576330 0.009773
-1.327710 0.523120 0.018767
-1.072804 0.494969 0.035784
-0.781421 0.475416 0.054209
-0.568252 0.424148 0.067845
-0.335215 0.371288 0.074880
-0.133774 0.314048 0.094907
-0.778248 0.822757 0.019986
-0.254185 0.545533 0.053017
-0.636344 0.798667 0.049615
-0.361934 0.753196 0.061646
-0.232198 0.697556 0.051754
1.266398 -2.111196 -0.370383
1.671253 -1.926510 -0.405629
1.705358 -1.735138 -0.402016
1.665100 -1.550979 -0.429832
1.765332 -1.388075 -0.411985
1.818952 -1.127702 -0.413150
1.834188 -0.673570 -0.451052
-0.803120 -1.254068 -0.587392
-0.142257 -0.926420 -0.570037
-0.044832 -0.676953 -0.573128
0.041929 -0.381353 -0.576648
-2.176233 -1.069386 -0.554594
-2.561271 -1.006887 -0.559579
-2.370921 -1.039178 -0.598769
-2.658760 -0.978988 -0.547721
-1.388207 -0.373565 -0.629243
-1.065243 -0.077582 -0.627430
-3.296707 -0.853063 -0.684234
-3.149152 -0.875459 -0.675092
-2.527566 -0.645141 -0.711501
-2.469278 -0.589954 -0.708603
-2.131476 -0.361225 -0.689007
-1.994117 -0.212579 -0.690133
-1.870245 -0.085425 -0.693470
-3.989656 -0.920459 -0.623752
-3.507266 -0.813377 -0.685627
-3.425763 -0.825320 -0.670306
-1.949299 -0.099452 -0.708467
-1.817968 0.064786 -0.699086
-0.875891 0.610765 -0.584073
-4.163969 -0.808207 -0.644895
-4.093825 -0.495297 -0.688321
-4.147740 -0.262947 -0.683578
-4.297518 -0.002096 -0.670136
-4.305614 0.124813 -0.721403
-3.945210 1.034303 -0.732332
-3.924979 1.091626 -0.756373
-3.911308 1.150967 -0.784050
-3.918370 2.671779 -0.818831
-3.780245 2.719933 -0.811170
1.219705 -2.203267 -0.364548
1.288552 -2.012665 -0.346726
1.403342 -1.940721 -0.352611
1.645704 -1.792339 -0.364634
1.735541 -1.570691 -0.369947
1.749614 -1.384092 -0.370418
1.814041 -1.154249 -0.374805
1.762818 -0.909379 -0.386149
1.827590 -0.589152 -0.401246
-2.108416 -1.093263 -0.372320
-1.934795 -1.115807 -0.338338
-2.598494 -1.017711 -0.385833
-2.413675 -1.034780 -0.352490
-2.188348 -1.053878 -0.393768
-2.933908 -0.932255 -0.418958
-2.749155 -0.974278 -0.410612
-0.287286 0.358979 -0.362821
-3.281741 -0.855444 -0.474822
-3.094254 -0.898558 -0.451587
-3.865331 -0.889185 -0.360512
-3.728683 -0.810644 -0.336251
-3.424260 -0.829344 -0.471710
-1.724987 0.165444 -0.467335
-4.126692 -0.833017 -0.386882
-3.882863 -0.777758 -0.479119
-1.759292 0.390492 -0.460221
-4.166924 -0.390347 -0.453420
-4.312577 0.000361 -0.471337
-4.254437 0.089886 -0.451433
-4.307873 0.134818 -0.510134
-2.163057 1.390846 -0.367163
-3.994592 1.014761 -0.557063
-3.919711 1.053908 -0.553051
-3.010102 1.546430 -0.470842
-4.162406 1.149623 -0.527439
-3.885590 1.342260 -0.497448
-4.148471 1.367740 -0.487884
-3.349612 3.107911 -0.478267
-3.283620 3.216975 -0.488098
-3.764321 3.200955 -0.527861
-3.204798 3.694410 -0.546813
-2.779899 3.871690 -0.665124
-2.923054 3.915682 -0.684551
1.686897 -1.706685 0.074933
1.713805 -1.572305 0.070082
1.726197 -1.388699 0.061659
1.768524 -1.208989 0.055357
1.781740 -1.110307 0.053249
-0.672026 -1.381633 0.011534
-0.846798 -1.329548 0.026194
2.579915 0.551402 0.000156
-1.385474 -1.236717 0.003151
2.612072 0.756093 -0.009058
-1.737261 -1.147510 -0.193108
-2.114589 -1.087015 -0.158478
-1.895591 -1.120551 -0.186988
-2.577012 -1.006154 -0.159819
-2.403229 -1.042735 -0.151934
1.000042 0.782431 -0.050247
-2.953629 -0.927135 -0.224871
-2.774410 -0.971161 -0.198421
-1.219415 -0.019507 -0.086566
0.126159 0.710711 -0.047046
0.632332 0.844108 -0.050457
-3.292745 -0.855067 -0.235759
-3.104954 -0.888006 -0.207744
-1.239420 0.157304 -0.173367
-4.034311 -0.927926 -0.193636
-3.933743 -0.881040 -0.203736
-3.599392 -0.805259 -0.279882
-3.436517 -0.831939 -0.268313
-1.272555 0.384747 -0.239423
-4.153340 -0.824265 -0.235152
-3.960238 -0.831757 -0.276278
-4.207604 -0.432453 -0.324155
-4.351641 0.134122 -0.319106
-2.684844 1.160859 -0.115620
-2.206739 1.411953 -0.271428
-2.822123 1.430886 -0.176648
-2.569120 1.468317 -0.283266
-2.355138 1.447004 -0.281248
-2.921875 1.545673 -0.309376
-2.718376 1.513744 -0.318002
-3.188997 1.670770 -0.324929
0.740294 -0.068774 0.178570
-0.086879 0.319041 0.081875
-1.241048 -0.063347 0.033739
-0.320498 0.404476 0.049920
-1.035877 0.171033 0.049852
-0.881207 0.483784 0.040465
-0.683463 0.435495 0.056565
-0.416644 0.462621 0.060118
-0.241875 0.668003 0.036327
-1.031563 0.494224 0.024267
-0.713008 0.830144 0.038343
-0.558199 0.793601 0.039674
-0.382384 0.758167 0.041451
-0.807202 0.828600 0.027326
-1.912382 0.653298 -0.011719
-1.804749 1.022680 -0.027598
-2.360295 1.104070 -0.099627
-2.661096 1.140921 -0.105758
-2.474778 1.131833 -0.104648
-0.240146 -1.478811 -0.471509
-0.239058 -0.936741 -0.583910
0.366942 0.810983 -0.581806
-0.100703 0.733951 -0.604789
-0.325904 0.641668 -0.565990
-2.396076 -1.031675 -0.596872
-2.673797 -0.994894 -0.558186
-2.498147 -1.013739 -0.585140
-1.717056 0.076756 -0.578771
-2.895300 -0.938058 -0.588622
-2.225764 -0.226364 -0.699345
-1.950196 0.205224 -0.702407
-3.183425 -0.861688 -0.665005
-1.899486 0.376991 -0.712583
-1.841722 0.566767 -0.714536
-3.507811 -0.802005 -0.673711
-3.407720 -0.822857 -0.674337
-1.877101 0.748227 -0.717937
-1.635557 1.137524 -0.579926
-4.004820 -0.894665 -0.618332
-4.126205 -0.348912 -0.634634
-4.301760 -0.146347 -0.665753
-4.297590 -0.025378 -0.632905
-4.302062 -0.014135 -0.791657
-3.910514 1.041917 -0.758761
1.597064 -1.949692 -0.241132
1.680893 -1.743598 -0.247220
1.271737 -2.070273 -0.238311
1.727188 -1.431298 -0.266288
1.776803 -1.191237 -0.282342
1.812004 -0.562430 -0.327138
-1.699593 -1.192517 -0.355204
-2.203233 -1.071879 -0.385311
-2.392105 -1.035382 -0.339318
-2.684121 -0.988956 -0.377680
-3.036956 -0.902906 -0.392917
-2.918538 -0.927658 -0.400548
-3.206069 -0.861962 -0.414375
-1.991701 0.491443 -0.463177
-1.709746 0.811024 -0.499302
-3.497106 -0.807805 -0.381208
-3.416143 -0.812608 -0.425816
-1.649107 1.039508 -0.562706
-3.884419 -0.791166 -0.405656
-3.824794 -0.759841 -0.448572
-3.965239 -0.735821 -0.528799
-2.630891 0.915714 -0.548069
-2.206865 1.423241 -0.390431
-2.132309 1.395394 -0.393933
-2.396060 1.466200 -0.393206
-4.312909 -0.153965 -0.506950
-4.278101 -0.002194 -0.609113
-4.303988 0.020609 -0.452946
-2.935374 1.470749 -0.405834
-4.151151 1.121914 -0.527728
-4.155073 1.233710 -0.492326
-3.869162 1.415907 -0.457066
-4.171947 1.233963 -0.492230
1.709473 -1.439226 0.121706
1.753104 -1.261786 0.111984
1.780360 -1.144520 0.104812
2.584233 0.512775 0.033075
2.631931 0.772103 0.013386
0.978304 0.767568 -0.028317
0.593718 0.826977 -0.039799
-0.315190 0.370770 -0.026112
0.267203 0.869862 -0.049934
-2.227001 -1.069924 -0.124873
-2.420569 -1.027727 -0.147278
-2.674100 -0.987839 -0.151890
-2.537971 -0.991428 -0.133903
-1.304901 0.579413 -0.192318
-3.051825 -0.890947 -0.265141
-2.906150 -0.930141 -0.217765
-3.250743 -0.847254 -0.205591
-1.730192 0.802094 -0.221327
-3.781838 -0.982672 -0.227565
-3.553186 -0.797524 -0.245845
-3.427354 -0.800475 -0.206601
-3.874561 -0.779377 -0.280126
-3.718000 -0.775406 -0.241114
-1.829395 1.294092 -0.147667
-2.472681 1.128731 -0.121049
-2.207259 1.390377 -0.231236
-2.151002 1.414420 -0.274599
-4.142741 -0.188405 -0.282408
-2.739741 1.169042 -0.123801
-2.419648 1.449590 -0.297873
-4.370080 -0.301389 -0.326871
-4.354773 -0.154036 -0.296258
-4.134315 -0.165868 -0.259061
-2.755195 1.509995 -0.303615
-2.596825 1.499218 -0.340948
-4.343524 -0.012298 -0.292716
-4.335406 0.110332 -0.298893
-3.025947 1.512016 -0.199674
-2.961087 1.554055 -0.317443
-3.179148 1.665108 -0.360965
-0.649961 0.799244 0.011722
-1.803463 0.634456 -0.008400
-1.744226 0.985905 -0.028945
-2.746084 1.173121 -0.105217
-2.884493 1.185149 -0.119739
-0.341851 -1.249029 -0.560509
-0.548338 -0.338146 -0.588646
-0.155480 0.697008 -0.593617
-2.453374 -1.030472 -0.580229
-2.295578 -1.059990 -0.617386
-1.634283 -0.297168 -0.646239
-0.363005 0.688914 -0.591956
-2.805396 -0.980274 -0.537701
-2.655826 -1.005954 -0.564311
-1.660210 -0.224753 -0.654240
-3.000821 -0.924358 -0.628357
-2.297830 -0.325484 -0.689777
-1.934730 0.134693 -0.689907
-3.339654 -0.837270 -0.665178
-3.166900 -0.869328 -0.623219
-1.912453 0.236823 -0.705051
-1.836139 0.397613 -0.705944
-3.595223 -0.792976 -0.653805
-3.498452 -0.815364 -0.663274
-1.853568 0.568433 -0.707938
-4.063431 -0.859414 -0.614010
-4.203652 -0.794954 -0.607605
-3.995159 -0.481128 -0.705548
-4.151303 -0.257331 -0.660296
-4.111918 -0.120678 -0.692245
-4.301727 -0.109529 -0.661471
-4.211760 0.067337 -0.778859
-4.305051 0.130479 -0.784044
-3.912249 1.046070 -0.770220
1.605019 -1.935032 -0.057606
1.666634 -1.766755 -0.067072
1.675397 -1.562919 -0.083675
1.735961 -1.354113 -0.098130
-2.127953 -1.080785 -0.384891
-2.470456 -1.031714 -0.349505
-2.309820 -1.050155 -0.340900
-2.807671 -0.972210 -0.358120
-2.651360 -1.003701 -0.351066
-1.250084 0.430137 -0.471920
-3.041883 -0.910632 -0.392447
-1.309281 0.564030 -0.301336
-3.311128 -0.849044 -0.407731
-3.164452 -0.872884 -0.485243
-1.782397 0.389633 -0.516171
-3.872567 -0.940671 -0.331660
-3.613141 -0.788415 -0.326314
-3.520213 -0.808721 -0.357993
-1.761573 0.744614 -0.503041
-1.681850 0.906915 -0.540467
-4.040733 -0.833704 -0.356082
-3.870207 -0.771922 -0.457155
-4.329154 -0.264611 -0.475289
-2.294059 1.437462 -0.390062
-2.138695 1.418893 -0.397097
-4.309388 -0.103930 -0.521210
-4.294315 0.059049 -0.541770
-4.350009 0.101478 -0.403702
-3.055277 1.507813 -0.454983
-3.990997 0.998535 -0.581074
-4.137862 1.126456 -0.521812
-3.877949 1.354910 -0.507310
-4.163733 1.233686 -0.498646
1.209310 -2.245783 0.013295
1.263266 -2.063009 0.062070
1.442795 -1.946666 -0.039927
1.675623 -1.733041 0.138580
1.707462 -1.548825 0.127005
1.727699 -1.362710 0.115879
1.769243 -1.185833 0.106041
2.581623 0.472818 0.023682
2.602022 0.691122 0.034294
0.783258 0.259971 0.015649
1.075332 0.740714 -0.024833
0.360536 0.845853 -0.046188
-2.025414 -1.110499 -0.106158
-0.060655 0.695348 -0.034149
0.405056 0.914778 -0.173070
-2.495995 -1.017550 -0.131941
-2.320404 -1.048965 -0.151862
-0.252093 0.728686 -0.025819
-2.807312 -0.967583 -0.159725
-2.681244 -0.996440 -0.174108
-1.213809 0.445415 -0.232719
-3.001285 -0.911623 -0.198130
-3.361527 -0.841238 -0.207749
-3.192218 -0.834631 -0.198252
-3.658930 -0.797473 -0.249758
-3.532153 -0.799758 -0.208549
-4.008676 -0.873564 -0.266807
-3.869644 -0.806904 -0.295376
-2.414114 1.109952 -0.117751
-2.125930 1.357155 -0.185292
-2.692367 1.156629 -0.124283
-2.466804 1.111833 -0.118426
-2.300582 1.417769 -0.258367
-2.112528 1.411896 -0.296299
-4.348866 -0.064385 -0.265983
-2.653101 1.478804 -0.306895
-2.475162 1.454470 -0.307645
-4.362939 0.161557 -0.251627
-3.008551 1.519888 -0.257556
-2.848874 1.519131 -0.303919
-3.094088 1.593979 -0.348419
-2.939004 3.803701 -0.378762
-0.240947 0.568866 0.052451
-0.175208 0.694482 0.057353
-0.435405 0.755904 0.037261
-1.145817 0.511074 0.015318
-0.632076 0.792169 0.027213
-1.622799 0.965787 -0.020338
-2.699355 1.150784 -0.107742
-2.598492 1.149357 -0.109371
-2.803589 1.170483 -0.101024
2.348104 -1.050054 -4.183512
-0.061735 0.774843 -0.602018
-2.456525 -1.027396 -0.630576
-0.332995 0.669510 -0.556666
-2.790625 -0.970673 -0.600598
-2.648902 -0.996501 -0.601696
-1.844590 -0.421329 -0.664643
-1.647746 -0.179009 -0.658098
-2.974280 -0.922995 -0.582583
-2.289170 -0.234076 -0.691645
-2.089568 0.015678 -0.689337
-1.438136 0.536302 -0.616737
-1.326863 0.617219 -0.652184
-3.309530 -0.849540 -0.599489
-3.137633 -0.886065 -0.591047
-2.024836 0.087346 -0.710145
-1.949936 0.235378 -0.711833
-1.856346 0.419259 -0.665420
-3.467026 -0.816836 -0.662804
-1.693429 0.826351 -0.571944
-1.679913 0.914656 -0.587505
-4.122540 -0.806994 -0.644573
-4.102170 -0.624183 -0.682683
-4.282521 -0.124169 -0.654998
-4.191395 0.028355 -0.721969
-4.306751 0.107326 -0.800503
-3.902887 0.996442 -0.779366
-1.905791 -1.132402 -0.256445
-2.122511 -1.072478 -0.370723
-0.417615 0.487498 -0.337201
-2.447315 -1.016458 -0.391859
-2.285133 -1.042431 -0.414780
-2.779586 -0.974842 -0.361878
-2.634587 -1.001308 -0.367535
-3.013180 -0.913414 -0.353738
-1.285369 0.490630 -0.351189
-3.281250 -0.855764 -0.374262
-3.141149 -0.882101 -0.542794
-3.642238 -0.810841 -0.365505
-3.510963 -0.813389 -0.368868
-1.746573 0.733548 -0.547705
-1.726858 0.912369 -0.411885
-4.081451 -0.849485 -0.409160
-3.843125 -0.795804 -0.450652
-4.296183 -0.261866 -0.546570
-2.274668 1.443008 -0.399050
-2.132788 1.404671 -0.412692
-4.299558 -0.133192 -0.505119
-4.262921 0.048133 -0.577692
-2.595623 1.483652 -0.382441
-2.439567 1.478324 -0.386289
-4.308348 0.149835 -0.388129
-3.989084 0.986340 -0.531412
-4.046132 1.049066 -0.536256
-3.891123 1.245939 -0.525077
-3.022838 2.512240 -0.574209
1.241544 -2.163550 0.023641
1.334322 -1.981764 -0.001287
1.574825 -1.887829 0.005765
1.706629 -1.713261 -0.011733
1.730023 -1.561299 -0.026579
1.748189 -1.399263 -0.033328
2.620418 0.725978 -0.034301
-0.766003 -1.343792 -0.027865
0.597154 0.882012 -0.064052
-2.182389 -1.070150 -0.216090
-2.435531 -1.029826 -0.196911
-2.290002 -1.053298 -0.178781
-2.792022 -0.961584 -0.172947
-2.669045 -0.985637 -0.171269
-1.249759 0.227090 -0.157227
-3.012751 -0.910650 -0.174676
-3.337179 -0.848259 -0.177767
-3.156144 -0.880983 -0.174730
-3.895727 -0.886181 -0.230241
-3.651702 -0.813138 -0.208362
-3.506366 -0.812352 -0.172064
-4.045685 -0.897666 -0.252515
-3.846977 -0.822155 -0.278368
-2.125292 1.367220 -0.166644
-2.682106 1.163557 -0.130929
-2.604303 1.146294 -0.133262
-2.317660 1.427452 -0.240994
-2.152635 1.417043 -0.301574
-4.332934 -0.060504 -0.266822
-4.263547 0.073546 -0.314174
-2.647395 1.474833 -0.270235
-2.503404 1.463246 -0.291145
-4.303408 0.127877 -0.334186
-3.006905 1.531459 -0.277799
-2.841783 1.516432 -0.322833
-3.050227 1.573336 -0.381779
-0.257887 0.583353 0.018854
-0.220247 0.720536 0.008412
-1.207987 0.128538 -0.008896
-0.372203 0.770005 0.000206
-0.226213 0.730957 0.012882
-0.974694 0.482804 0.041164
-0.736179 0.840557 -0.019669
-1.478768 0.592673 -0.004728
-1.390455 0.576346 0.004536
-1.593922 0.617151 -0.013353
-1.684178 1.005482 -0.027180
-2.662045 1.159337 -0.107347
-2.595837 1.138469 -0.104150
-2.800098 1.178559 -0.115263
-2.482836 -1.027352 -0.615221
-0.544779 0.616813 -0.542085
-0.166019 0.762523 -0.610145
-2.820538 -0.969775 -0.574951
-2.664895 -0.988873 -0.594785
-1.820753 -0.262334 -0.658581
-1.692133 -0.170706 -0.651875
-1.643109 0.015603 -0.654240
-3.013472 -0.917223 -0.546739
-2.400113 -0.343438 -0.688955
-2.322524 -0.255755 -0.685688
-1.796386 0.266461 -0.555949
-1.320400 0.586492 -0.646762
-3.305632 -0.853185 -0.543268
-3.167050 -0.872428 -0.533213
-2.091425 0.051195 -0.688568
-1.980750 0.228883 -0.707852
-1.854978 0.362202 -0.635450
-1.621518 0.647565 -0.581188
-3.459898 -0.816263 -0.555335
-1.705225 0.793004 -0.571790
-1.685609 0.901749 -0.590902
-4.155103 -0.819135 -0.602324
-3.868284 -0.745452 -0.556680
-4.102189 -0.599170 -0.642232
-4.096954 -0.117551 -0.647346
-4.297293 -0.104622 -0.621454
-4.241518 0.051330 -0.656713
-4.285807 0.127750 -0.675814
-4.079550 1.027283 -0.660920
-1.809562 -1.149885 -0.241325
-2.139159 -1.081662 -0.432279
-1.958814 -1.128262 -0.229071
-2.468537 -1.031235 -0.382348
-2.321789 -1.051227 -0.404748
-2.814816 -0.962028 -0.345352
-2.663737 -1.002774 -0.357454
-3.041747 -0.908627 -0.339601
-3.317691 -0.845588 -0.375010
-3.178979 -0.862967 -0.362710
-3.656920 -0.800432 -0.349627
-3.516553 -0.810299 -0.381331
-1.770383 0.755286 -0.480206
-4.107612 -0.852617 -0.366205
-3.867276 -0.791434 -0.408483
-3.885762 -0.412366 -0.519102
-4.315606 -0.245367 -0.419949
-2.627665 0.900205 -0.511039
-2.249198 1.433421 -0.393595
-2.119452 1.409820 -0.379756
-4.309880 -0.109290 -0.489034
-4.297990 0.032227 -0.503399
-2.642160 1.505247 -0.378667
-2.444470 1.481100 -0.386494
-2.785790 1.519045 -0.381142
-4.104502 0.909412 -0.442830
-3.946438 1.002891 -0.515434
-4.023602 1.080068 -0.504566
-3.899920 1.246362 -0.500318
-3.883353 1.474082 -0.569302
1.207946 -2.253056 0.043729
1.281160 -2.054640 0.031746
1.515175 -1.938901 0.018413
1.683082 -1.778973 0.003669
1.707791 -1.581405 -0.006608
1.724891 -1.422711 0.011731
2.571189 0.484518 -0.017987
2.616925 0.696362 -0.021670
-0.575303 -1.397245 0.017242
1.043892 0.765488 -0.042904
0.403284 0.886566 -0.054030
-2.160340 -1.076299 -0.198689
-0.258827 0.390896 0.006422
-0.217240 0.673300 -0.004792
-2.465969 -1.034612 -0.175145
-2.309767 -1.050823 -0.186222
-1.205197 0.147662 -0.075124
-0.286984 0.735762 -0.010002
-2.827529 -0.951856 -0.161318
-2.694721 -0.989069 -0.159166
-1.236308 0.227150 -0.135733
-1.267034 0.379039 -0.108836
-3.176733 -0.885564 -0.166734
-3.028383 -0.905797 -0.159556
-1.388059 0.587211 -0.068563
-3.358913 -0.834993 -0.160882
-3.182672 -0.871507 -0.163149
-3.764112 -0.992706 -0.194704
-3.684724 -0.810772 -0.203862
-3.515230 -0.798216 -0.158521
-4.055784 -0.872175 -0.245424
-3.879885 -0.811555 -0.248620
-2.417814 0.809975 -0.204256
-2.126667 1.344860 -0.148352
-2.668012 1.153879 -0.114712
-2.289364 1.415140 -0.229479
-2.143104 1.406767 -0.288929
-4.345629 -0.054934 -0.267973
-2.771274 1.164749 -0.116141
-2.633558 1.462098 -0.250294
-2.486361 1.445029 -0.250697
-4.328495 0.139220 -0.265466
-2.997172 1.533176 -0.240393
-2.843009 1.519890 -0.296034
-3.061284 1.582697 -0.348902
-0.243565 0.537117 0.033453
-0.199043 0.678312 0.022096
-0.295866 0.736899 0.012206
-0.745248 0.821451 0.022267
-0.664028 0.811509 -0.024621
-1.545089 0.598709 -0.007522
-1.703327 0.991338 -0.021497
-2.672702 1.163490 -0.095310
-2.552508 1.140457 -0.094930
-2.796907 1.183335 -0.100610
1.219870 -2.271607 -0.354775
1.249172 -2.140134 -0.384028
1.751848 -1.722356 -0.432910
1.703027 -1.433600 -0.451389
1.751294 -1.139173 -0.473391
1.376183 0.975443 -0.545357
-2.076719 -1.104280 -0.486925
-1.958772 -1.111821 -0.505549
-0.126294 0.694110 -0.597320
-2.498692 -1.003034 -0.574916
-2.812698 -0.970905 -0.571111
-2.681580 -0.989707 -0.598393
-2.015928 -0.437503 -0.656105
-1.859146 -0.261788 -0.658083
-1.700775 -0.041915 -0.658081
-3.008615 -0.909136 -0.571642
-2.323405 -0.205856 -0.690682
-1.753089 0.001678 -0.658241
-1.728180 0.246546 -0.619056
-3.314349 -0.846668 -0.577610
-3.148201 -0.873953 -0.565891
-2.293488 -0.139177 -0.687317
-2.142836 0.049257 -0.697233
-2.030471 0.265923 -0.706460
-1.491755 0.580472 -0.661577
-1.495512 0.644130 -0.665698
-1.775780 0.696234 -0.583717
-4.187932 -0.809375 -0.628926
-3.833454 -0.746351 -0.549168
-4.192436 -0.778474 -0.560627
-4.131092 -0.321214 -0.684651
-4.139912 -0.142267 -0.679961
-4.294924 -0.064380 -0.645944
-4.269932 0.130034 -0.652190
-4.294487 0.144398 -0.686716
-4.016449 1.027059 -0.657564
-2.166318 -1.083604 -0.459040
-2.470764 -1.027103 -0.388930
-2.300141 -1.062148 -0.417126
-2.803253 -0.969142 -0.371997
-2.688292 -0.989776 -0.360625
-3.036809 -0.903670 -0.357297
-3.330976 -0.840101 -0.392566
-3.171564 -0.872243 -0.364319
-3.643104 -0.796159 -0.321842
-3.515257 -0.807088 -0.380550
-4.075172 -0.852649 -0.356861
-3.862942 -0.781746 -0.416243
-4.318458 -0.252432 -0.537602
-2.270202 1.446604 -0.410877
-2.141860 1.400794 -0.397547
-4.302918 -0.108228 -0.481918
-4.271385 0.101269 -0.548815
-2.627951 1.506878 -0.407029
-2.454393 1.484470 -0.411705
-2.989515 1.568238 -0.415979
-2.829042 1.540440 -0.411380
-4.122462 0.920714 -0.463039
-3.946797 1.005264 -0.512597
-3.079651 1.596058 -0.415227
-3.919017 1.137052 -0.464831
-3.899714 1.255625 -0.491111
-3.859863 1.460127 -0.588893
-3.833651 3.200345 -0.633980
1.204661 -2.253247 0.128687
1.256177 -2.105706 0.131377
1.404526 -1.951733 0.110952
1.667852 -1.765460 0.104189
1.690322 -1.604570 0.090632
1.713229 -1.403005 0.082042
1.736798 -1.217458 0.080031
2.602912 0.636603 0.014522
-0.329404 -1.443388 0.059265
-0.527565 -1.410190 0.055724
1.059745 0.768531 -0.029679
0.263815 0.699366 -0.030464
0.725054 0.832055 -0.039521
-2.174874 -1.069573 -0.188982
-1.961467 -1.117127 -0.179453
-0.257118 0.510163 -0.014466
0.016367 0.753420 -0.038834
0.396535 0.883732 -0.049508
-2.492489 -1.026438 -0.181161
-2.326317 -1.050560 -0.195398
-2.816287 -0.950000 -0.167648
-2.697532 -0.969172 -0.152094
-1.307376 0.327346 -0.150128
-3.182635 -0.874955 -0.183487
-3.033117 -0.900161 -0.172474
-1.388074 0.523619 -0.191098
-3.360540 -0.831125 -0.172071
-3.192079 -0.846475 -0.201572
-3.901668 -0.850547 -0.204892
-3.674498 -0.790169 -0.176459
-3.541809 -0.791231 -0.176764
-4.022086 -0.865461 -0.222881
-3.869904 -0.793506 -0.260784
-1.523574 1.255253 -0.159819
-2.396771 1.103348 -0.107307
-2.655134 1.155775 -0.114677
-2.506535 1.140801 -0.112183
-2.276309 1.425929 -0.240470
-2.135075 1.417101 -0.252144
-4.333261 -0.062541 -0.299843
-4.289778 0.096569 -0.311125
-2.616120 1.464457 -0.255062
-2.477249 1.436876 -0.251835
-4.344746 0.159596 -0.304587
-2.995179 1.545586 -0.252683
-2.821376 1.519474 -0.256355
-3.110620 1.580329 -0.255181
-3.005715 2.524589 -0.394292
-0.140881 0.677227 0.058200
-0.381954 0.755258 0.020065
-0.219454 0.722701 0.018042
-0.978239 0.483148 0.022935
-0.529986 0.777871 0.021214
-1.451438 0.588944 0.027127
-1.744282 1.005033 -0.027600
-2.707210 1.143855 -0.094324
-3.018469 1.221110 -0.111824
-2.847853 1.194411 -0.106546
1.242590 -2.277200 -0.318430
1.581069 -1.927751 -0.331104
1.679591 -1.839042 -0.341320
1.276543 -2.093170 -0.323287
1.410624 -1.962855 -0.335001
1.712017 -1.682136 -0.347354
1.730878 -1.504677 -0.363477
1.754817 -1.348344 -0.369157
1.802526 -1.175601 -0.382010
1.766622 -0.947799 -0.392451
-0.600227 -1.109296 -0.583404
1.414658 0.997515 -0.522679
-1.786066 -1.155349 -0.566884
-2.023022 -1.105183 -0.507184
-1.936338 -1.120063 -0.536206
-2.245366 -1.044648 -0.546288
-0.266251 0.739219 -0.601879
-2.620213 -0.983879 -0.616949
-1.974792 -0.442584 -0.667693
-1.833693 -0.291312 -0.663095
-1.642896 -0.082890 -0.658431
-2.899524 -0.928743 -0.612541
-1.745854 0.027923 -0.635841
-1.627603 0.129421 -0.651333
-1.469352 0.335169 -0.706517
-0.889028 0.632867 -0.595290
-3.229161 -0.856100 -0.629305
-3.070204 -0.891995 -0.620822
-2.058291 0.075051 -0.702461
-1.968559 0.262077 -0.705961
-1.740157 0.344996 -0.586232
-1.507388 0.602330 -0.657466
-3.424247 -0.815286 -0.652577
-3.955932 -0.863870 -0.596578
-4.168987 -0.809458 -0.613520
-4.146650 -0.244232 -0.654146
-4.286438 -0.069848 -0.702120
-4.285113 0.039503 -0.679893
-4.306542 0.154546 -0.746863
-3.920354 1.068184 -0.705791
-3.878072 1.237293 -0.776353
1.241345 -2.303690 -0.274227
1.241095 -2.174553 -0.265050
1.682833 -1.845229 -0.247808
1.330342 -2.018675 -0.269830
1.526076 -1.910744 -0.245928
1.696476 -1.712712 -0.244196
1.722655 -1.519143 -0.241328
1.745979 -1.325295 -0.237582
1.367769 1.027256 -0.434930
-2.056189 -1.092925 -0.336514
-2.408003 -1.039985 -0.401951
-2.267667 -1.059627 -0.380851
-0.401727 0.483070 -0.341482
-2.742501 -0.970917 -0.396867
-2.603886 -1.003838 -0.412624
-2.944361 -0.916889 -0.385644
-3.239105 -0.849311 -0.419580
-3.099680 -0.878332 -0.410991
-3.858987 -0.933547 -0.339543
-3.624255 -0.784774 -0.327041
-3.450416 -0.802847 -0.413269
-1.847443 0.537864 -0.364644
-3.969838 -0.810628 -0.395565
-3.842985 -0.766931 -0.463202
-2.183287 1.430114 -0.424072
-4.300676 -0.120660 -0.500515
-2.554910 1.486284 -0.408008
-2.389764 1.475509 -0.419440
-4.278290 0.053457 -0.477015
-2.719186 1.520609 -0.425763
-3.932008 0.938839 -0.428704
-2.994375 1.577992 -0.429427
-2.900982 1.564418 -0.430432
-4.123743 1.050284 -0.579076
-3.935535 1.078882 -0.531870
-3.896119 1.245676 -0.480663
-3.872801 1.416037 -0.515046
1.205793 -2.217533 0.164028
1.215437 -2.149828 0.155378
1.272293 -2.050463 0.160644
1.415641 -1.921854 0.160881
1.680975 -1.684278 0.156909
1.725568 -1.450042 0.134191
2.595521 0.557058 0.068665
2.613529 0.694824 0.019166
-0.353974 -1.450697 0.088856
0.768229 0.308940 0.002308
1.240753 0.713441 -0.014722
0.966931 0.787080 -0.026375
0.604469 0.837119 -0.038341
-2.133320 -1.079128 -0.232327
-0.302392 0.383271 -0.027592
-2.398781 -1.028511 -0.184820
-2.258038 -1.054644 -0.189573
-0.256259 0.620291 0.003718
-2.756356 -0.961178 -0.206608
-2.623607 -0.990177 -0.187610
-1.259511 0.140876 -0.151139
-2.937657 -0.918402 -0.206701
-3.289707 -0.844851 -0.193494
-3.113894 -0.878889 -0.233191
-1.359608 0.577063 -0.132548
-3.625293 -0.792487 -0.208115
-3.457515 -0.811290 -0.207658
-4.340241 -1.254711 -0.091395
-3.958061 -0.882558 -0.254859
-3.826562 -0.751630 -0.242510
-2.560385 1.136336 -0.107854
-2.463856 1.130911 -0.105528
-2.194700 1.440999 -0.246292
-2.129941 1.433103 -0.270484
-4.348050 -0.235913 -0.350845
-4.330516 -0.112501 -0.329949
-2.659711 1.148520 -0.116439
-2.540765 1.447187 -0.237043
-2.397521 1.438036 -0.245760
-4.340368 0.076929 -0.303977
-4.332980 0.167755 -0.323050
-2.969483 1.248479 -0.143382
-2.746665 1.510761 -0.261558
-2.985449 1.574558 -0.266084
-2.912916 1.570707 -0.260806
-3.197221 1.646738 -0.274184
-3.531864 3.168540 -0.482392
-0.288834 0.474909 0.048256
-0.692463 0.428857 0.058916
-0.239930 0.638481 0.035718
-0.188299 0.696343 0.053010
-0.638737 0.811597 0.005347
-0.522261 0.783431 0.032573
-1.656006 0.992408 -0.016758
-2.578681 1.147184 -0.092007
-2.466895 1.132320 -0.088481
-2.772621 1.177915 -0.096328
-2.949944 1.206263 -0.096510
3.931897 0.800493 -0.798885
1.265721 -2.124949 -0.374562
1.694532 -1.744760 -0.430011
1.730516 -1.635730 -0.437428
1.740047 -1.398853 -0.447909
1.789462 -1.204810 -0.461935
1.744211 -1.055738 -0.479355
1.755430 -0.902181 -0.482399
-1.037845 -1.277730 -0.542170
-1.469303 -1.206477 -0.482781
-0.300808 -0.148847 -0.585355
-1.940485 -1.114750 -0.619394
-2.239062 -1.073743 -0.556588
-2.081493 -1.099734 -0.588655
-1.621282 -0.718681 -0.647007
-1.440712 -0.499102 -0.642182
-1.356606 -0.311709 -0.642984
0.131611 1.105281 -0.563368
0.350209 1.087724 -0.590145
-2.580000 -1.001598 -0.512772
-2.464077 -1.025261 -0.524461
-1.261884 -0.063709 -0.629406
-0.140060 1.005703 -0.599099
-1.869158 -0.049503 -0.701745
-1.546600 0.131069 -0.525333
-0.869406 0.630567 -0.588283
-3.130193 -0.875758 -0.594048
-1.851088 0.100082 -0.713645
-1.239013 0.604162 -0.610940
-3.400066 -0.837740 -0.705673
-3.322035 -0.833529 -0.683477
-4.118861 -0.233187 -0.735900
-4.102439 0.007516 -0.744819
-4.304121 0.033006 -0.766570
-3.883129 1.400302 -0.712203
-1.617123 -1.176973 -0.363827
-1.920022 -1.123715 -0.381892
-1.746925 -1.153240 -0.420625
-2.275259 -1.064159 -0.333290
-2.105641 -1.102137 -0.357706
-2.608217 -0.995125 -0.376236
-2.485486 -1.017559 -0.337100
-2.760604 -0.959597 -0.382981
-3.109125 -0.890227 -0.399485
-2.962341 -0.902013 -0.439946
-3.487355 -0.823037 -0.451108
-3.341797 -0.827663 -0.418273
-3.608803 -0.807011 -0.447592
-4.170972 -0.697671 -0.527713
-4.133420 -0.398456 -0.570319
-4.323987 -0.327820 -0.421229
-4.159031 -0.328286 -0.586787
-2.460827 1.449303 -0.411198
-2.375911 1.454464 -0.417659
-4.310349 0.012578 -0.511992
-4.036464 0.319266 -0.488846
-3.752218 0.459692 -0.586308
-3.316786 1.020191 -0.411681
-2.814767 1.514312 -0.419843
-2.660049 1.490362 -0.418821
-2.974603 1.553116 -0.428933
-3.949797 1.053370 -0.606656
-3.903782 1.360279 -0.528798
-3.702874 3.174523 -0.658353
1.225689 -2.264689 0.102301
1.639521 -1.866183 0.089996
1.253020 -2.083952 0.105443
1.403374 -1.915372 0.089443
1.673036 -1.723856 0.080366
1.699887 -1.522603 0.064716
1.718375 -1.381246 0.056708
1.748255 -1.271379 0.051029
-0.265001 -1.432836 0.057546
-0.584963 -1.362788 0.031130
-1.706419 -1.176498 -0.180216
-1.922757 -1.118963 -0.175689
-1.750641 -1.153693 -0.188234
-2.264043 -1.067541 -0.149888
-2.091697 -1.098037 -0.154799
-1.183064 -0.038361 -0.069782
-0.293899 0.533416 -0.012503
-0.056418 0.986633 -0.061277
-2.616495 -0.996173 -0.151021
-2.477138 -1.018646 -0.150455
-1.198581 0.041155 -0.074046
-1.155845 0.214580 -0.088547
-0.925648 0.388682 -0.050287
-2.974679 -0.942320 -0.166544
-2.799020 -0.952350 -0.163800
-1.272735 0.384212 -0.258256
-0.995244 0.520328 -0.057719
-0.766983 0.842244 -0.025037
-3.107119 -0.900076 -0.178519
-3.004750 -0.881142 -0.176008
-1.337009 0.557403 -0.250074
-3.476720 -0.818051 -0.228651
-3.346812 -0.824046 -0.219333
-1.905022 0.665925 -0.063696
-1.599029 1.254075 -0.158926
-2.221579 1.069567 -0.101992
-1.846059 1.323909 -0.176280
-1.449347 1.534069 -0.307734
-4.197671 -0.484215 -0.278149
-2.474199 1.102102 -0.119251
-2.339699 1.089772 -0.105915
-1.987023 1.345852 -0.202038
-1.959499 1.337281 -0.163406
-4.390453 -0.462969 -0.272311
-4.367288 -0.307828 -0.253281
-4.135500 -0.227373 -0.190805
-2.454005 1.413199 -0.234086
-2.352307 1.398288 -0.208894
-4.359687 -0.124980 -0.294801
-4.340149 -0.001170 -0.313439
-4.060781 0.291931 -0.316301
-4.069421 0.321333 -0.321035
-2.802641 1.482546 -0.237158
-2.673528 1.461725 -0.240736
-3.920642 0.791613 -0.355592
-2.957392 1.536067 -0.270896
-0.493689 0.504879 0.086908
-0.771443 0.524296 0.064411
-1.197869 0.360459 0.040563
-2.519198 1.114791 -0.095670
-2.434251 1.129961 -0.102800
-2.640170 1.156108 -0.103778
-5.571036 2.924130 -5.366085
1.763274 -1.280506 -0.352580
1.820684 -1.082490 -0.362814
1.790280 -0.765894 -0.372117
1.806425 -0.616618 -0.379814
1.852664 -0.360926 -0.433064
-1.378093 -1.218176 -0.511517
0.073339 0.117499 -0.566639
-1.550469 -1.171245 -0.522695
-0.326138 -0.134734 -0.589495
-0.125822 0.109468 -0.575473
-2.024271 -1.092527 -0.567528
-1.840212 -1.137203 -0.597612
-1.142833 -0.345860 -0.631196
-2.364515 -1.031192 -0.511608
-2.231243 -1.053465 -0.526751
-1.130694 -0.192056 -0.620868
-1.036589 -0.057687 -0.641256
-0.992229 0.106256 -0.646968
-1.461560 -0.190422 -0.663020
-1.443319 -0.113243 -0.668042
-3.200877 -0.842265 -0.670236
-3.125601 -0.857156 -0.639414
-3.617764 -0.817385 -0.725722
-3.541578 -0.646806 -0.694736
-4.113976 -0.002192 -0.743705
-3.912526 1.075683 -0.728786
-3.865013 1.231065 -0.768653
1.226171 -2.256293 -0.230840
1.663031 -1.834189 -0.254378
1.751962 -0.912275 -0.363335
-0.785156 -1.319145 -0.264086
-1.077588 -1.261915 -0.234329
-1.409409 -1.212839 -0.321533
-1.673584 -1.171666 -0.389747
-1.537005 -1.201921 -0.437385
-2.041839 -1.091714 -0.362451
-1.889797 -1.124647 -0.369207
-2.420247 -1.018797 -0.349418
-2.217975 -1.054020 -0.338834
-1.011865 0.088721 -0.383854
-1.040944 0.178522 -0.347263
-2.729906 -0.979999 -0.354347
-2.602798 -0.987731 -0.380797
-1.325208 0.150646 -0.320758
-2.871052 -0.912216 -0.353648
-2.847434 -0.816250 -0.320244
-1.292869 0.516136 -0.294797
-1.056957 0.786348 -0.515259
-3.226814 -0.848292 -0.416998
-3.074519 -0.850863 -0.369079
-3.625334 -0.799011 -0.517433
-1.746555 0.671452 -0.378509
-4.118906 -0.818005 -0.380879
-3.851890 -0.781197 -0.395273
-3.484215 -0.536679 -0.436803
-3.397686 -0.429861 -0.482453
-4.232612 -0.681782 -0.416236
-1.866621 1.356555 -0.393797
-4.528995 -0.675306 -0.505052
-4.316700 -0.350164 -0.424392
-2.049869 1.397534 -0.421717
-4.332327 -0.280064 -0.435226
-4.335744 -0.185928 -0.423789
-2.553960 1.509698 -0.452415
-2.468673 1.494055 -0.449542
-4.341038 0.059462 -0.458586
-4.356380 0.164464 -0.456140
-4.031742 0.326982 -0.399558
-2.746870 1.532137 -0.460616
-3.078948 1.587306 -0.450566
-3.922081 1.067357 -0.479699
-3.698660 3.214492 -0.620764
1.204202 -2.220915 0.129420
1.639408 -1.861284 0.122392
1.672839 -1.791783 0.116306
1.280404 -2.031128 0.128908
1.426576 -1.913710 0.121351
1.664017 -1.669319 0.115901
1.716829 -1.498954 0.103806
1.801547 -0.730932 0.063181
-1.395774 -1.209994 -0.161120
-1.731057 -1.150055 -0.137211
-1.544443 -1.180440 -0.190386
0.756109 0.841998 -0.028447
-2.056237 -1.079769 -0.142575
-1.902318 -1.112539 -0.144495
0.275947 0.804973 0.008401
0.289071 0.919124 0.004624
-3.516392 -2.192009 -0.029379
-2.411572 -1.038188 -0.141595
-2.229001 -1.030033 -0.123347
-1.249577 -0.011289 -0.008738
-1.210193 0.007699 -0.093074
0.019787 0.960803 -0.004617
-2.746247 -0.966237 -0.163171
-2.642560 -0.969000 -0.134057
-1.230109 0.119516 -0.133492
-0.166799 0.985581 -0.011771
-2.887685 -0.920931 -0.185367
-2.797811 -0.865407 -0.148119
-1.654041 0.322419 -0.268192
-1.287082 0.589264 -0.167853
-3.130874 -0.894469 -0.247618
-1.671261 0.386273 -0.281559
-1.832442 0.627757 -0.205569
-1.726882 0.675369 -0.164892
-1.126113 1.180772 -0.122212
-4.148655 -0.818179 -0.254917
-1.892623 1.027746 -0.069277
-4.323702 -0.707757 -0.271413
-4.201693 -0.530106 -0.171133
-2.376500 0.845741 -0.157102
-2.225940 1.094133 -0.081563
-2.079474 1.073946 -0.077001
-1.886616 1.388253 -0.229399
-1.445103 1.572673 -0.313328
-4.304128 -0.442889 -0.223524
-2.125844 1.368545 -0.245859
-2.017275 1.408519 -0.236897
-4.342999 -0.302801 -0.184836
-4.330663 -0.025903 -0.252889
-4.137560 0.117532 -0.238644
-2.524624 1.435168 -0.240073
-4.357759 0.079763 -0.262545
-2.832105 1.548769 -0.256416
-2.995774 1.580413 -0.314954
-0.344272 0.387640 0.107762
-1.229397 0.010492 0.022097
-0.638333 0.418282 0.083117
-0.531049 0.397195 0.092702
-0.332353 0.742976 0.043210
-1.347484 0.078025 0.005484
-1.330728 0.128866 0.002005
-1.082430 0.413813 0.048255
-0.812173 0.839657 0.035429
-1.890521 0.665480 -0.036986
-2.223500 1.072864 -0.060805
-2.114463 1.049122 -0.055182
-4.046270 1.333414 -3.157809
1.730126 -1.180611 -0.363875
0.772570 -1.211505 -0.523289
1.347366 -0.702077 -0.516509
1.920027 -0.236772 -0.494087
0.781760 -1.108227 -0.522468
1.298094 -0.420769 -0.512032
0.995150 -0.336698 -0.470477
0.807936 -0.265417 -0.444554
0.779129 -0.197707 -0.442136
0.712162 -0.134558 -0.434827
-0.982274 -1.283558 -0.488017
0.175782 -0.057108 -0.575494
-1.452157 -1.199523 -0.525521
-0.748251 -0.534410 -0.619248
-1.584645 -1.169040 -0.488822
-0.732596 -0.440166 -0.638718
-0.666147 -0.288741 -0.628105
-0.726732 -0.087682 -0.602266
-0.685752 -0.010149 -0.624939
-0.879661 0.507212 -0.545749
-3.035520 -0.884058 -0.599448
-3.194162 -0.850572 -0.613757
-1.661576 0.698273 -0.562661
-3.580138 -0.683205 -0.632588
-3.961277 -0.810332 -0.590986
-4.065801 0.040497 -0.728656
-3.657273 0.429787 -0.634174
-3.897859 1.143491 -0.785042
-3.110034 1.963273 -0.765676
1.803895 -1.110151 -0.270154
1.768241 -0.828035 -0.265629
1.795786 -0.609933 -0.232835
1.835861 -0.470953 -0.273021
1.874035 -0.331986 -0.316029
0.787387 -0.326170 -0.184720
-0.803229 -1.319336 -0.246116
0.568539 -0.261899 -0.174564
-1.120944 -1.264926 -0.241112
-1.476598 -1.189127 -0.325311
-1.747822 -1.137782 -0.340593
-1.671668 -1.145118 -0.337334
-2.156186 -1.052988 -0.279761
-2.024178 -1.079553 -0.318488
-2.277776 -1.032452 -0.325471
-0.840203 0.516272 -0.427350
-3.058357 -0.875295 -0.420933
-1.268551 0.485898 -0.309562
-1.133688 0.836907 -0.424963
-3.361918 -0.822454 -0.430149
-3.223058 -0.851088 -0.443277
-1.659863 0.687822 -0.355294
-1.556206 0.671454 -0.354592
-3.806901 -0.786591 -0.396422
-3.490297 -0.515954 -0.384674
-1.711683 0.710047 -0.366027
-3.843165 -0.790541 -0.321773
-1.662853 1.360285 -0.551401
-4.157656 -0.430172 -0.391242
-1.924696 1.406884 -0.331214
-1.852949 1.387437 -0.326038
-4.288640 0.100382 -0.457071
-4.043744 0.336617 -0.454890
-3.613019 0.566026 -0.523473
-2.794619 1.555195 -0.396161
-2.975771 1.579987 -0.445258
-3.864908 1.329768 -0.456975
-3.882421 1.476209 -0.477500
1.213595 -2.109724 0.156527
1.406404 -1.921625 0.158295
1.659307 -1.769815 0.150221
1.687454 -1.665604 0.161115
1.230840 -2.014125 0.154447
1.317519 -1.909737 0.154280
1.694555 -1.611387 0.134832
1.809043 -1.050514 0.086658
1.796726 -0.801322 0.100170
0.635988 -0.296341 0.044453
-0.862736 -1.304998 -0.078122
0.498658 -0.202939 -0.173174
-1.120708 -1.266382 -0.101404
-1.456408 -1.189682 -0.121169
-1.294592 -1.233005 -0.197998
-1.868014 -1.132418 -0.149727
-1.636057 -1.146394 -0.110836
-2.169023 -1.061940 -0.125528
-2.046760 -1.076504 -0.142978
-2.289275 -1.031933 -0.143224
-1.206254 0.005942 -0.157710
-0.966903 0.031604 -0.204754
-2.586947 -0.962064 -0.151104
-1.231142 0.166537 -0.167014
-1.224565 0.295445 -0.170152
-1.336048 0.606626 -0.181370
-3.449290 -0.814442 -0.228417
-3.257224 -0.839601 -0.250972
-1.647121 0.679865 -0.196320
-1.521322 0.655295 -0.196842
-0.994490 1.171082 -0.107472
-3.864161 -0.833834 -0.269761
-1.719792 0.704469 -0.206624
-1.629077 0.984150 -0.056900
-1.545729 0.994452 -0.054055
-1.219030 1.198368 -0.104258
-1.810607 1.039598 -0.066640
-2.371575 0.862023 -0.198883
-1.957935 1.374435 -0.314404
-1.838673 1.352117 -0.217516
-4.330953 -0.353300 -0.299934
-3.849464 -0.041036 -0.305633
-2.323633 1.441892 -0.330086
-2.121509 1.425534 -0.304682
-4.323958 -0.061532 -0.255866
-4.315431 0.052634 -0.326019
-2.821650 1.547725 -0.248177
0.706227 -0.208287 0.150374
0.647532 -0.169543 0.120676
-1.147831 0.369599 0.001452
-1.797831 0.613468 -0.030725
-1.802932 0.640098 -0.032552
-1.333839 2.461472 -0.025093
1.275576 -2.151454 -0.359459
1.501776 -1.895417 -0.356369
1.462916 -1.589232 -0.499284
1.476805 -1.472737 -0.504081
1.216041 -0.831673 -0.512184
1.682266 -0.501920 -0.504601
1.685022 -0.347383 -0.507574
1.233861 -0.169522 -0.445270
1.138159 -0.047007 -0.435871
1.166409 0.095260 -0.446749
0.090069 -1.016349 -0.555016
-0.566273 -1.371186 -0.450393
0.485014 0.026333 -0.558848
0.420288 0.150421 -0.554087
0.697325 0.408361 -0.518648
-0.624388 -1.091423 -0.606689
-0.521174 -0.939617 -0.596280
-0.346288 -0.595804 -0.595760
-0.306167 -0.450664 -0.606482
-0.252476 -0.285822 -0.613481
-1.006498 -1.275606 -0.471195
-0.327250 -0.353426 -0.622901
-0.276175 -0.163029 -0.615670
-0.046517 0.095606 -0.584609
-0.863916 0.465181 -0.564694
-0.839975 0.647953 -0.601300
-2.481136 -0.992258 -0.611087
-1.133775 0.797055 -0.626756
-2.621669 -0.968613 -0.632656
-2.961365 -0.905482 -0.632156
-3.262984 -0.060427 -0.733566
-3.577146 1.121652 -0.760215
1.624162 -1.809821 -0.144221
1.732415 -1.328619 -0.148662
1.751156 -1.211927 -0.118308
1.854868 -0.439177 -0.202684
0.773215 -0.166411 -0.377031
1.123385 0.132250 -0.364213
1.220908 0.202173 -0.378384
-0.604861 -1.358426 -0.257361
-0.900960 -1.307593 -0.312228
-1.141739 -1.246987 -0.260443
-1.051401 -1.265291 -0.316531
-0.380011 -0.030904 -0.353367
-0.835887 0.525299 -0.485453
-2.265333 -1.036784 -0.352218
-1.179025 0.414203 -0.403776
-1.330639 0.630616 -0.395176
-1.152894 0.846302 -0.448481
-1.753767 0.631512 -0.385491
-1.658151 0.697082 -0.402209
-2.905866 -0.920966 -0.334441
-3.157343 -0.864377 -0.447011
-2.255489 0.755511 -0.449645
-3.449153 -0.513049 -0.347275
-2.321019 0.742008 -0.452101
-1.913029 1.364044 -0.350289
-3.772997 -0.804727 -0.356563
-4.232156 -0.620669 -0.508772
-3.768872 0.375112 -0.402259
-4.329993 0.306458 -0.509639
-4.006209 1.009573 -0.468006
-3.914615 1.143839 -0.458584
-3.880595 1.330337 -0.463072
1.670954 -1.840433 0.162848
1.216212 -2.254323 0.171885
1.238937 -2.087804 0.163880
1.361186 -1.925856 0.165390
1.680860 -1.710854 0.156397
1.704392 -1.502469 0.147169
1.921119 -0.457624 0.114096
2.624120 0.771348 0.073935
0.710191 -0.312185 0.076131
1.282168 0.446023 0.049734
1.021182 0.495784 0.068678
-0.678771 -1.334191 -0.121953
0.485705 -0.027796 -0.099958
-0.876906 -1.308619 -0.105085
-1.030446 -1.273747 -0.096368
-1.764397 -1.101858 -0.095248
-1.700504 -1.102089 -0.121278
-1.859708 -1.070474 -0.097742
-1.780264 -1.066713 -0.045621
-1.205500 0.178546 -0.211321
-2.545016 -0.966789 -0.063044
-1.400875 0.634620 -0.204962
-1.092397 1.122954 -0.072078
-1.001328 1.159688 -0.147235
-2.739197 -0.942121 -0.149118
-1.768509 0.624994 -0.212334
-1.558380 0.673839 -0.221290
-1.441983 0.959662 -0.045600
-1.220138 1.159617 -0.106121
-1.095443 1.234275 -0.152594
-2.860251 -0.910540 -0.217259
-1.791319 0.636442 -0.211973
-1.585197 1.244712 -0.120688
-1.674909 1.260695 -0.143025
-2.063542 1.392210 -0.200801
-2.934976 1.566965 -0.260109
1.679225 -1.688157 0.185460
1.703084 -1.503279 0.189549
1.762020 -1.286306 0.190871
1.771819 -1.211275 0.187430
1.824055 -1.135659 0.185409
0.719485 -0.213619 0.165161
0.870383 0.086625 0.171177
0.721489 0.147217 0.135161
0.750528 0.207089 0.160321
-1.375619 0.911810 -0.018094
-1.663500 0.977975 -0.032184
4.223066 1.179048 -3.807283
1.497305 -2.630315 -0.396006
1.648069 -1.880388 -0.305044
1.726694 -1.675986 -0.305900
1.263087 -2.292553 -0.337204
1.296874 -2.089354 -0.308707
1.438785 -1.950452 -0.315699
1.828924 -0.644111 -0.463994
0.653209 -1.530505 -0.513296
1.555985 1.519783 -0.489845
0.453347 -1.780912 -0.520397
0.556394 -1.618772 -0.508617
1.323156 1.117518 -0.420566
1.452965 1.590612 -0.487804
0.556275 0.774728 -0.516816
0.812355 1.114903 -0.503569
0.030668 -0.096480 -0.555518
0.281700 0.418158 -0.511536
-0.561046 -1.390062 -0.438538
-0.427030 -1.416001 -0.485313
-0.011886 -0.024437 -0.559192
-0.023963 0.143564 -0.567934
-0.118133 0.319105 -0.572640
-0.189144 0.329201 -0.553870
-1.146276 0.302498 -0.552000
-2.072986 -1.091385 -0.554627
-2.197777 -1.075177 -0.584534
-2.968127 -0.853902 -0.677819
-3.455768 0.201141 -0.703111
-3.410519 0.336710 -0.698525
-3.313592 0.613930 -0.696274
1.739417 -1.426044 -0.203813
1.813591 -1.158255 -0.264805
1.768477 -0.930157 -0.249466
0.833325 0.809728 -0.195851
-0.385181 -1.433555 -0.296365
-0.269522 -1.455352 -0.263993
-0.536053 -1.392696 -0.258147
-0.489346 -1.393876 -0.262122
-0.788249 -1.338883 -0.275207
-0.213947 0.330913 -0.304917
-1.155924 0.387801 -0.361075
-1.317458 0.593479 -0.325159
-2.126873 -1.075295 -0.354562
-1.428296 0.624669 -0.318599
-2.295372 -1.054926 -0.366094
-2.432624 -1.036880 -0.368757
-2.701262 -0.987825 -0.326733
-3.745822 0.418930 -0.415107
-4.212913 -0.668198 -0.513208
-4.054248 -0.068538 -0.468104
-4.056100 0.322864 -0.469237
-4.287472 0.129749 -0.511433
-3.985415 1.063679 -0.477868
-3.826491 1.485307 -0.472973
-4.350254 0.300325 -0.509233
2.694851 1.009930 0.121114
2.719856 1.109534 0.130660
1.503466 -2.680695 0.027127
1.551208 -1.919090 0.074656
1.716339 -1.349166 -0.001924
0.560846 -0.232229 -0.050667
0.478608 -0.093351 -0.067063
-0.352084 -1.442765 -0.094053
-0.343547 -1.433267 -0.062514
-0.516541 -1.398164 -0.057309
-0.495705 -1.387469 -0.074559
-0.288394 0.306694 -0.084021
-1.108877 -1.250556 -0.061408
-1.221803 -1.215356 -0.017643
-1.538299 -1.167304 -0.104738
-1.345244 0.585450 -0.165150
-2.134590 -1.080168 -0.020322
-1.393355 0.589777 -0.147819
-2.297943 -1.054936 -0.165567
-1.647793 1.262072 -0.113283
-2.444104 -1.038103 -0.146028
-1.788350 1.282233 -0.115891
-2.251990 1.388412 -0.208405
-3.872482 -0.296385 -0.235455
-4.128421 -0.517644 -0.321797
-1.461239 0.909963 0.047254
-1.685063 0.558646 0.069835
-2.461850 2.703916 -0.021899
-5.847497 -2.147440 -4.551690
1.432162 -3.365094 -0.489718
1.460616 -3.237972 -0.483521
1.340062 -3.339713 -0.491796
1.443919 -3.079512 -0.444533
1.496002 -2.855945 -0.412615
1.515301 -2.630039 -0.389203
1.439131 -2.503119 -0.345953
1.688784 -1.767781 -0.347015
1.728627 -1.585755 -0.347952
1.753984 -1.309436 -0.347553
1.800286 -1.135098 -0.351922
1.764068 -0.861075 -0.337909
2.037654 -0.091330 -0.473113
0.685992 -1.922727 -0.519160
0.799760 -1.828448 -0.516463
0.389560 -0.865096 -0.544568
0.513819 -0.361568 -0.553473
0.769949 0.082827 -0.434081
-0.194432 -1.444967 -0.435558
0.508943 -0.200079 -0.560843
0.511796 -0.021917 -0.567427
0.848737 0.848184 -0.527735
-0.261370 -1.425924 -0.413570
0.410697 0.170015 -0.567776
0.380647 0.356367 -0.477266
-0.810856 -1.321030 -0.426150
-1.460828 -1.207537 -0.536878
-1.575318 -1.198105 -0.575230
-1.861678 -1.148092 -0.490952
-2.056130 -1.130023 -0.497873
-2.434399 -1.050929 -0.507872
-2.414023 -0.627786 -0.661912
-3.150526 -0.320193 -0.693562
-3.139280 0.284347 -0.705136
-3.057906 0.516098 -0.697048
-3.025227 0.750084 -0.709399
-2.894100 0.851837 -0.685059
1.386199 -3.353431 -0.050652
1.757734 -1.912563 -0.296159
1.278563 -2.291371 -0.304844
1.667700 -1.809170 -0.271919
1.726732 -1.353661 -0.274022
1.779995 -1.132605 -0.293078
1.278520 -2.139880 -0.284203
1.341072 -2.000315 -0.240319
1.731490 -0.958979 -0.306891
1.743164 -0.824528 -0.279482
1.185006 -0.167763 -0.302566
-0.179777 -1.448347 -0.256088
0.435940 0.191933 -0.187252
-0.449527 -1.396586 -0.234765
0.387315 0.201474 -0.222859
0.361658 0.352184 -0.343838
-0.544274 -1.389607 -0.275419
0.245268 0.929422 -0.270281
-0.240231 0.286050 -0.248626
-1.178363 -1.267494 -0.277464
-0.332160 0.388183 -0.258164
-0.259923 1.030908 -0.258720
-1.390047 -1.221879 -0.352237
-0.354256 1.024193 -0.237128
-1.734447 -1.157471 -0.402241
-0.576159 1.088260 -0.262019
-1.900711 -1.145948 -0.336159
-2.178494 -1.092200 -0.299844
-3.480982 -0.572186 -0.319658
-3.833681 -0.409370 -0.355314
-3.876413 -0.274724 -0.365737
-3.821773 -0.139570 -0.354355
-4.220235 0.093550 -0.404738
-4.068735 0.301810 -0.379636
-4.292591 0.025454 -0.417002
-4.340921 0.221402 -0.483885
-4.279503 0.452128 -0.408039
-3.949389 0.768018 -0.360340
1.445490 -2.982677 0.192359
1.479164 -2.837049 -0.008734
2.140786 -1.021846 0.170633
1.747285 -1.338196 -0.022466
1.804448 -1.137895 -0.024182
1.799020 -1.028082 -0.023587
1.723814 -0.900905 -0.077832
1.762058 -0.624992 0.010683
2.694055 1.214718 0.094387
0.614100 -0.215232 -0.008525
0.581475 -0.147795 0.009842
0.974340 0.802629 -0.124315
-0.247164 -1.463666 -0.101030
0.503877 0.017566 -0.005495
0.443766 0.192868 -0.055727
0.713583 0.800660 -0.068886
0.848130 0.826362 -0.119615
-0.329286 -1.414363 -0.066340
0.431786 0.226874 -0.106122
0.477336 0.826007 -0.073408
-0.593856 -1.357585 -0.072122
0.330438 0.927553 -0.084587
-0.862878 -1.298888 -0.031268
-0.241502 0.291818 -0.055933
0.054374 0.980502 -0.094912
-1.176471 -1.283970 -0.169134
-0.315746 0.725473 0.036312
-0.283364 1.026631 -0.109724
-0.208399 1.016232 -0.094981
-1.423674 -1.228147 -0.093234
-0.543072 0.761964 0.034157
-0.325785 1.008419 -0.051907
-1.918454 -1.139714 -0.112977
-2.102815 -1.110313 -0.127162
-4.183151 -0.648232 -0.114355
-4.398604 -0.811681 -0.126301
-4.333599 -0.518775 -0.112963
-4.334124 -0.387489 -0.125589
-4.145026 -0.265256 -0.088774
0.538778 0.171777 0.146938
-0.275670 0.301980 0.065149
-0.306026 0.680143 0.052671
1.410437 -6.104683 -0.356536
1.469504 -5.884091 -0.335916
1.491505 -5.644467 -0.369030
1.183846 -3.428569 -0.545533
1.365318 -3.382450 -0.533302
1.455705 -3.178340 -0.504300
0.836945 -3.572258 -0.557870
1.031753 -3.441417 -0.540515
1.499018 -2.920796 -0.441718
1.542032 -2.680637 -0.403973
0.665843 -3.566502 -0.554309
1.716002 -1.834612 -0.390474
1.317911 -2.067593 -0.384519
1.456633 -1.932304 -0.393953
1.708754 -1.729871 -0.409231
1.751725 -1.485360 -0.416909
1.248083 -1.048761 -0.545609
1.366000 -0.866919 -0.538322
1.626760 -0.334591 -0.535179
0.141972 -2.064358 -0.453018
0.709606 -1.166604 -0.566466
1.315335 -0.515962 -0.481358
1.423114 -0.311043 -0.529069
0.895552 -0.800994 -0.562085
0.969338 -0.601663 -0.579173
0.986700 -0.379490 -0.584483
1.277931 -0.134319 -0.450598
1.121198 -0.081498 -0.462564
1.210307 0.187560 -0.479895
0.803716 0.274821 -0.527159
-0.522536 -1.381596 -0.471498
0.770654 0.312846 -0.487182
0.745317 0.420869 -0.502403
0.402668 0.333711 -0.570718
-1.101307 -1.282493 -0.552554
-1.380451 -1.237075 -0.504045
-1.298901 -1.247316 -0.486552
-1.727107 -1.183939 -0.569228
-3.367252 0.059142 -0.721151
-3.285844 0.222826 -0.702630
-3.382191 0.177315 -0.725585
-3.362769 0.366484 -0.724255
-3.314039 0.550088 -0.718004
-3.316798 0.720716 -0.726056
-3.214735 0.884501 -0.710517
-3.878463 1.106485 -0.642446
-4.008951 0.963071 -0.645203
1.513307 -5.540934 -0.298225
1.548570 -5.409980 -0.295221
1.558011 -5.339570 -0.277508
1.620539 -5.009238 -0.261128
1.212736 -4.299278 -0.204003
1.213592 -3.895967 -0.170259
1.364548 -3.690341 -0.146068
1.267263 -3.676384 -0.158982
1.296132 -2.100958 -0.265647
1.425302 -1.937798 -0.277786
1.704337 -1.721956 -0.227938
1.739508 -1.515876 -0.234820
1.792619 -1.295306 -0.209905
1.796321 -1.205861 -0.236698
1.800318 -1.014102 -0.246337
1.789372 -0.774915 -0.220044
1.218360 -0.152535 -0.420204
1.128661 -0.044409 -0.423199
-0.213246 -1.435208 -0.246620
0.775998 0.300523 -0.374410
0.404433 0.237193 -0.320803
0.417355 0.273793 -0.402255
0.720399 0.848635 -0.242075
-1.196275 -1.259916 -0.385533
0.376117 0.921429 -0.237280
0.528671 0.892839 -0.244696
-1.437947 -1.231108 -0.257080
-1.294696 -1.244180 -0.406547
-0.178064 0.260400 -0.306817
0.200186 0.956103 -0.272710
-1.736421 -1.189981 -0.340604
-0.758189 -0.090096 -0.222776
-0.339656 1.045648 -0.298130
-0.202761 1.277125 -0.329383
-0.728780 1.103381 -0.319022
-0.593454 1.068515 -0.309354
-4.058892 0.258040 -0.402856
-4.342772 0.432878 -0.434645
-3.949577 0.787268 -0.379066
-4.222692 1.010173 -0.410401
1.312301 -2.031725 -0.085245
1.430959 -1.926047 -0.086778
1.708485 -1.686802 -0.087345
1.729694 -1.494931 -0.059016
1.778713 -1.352258 -0.033705
1.723562 -1.347646 -0.051124
1.787719 -1.218900 -0.058154
1.789508 -1.022488 -0.045622
1.738163 -0.936273 -0.026277
0.022638 -1.983363 -0.044840
0.671325 -0.329376 -0.033555
-0.372522 -1.380531 -0.022244
-0.333959 -1.332585 -0.079270
0.615041 -0.241054 -0.044748
0.574955 -0.122148 -0.034932
-0.496978 -1.365419 -0.013484
0.482255 0.065918 -0.097439
0.756181 0.808909 -0.076707
-1.176573 -1.271414 -0.113682
0.210971 0.631625 0.019128
0.373704 0.920311 -0.089104
0.511315 0.890072 -0.087024
-1.427333 -1.235033 -0.111047
-1.297218 -1.255153 -0.210259
-0.205086 0.291220 -0.155286
0.011704 0.745264 0.011863
0.184063 0.949781 -0.092862
-1.731983 -1.186819 -0.142245
-0.277967 0.930614 -0.066756
-0.022667 0.933190 -0.054019
-0.403172 1.015111 -0.094142
-0.678951 1.043689 -0.077600
-0.555432 1.016284 -0.087312
-4.182654 -0.262367 -0.090711
-4.397900 -0.093523 -0.095634
-4.385481 0.048057 -0.095583
1.767342 -1.185607 0.118676
2.472723 -0.062022 0.136762
0.681153 -0.313802 0.081362
0.653040 -0.256195 0.069783
0.646111 -0.164501 0.078622
0.145468 0.607273 0.051481
-0.209014 0.310228 0.045606
-0.256039 0.470677 0.029692
-0.038371 0.667548 0.047670
1.237171 -6.704726 -0.488726
1.001972 -6.648008 -0.517884
1.178657 -7.161046 -0.383307
1.252078 -6.766534 -0.354278
1.325871 -6.452188 -0.331346
1.379788 -6.129521 -0.365408
1.439284 -5.831233 -0.356883
1.489084 -5.587664 -0.332251
1.422681 -3.362714 -0.508671
1.159979 -3.404278 -0.514308
1.380373 -3.258611 -0.495857
1.462347 -3.003807 -0.443197
1.504721 -2.811856 -0.394527
0.864939 -3.439794 -0.525523
1.036954 -3.342656 -0.506875
1.515402 -2.733461 -0.379208
0.652470 -3.418766 -0.526615
-0.830966 -4.661139 -0.340958
0.129419 -3.396845 -0.557659
1.310622 -2.037626 -0.510978
-0.630529 -3.993356 -0.585034
0.876242 -2.290121 -0.527839
1.528573 -1.383946 -0.517541
1.625477 -1.204884 -0.519190
1.700156 -0.958132 -0.516940
1.821306 -0.878708 -0.517087
1.075307 -1.380588 -0.556988
1.164888 -1.192517 -0.541976
1.695851 -0.850562 -0.515252
1.745660 -0.728148 -0.514398
1.810171 -0.536131 -0.524496
1.858690 -0.253334 -0.514859
2.161126 -0.007742 -0.452447
1.281050 -0.907644 -0.547000
1.344018 -0.718719 -0.551928
1.338788 -0.518834 -0.558233
1.655468 -0.193854 -0.462917
1.823275 -0.154072 -0.517128
1.277649 -0.223590 -0.470374
1.618553 -0.119737 -0.462888
1.164700 -0.140398 -0.450542
1.184326 -0.081144 -0.471258
1.084335 -0.000632 -0.465000
0.762887 0.314211 -0.503428
-0.767522 -1.344192 -0.461433
0.400044 0.279232 -0.567096
0.745958 0.424149 -0.545878
0.743939 0.519793 -0.511273
-0.974586 -1.319494 -0.543240
-0.909243 -1.326222 -0.499497
-1.173400 -1.288520 -0.529027
-0.777435 0.399999 -0.482535
-0.766156 0.518993 -0.521377
-3.262907 -0.479319 -0.696764
-3.305435 -0.396359 -0.705124
-1.449625 2.206957 -0.660101
-3.583740 0.644828 -0.719591
1.195831 -4.304180 -0.237480
1.453816 -3.697823 -0.165213
1.168394 -3.973111 -0.203802
1.213072 -3.852774 -0.186348
1.397341 -3.275416 -0.117095
1.656883 -1.836774 -0.307058
1.700225 -1.722371 -0.280050
1.273226 -2.128542 -0.278517
1.380694 -1.992868 -0.277248
1.489251 -1.890054 -0.274496
1.726876 -1.576255 -0.312443
1.773977 -1.315746 -0.271018
1.809816 -1.151060 -0.315068
1.837031 -1.065671 -0.311657
1.755124 -0.789620 -0.270662
1.795197 -0.645352 -0.333055
0.031651 -1.977421 -0.147077
1.200875 -0.186463 -0.375377
1.228991 -0.065021 -0.259457
-0.552787 -1.372852 -0.352958
0.796543 0.294978 -0.376472
-0.733902 -1.341020 -0.397578
0.433756 0.174641 -0.316342
-1.104601 -1.294120 -0.194130
-0.935079 -1.302113 -0.324099
0.543940 0.884789 -0.291012
-1.225212 -1.276367 -0.311202
0.367128 0.921774 -0.299553
-1.509880 -1.226082 -0.319726
0.123292 0.952223 -0.315143
-0.709980 0.437044 -0.248886
-4.321432 0.470739 -0.391219
-4.295152 0.628364 -0.385076
1.334442 -6.356604 0.109793
1.647593 -4.563017 0.156830
1.675808 -4.350937 0.163176
1.706053 -4.246698 0.160111
1.360072 -3.375188 0.146388
1.377725 -3.206458 0.150442
1.420843 -2.936467 0.158869
0.393750 -4.125271 0.120667
1.471585 -2.762260 0.165275
1.654631 -1.839042 -0.058578
1.707801 -1.699190 -0.048817
1.268820 -2.121871 -0.046334
1.366979 -1.967073 -0.050862
1.503386 -1.886028 -0.039320
1.736817 -1.565473 -0.045725
1.756641 -1.313172 -0.037186
1.807496 -1.139150 -0.082627
1.767594 -1.029121 -0.050717
1.758666 -0.819154 -0.086663
2.428762 -0.020788 0.006355
1.912561 -0.233404 0.046000
0.049998 -1.981097 -0.011969
1.333049 -0.190265 -0.051231
-0.169209 -1.438450 -0.068772
0.637313 -0.336785 -0.110342
0.639281 -0.274690 -0.025598
-0.493340 -1.404910 -0.144590
0.548647 -0.158931 -0.085576
-0.808120 -1.327381 -0.022557
0.463336 0.099879 -0.134032
0.423955 0.142049 -0.149774
0.610386 0.524568 0.041166
0.721559 0.719241 0.005710
-1.046383 -1.302358 -0.115545
-0.932659 -1.317134 -0.069574
0.405647 0.609361 0.032076
0.552990 0.816641 -0.091128
0.127419 0.613262 0.028135
0.214681 0.703743 0.004837
0.362243 0.911654 -0.090586
-0.773823 0.006685 -0.058648
-0.666202 0.147187 -0.179925
0.158261 0.939382 -0.121503
-0.784457 0.050566 -0.174584
-0.198841 1.260418 -0.184545
-0.760554 1.056601 -0.126027
-4.203031 -0.295632 -0.105535
-4.160059 0.043777 -0.095034
-4.293741 0.091541 -0.134365
2.262951 -0.306028 0.172151
2.443953 -0.133151 0.226894
2.471065 0.011760 0.202976
2.515321 0.268716 0.194172
2.068664 -0.302498 0.204200
2.534895 0.363700 0.192328
2.552910 0.453149 0.177347
0.631883 -0.202971 0.103221
0.284701 0.158539 0.091604
0.470375 0.165490 0.099663
0.266300 0.197358 0.091149
0.383837 0.605531 0.064056
1.147900 -7.018199 -0.468755
1.185085 -6.916737 -0.510149
0.339820 -7.485166 -0.452128
0.774127 -6.917489 -0.533300
0.970138 -6.924962 -0.525823
1.294869 -6.714526 -0.484322
1.288883 -6.635649 -0.377452
0.637101 -6.893163 -0.539523
1.367498 -6.248025 -0.400094
1.431680 -5.989886 -0.401494
1.430409 -5.880534 -0.348130
0.219899 -5.782110 -0.475706
0.363365 -4.920667 -0.366505
1.394589 -3.676644 -0.535517
1.114657 -3.654415 -0.541337
1.357851 -3.511814 -0.505395
1.405070 -3.331975 -0.463319
0.790432 -3.642721 -0.554297
0.933658 -3.643306 -0.546600
1.421402 -3.216769 -0.437245
1.450853 -3.018353 -0.382521
1.309324 -2.048891 -0.398619
1.548895 -1.865750 -0.378146
1.730848 -1.699916 -0.459138
1.764306 -1.590223 -0.463099
-1.119637 -3.885417 -0.648890
1.390807 -1.692051 -0.565364
1.497270 -1.529243 -0.539316
1.760298 -1.384830 -0.419627
1.811485 -1.236230 -0.402073
1.666064 -1.277956 -0.538110
1.809055 -1.087436 -0.472329
1.828605 -0.902788 -0.554748
1.764217 -0.861862 -0.410622
-0.106445 -2.112901 -0.475511
-0.280006 -1.441820 -0.436765
1.227300 -0.164779 -0.469721
2.453229 0.841421 -0.489284
-0.464642 -1.402631 -0.481605
-0.375346 -1.424099 -0.465474
1.136311 -0.072054 -0.490748
-0.945395 -1.331166 -0.615934
-0.780589 0.435892 -0.605171
-0.733552 0.501469 -0.613509
-0.939994 1.065353 -0.527613
-2.743570 -0.010988 -0.687129
1.464908 -5.529544 -0.289027
1.187642 -4.215981 -0.225574
1.161219 -3.999176 -0.195741
1.427552 -3.686411 -0.145922
0.501921 -4.144093 -0.236237
1.281659 -3.652570 -0.150585
-0.272473 -4.715671 -0.349271
1.468853 -2.790998 -0.350678
1.263815 -2.219633 -0.192772
1.316278 -2.032113 -0.196830
1.459158 -1.899500 -0.197984
1.706126 -1.729812 -0.195111
1.329731 -1.949240 -0.170870
1.384918 -1.901946 -0.168194
1.721045 -1.589125 -0.193320
1.748189 -1.369782 -0.229539
1.781483 -1.237528 -0.255120
0.164694 -2.362884 -0.181804
1.750070 -1.239860 -0.213155
1.796081 -1.099860 -0.236012
0.059579 -2.192154 -0.230889
1.742115 -0.870097 -0.195465
1.758862 -0.793076 -0.216026
-0.221157 -2.109288 -0.282253
0.047917 -1.946340 -0.177693
2.591771 0.643914 -0.360296
-0.260954 -1.608282 -0.377763
-0.261643 -1.425796 -0.409537
1.238665 -0.157510 -0.263931
-0.527471 -1.386238 -0.300333
-0.366228 -1.414121 -0.345206
1.165617 -0.075006 -0.324679
-0.981864 -1.318081 -0.361933
-0.731510 -0.097831 -0.228501
0.176927 0.940789 -0.216230
-1.261040 0.764353 -0.401968
-0.907835 1.184367 -0.383833
-3.329191 0.873887 -0.336529
-3.902433 1.027150 -0.401268
-4.052078 0.970347 -0.419355
0.315447 -7.528729 0.114308
1.531610 -5.243986 0.137846
1.583172 -4.951086 0.139661
1.626918 -4.777310 0.145908
1.636176 -4.554401 0.140853
1.354530 -3.311685 0.132497
1.388620 -3.169433 0.137530
1.412354 -3.020482 0.141142
1.245664 -2.183548 -0.035748
1.307316 -2.026561 -0.011698
1.467250 -1.897580 -0.003451
1.683128 -1.747718 -0.023663
1.355751 -1.934335 -0.037882
1.374284 -1.911652 -0.036844
1.700399 -1.568030 -0.034711
1.728637 -1.385120 -0.023218
1.770785 -1.244153 -0.044718
0.173825 -2.367980 -0.077083
1.702399 -1.283116 -0.009847
1.786658 -1.084316 -0.026952
0.098477 -2.057360 -0.049047
1.735113 -0.875620 -0.057156
1.765719 -0.786165 -0.018321
2.424057 -0.060638 0.038499
0.054411 -1.983899 -0.045557
0.037779 -1.910783 -0.009418
1.909130 -0.231909 0.048862
2.544083 0.540831 -0.009080
1.263030 -0.163883 -0.053190
-0.518430 -1.381786 -0.102336
-0.388605 -1.405717 -0.122715
0.449154 0.143940 -0.162618
-0.745810 -0.016752 -0.119134
-0.703670 0.026765 -0.207309
0.089026 0.954170 -0.103729
0.321043 0.920530 -0.201353
-0.398522 1.041369 -0.156694
-0.208114 1.281608 -0.147832
-4.198705 -0.674089 -0.114729
1.854814 -0.676329 0.128388
1.882913 -0.520002 0.110613
2.548470 0.467853 0.176521
2.583105 0.650346 0.165255
2.622675 0.849487 0.168722
2.649917 1.006080 0.158037
2.684307 1.207584 0.164098
2.645402 1.408591 0.146103
2.744462 1.538353 0.160319
2.597538 1.633140 0.144224
0.255642 -7.486302 -0.405773
0.368245 -7.501380 -0.459196
0.832329 -6.912014 -0.483250
1.064479 -6.932679 -0.483936
1.280895 -6.745926 -0.401074
0.721210 -6.881353 -0.510273
1.071611 -6.657162 -0.517544
1.193054 -6.659353 -0.519989
0.188120 -5.771500 -0.375768
-1.139185 -4.935228 -0.470551
-0.939495 -4.961041 -0.444026
1.313017 -4.110043 -0.534166
1.514146 -4.099010 -0.524873
-1.140732 -4.668026 -0.452081
0.723858 -4.058516 -0.565280
0.954634 -4.049493 -0.548305
1.171148 -4.016954 -0.539461
0.335818 -3.896622 -0.575812
0.607691 -3.957401 -0.564152
0.856478 -3.944994 -0.549954
1.338572 -3.661966 -0.433545
0.109986 -3.774046 -0.585522
0.205000 -3.802160 -0.574414
-0.056794 -3.656357 -0.589704
1.378449 -2.882626 -0.536530
0.881411 -2.884828 -0.556800
1.352518 -1.993462 -0.413617
1.691201 -1.874859 -0.435186
1.566774 -1.873647 -0.409122
1.716506 -1.792338 -0.423718
-0.204985 -2.025352 -0.478274
1.504341 -1.574055 -0.459312
1.730453 -1.536380 -0.479433
-0.148240 -1.810241 -0.427490
1.765209 -1.289157 -0.429140
-0.097077 -1.486145 -0.490273
-1.948106 -1.161769 -0.475625
-2.695791 -1.044920 -0.623626
0.392712 0.327691 -0.536007
0.469066 0.274042 -0.495752
0.357108 0.378491 -0.544796
0.474636 -7.500838 -0.249395
1.179910 -6.767832 -0.228616
1.048052 -6.708480 -0.221038
1.305316 -6.700077 -0.228818
1.378787 -6.117452 -0.200887
0.096689 -4.788263 -0.304927
-0.107205 -4.768328 -0.323631
1.192592 -4.249382 -0.177130
-0.223125 -3.912555 -0.270220
1.471905 -2.992271 -0.367152
1.470922 -2.957072 -0.332879
0.169564 -2.390284 -0.196172
1.387507 -1.953831 -0.379262
1.448403 -1.934973 -0.262086
1.687864 -1.864264 -0.256948
-0.232274 -2.246098 -0.366491
0.083538 -2.197140 -0.193303
1.411109 -1.931161 -0.392429
1.510892 -1.894014 -0.355888
1.722035 -1.697595 -0.318156
-0.213002 -2.065230 -0.267916
0.089589 -1.999320 -0.176714
1.757579 -1.503761 -0.281700
1.771974 -1.325300 -0.230998
-0.182088 -1.907702 -0.272848
-0.156484 -1.808461 -0.340539
1.798502 -1.154060 -0.251449
-0.069178 -1.502640 -0.355850
1.764961 -0.845657 -0.315645
-0.523601 -1.405009 -0.305284
1.751352 -0.768028 -0.248279
-1.493619 -1.238611 -0.386037
1.110527 0.082583 -0.322437
-4.014597 -0.124269 -0.294887
-0.024676 1.142168 -0.378565
-4.147828 0.035729 -0.311438
-0.529941 1.370990 -0.477221
2.502800 2.327193 -0.299283
-4.387263 0.233361 -0.336783
-4.066104 0.272052 -0.318473
2.537335 2.672763 -0.317000
2.554133 2.689390 -0.329138
0.427377 -7.520889 0.126406
0.254573 -7.477428 0.103874
0.412435 -7.448222 0.088049
1.470589 -3.011096 -0.124721
3.161175 -1.838344 0.084515
3.229170 -1.798002 0.083375
0.155659 -2.391659 -0.057781
1.348101 -1.985720 -0.035794
0.127236 -2.243013 -0.000339
1.390414 -1.930817 -0.062332
1.454135 -1.908975 -0.075264
1.722324 -1.665246 -0.080144
-0.203992 -2.064696 -0.099764
0.061266 -1.987906 -0.093250
0.129095 -1.986778 -0.054184
1.744783 -1.467290 0.004865
1.766325 -1.344748 0.015707
1.799339 -1.132452 -0.118571
1.809142 -0.782416 0.074758
1.767121 -0.728518 -0.134308
1.871989 -0.615915 0.008365
2.100739 -0.469373 0.061903
1.299254 -0.185955 -0.154954
2.492850 0.233406 0.017340
0.638102 -0.253450 -0.117470
1.208880 -0.089056 -0.105855
-4.195922 -0.703059 -0.106950
-4.353488 -0.564597 -0.115738
-4.369974 -0.197368 -0.125515
-4.377707 -0.010429 -0.129966
-4.643093 0.257534 -0.140449
-4.634965 0.390287 -0.140077
1.747264 -1.443726 0.101709
1.794132 -0.840525 0.099602
1.850230 -0.726678 0.097744
2.178641 -0.446497 0.112029
2.554699 0.468460 0.083190
2.598343 0.687985 0.111119
2.638450 0.951323 0.111385
2.677961 1.202811 0.075891
0.114228 2.899011 -5.007043
0.972366 -6.919274 -0.509256
1.102318 -6.956365 -0.504480
0.716565 -6.860839 -0.519683
0.956692 -6.827132 -0.557617
1.212240 -6.776485 -0.524764
-0.636791 -5.411619 -0.529384
-1.476207 -4.810344 -0.560398
-1.153986 -4.907207 -0.522695
-0.984999 -4.897427 -0.500333
-1.196973 -4.653401 -0.506844
-1.185059 -4.319769 -0.654550
-0.957954 -4.363528 -0.637538
0.572366 -3.941362 -0.600497
0.811904 -3.996687 -0.589515
1.037153 -4.042588 -0.584652
1.249425 -4.078960 -0.581904
0.298786 -3.809850 -0.608774
0.470489 -3.851206 -0.603001
0.819858 -3.847146 -0.584150
0.011381 -3.598011 -0.604975
0.220309 -3.683716 -0.598912
-0.222784 -3.393584 -0.608763
1.455206 -2.934880 -0.504483
-0.232312 -2.245437 -0.542701
0.310579 -2.298352 -0.540287
-0.217366 -2.051856 -0.472162
1.278079 -2.072034 -0.435191
-0.209247 -1.952626 -0.469910
-0.157439 -1.822592 -0.532921
1.680719 -1.762087 -0.446407
-0.103871 -1.638964 -0.515596
-2.758367 -0.382977 -0.674296
-0.029118 0.222150 -0.605530
0.459974 0.302819 -0.522339
0.830298 0.295676 -0.552639
0.435335 0.317396 -0.516580
-0.874390 -13.771090 -0.237870
0.143069 -4.781048 -0.352129
0.265052 -4.797642 -0.341526
-0.061117 -4.703969 -0.272198
1.182237 -4.242610 -0.264611
0.552113 -4.095524 -0.244144
1.374827 -3.649900 -0.267870
1.334925 -3.609681 -0.222776
1.411149 -3.623601 -0.184846
-0.249443 -2.264574 -0.420763
0.182619 -2.377966 -0.192340
-0.222179 -2.073379 -0.293933
-0.188303 -1.993739 -0.354469
0.093066 -2.163280 -0.345666
1.287286 -2.060110 -0.420249
1.336469 -1.996382 -0.393488
1.675463 -1.870518 -0.413530
-0.216352 -1.973917 -0.398773
-0.165002 -1.819536 -0.320764
1.465671 -1.875580 -0.189912
1.691258 -1.781285 -0.320368
-0.137346 -1.675485 -0.347495
1.739983 -1.394756 -0.347950
1.787702 -1.181563 -0.284536
1.315565 -0.159594 -0.216846
-3.884342 -0.302160 -0.280307
1.159560 -0.044862 -0.344136
1.244887 -0.089666 -0.235825
-3.812685 -0.138872 -0.277691
-0.656384 0.101719 -0.199700
1.104097 0.181437 -0.227857
-0.644301 0.457450 -0.330746
-4.062017 0.312293 -0.303358
-0.968027 1.047400 -0.444004
2.512053 1.851595 -0.247956
2.494833 1.973140 -0.335169
2.519030 2.290458 -0.327525
2.614242 2.672268 -0.306211
2.561076 2.805857 -0.374074
0.320994 -7.440771 -0.123194
-0.072372 -4.487692 0.005602
-0.171710 -4.426911 -0.001727
0.106616 -4.412805 0.019475
1.456580 -2.951521 -0.103907
0.148713 -2.332217 -0.051522
-0.213166 -2.051940 -0.109563
-0.124131 -2.028005 -0.115189
0.096099 -2.066217 -0.091813
1.302219 -1.943628 0.010272
1.334116 -1.919192 -0.035371
-0.200110 -1.965487 -0.058815
-0.167150 -1.876974 -0.122239
0.079155 -1.945814 -0.048162
1.353945 -1.881794 -0.056481
1.695037 -1.774565 -0.105223
1.721393 -1.522113 0.064207
1.784507 -1.192910 -0.020630
1.816325 -1.055304 -0.034726
1.826549 -0.764996 -0.038076
0.693245 -0.356213 -0.120921
0.758033 -0.358907 -0.123562
1.331781 -0.168961 -0.056538
1.164732 -0.000174 -0.094394
1.250416 -0.094866 -0.077632
1.819389 -0.939631 0.089903
1.865119 -0.704659 0.089907
-0.971957 -13.745026 -0.579517
0.251250 -7.467079 -0.464615
0.392508 -7.484000 -0.462934
0.536666 -7.489461 -0.431042
0.737306 -6.885502 -0.421195
0.864338 -6.874080 -0.420136
1.207817 -7.173746 -0.391240
1.224448 -6.849973 -0.405405
-1.562204 -4.808853 -0.499542
-1.460157 -4.833072 -0.487132
-1.163158 -4.893261 -0.480117
-1.189910 -4.601799 -0.455557
-1.175396 -4.739854 -0.467305
-1.257361 -4.454294 -0.650414
-1.114849 -4.563399 -0.656208
0.722726 -4.501670 -0.557327
0.792147 -4.538179 -0.566733
-0.345819 -3.072614 -0.615222
-0.178626 -3.238697 -0.607652
-0.050946 -3.364978 -0.606386
0.174023 -3.504176 -0.594364
-0.383952 -2.966481 -0.604078
-0.256194 -2.302511 -0.450254
-2.854152 -0.962556 -0.708506
-0.252923 -2.198305 -0.433045
1.364019 -2.784104 -0.536079
-0.168943 -1.876315 -0.564909
1.304440 -2.453184 -0.558560
-0.117008 -1.620948 -0.539642
1.279673 -2.182180 -0.388097
-0.089707 -1.480356 -0.547511
1.720368 -1.592865 -0.401544
1.727797 -1.430547 -0.380880
-1.330182 0.440414 -0.478073
-1.117688 0.438325 -0.441958
-1.229730 0.781408 -0.461348
-0.745420 0.499023 -0.524717
1.219924 -0.191560 -0.396282
0.367477 0.330721 -0.512430
0.468040 0.287803 -0.480078
1.183367 -0.078603 -0.442490
1.312438 -0.170768 -0.416560
1.053659 0.224430 -0.444558
2.172457 0.632215 -0.487214
2.288300 0.602758 -0.486787
2.528531 1.343377 -0.456387
2.401848 2.836703 -0.444907
2.597425 2.758144 -0.426436
2.527981 2.873502 -0.445894
0.805205 -6.880362 -0.390609
1.312261 -6.586741 -0.351561
-1.173483 -4.680811 -0.409708
-0.959450 -4.591429 -0.374060
-0.869066 -4.611132 -0.361924
-0.270435 -4.707339 -0.315431
0.018602 -4.766506 -0.267931
-0.257243 -3.970628 -0.261759
-0.235400 -2.124708 -0.367396
0.091924 -2.183825 -0.315133
1.450134 -2.969997 -0.303679
-0.182804 -1.894607 -0.333592
-0.128864 -1.653692 -0.291165
1.270117 -2.155066 -0.280760
-0.098004 -1.491431 -0.303550
1.682107 -1.794541 -0.166143
1.705661 -1.639473 -0.202048
1.689512 -1.752884 -0.222885
1.731365 -1.437690 -0.232388
-0.650707 0.138124 -0.289250
-1.219448 0.725133 -0.409394
1.083670 0.080111 -0.348599
1.191241 -0.094285 -0.238955
1.310043 -0.165406 -0.199898
2.567221 0.989448 -0.186361
2.573078 0.875547 -0.171426
2.486360 1.420865 -0.243521
2.584674 1.291553 -0.225396
2.483272 1.585979 -0.266297
2.533139 1.879849 -0.305568
0.386992 -7.489269 0.041875
-0.224159 -2.104632 -0.129410
0.107302 -2.178530 -0.127514
0.149757 -2.378224 -0.073369
1.433100 -2.954296 -0.056062
-0.187462 -1.888842 -0.079946
0.064562 -2.029682 -0.070342
-0.136182 -1.661493 -0.075659
-0.119727 -1.489030 -0.115020
-0.111501 -1.505418 -0.093648
1.312103 -1.934887 0.034311
1.349241 -1.899186 0.019060
1.340750 -1.860369 -0.007259
1.367890 -1.870973 -0.012629
1.673051 -1.796086 -0.063617
1.688902 -1.567397 0.088830
1.704881 -1.736004 -0.070468
1.713375 -1.445291 0.131295
1.779406 -1.182986 -0.100979
0.686854 -0.378743 -0.088544
1.794965 -0.800887 0.043794
1.921468 -0.782504 0.023952
1.857733 -0.663339 0.030670
1.192665 -0.071897 -0.096103
1.319278 -0.184781 -0.072286
2.070484 -2.116166 0.152148
1.689571 -1.590097 0.138502
-0.635987 -5.343188 -0.653919
-1.106577 -4.937464 -0.640813
-0.974182 -4.948990 -0.619563
-0.704455 -5.281684 -0.654851
-0.538924 -5.343303 -0.638303
-1.358803 -4.638669 -0.684643
-1.140183 -4.709945 -0.625242
-1.629484 -4.278241 -0.646702
-1.571266 -4.315253 -0.688382
-0.563508 -4.677502 -0.492915
0.800558 -5.212974 -0.569138
-1.669519 -4.084489 -0.688516
-1.009963 -3.877252 -0.510027
0.223921 -3.889482 -0.592763
-0.419185 -3.287199 -0.629767
-0.277651 -3.443618 -0.615710
-0.142197 -3.578920 -0.606314
1.394679 -3.242087 -0.520179
1.460597 -3.107672 -0.464744
-0.184186 -2.093216 -0.556965
1.501511 -2.838413 -0.401345
-0.143706 -1.862695 -0.531328
-0.112163 -1.678777 -0.524648
-0.764300 -0.503638 -0.614389
-1.521833 0.092150 -0.503385
-1.373492 0.243860 -0.512939
-1.372966 0.142591 -0.503456
-1.459408 0.431347 -0.547797
1.263528 -0.206717 -0.369889
1.180370 -0.094702 -0.413339
-1.003418 1.323224 -0.533521
2.524818 1.369272 -0.285852
2.463597 1.945982 -0.282925
2.407621 2.816685 -0.405283
2.538399 2.774307 -0.375991
2.210922 2.970325 -0.440303
2.319305 2.951641 -0.395380
0.242529 -7.474094 -0.414664
0.418539 -7.496368 -0.384575
0.735772 -6.841456 -0.328000
0.939147 -6.893924 -0.324788
1.176117 -7.075772 -0.341157
-2.022298 -4.419496 -0.292405
0.435047 -4.966211 -0.378933
1.278034 -3.637586 -0.245611
1.427829 -3.648386 -0.239369
-0.245716 -2.304573 -0.318736
-0.224222 -2.295578 -0.257969
1.449170 -3.040788 -0.222566
-0.200046 -2.137413 -0.331318
-0.195256 -2.230847 -0.296801
1.495483 -2.855043 -0.233334
-0.148792 -1.886945 -0.303179
1.519841 -2.701303 -0.242102
-0.119510 -1.687096 -0.293250
-1.500788 0.111533 -0.458292
-1.389692 0.116688 -0.442281
1.773144 -1.230296 -0.083156
1.807259 -1.125437 -0.106446
0.800496 -0.353485 -0.127478
0.839627 -0.358340 -0.125748
1.276784 -0.197270 -0.216408
1.157683 -0.095520 -0.136279
1.268068 -0.158851 -0.160840
2.497157 1.333938 -0.216328
2.591459 1.176236 -0.183804
2.477125 1.697702 -0.257424
-1.426968 -4.755587 -0.211300
-1.776994 -4.437183 -0.257873
-1.397347 -4.531009 -0.205809
-1.855610 -4.115849 -0.270524
-1.671584 -3.876075 -0.244622
1.564376 -5.257518 0.104437
-0.965320 -3.904449 -0.144235
1.249626 -3.605566 -0.101073
-0.228292 -2.281015 -0.043504
0.144276 -2.432852 -0.114527
1.438244 -3.028876 -0.011171
-0.028421 -2.172057 -0.151907
0.179708 -2.426672 -0.103209
1.473413 -2.863333 -0.005546
-0.164750 -1.883448 -0.117830
0.068933 -2.015508 -0.065043
1.502717 -2.682560 -0.051023
-0.130159 -1.728860 -0.141227
1.752495 -1.261908 0.057914
1.787862 -1.094706 0.030934
1.328279 -0.228696 -0.080343
-1.538921 1.208338 -0.177087
1.337109 -0.202697 -0.008716
-0.306482 0.995767 -0.124703
2.298006 2.906611 0.191870
1.467184 -2.784478 0.161521
1.466454 -2.703533 0.164570
1.485746 -2.716779 0.157566
-0.757948 -5.378358 -0.655409
-3.653438 -3.691389 -0.571917
-1.497347 -4.827631 -0.684824
-0.912093 -5.066976 -0.631778
-0.806475 -5.310766 -0.652189
-0.640442 -5.416975 -0.614628
-0.444678 -5.466892 -0.562454
-3.580812 -3.511831 -0.565653
-2.652960 -4.067979 -0.668976
-1.540081 -4.530272 -0.680156
-1.411845 -4.616321 -0.674443
-1.201079 -4.741627 -0.640337
-0.944025 -4.988869 -0.625907
-3.035638 -3.607995 -0.700997
-2.693651 -3.795864 -0.652610
-1.707309 -4.167481 -0.683510
-1.158708 -4.601871 -0.584342
-1.736973 -3.999141 -0.680885
-2.826609 -2.920570 -0.621087
-1.814215 -3.515337 -0.675860
-1.748824 -3.676040 -0.662250
-1.035500 -3.863876 -0.484947
-2.930862 -2.839699 -0.637329
-1.782661 -3.235008 -0.663673
-1.803042 -3.045544 -0.670188
-0.453822 -3.678933 -0.624201
-2.903962 -2.265395 -0.720608
0.760999 -3.697946 -0.577593
1.118186 -3.811427 -0.570017
1.301263 -3.824849 -0.555923
1.492274 -3.845373 -0.567997
1.376749 -3.427330 -0.392982
-0.255390 -2.316588 -0.539562
1.381434 -3.283426 -0.468685
1.385550 -3.335072 -0.487506
-0.246710 -2.229523 -0.532075
-0.168443 -1.790992 -0.504704
-0.140046 -1.612253 -0.502040
-1.637975 0.146627 -0.493955
-1.456571 0.136610 -0.467301
-0.975287 1.078176 -0.451258
1.640964 0.001526 -0.497968
1.871794 -0.255655 -0.432147
0.270235 1.855696 -0.538216
2.476117 1.398461 -0.391339
2.414588 1.961686 -0.301804
2.529494 1.887168 -0.368109
2.393433 2.779332 -0.476042
2.560881 2.672678 -0.457600
2.097172 3.138551 -0.454169
2.259331 2.954382 -0.421938
2.489447 2.805073 -0.390054
-0.940473 -13.795341 -0.525102
0.185931 -7.455693 -0.283813
0.868889 -6.908668 -0.250287
1.190839 -6.733080 -0.250500
-2.160539 -4.391978 -0.336264
-2.033792 -4.409287 -0.317535
-1.646427 -4.469316 -0.263223
-2.936699 -3.602897 -0.462661
-2.667497 -3.706324 -0.418966
0.192241 -4.981968 -0.214407
-1.733737 -3.748172 -0.276763
-0.218679 -4.011044 -0.231422
0.510341 -4.128148 -0.310397
1.279274 -3.661545 -0.276344
1.409144 -3.627473 -0.267228
1.481246 -3.697940 -0.312955
1.372961 -3.318214 -0.234485
1.377849 -3.350398 -0.252909
-0.224457 -2.229856 -0.297072
-0.158276 -1.781669 -0.322546
-0.143737 -1.611353 -0.279028
1.992702 -2.601470 -0.354285
2.018958 -2.576180 -0.269509
-1.394817 0.145492 -0.394166
1.734739 -1.448836 -0.197320
1.211096 -0.120108 -0.116239
1.330465 -0.200420 -0.122540
2.071501 2.938702 -0.050772
-0.915390 -13.821294 -0.225870
0.284411 -7.478620 -0.037893
0.456382 -7.482096 -0.036270
-1.385248 -4.583126 -0.229431
-3.147403 -3.101797 -0.069087
-0.186624 -4.664770 -0.126428
-0.032857 -4.744613 -0.159112
0.155521 -4.810588 -0.134748
-3.135056 -3.005760 -0.070628
0.493840 -4.144428 -0.068462
1.598510 -4.770452 -0.086606
1.699718 -4.162287 0.087535
1.282741 -3.665668 -0.118679
1.413970 -3.652622 -0.080917
1.476205 -3.705429 -0.116757
0.039324 -2.491830 -0.011550
0.203162 -2.473325 -0.072178
1.407200 -2.651680 0.084213
1.437476 -2.729923 0.027755
-0.137634 -1.578182 -0.126727
2.001694 -2.610520 -0.014162
2.002914 -2.554979 0.025938
-0.694401 -0.700976 0.043639
-0.746779 -0.083354 0.036345
1.720853 -1.482775 -0.032004
-0.417637 -0.094815 0.043914
-0.205883 -0.075880 0.048069
1.763081 -0.857796 -0.035659
-0.147891 0.342029 0.043585
-0.091080 0.531073 0.041483
0.104432 0.402944 0.046635
1.791253 1.990702 0.118230
2.178972 2.967224 0.140113
2.370732 2.922112 0.158805
1.686876 -4.146428 0.116341
1.327556 -3.386430 0.126723
1.299633 -2.540780 0.121368
1.973153 -2.603108 0.155748
1.986711 -2.576689 0.151669
0.793767 -6.069191 -2.736734
-2.354830 -13.091146 -0.684738
-0.959435 -11.638948 -0.756175
0.698999 -6.887443 -0.555522
0.877681 -6.897774 -0.540461
-0.164761 -6.422055 -0.632644
1.087979 -6.632292 -0.586916
1.240994 -6.568196 -0.579138
-1.234237 -5.662025 -0.664969
-1.112938 -5.687397 -0.661051
1.334864 -6.399101 -0.548926
-2.562156 -4.915719 -0.711277
-2.535616 -5.003553 -0.715584
-2.717913 -4.688038 -0.717568
-2.803030 -4.334692 -0.703074
-1.635063 -4.552021 -0.656985
-1.123822 -4.590002 -0.522526
-2.667204 -4.116518 -0.659658
-1.656753 -4.384228 -0.653468
-2.648183 -3.852407 -0.638241
-3.125120 -3.369228 -0.712337
-2.610230 -3.638255 -0.619362
0.897176 -4.350419 -0.565862
-2.981483 -3.272983 -0.679876
0.527531 -4.146804 -0.458358
-0.228995 -2.316992 -0.521729
-0.193534 -2.146825 -0.526438
-0.133851 -1.816077 -0.480994
-0.101951 -1.632650 -0.456349
0.596983 -1.580391 -0.539793
0.717131 -0.730349 -0.529523
0.951405 -0.663199 -0.520489
1.257094 -0.628626 -0.504444
1.859433 -0.589252 -0.493919
-0.269523 0.332777 -0.427509
-0.139407 0.341662 -0.409750
-0.912820 1.107681 -0.559102
-0.690242 1.139038 -0.573040
-0.024509 1.027490 -0.466917
-0.829395 1.333358 -0.580673
0.036399 1.241718 -0.481704
0.460192 1.164906 -0.421692
2.483668 1.928418 -0.391312
2.585691 2.794313 -0.416835
2.134895 2.911772 -0.466111
2.370239 2.900517 -0.457979
2.560697 2.824355 -0.477244
-0.992279 -13.777567 -0.573795
0.243425 -5.787530 -0.415637
-0.296388 -4.702918 -0.300794
-0.092105 -4.759035 -0.297187
0.151607 -4.801720 -0.277818
1.588549 -5.055742 -0.264290
1.637762 -4.765147 -0.249633
-0.959800 -3.924445 -0.308324
-0.219055 -4.027721 -0.242083
1.687278 -4.556658 -0.206317
0.518019 -4.146443 -0.272310
1.667527 -4.414594 -0.163030
1.201573 -3.934982 -0.301858
1.702161 -3.743098 -0.245032
1.818350 -3.775308 -0.209559
-0.228929 -2.334439 -0.295734
1.485272 -2.626468 -0.188095
-0.177855 -2.139484 -0.345178
1.490485 -2.562303 -0.115570
-0.139988 -1.876372 -0.328964
-0.115999 -1.687185 -0.301716
1.865583 -0.473584 -0.119898
1.213224 -0.111854 -0.240346
1.360555 -0.192917 -0.183913
1.024796 0.245904 -0.260614
0.318472 -7.485227 -0.146925
0.460531 -7.526755 0.029777
0.226047 -7.418232 -0.152353
1.278726 -6.771411 0.050715
1.326771 -6.515762 0.055702
1.368158 -6.285259 0.060129
1.449064 -5.778526 -0.031938
1.496605 -5.502600 -0.091901
-0.366440 -4.652586 -0.107716
-0.078686 -4.730961 -0.077930
0.146391 -4.775053 -0.073471
0.392741 -4.873672 -0.054448
-0.093893 -4.103373 -0.174062
-0.073413 -4.126384 -0.174667
1.677782 -4.581299 -0.025455
0.524062 -4.134385 -0.047657
1.703924 -4.319789 0.011799
1.756202 -4.052669 0.115944
1.693393 -3.761089 -0.076694
1.803076 -3.828250 0.038170
1.303216 -3.374567 0.047543
1.339755 -3.410824 0.066428
1.724995 -3.665708 0.009858
1.841796 -3.697611 -0.077480
1.346372 -3.214981 -0.028530
0.078427 -2.560995 0.040588
1.373344 -3.078015 0.039352
-0.238264 -2.332678 -0.105418
0.141764 -2.472739 0.000753
1.352507 -2.599245 -0.086508
0.144618 -2.132204 0.009967
1.293928 -2.374967 -0.057270
1.389245 -2.505713 -0.045069
1.283515 -2.258328 -0.113465
-0.305466 0.978121 -0.051530
0.312411 -7.485395 0.029504
1.730467 -4.207874 0.137372
1.753995 -4.064927 0.146821
1.758038 -3.751944 0.172271
1.788491 -3.859177 0.149565
1.295841 -3.197700 0.127839
0.157547 1.941421 -0.518942
2.487641 1.904823 -0.443769
0.507597 -7.479374 -0.546059
0.295488 -6.530654 -0.613134
0.511396 -6.587364 -0.600618
0.807948 -6.715976 -0.600057
-0.163701 -6.195753 -0.627521
-0.198801 -6.006210 -0.612454
-0.993601 -5.464598 -0.646675
-0.768423 -5.613340 -0.632553
-1.015811 -5.335362 -0.635883
-0.763207 -5.414402 -0.579967
-2.884181 -4.657587 -0.618594
-0.918388 -5.086089 -0.568968
0.481083 -5.183516 -0.592127
-2.668379 -4.124267 -0.538580
1.212063 -4.994332 -0.568639
1.406541 -5.044965 -0.560562
1.552955 -5.005453 -0.558006
-3.570660 -3.523339 -0.652264
0.875682 -4.564435 -0.582727
1.633396 -4.892917 -0.437925
1.838860 -3.659466 -0.398330
-1.419013 -2.211691 -0.606253
-0.235629 -2.364644 -0.546279
0.002730 -2.456758 -0.442502
1.405295 -2.579196 -0.364316
-0.118630 -1.783302 -0.394435
-0.083621 -1.649785 -0.417156
0.529944 -0.610676 -0.531073
0.658207 -0.529587 -0.532404
1.002688 -0.496290 -0.504608
1.197067 -0.328268 -0.523831
1.384295 -0.326059 -0.512050
1.700641 -0.296565 -0.503881
0.038368 1.152468 -0.434666
0.157485 1.095311 -0.426002
0.478470 1.117666 -0.421875
2.540054 2.764684 -0.158298
2.196901 2.946767 -0.183505
2.421663 2.910097 -0.171101
2.020896 3.249945 -0.208939
0.639499 -6.855416 -0.446061
1.480303 -5.725622 -0.350015
1.520424 -5.561453 -0.425644
0.391025 -4.925994 -0.326248
1.544938 -5.345352 -0.372943
-0.374083 -4.712173 -0.236613
0.121920 -4.838581 -0.307308
1.596628 -5.056385 -0.219458
1.644067 -4.820936 -0.226095
-0.929268 -3.913683 -0.465568
1.684364 -4.590975 -0.186978
1.721684 -4.379135 -0.165568
1.795373 -3.779325 -0.237008
1.840179 -3.763434 -0.245851
1.807574 -3.644804 -0.246012
1.858154 -3.650158 -0.225563
-0.238182 -2.342993 -0.283765
-0.187486 -2.175300 -0.354634
1.303496 -2.398625 -0.199390
1.398042 -2.547344 -0.207548
0.559449 -0.171124 -0.070346
0.453652 0.082613 -0.092311
1.421798 -0.229103 -0.275304
-0.076646 1.045312 -0.189990
0.203873 0.949428 -0.154837
0.018337 1.111682 -0.182075
2.544691 1.837343 -0.049333
2.534504 2.309562 -0.006930
2.460070 2.880177 -0.034812
0.474125 -7.464945 -0.094045
1.504769 -5.514707 -0.084250
0.196795 -5.103725 -0.163708
-0.856463 -4.626168 -0.192055
-0.247690 -4.711657 -0.152037
-0.080551 -4.769470 -0.133376
0.103206 -4.828282 -0.120658
1.642553 -4.794556 -0.097056
1.655776 -4.505381 -0.128548
1.679570 -4.563241 -0.048634
1.680091 -4.298108 -0.009062
1.712649 -4.358472 -0.023259
1.164077 -3.873142 -0.144686
1.337438 -3.866506 -0.086325
1.728927 -4.116251 0.081826
1.761151 -4.091301 0.096351
1.303557 -3.766867 -0.102135
1.335268 -3.785538 -0.100223
1.792608 -3.764146 -0.008791
1.824023 -3.807334 -0.001007
1.318833 -3.392003 0.023883
1.824323 -3.651407 0.003930
1.851583 -3.668175 -0.025047
1.337482 -3.328403 0.050603
-0.234814 -2.346984 -0.067645
0.155819 -2.554985 -0.000290
1.502048 -2.645123 0.049902
0.105865 -2.160159 -0.003478
1.308271 -2.436718 0.008258
1.451362 -2.579908 0.018200
0.829502 -0.512695 -0.029395
0.719067 -0.341701 -0.047136
0.420784 -7.517704 -0.035246
0.331196 -7.478820 -0.036626
1.407189 -6.010451 0.040102
1.432384 -5.863480 0.045561
1.679321 -4.488626 0.104453
1.713445 -4.329213 0.108404
1.759408 -4.023307 0.127737
1.757682 -4.104475 0.118767
1.791708 -3.771122 0.130772
1.809629 -3.863630 0.125734
1.855643 -3.669578 0.133031
2.262141 2.895008 -0.420544
2.459180 2.749905 -0.410783
2.613172 2.746148 -0.412005
-4.972898 -2.762358 -0.772968
-4.932681 -2.634762 -0.773220
-4.504718 -2.574060 -0.713523
-4.437330 -2.461002 -0.710110
-3.554638 -3.439328 -0.649032
-4.270201 -2.075826 -0.711002
-3.872992 -1.830508 -0.650366
-3.836800 -2.025189 -0.647112
-2.053486 -4.259498 -0.703686
-2.013485 -4.357817 -0.696167
-3.589075 -1.757390 -0.603000
-2.001458 -3.923858 -0.688027
-1.988233 -4.033907 -0.689514
-1.905243 -4.286989 -0.690046
-3.268934 -1.810256 -0.677029
-1.976449 -3.603681 -0.678357
-1.967021 -3.720892 -0.680294
-1.891869 -3.191991 -0.670142
-1.881552 -3.409047 -0.658034
-1.672315 -3.793416 -0.603352
-2.389510 -1.999093 -0.511170
0.656008 -6.258857 -0.601785
0.651108 -6.598359 -0.601127
0.835834 -6.742159 -0.619653
0.931792 -6.863666 -0.559394
0.720105 -6.270685 -0.600355
0.783597 -6.297985 -0.602556
1.020706 -6.641762 -0.586143
1.178530 -6.687482 -0.588311
-0.081742 -4.725193 -0.618548
0.035084 -4.798517 -0.616112
0.255326 -5.031936 -0.613182
0.452423 -5.098801 -0.604866
0.686424 -5.421147 -0.593720
-1.530745 -2.209416 -0.642398
0.145911 -4.317600 -0.618477
0.638788 -5.087329 -0.528901
0.767405 -5.207063 -0.561752
0.481959 -4.613281 -0.599617
0.621232 -4.739378 -0.608688
0.834630 -4.806314 -0.605132
1.067569 -5.425269 -0.569648
1.142334 -5.435788 -0.571189
0.534488 -4.155541 -0.495383
0.900405 -4.813203 -0.603430
1.228375 -5.207875 -0.491905
1.303280 -5.381177 -0.551306
-0.369068 -2.384118 -0.469937
1.602656 -5.061117 -0.434862
-0.210933 -2.370930 -0.494634
1.651145 -4.820469 -0.430834
0.201574 -2.141688 -0.541328
-0.568668 -0.468483 -0.591662
-1.031438 0.834968 -0.343059
-0.311642 -0.378346 -0.574958
1.325804 -2.458133 -0.379095
1.492221 -2.837882 -0.434313
1.323494 -2.402398 -0.362331
1.463480 -2.559758 -0.349240
-0.661648 1.103920 -0.325566
1.906473 -0.335533 -0.480797
2.505635 1.900575 -0.345457
2.534826 2.248006 -0.213967
2.115360 2.998892 -0.255144
2.264577 2.952373 -0.251314
2.416107 2.922076 -0.249772
2.532322 2.767507 -0.241476
2.624095 2.738842 -0.253499
-3.573185 -3.443659 -0.544998
-0.009862 -8.582306 -0.410772
-2.710603 -4.510459 -0.585213
-2.383543 -4.353648 -0.366952
-2.675487 -3.693041 -0.407056
0.298100 -7.480225 -0.540479
-2.782574 -2.979935 -0.495466
0.432108 -7.505606 -0.535436
-3.024865 -1.874781 -0.513447
0.681098 -6.897225 -0.428468
-2.609749 -1.953908 -0.447051
0.834320 -6.870341 -0.416522
-0.314356 -4.720035 -0.341527
-0.292418 -4.159604 -0.453990
0.024059 -4.806576 -0.253981
0.184029 -5.099394 -0.261377
-0.225477 -4.022355 -0.223356
0.379128 -4.877744 -0.417555
0.918383 -4.771018 -0.347298
1.536027 -5.312799 -0.335121
1.512565 -5.523140 -0.385392
1.592615 -5.066130 -0.211059
1.546247 -5.234998 -0.223480
1.660747 -4.698316 -0.285180
1.617436 -4.878795 -0.269334
1.743383 -3.635408 -0.195770
1.824121 -3.741029 -0.208127
1.324993 -2.467581 -0.125391
1.341284 -2.493451 -0.122639
1.494355 -2.781781 -0.188582
1.678662 -3.160172 -0.311361
-0.769024 0.469075 -0.295236
1.307410 -2.392637 -0.194110
1.453845 -2.556796 -0.205004
1.524420 -2.692871 -0.235220
-4.801938 -2.200263 -0.249566
-4.803598 -2.314631 -0.183084
-4.360111 -1.545519 -0.143194
-4.340641 -1.752979 -0.143871
0.266447 -7.483771 -0.275166
0.451588 -7.523598 -0.274501
-1.804241 -3.703184 -0.280057
-1.691909 -3.973724 -0.271473
0.665508 -6.866921 -0.210629
-0.580670 -4.688190 -0.212098
-0.451404 -4.665943 -0.179368
-0.259174 -4.719160 -0.199716
-0.090194 -4.781905 -0.209400
0.027957 -4.786880 -0.195387
-0.126281 -4.082410 -0.197435
-0.087476 -4.181233 -0.188215
1.582581 -5.019789 -0.086972
1.645609 -4.679603 -0.004788
1.619322 -4.838976 -0.017830
1.208474 -3.745357 -0.088332
1.318709 -3.809730 -0.098461
1.698248 -4.347471 0.011864
1.669474 -4.517916 -0.013350
1.306836 -3.420510 0.042045
1.301776 -3.586777 -0.027130
1.334450 -3.759201 -0.098834
1.763149 -3.990207 0.107861
1.721560 -4.193291 0.093078
1.344353 -3.289453 0.017288
1.775375 -3.647356 -0.004066
1.808475 -3.796277 0.027463
1.319651 -2.477470 0.055133
1.338038 -2.502550 0.008210
1.494314 -2.767765 -0.039596
1.843480 -3.604019 -0.014324
1.308948 -2.425872 0.001187
1.467805 -2.568932 0.011687
1.513559 -2.692736 0.006789
0.954145 -6.907644 -0.007969
1.165922 -6.751718 0.034002
1.236533 -6.932996 0.091578
1.322043 -6.483104 0.097078
1.294588 -6.651331 0.085813
1.386389 -6.106108 0.110342
1.357755 -6.282115 0.091481
1.437297 -5.784359 0.138472
1.409258 -5.983709 0.105869
1.470167 -5.607372 0.139703
1.570599 -5.040850 0.142259
1.584243 -4.978381 0.143297
1.695336 -4.345596 0.116324
1.674969 -4.491330 0.111039
1.754209 -3.997146 0.132239
1.731691 -4.173070 0.122943
1.760047 -3.724941 0.132751
1.775488 -3.874311 0.130542
2.409885 2.916619 -0.447481
2.656080 2.710508 -0.421024
2.533399 2.813274 -0.434745
2.541426 1.894259 -0.352004
1.843888 -0.364411 -0.507893
-1.117895 0.802293 -0.370875
0.061775 1.936500 -0.362850
-3.031307 -1.874508 -0.568766
0.028610 1.194687 -0.303109
-0.048020 1.058021 -0.297835
2.188032 2.961762 -0.263786
2.486153 2.878912 -0.247168
2.341536 2.937140 -0.255985
2.620103 2.785855 -0.236918
2.575068 2.215025 -0.215111
-0.154138 -0.715369 -0.555834
-0.287928 -0.828777 -0.556769
0.157734 -0.733174 -0.534170
-0.014661 -0.716807 -0.547035
-0.146877 -0.835548 -0.544874
-3.220831 -4.341316 -0.709728
2.563378 1.749397 -0.187823
0.502918 -0.681127 -0.536147
0.347228 -0.705853 -0.533957
-1.739796 -3.544034 -0.661788
-2.033057 -3.774516 -0.677676
-1.997982 -3.906670 -0.675813
-2.780711 -4.465405 -0.688706
1.027212 -0.783668 -0.519752
-0.222575 -2.309939 -0.552606
-1.988139 -4.007060 -0.679854
-2.329287 -4.472154 -0.706981
0.218229 -1.907476 -0.565403
-0.160746 -2.421914 -0.504810
-0.532604 -2.776781 -0.612569
-0.617477 -2.944293 -0.619571
-0.731992 -3.172767 -0.628738
-1.935360 -4.238357 -0.683567
-1.897079 -4.440129 -0.692219
1.825894 -0.820256 -0.424708
-0.085051 -2.856978 -0.619448
-0.741646 -3.315266 -0.629143
-0.820368 -3.532052 -0.623504
-0.850950 -3.613102 -0.639794
-1.653421 -4.351282 -0.623686
-0.329930 -3.271369 -0.636762
-0.402679 -3.446174 -0.652369
-0.422959 -3.666410 -0.658194
-0.806500 -3.875237 -0.594599
-0.897154 -3.966273 -0.639582
0.880840 -2.448354 -0.443848
-0.798086 -4.117110 -0.623090
1.312698 -2.375296 -0.378499
1.503791 -2.779747 -0.428429
1.864418 -3.633278 -0.388183
1.839755 -3.708692 -0.417883
1.638595 -4.917645 -0.473203
-1.063912 0.835919 -0.316961
-0.776580 0.521355 -0.289122
0.236373 0.938068 -0.257684
-0.183123 0.317851 -0.250811
-2.280959 -2.013758 -0.434975
0.483837 0.144682 -0.227751
-2.602907 -3.657871 -0.558956
-2.651626 -3.739347 -0.572239
-2.658135 -3.897058 -0.580758
-2.660722 -4.113066 -0.615977
1.182441 -0.150198 -0.181357
-0.097969 -1.545688 -0.385054
-0.558897 -2.346288 -0.405692
-2.588025 -4.468418 -0.494807
-2.897323 -4.650371 -0.679528
-0.177533 -2.074362 -0.350105
-0.252509 -2.332398 -0.316981
-0.432102 -2.364728 -0.353720
-0.044070 -2.428326 -0.252919
0.227862 -2.534204 -0.175199
0.130268 -2.523653 -0.198418
1.313814 -2.397185 -0.222621
1.384448 -2.502439 -0.302579
1.323425 -2.556000 -0.304889
1.536206 -2.694827 -0.248249
1.490791 -2.816245 -0.250231
-0.199096 -4.748184 -0.337384
0.146780 -4.824420 -0.313673
-0.019669 -4.785060 -0.340887
0.409004 -4.864230 -0.310514
1.853439 -3.632525 -0.253823
1.808721 -3.745289 -0.271666
1.694739 -4.483189 -0.195060
1.661928 -4.677806 -0.207740
1.654218 -4.788958 -0.305658
1.600589 -5.042759 -0.257287
1.586585 -5.210529 -0.314234
0.840393 -6.869339 -0.346796
0.071378 -8.435658 -0.628952
-4.380024 -1.694627 -0.143755
-4.780052 -2.094738 -0.313976
-4.187236 -1.732262 -0.246221
-4.287624 -1.905857 -0.213736
-3.874134 -1.729120 -0.198225
-4.291184 -2.051502 -0.274401
-4.384012 -2.117829 -0.293997
-3.549705 -1.776905 -0.203982
-0.631238 0.464923 0.137689
-3.009214 -2.822964 -0.182847
-3.551232 -3.441190 -0.316397
-3.576624 -3.541283 -0.327045
-2.658270 -3.928156 -0.225949
-2.679271 -4.140575 -0.215069
-2.908565 -4.232269 -0.236203
-0.249606 -2.309184 -0.106813
-0.426113 -2.382224 -0.140443
-1.644761 -3.689323 -0.155977
-2.166432 -4.368828 -0.160684
-2.339416 -4.340439 -0.173174
-1.950017 -4.412044 -0.147152
0.212132 -2.534270 -0.085502
0.140367 -2.534395 -0.047194
-0.981599 -3.908750 -0.064957
-1.179914 -4.336284 -0.090525
1.292309 -2.341854 -0.058561
-0.171970 -4.052183 -0.231864
-0.080021 -4.111543 -0.202456
-0.367638 -4.713201 -0.256760
-0.454789 -4.667689 -0.171971
-0.181976 -4.728666 -0.183742
1.332054 -3.421300 -0.007765
1.200897 -3.692664 -0.142550
0.292122 -4.570641 -0.017825
0.115827 -4.764727 -0.097260
-0.051291 -4.774372 -0.144483
1.355090 -3.752470 -0.143598
0.385027 -4.898522 -0.106538
1.841855 -3.645246 -0.078999
1.808163 -3.761917 -0.045629
1.759418 -3.955688 0.054617
1.724238 -4.115316 0.038823
1.709835 -4.397619 -0.093729
1.657011 -4.664892 -0.061202
1.636721 -4.824823 -0.077163
1.608847 -4.947423 -0.070174
0.434601 -7.517286 -0.150491
0.312097 -7.489156 -0.163476
0.529801 -7.466626 -0.139229
-0.436380 -10.321774 -0.355635
-1.101501 -10.912017 -0.402051
-0.829968 -10.955887 -0.431495
-0.828809 -11.709440 -0.553415
-0.785660 -13.814929 -0.548653
-0.837286 -13.810120 -0.565525
-2.154938 -4.071942 -0.067590
-2.010983 -4.091707 -0.040620
-1.027772 -3.874995 0.027854
-0.926431 -3.940171 0.016580
0.194887 -4.459872 0.001357
0.270618 -4.503971 0.009759
0.597724 -7.155526 -0.056457
0.324285 -7.504053 -0.046605
0.482102 -7.531804 -0.061760
0.041871 -8.588709 -0.138643
-0.566677 -10.430655 -0.150346
-0.628891 -10.867229 -0.245818
-0.811678 -10.917491 -0.197693
-0.928140 -11.100921 -0.155038
-0.756799 -11.135837 -0.142740
-0.946293 -13.798221 -0.358236
-1.127084 -13.792843 -0.160886
-0.884449 -13.842722 -0.152499
2.492637 1.920218 -0.466344
-0.327280 3.733580 -0.566613
2.099804 3.227172 -0.321891
2.277292 2.942277 -0.289268
2.620773 2.759173 -0.255544
2.496110 2.878253 -0.271470
0.136178 1.938230 -0.522866
0.038369 1.174734 -0.440637
-1.084588 0.798061 -0.462018
2.494845 1.878031 -0.198582
0.140292 1.147760 -0.461452
0.563321 -0.172576 -0.537274
-3.365446 -1.839328 -0.680687
-3.389674 -1.870734 -0.696752
0.101314 -0.733897 -0.579349
-0.226631 -0.803650 -0.591094
-0.303652 -0.879611 -0.582232
-3.202669 -1.882564 -0.690544
0.782755 -0.722974 -0.556769
0.622761 -0.701480 -0.563988
0.397026 -0.717140 -0.566819
0.016947 -0.798831 -0.570252
-2.501269 -1.997378 -0.632274
-2.867137 -2.212322 -0.698125
-2.932700 -2.282041 -0.709912
0.874727 -0.790197 -0.550251
0.691429 -0.834478 -0.553842
0.540750 -0.851053 -0.556452
1.426579 -0.962252 -0.521731
1.287239 -0.900706 -0.527762
1.563579 -1.013428 -0.520656
-0.131907 -1.781055 -0.442738
-0.139777 -1.822464 -0.469164
-1.302343 -2.444229 -0.624427
-1.749409 -2.789607 -0.657896
-2.127996 -2.869342 -0.675058
-0.498004 -2.613694 -0.617349
-1.780162 -2.911536 -0.659749
-2.185707 -3.229359 -0.681213
-2.227340 -3.302073 -0.691479
-0.687497 -2.870358 -0.627500
-0.777821 -2.876709 -0.614267
-1.556167 -3.084716 -0.649248
-1.833213 -3.217602 -0.666502
-2.206004 -3.413948 -0.685814
1.291325 -2.338977 -0.417382
-0.159617 -2.867667 -0.619004
-0.322091 -3.033679 -0.637205
-0.832302 -3.165965 -0.608333
-0.878128 -3.276211 -0.621543
-1.917941 -3.684387 -0.615470
-0.806422 -3.364145 -0.587978
-0.904535 -3.546817 -0.630301
-1.952130 -3.790304 -0.626917
1.854230 -3.606903 -0.393097
1.660894 -4.764699 -0.400441
1.624772 -4.915083 -0.427782
1.267329 -5.629820 -0.561738
1.194211 -5.677769 -0.572593
0.449323 -7.527304 -0.524366
-0.748637 1.127742 -0.328703
-0.003885 1.132686 -0.232857
-0.020466 1.098756 -0.362901
-1.059464 0.795115 -0.375197
-0.359382 0.429538 -0.372014
-0.766257 0.471288 -0.334149
-0.152377 0.329381 -0.321649
-0.227565 0.302661 -0.350762
1.082469 0.198644 -0.275529
0.780839 0.210089 -0.315456
0.469508 0.144961 -0.289429
1.137681 0.001913 -0.248774
1.385126 -0.191088 -0.234689
1.238109 -0.141920 -0.235975
-4.991590 -2.966212 -0.777898
1.886428 -0.454832 -0.227166
-2.191270 -2.053911 -0.568640
1.814948 -0.831140 -0.190450
-2.818997 -3.028803 -0.557094
-3.675386 -3.392872 -0.581495
-0.187337 -2.112834 -0.419087
-3.505792 -3.443118 -0.679466
-3.570718 -3.467048 -0.629969
-0.195797 -2.277586 -0.387912
-0.277027 -2.354009 -0.324431
-0.471527 -2.384013 -0.396903
0.046153 -2.494910 -0.225797
1.292857 -2.382728 -0.212628
1.544100 -2.590704 -0.260894
1.389516 -2.525187 -0.209567
-0.457066 -3.251532 -0.270730
1.554142 -2.609261 -0.184106
1.517130 -2.696077 -0.238551
1.826688 -3.730387 -0.203014
1.723556 -3.758250 -0.268473
-0.369837 -4.713193 -0.344723
0.058914 -4.807166 -0.323400
-0.111528 -4.773260 -0.332736
0.171952 -4.840424 -0.307853
1.669013 -4.595340 -0.145878
1.655194 -4.774011 -0.233775
1.617800 -4.917954 -0.185684
1.579492 -5.093902 -0.216576
1.551584 -5.285788 -0.264188
1.532690 -5.393763 -0.315750
1.478148 -5.801912 -0.261489
1.428329 -6.086339 -0.300641
1.384933 -6.355075 -0.339047
1.331504 -6.656208 -0.381785
0.955430 -6.901267 -0.418825
0.790210 -6.892954 -0.420645
0.625318 -6.900424 -0.425771
1.276095 -6.810637 -0.404643
1.081620 -6.919578 -0.420310
1.240321 -7.178164 -0.457572
0.438194 -7.494922 -0.310816
0.280571 -7.483046 -0.428571
2.480981 1.870108 0.107161
0.401762 0.190727 0.104831
0.223954 0.228857 0.104766
1.174474 0.322490 0.105928
0.531008 0.169900 0.105514
-3.874012 -1.735219 -0.286518
-4.179824 -1.744903 -0.290229
-4.282499 -1.902509 -0.292343
-4.788184 -2.097106 -0.334775
1.245667 0.201592 0.105214
-3.248456 -1.864848 -0.249295
-4.307246 -2.086252 -0.296462
-2.863265 -1.919429 -0.213693
-2.446247 -2.006226 -0.176621
-2.647051 -1.989134 -0.158587
-1.906009 -2.113902 -0.101683
-2.087114 -2.077023 -0.130553
-1.653242 -2.151451 -0.104638
-2.994678 -2.809325 -0.202008
-3.067293 -2.979846 -0.210137
1.458089 -1.306724 0.143964
-0.238164 -2.229909 -0.078074
-3.591846 -3.515908 -0.260809
2.208461 -1.436327 0.204433
0.114327 -2.149493 -0.019876
-0.218150 -2.282479 -0.109883
-0.292763 -2.370929 -0.124951
-0.499127 -2.386140 -0.047582
2.147040 -1.615878 0.198702
0.199215 -2.548249 -0.096444
0.098703 -2.531537 -0.044399
-1.590509 -3.306378 -0.095770
-3.837641 -4.101823 -0.292783
1.280816 -2.364289 0.010979
-1.442045 -3.471919 -0.087728
-2.677883 -4.021172 -0.198789
-2.994836 -4.213521 -0.220067
-3.252829 -4.169641 -0.240404
1.521121 -2.589892 -0.032215
1.364775 -2.514560 -0.026458
-2.775846 -4.265625 -0.199345
1.536199 -2.617090 0.013868
1.504294 -2.746604 -0.016952
1.335607 -3.395369 -0.003795
1.312537 -3.447733 0.000252
-0.168697 -4.066895 -0.203415
1.187403 -3.710826 -0.114342
1.166103 -3.696885 -0.103450
-0.747435 -4.628569 -0.144653
1.824197 -3.683361 -0.020384
1.314076 -3.824160 -0.104056
0.157042 -4.496865 0.008574
0.096248 -4.480114 0.008914
-0.419337 -4.671762 -0.179786
0.044164 -4.823643 -0.132403
-0.141159 -4.760903 -0.141097
1.714406 -4.322400 -0.044078
1.701416 -4.374219 -0.085023
0.388132 -4.902557 -0.142497
0.152774 -4.840513 -0.117731
1.662900 -4.563010 -0.038086
1.652571 -4.746369 -0.125386
1.607455 -4.891429 -0.007389
1.576246 -5.081205 -0.034573
1.539796 -5.257679 -0.029842
1.498067 -5.503801 -0.076779
1.457400 -5.717076 -0.098855
0.431811 -7.528753 -0.045210
0.291180 -7.501088 -0.051772
-4.334462 -1.985046 -0.183202
-4.823357 -2.164279 -0.179945
-5.370473 -2.273116 -0.067122
-4.336986 -2.092059 -0.134282
-4.855107 -2.373677 -0.178289
-3.066059 -2.839307 -0.073216
-3.113429 -3.016520 -0.090149
-3.137792 -3.164895 -0.119234
-4.153837 -3.423593 -0.177149
-2.608633 -3.967684 -0.100377
-3.133774 -4.203871 -0.182938
-3.404306 -4.159771 -0.197071
-1.642272 -3.764072 -0.013255
-2.076840 -4.087570 -0.081497
-2.344944 -4.048459 -0.089877
-2.858829 -4.235282 -0.168238
-2.027096 -4.109919 -0.038075
2.490290 1.921977 -0.486442
2.518651 1.901244 -0.476074
1.844521 0.155416 -0.529448
2.217545 2.957908 -0.202210
2.509133 2.872806 -0.179487
2.364261 2.921148 -0.191641
0.145455 1.944225 -0.535375
2.615711 2.703701 -0.162914
0.008690 1.198521 -0.462180
-1.064131 0.799744 -0.469039
0.060477 1.147476 -0.424456
0.431093 0.298335 -0.563972
-3.527836 -1.844887 -0.690169
-3.827487 -1.984415 -0.705665
0.849042 -0.265667 -0.425262
0.775389 -0.216052 -0.439765
-0.230637 -0.808422 -0.594122
-3.051221 -1.885977 -0.637795
0.567525 -0.718019 -0.567821
0.348863 -0.740508 -0.569516
0.092026 -0.756034 -0.579820
-0.064407 -0.790205 -0.583212
-2.788696 -2.075357 -0.696433
1.873320 -0.480734 -0.415755
0.843606 -0.801898 -0.554696
0.684049 -0.811847 -0.557948
0.488190 -0.867478 -0.558710
-2.323892 -2.010147 -0.603113
-2.725035 -2.272977 -0.676116
1.234875 -0.892846 -0.540939
0.986482 -0.863231 -0.546827
1.486107 -1.021845 -0.525792
-0.133934 -1.727052 -0.466623
-0.180388 -2.072687 -0.565494
-2.035758 -2.857183 -0.665085
0.582714 -1.848432 -0.564981
-0.210479 -2.220889 -0.540193
-1.635529 -2.759276 -0.634271
-1.694416 -2.906514 -0.646903
-2.099586 -3.129033 -0.676518
-0.424233 -2.546573 -0.607664
-0.692135 -2.786300 -0.622156
-2.082369 -3.306522 -0.670584
-0.172912 -2.806926 -0.615506
-0.306816 -2.928653 -0.626099
-0.732199 -2.959466 -0.601597
-0.880523 -3.118393 -0.627542
1.371609 -2.494690 -0.408817
-0.369764 -3.042203 -0.637563
-0.841436 -3.303405 -0.602774
-0.885644 -3.400612 -0.621122
1.568212 -2.796267 -0.458578
1.829670 -3.659433 -0.409674
1.654614 -4.760227 -0.415541
1.614689 -4.831096 -0.446023
1.632397 -4.960106 -0.448219
1.186734 -5.632464 -0.561528
1.135198 -5.651607 -0.564345
1.242993 -5.634098 -0.564958
1.229798 -6.610999 -0.582494
-0.793971 1.153412 -0.260724
-1.045986 0.815510 -0.386749
-0.790771 0.495097 -0.380449
-0.179324 0.338057 -0.340572
-0.255162 0.336887 -0.306562
0.442296 0.165675 -0.290715
1.086711 0.172768 -0.280165
1.327023 -0.169403 -0.245145
1.225215 -0.128902 -0.252336
-2.943942 -1.911365 -0.582389
-3.235743 -1.854511 -0.605833
-4.332764 -2.492700 -0.708050
1.371286 -0.178748 -0.248984
1.833007 -0.692033 -0.215832
-3.755439 -3.323454 -0.709545
-0.194208 -2.101009 -0.413716
-2.843189 -3.027872 -0.576306
-3.519511 -3.416165 -0.597489
-3.572509 -3.455029 -0.590261
-0.239869 -2.260148 -0.291337
-0.314146 -2.355860 -0.327448
-0.491963 -2.348064 -0.406376
1.284512 -2.308118 -0.205257
1.351904 -2.472043 -0.198322
-0.521076 -3.188398 -0.288705
1.528749 -2.594873 -0.213643
1.490962 -2.656225 -0.234331
1.471306 -2.836515 -0.174116
-0.925684 -3.898535 -0.515426
1.820784 -3.703893 -0.168032
1.359953 -3.824988 -0.134216
1.817821 -3.779469 -0.210146
0.194288 -4.815222 -0.321605
1.709371 -4.365529 -0.124784
1.679371 -4.551502 -0.147451
0.404297 -4.901380 -0.306230
1.649432 -4.761456 -0.191990
1.614157 -4.876608 -0.214526
1.594504 -5.056868 -0.221197
1.554340 -5.308201 -0.285203
1.499795 -5.683419 -0.245816
1.477686 -5.802930 -0.261367
1.455903 -5.938540 -0.279319
1.415611 -6.169990 -0.310474
1.351362 -6.540657 -0.361319
0.705350 -6.901512 -0.416308
1.276863 -6.788409 -0.396112
1.000887 -6.915379 -0.413993
1.245306 -7.154172 -0.447710
0.549183 -7.499470 -0.366859
0.419738 -7.500790 -0.433553
0.243273 -7.509696 -0.382119
2.489065 1.890421 0.102892
0.018294 0.405934 0.104125
0.268098 0.216867 0.104217
0.647202 0.227020 0.104822
0.479215 0.219820 0.104639
-3.990682 -1.728753 -0.268670
-4.254987 -1.764335 -0.293779
-4.269094 -1.879691 -0.280130
-4.785569 -2.132902 -0.328610
-4.306679 -2.057484 -0.287459
-4.833550 -2.259625 -0.278975
0.730482 -0.395192 0.101662
-2.001109 -2.064912 -0.103891
-2.270349 -2.018145 -0.126192
-1.550225 -2.152427 -0.066828
-1.750915 -2.115217 -0.082918
-3.008254 -2.814032 -0.189325
-3.068192 -2.978378 -0.223421
-4.148560 -3.336785 -0.257206
-3.096195 -3.153260 -0.228315
-3.556669 -3.419930 -0.270195
-3.583587 -3.519726 -0.273465
0.109642 -2.159869 -0.028473
-0.240739 -2.250359 -0.099689
-0.307188 -2.364017 -0.109106
2.407836 -1.504295 0.211789
0.123684 -2.523493 -0.027508
0.070005 -2.526587 -0.083044
1.271698 -2.325457 -0.007637
0.236538 -2.524292 -0.163196
-1.114851 -3.227602 -0.039209
-1.323227 -3.305545 -0.056262
-1.810969 -3.550798 -0.097786
-2.670856 -3.970872 -0.204977
1.339324 -2.462444 -0.012853
-1.647389 -3.655285 -0.088846
-2.684376 -4.053248 -0.207935
-2.808908 -4.205192 -0.220418
-3.109096 -4.179298 -0.208244
2.178184 -2.450045 0.188056
1.517818 -2.598584 -0.032352
1.481295 -2.670037 -0.011909
-1.329236 -3.771681 -0.070169
-2.634251 -4.269106 -0.192405
1.331005 -3.388808 0.030980
-0.202110 -4.027008 -0.216261
1.335055 -3.433675 0.035501
-0.152579 -4.042280 -0.207358
1.815329 -3.667714 -0.009731
1.349859 -3.783526 -0.114097
-0.431116 -4.666739 -0.167978
1.786156 -3.837569 0.021184
-0.034595 -4.746585 -0.144418
-0.176399 -4.709722 -0.133831
1.703731 -4.298089 -0.054585
0.254086 -4.836348 -0.117169
0.133073 -4.809445 -0.133302
1.692944 -4.371445 -0.066788
1.670566 -4.528366 -0.043539
1.624605 -4.766280 -0.003547
1.584768 -4.939198 -0.045455
1.570682 -5.088880 -0.061145
1.553662 -5.262490 -0.079631
1.523129 -5.437346 -0.099035
1.470785 -5.596313 -0.117465
0.266334 -7.501841 -0.056439
-4.335207 -1.967197 -0.161866
-4.821718 -2.113315 -0.169914
-5.410664 -2.301476 -0.069663
-4.350676 -2.059436 -0.154448
-4.834996 -2.266434 -0.173962
-4.851511 -2.379275 -0.167348
-3.010141 -2.742298 -0.099233
-3.026964 -2.806029 -0.088187
-3.092758 -2.948052 -0.067571
-4.146310 -3.337686 -0.169779
-4.157718 -3.421225 -0.167644
-3.135808 -3.111123 -0.108208
-4.188918 -3.585160 -0.171409
-2.621712 -3.921447 -0.086309
-3.387012 -4.142138 -0.181768
-1.590344 -3.669535 -0.019083
-1.667358 -3.741060 -0.013289
-2.345047 -4.034299 -0.081488
-2.587850 -4.071215 -0.095060
-2.879298 -4.220413 -0.158748
-3.139929 -4.188398 -0.170882
-2.052142 -4.089787 -0.044020
-0.973069 -3.940050 0.020659
-2.081131 -4.382233 -0.121976
-2.219985 -4.357305 -0.128370
-5.409194 -2.284691 -0.025118
-0.642105 1.358939 -0.582695
-0.720196 1.289292 -0.583844
0.344198 1.198801 -0.520827
0.537126 1.173824 -0.521071
0.595291 0.992387 -0.540753
0.790599 1.038704 -0.535817
-0.770801 1.323605 -0.571964
-4.958761 -2.726739 -0.720582
-0.018202 1.151244 -0.506319
-0.113177 1.087055 -0.508713
0.257314 1.201911 -0.516980
0.154885 1.139034 -0.511240
2.529649 2.798224 -0.180572
-0.139596 0.517646 -0.428324
-0.221391 0.341274 -0.408091
-2.957605 -2.281540 -0.694441
2.620353 2.643237 -0.169168
-2.950325 -2.743001 -0.692613
0.422883 0.267360 -0.390829
-2.147492 -2.039871 -0.604209
-2.987405 -2.891042 -0.703685
-3.536979 -3.493777 -0.731290
0.954033 0.253057 -0.405154
1.099747 0.212923 -0.395027
1.029211 0.237981 -0.406537
0.805548 -0.210769 -0.334903
-0.211043 -0.908713 -0.570629
1.166261 -0.093125 -0.342159
-2.144583 -3.353269 -0.672743
-2.151037 -3.481549 -0.679867
-2.392020 -3.680126 -0.679802
-0.182806 -1.970955 -0.509325
-0.212894 -2.122127 -0.462831
-0.422020 -2.368701 -0.474095
-1.058837 -2.880439 -0.630310
-1.102684 -3.035794 -0.635707
-1.840232 -3.544221 -0.591541
-2.037094 -3.709979 -0.661147
-2.054100 -3.779032 -0.671477
-0.224911 -2.272641 -0.503017
-1.108227 -3.140606 -0.650614
-1.175606 -3.337349 -0.649458
-1.958000 -4.038760 -0.669672
-0.047413 -2.510882 -0.490078
-1.095063 -3.519965 -0.638856
1.352933 -2.457885 -0.396060
1.442741 -2.538425 -0.401206
1.506114 -2.731146 -0.388121
1.466606 -2.884771 -0.433469
1.391417 -3.107124 -0.472739
1.384413 -3.289458 -0.474231
1.373632 -3.421420 -0.469411
1.837015 -3.666891 -0.409122
1.622498 -4.929256 -0.429195
1.541926 -5.404878 -0.550657
1.327800 -5.540958 -0.563406
1.473870 -5.480684 -0.561657
-4.203444 -1.675119 -0.563690
-4.273282 -1.980623 -0.586436
-4.392149 -2.209208 -0.616002
-4.267724 -2.447561 -0.600804
-4.477219 -2.531995 -0.636676
-4.547531 -2.639402 -0.652649
-3.722569 -3.355403 -0.521656
-2.840001 -2.977549 -0.575263
-3.574893 -3.499123 -0.546370
-3.607921 -3.667567 -0.490015
-2.836023 -3.049842 -0.576495
-2.935933 -3.621266 -0.418674
-2.673932 -3.719734 -0.476055
-0.675693 -2.331763 -0.209355
-2.662135 -3.943517 -0.484988
-0.236424 -2.240646 -0.313170
-0.486188 -2.368510 -0.241068
-0.661789 -2.329523 -0.365810
-2.691954 -4.531255 -0.526449
0.065961 -2.328604 -0.355455
-0.244211 -2.346167 -0.330436
-0.318171 -2.393993 -0.198937
1.766684 -0.992063 -0.220941
1.258777 -2.220441 -0.266127
1.350024 -2.474533 -0.222770
1.465108 -2.559592 -0.221996
1.488838 -2.759120 -0.183869
1.431585 -2.944746 -0.153045
1.387032 -3.115988 -0.261898
1.380894 -3.276697 -0.207051
1.363972 -3.427872 -0.240046
1.205333 -3.796833 -0.227810
1.176278 -3.973809 -0.191642
1.826168 -3.690235 -0.263812
1.812817 -3.793716 -0.247709
1.699358 -4.379236 -0.149249
1.664946 -4.585755 -0.253812
1.658780 -4.681090 -0.283070
1.601806 -4.899008 -0.211190
1.592921 -5.034627 -0.292809
1.551681 -5.207662 -0.309131
1.484142 -5.710919 -0.218327
1.383661 -6.290646 -0.275828
1.345569 -6.545135 -0.323659
1.071581 -6.798212 -0.328656
1.293029 -6.764842 -0.343478
1.177724 -7.017555 -0.408317
0.552787 -7.446643 -0.554072
-4.815320 -2.265517 -0.226666
2.595941 2.831486 0.182945
-2.956703 -2.772518 -0.096577
-3.014296 -2.928071 -0.135726
-3.072792 -3.146020 -0.136807
-0.223848 -2.194193 -0.075558
-0.518855 -2.363041 -0.083367
0.180228 -2.177755 0.058239
-0.246614 -2.301572 -0.053849
-0.351421 -2.405839 -0.016481
0.190161 -2.609798 -0.071390
1.503110 -2.598640 -0.034207
1.492763 -2.745707 -0.009773
1.433061 -2.968205 0.011219
1.397607 -3.114289 -0.025660
-0.333352 -4.673885 -0.118072
1.395070 -3.257782 -0.043483
1.353405 -3.435548 -0.030494
-0.024569 -4.722437 -0.084937
-0.159221 -4.746250 -0.155079
1.380842 -3.745631 -0.074988
1.266827 -3.831221 -0.102857
1.178487 -3.959871 -0.150780
0.135199 -4.816451 -0.193905
1.800840 -3.685827 -0.059811
1.520850 -3.716991 -0.063212
1.350165 -3.873010 -0.066515
1.806960 -3.804505 -0.055789
1.660826 -4.224397 -0.070031
1.706721 -4.299484 -0.076458
1.638742 -4.532334 -0.011479
1.624081 -4.690192 -0.055241
1.593332 -4.908825 -0.132665
1.347355 -6.245800 0.017384
1.317362 -6.526034 0.000648
1.292880 -6.658059 -0.002971
1.256861 -6.823878 -0.020369
-5.027651 -3.472772 -0.066644
-5.045082 -3.632842 -0.077432
-5.076938 -3.800737 -0.063659
-4.180469 -3.480091 -0.151482
-4.199227 -3.663136 -0.140267
-3.841704 -3.772270 -0.127093
-2.530548 -3.629967 -0.063682
-2.599783 -4.031095 -0.108644
-2.329833 -4.045969 -0.063746
-1.607231 -3.764040 0.020604
-2.092948 -4.065175 -0.061949
-2.150756 -4.077183 -0.058242
-1.028535 -3.882116 0.051183
-0.726336 -3.937013 0.048836
-1.046133 -4.263660 0.020126
-0.058632 -4.414458 0.022000
0.037184 -4.460987 0.018736
1.384368 -6.128829 0.031261
0.002186 1.278429 -0.501908
-4.184382 -1.811072 -0.669839
-4.348343 -2.345974 -0.681659
-4.083936 -2.089477 -0.642240
-4.294351 -2.454370 -0.669635
-3.737541 -1.794478 -0.594241
-3.678233 -1.998497 -0.688627
-3.788244 -2.060002 -0.653726
-3.549140 -2.607501 -0.702033
-3.006376 -3.362749 -0.678208
-2.685842 -4.166198 -0.675567
-3.320903 -5.260725 -0.739792
0.308070 1.891580 -0.441690
0.194347 1.872557 -0.445927
-0.042650 1.203135 -0.385060
-2.703717 -4.606508 -0.677752
0.107444 1.173813 -0.445320
-1.707735 -2.880167 -0.645562
-1.761059 -3.064214 -0.649662
-1.893843 -3.697282 -0.668159
-2.558175 -4.891337 -0.717172
-1.155160 -2.610786 -0.623430
-1.159742 -2.683574 -0.620872
-1.695610 -3.383641 -0.653674
-1.617574 -3.645559 -0.615525
-0.885235 -2.293296 -0.498058
-1.288130 -3.156150 -0.656880
-1.300349 -3.321119 -0.661598
-1.283312 -3.500851 -0.674825
-1.638915 -3.823732 -0.652119
-1.668095 -3.991778 -0.661582
-1.644834 -4.113352 -0.662051
-1.239632 -3.571275 -0.670251
-1.384704 -4.103248 -0.583903
-1.517911 -4.228039 -0.650808
1.588059 -0.726201 -0.482229
1.701624 -0.888683 -0.471886
1.701850 -1.413516 -0.439314
1.831481 -3.662184 -0.419174
0.956835 -6.863717 -0.644833
1.410450 -6.308250 -0.510620
1.364326 -6.414569 -0.533334
1.187631 -6.828576 -0.623349
-4.198230 -1.893279 -0.391347
-3.107437 -1.910682 -0.481953
-2.683955 -4.180014 -0.595685
-2.677698 -4.514096 -0.547364
0.374988 0.850709 -0.096655
-1.014663 -2.283657 -0.340571
-0.784537 -2.323364 -0.271018
-0.849494 -2.313098 -0.325156
-1.244334 -3.628849 -0.438451
-0.950982 -4.617047 -0.343170
-0.860739 -4.623069 -0.332113
1.835942 -0.407117 -0.195031
1.798930 -0.619963 -0.177980
1.769483 -0.806397 -0.163431
1.271603 -2.087024 -0.247299
1.252925 -2.174362 -0.237715
1.822014 -0.993020 -0.102894
1.287429 -2.337418 -0.237588
1.394452 -2.485194 -0.244550
1.503578 -2.669625 -0.287656
1.462493 -2.899294 -0.281586
1.454938 -3.006874 -0.275356
1.416152 -3.186516 -0.288807
1.393166 -3.359962 -0.303407
1.237981 -3.706896 -0.315830
1.201032 -3.850360 -0.317493
2.003269 -2.482730 -0.117838
1.824360 -3.692511 -0.167282
1.811084 -3.790820 -0.176179
1.674975 -4.468947 -0.215873
1.660216 -4.636415 -0.267045
1.636621 -4.864353 -0.266500
1.491832 -5.438032 -0.352786
1.462584 -5.734029 -0.465646
-3.037464 -2.949144 -0.091115
-3.087962 -3.091671 -0.094504
-1.087733 -2.274402 -0.134708
-1.990312 -4.435728 -0.284386
-0.948111 -2.307344 -0.116660
-1.780710 -4.389902 -0.255481
-0.740461 -2.957130 0.017519
-1.647092 -4.442364 -0.125671
-0.342342 -2.467229 -0.037081
-1.356556 -4.535475 -0.256204
-1.407866 -4.781204 -0.293311
-0.931432 -4.594423 -0.191680
-0.478464 -3.932987 -0.193155
-0.672981 -4.322397 -0.022868
-0.887153 -4.580393 -0.147684
0.910204 -1.422154 0.161506
0.763314 -1.489287 0.154145
1.259659 -2.134563 0.023990
1.239182 -2.201627 0.017865
0.097318 -4.780198 -0.248065
1.785784 -1.235243 0.194534
1.797696 -1.415935 0.186077
1.796759 -1.594712 0.177594
1.284154 -2.380290 -0.002400
1.378290 -2.492203 -0.014000
0.191292 -4.798148 -0.248359
1.768134 -1.678166 0.172650
1.477169 -2.685891 -0.048131
1.455500 -2.917368 -0.029876
1.351157 -3.208741 -0.092211
2.224840 -1.463676 0.193500
2.214116 -1.619700 0.185282
1.457601 -2.993696 -0.054474
1.408080 -3.182542 -0.072523
1.375998 -3.400228 -0.081603
1.327162 -3.824698 -0.128039
1.199307 -3.894111 -0.138131
1.370626 -3.787566 -0.114940
1.798748 -3.649509 -0.094902
2.852681 -2.174401 0.165713
1.707130 -4.284551 0.075890
1.652657 -4.683368 0.066289
1.611576 -4.953168 0.058805
1.596784 -5.138816 0.053162
-3.094807 -3.063592 -0.077066
-1.938326 -4.119851 -0.023389
1.564610 -5.263011 0.049329
-6.588376 -4.244000 -3.849668
-4.350282 -2.150082 -0.645741
-4.298355 -2.288912 -0.645211
-3.844001 -1.815867 -0.665820
-4.108860 -2.068783 -0.590610
-4.281065 -2.420636 -0.652073
-3.770949 -1.962042 -0.642054
-2.254903 -2.037127 -0.622392
-1.943426 -2.086246 -0.568719
-2.234990 -2.830081 -0.643835
-2.257542 -3.012311 -0.645956
-1.480049 -2.172714 -0.549156
-1.678692 -2.548735 -0.618583
-1.735647 -2.690031 -0.619783
-2.196058 -3.402296 -0.617074
-2.271050 -3.533918 -0.648436
-2.235231 -3.798684 -0.648647
-1.341025 -2.213496 -0.473114
-1.799198 -2.995368 -0.637541
-1.829107 -3.217733 -0.665933
-1.796910 -3.398216 -0.664613
-1.980124 -3.666982 -0.538354
-2.154568 -3.802262 -0.622954
-2.762073 -5.213069 -0.683438
-1.858766 -3.813523 -0.532796
-1.730428 -3.935837 -0.526253
-1.331757 -4.387323 -0.621210
-0.034417 -2.279523 -0.400807
0.186226 -2.393244 -0.500639
1.248251 -2.180454 -0.351850
1.273160 -2.246880 -0.369305
1.319779 -2.424385 -0.373816
1.509713 -2.657275 -0.417940
1.474177 -2.839789 -0.413195
1.421711 -3.027320 -0.396748
1.427584 -3.083467 -0.419457
1.379130 -3.327742 -0.423888
1.839830 -3.646451 -0.478402
1.642294 -4.402981 -0.508575
1.521653 -4.769858 -0.538087
1.431437 -5.048227 -0.566864
1.271393 -5.200744 -0.570569
-2.827842 -3.624362 -0.340434
-1.564744 -2.170018 -0.276839
-1.372005 -2.203562 -0.305822
-1.461908 -2.188424 -0.287423
-1.540729 -4.473756 -0.353931
-1.021249 -3.872114 -0.395106
-1.403644 -4.506250 -0.342487
0.012752 -2.078541 -0.131328
-1.103662 -4.702391 -0.412151
-1.160836 -4.813088 -0.389096
-0.783461 -4.625532 -0.334528
-0.924770 -4.632209 -0.325312
1.253752 -2.150344 -0.125078
1.265033 -2.275768 -0.126429
1.295732 -2.410373 -0.124205
1.475761 -2.651144 -0.143075
1.467309 -2.844927 -0.161313
1.433456 -2.999187 -0.124036
1.425129 -3.108628 -0.164555
1.378646 -3.332794 -0.170564
1.200015 -3.851904 -0.201150
1.806227 -3.631562 -0.224696
1.398024 -6.007167 -0.438359
-3.051728 -2.931185 -0.202766
-3.077231 -3.104253 -0.196640
-3.428741 -4.108567 -0.115071
-2.552433 -2.936731 -0.245948
-1.571239 -2.173536 -0.081923
-1.396661 -2.212754 -0.087992
-1.456250 -2.202561 -0.087160
-1.729709 -3.762443 -0.249949
-0.818186 -2.387060 -0.016685
-1.852848 -4.416842 -0.176599
-0.736807 -2.431440 -0.074068
-1.566077 -4.474853 -0.173621
-0.395424 -2.445022 -0.082921
-1.033223 -3.857398 -0.084249
-1.286752 -4.187203 -0.025282
-1.244205 -4.259704 -0.026202
-1.392069 -4.513577 -0.163478
0.013756 -2.100222 -0.010673
0.023920 -2.451930 0.013312
-1.036998 -4.518045 -0.069501
-0.984902 -4.633113 -0.171589
0.563067 -1.693532 0.153895
0.396272 -1.746969 0.147380
0.064794 -2.505063 -0.110594
-0.455689 -3.972590 -0.205438
-0.828058 -4.607111 -0.126968
-0.379557 -3.985561 -0.210649
-0.710879 -4.676235 -0.196206
1.235960 -2.269261 -0.087708
1.248191 -2.361861 -0.091472
1.405462 -3.153216 0.105259
1.803613 -3.788059 -0.132706
1.701075 -4.385426 -0.144233
1.609882 -4.705638 0.059703
1.639121 -4.769741 -0.158726
-1.062128 -3.928602 0.034999
-0.933671 -4.284529 0.023306
-1.541846 -5.545065 -0.012649
-0.744790 -4.313531 0.009678
1.588289 -4.873005 0.055010
-4.155362 -1.727011 -0.661192
-4.344456 -2.179592 -0.677945
-3.996158 -1.974253 -0.549708
-4.230074 -2.382653 -0.626894
-4.293928 -2.492560 -0.649759
-3.600176 -3.710011 -0.696486
-2.539576 -2.606970 -0.642796
-2.210053 -2.059686 -0.538024
-2.544730 -2.814687 -0.652128
-2.630257 -3.018188 -0.659595
-2.605820 -3.189071 -0.667109
-2.771787 -3.594518 -0.681764
-2.746414 -3.635626 -0.679542
-2.070109 -2.627244 -0.633732
-2.507871 -3.351448 -0.603098
-2.596955 -3.565789 -0.670804
-2.631261 -3.764330 -0.662928
-1.683013 -2.154363 -0.487350
-2.149497 -2.965098 -0.646346
-2.176702 -3.195464 -0.674447
-2.131376 -3.419264 -0.676924
-2.401959 -3.750302 -0.586243
-2.427084 -3.930981 -0.633094
-2.101122 -3.477339 -0.677904
-2.285930 -4.016086 -0.611686
-1.527936 -4.374492 -0.649524
-0.146060 -2.490694 -0.464328
0.236447 -2.394551 -0.484175
1.253924 -2.277631 -0.401550
1.214329 -4.289958 -0.504550
1.757223 -3.649775 -0.550242
1.645243 -4.119687 -0.562832
1.585386 -4.314014 -0.572243
1.474060 -4.598646 -0.586714
1.374974 -4.752491 -0.591594
1.151835 -5.049744 -0.603739
1.600868 -4.377487 -0.581450
1.509963 -5.458838 -0.528710
1.340324 -5.925702 -0.622466
-1.785025 -2.131367 -0.339342
-1.906170 -2.115115 -0.328500
-1.691965 -2.162637 -0.337046
-2.072993 -3.487923 -0.429910
-1.734430 -4.450741 -0.351316
-1.601515 -4.495317 -0.355277
-1.012561 -3.839715 -0.350084
-1.047483 -3.844169 -0.453036
-1.416045 -4.542383 -0.334083
-1.138665 -4.603710 -0.410568
-0.813733 -4.636672 -0.342778
-0.620577 -4.638591 -0.345538
1.262512 -2.318850 -0.157444
1.439627 -2.973326 -0.192971
1.402143 -3.187685 -0.206646
1.370377 -3.360119 -0.225548
1.237144 -3.680561 -0.227345
1.208683 -3.847278 -0.241070
1.844566 -3.600899 -0.354742
1.716593 -4.431451 -0.187779
1.689665 -4.640154 -0.195032
1.664441 -4.813397 -0.202158
1.639560 -4.946827 -0.207512
1.595943 -5.181807 -0.219078
1.504681 -5.718206 -0.248304
1.444503 -6.101366 -0.273563
-4.798991 -2.101359 -0.068534
-4.332694 -1.774972 -0.036542
-4.314033 -1.945906 -0.043342
-4.355787 -2.099301 -0.051893
-3.002977 -2.889381 -0.170710
-3.067531 -3.040326 -0.181578
-2.639259 -2.819286 -0.211051
-1.849006 -2.126018 -0.061336
-1.893396 -2.131109 -0.118675
-1.738370 -2.156428 -0.151738
-1.156395 -2.313483 -0.041792
-2.020709 -4.369574 -0.187267
-0.954102 -2.380621 -0.109160
-1.667257 -3.778443 -0.226299
-1.815578 -4.426610 -0.120018
-0.723904 -2.408537 -0.101436
-1.612287 -4.469296 -0.166674
-0.020118 -1.487476 0.133346
-0.047767 -1.585622 0.127942
-1.031608 -3.847442 -0.115200
-1.016589 -3.874796 -0.107857
-1.168221 -4.251427 -0.040970
-1.326001 -4.457369 -0.082030
-1.398940 -4.546684 -0.173631
0.405242 -1.321725 0.151123
-0.939977 -4.297398 -0.023766
-1.131863 -4.488035 -0.113829
-1.293479 -4.861818 -0.244283
0.058496 -2.492844 -0.042072
-0.492775 -3.978265 -0.208436
-0.846260 -4.613417 -0.148220
0.819919 -1.499968 0.149881
-0.665423 -4.620677 -0.108295
2.275735 -2.072352 0.136201
2.102119 -2.336840 0.116799
1.634032 -4.749860 0.047225
1.586724 -4.808674 0.045801
1.609524 -4.977369 0.042237
1.603060 -5.130691 0.038219
1.510034 -5.636183 -0.135067
-1.383600 -4.232509 -0.014673
-1.058474 -3.887010 0.010118
-1.251502 -4.227546 -0.003438
-0.920941 -4.268925 -0.000500
3.665785 -3.971399 -5.138967
-4.047359 -1.679886 -0.636318
-4.334639 -2.128859 -0.644692
-4.341837 -2.343457 -0.647196
-4.180374 -2.050612 -0.643266
-4.251036 -2.277948 -0.621689
-4.188906 -2.440518 -0.621690
-3.652914 -3.700305 -0.709014
-2.548918 -2.623731 -0.653624
-2.107941 -2.060697 -0.503866
-2.555093 -2.798191 -0.661795
-2.634353 -2.983711 -0.665265
-2.610070 -3.184666 -0.627385
-2.767868 -3.577207 -0.683362
-2.762681 -3.627838 -0.689472
-2.029619 -2.575379 -0.634417
-2.139249 -2.926908 -0.645598
-2.508198 -3.339361 -0.607460
-2.663551 -3.607611 -0.707780
-1.621383 -2.158376 -0.467183
-1.741731 -2.138537 -0.524340
-2.164510 -3.017467 -0.669720
-2.178795 -3.197535 -0.679659
-2.136448 -3.397820 -0.682179
-2.423695 -3.727989 -0.594834
-2.481024 -3.922216 -0.662125
-2.489268 -3.997973 -0.672250
-2.251590 -3.972975 -0.597357
-1.479719 -4.353914 -0.633672
-0.105072 -2.473897 -0.503142
1.239258 -4.331563 -0.513037
1.725192 -3.666904 -0.544250
1.585542 -4.115699 -0.551505
1.554459 -4.336839 -0.568773
1.431410 -4.595201 -0.578750
1.265192 -4.782475 -0.578637
1.086146 -5.064225 -0.597341
0.997246 -5.130620 -0.596769
1.487681 -5.419895 -0.530391
-1.795668 -2.113205 -0.354995
-1.880183 -2.109672 -0.292324
-1.701944 -2.146817 -0.320860
-2.135442 -3.463002 -0.450983
-1.751099 -4.442113 -0.376348
-1.589621 -4.491024 -0.347229
-1.021551 -3.834172 -0.388986
-1.044682 -3.854539 -0.454973
-1.396110 -4.547003 -0.321615
-0.863410 -4.636220 -0.348759
-0.638765 -4.660074 -0.348550
1.277589 -2.358201 -0.156752
1.445528 -2.999380 -0.203486
1.415505 -3.186450 -0.202114
1.370729 -3.350607 -0.219582
1.219177 -3.726072 -0.226810
1.187705 -3.891143 -0.241293
1.855777 -3.634975 -0.367957
1.715200 -4.460749 -0.189588
1.680255 -4.664960 -0.197221
1.652704 -4.837888 -0.203646
1.623943 -4.967226 -0.209136
1.582448 -5.204576 -0.221033
1.502019 -5.617052 -0.243905
-3.008349 -2.872012 -0.165744
-3.033275 -2.970603 -0.170184
-1.805575 -2.127393 -0.112151
-1.898399 -2.115039 -0.089496
-1.719726 -2.152245 -0.125798
-1.127858 -2.319452 -0.042214
-2.048827 -4.365183 -0.213735
-0.947073 -2.387937 -0.100391
-1.671691 -3.798421 -0.229059
-1.732796 -4.356562 -0.172631
-1.778794 -4.420484 -0.155114
-0.686791 -2.418664 -0.075772
-1.519895 -4.377555 -0.074305
-1.609049 -4.479450 -0.182381
-1.034157 -3.845921 -0.130576
-1.031272 -3.869028 -0.205128
-1.166375 -4.259509 -0.042815
-1.347089 -4.456879 -0.080503
-1.402025 -4.549666 -0.175237
0.350313 -1.425732 0.150066
-0.933989 -4.308378 -0.027079
-1.126068 -4.552831 -0.137467
-1.301132 -4.879190 -0.248446
0.046568 -2.491792 -0.039292
-0.488035 -3.986297 -0.212893
-0.836171 -4.611779 -0.145705
0.804082 -1.583833 0.150288
-0.408273 -3.983873 -0.211433
-0.525586 -4.620435 -0.121952
1.496476 -2.760385 0.143183
1.431523 -2.900133 0.131829
1.444794 -2.989241 0.125572
1.383764 -3.125976 0.123736
1.643760 -4.769722 0.054034
1.617098 -4.893397 0.048390
1.591102 -5.023959 0.041958
1.478131 -5.707252 -0.154143
-4.291124 -1.955309 -0.030995
-3.008548 -2.830636 -0.024694
-1.415689 -4.174913 -0.013630
-1.012035 -3.881187 0.006239
-1.072594 -3.927068 0.007508
-1.260751 -4.246672 -0.011719
-0.955632 -4.260094 -0.006806
1.444081 -3.048007 0.141622
1.387508 -3.238479 0.121746
-5.492165 -3.606151 -5.124753
-3.985676 -1.820973 -0.689277
-2.564723 -2.046989 -0.649087
-2.100849 -2.076634 -0.526410
-2.481594 -2.501074 -0.662344
-2.543626 -2.793521 -0.677460
-2.567227 -3.009746 -0.682992
-2.536947 -3.182010 -0.687605
-1.998017 -2.496974 -0.646197
-2.032159 -2.606750 -0.649026
-2.483122 -3.335952 -0.641738
-2.593372 -3.496794 -0.694404
-2.560910 -3.769320 -0.697971
-1.673891 -2.156964 -0.508725
-2.115976 -2.948891 -0.666275
-2.143921 -3.198067 -0.696729
-2.113483 -3.361641 -0.698433
-2.357199 -3.764770 -0.628009
-2.426296 -3.882133 -0.678071
-2.244395 -3.917406 -0.627780
-2.153157 -4.234011 -0.690191
-1.336000 -4.381127 -0.654249
-0.119255 -2.463456 -0.487881
0.116216 -2.335083 -0.413010
1.832138 -3.720136 -0.381355
0.988366 -5.649701 -0.615620
1.683661 -4.684955 -0.430283
1.669953 -4.820381 -0.442934
1.636795 -4.947690 -0.453124
1.575272 -5.282815 -0.486426
1.539974 -5.431923 -0.501351
1.449383 -5.578503 -0.602169
-4.737014 -2.184274 -0.558512
-1.897056 -2.118675 -0.300596
-1.726123 -2.151031 -0.311808
-1.730197 -2.164092 -0.351169
-1.895765 -3.860112 -0.509838
-1.830154 -4.440953 -0.344107
-1.614697 -4.487712 -0.350501
-1.027241 -3.845034 -0.390844
-1.014481 -3.873459 -0.398757
-1.358753 -4.550191 -0.358385
-0.886901 -4.599283 -0.367639
1.264549 -2.333572 -0.270763
1.452835 -2.954303 -0.208324
1.415941 -3.175688 -0.226301
1.376589 -3.339018 -0.239910
1.278511 -4.167878 -0.336049
1.491773 -4.419926 -0.384057
-4.791888 -2.082489 -0.156963
-4.775908 -2.133440 -0.122538
-4.816701 -2.283317 -0.155069
-4.849722 -2.435227 -0.198010
-4.283616 -1.978295 -0.105155
-4.310218 -2.135753 -0.097600
-3.946272 -4.054488 -0.209446
-3.026303 -2.904851 -0.185843
-3.059825 -3.013965 -0.146518
-3.607883 -3.767583 -0.230076
-3.770947 -4.100959 -0.198142
-3.320761 -4.124618 -0.226100
-3.353276 -4.196150 -0.170325
-2.075356 -2.104061 -0.121646
-2.570737 -2.874588 -0.248136
-2.591913 -3.079885 -0.271266
-2.624348 -3.164751 -0.282748
-3.103486 -4.117587 -0.148906
-1.825047 -2.136472 -0.061802
-1.889892 -2.129427 -0.109173
-2.579828 -3.685815 -0.096773
-1.725805 -2.161818 -0.130471
-1.135382 -2.331597 -0.039296
-1.700468 -3.718274 -0.258801
-2.026213 -4.369478 -0.202392
-0.930569 -2.406518 -0.110742
-1.673731 -3.798114 -0.237024
-1.775954 -4.432294 -0.199394
-0.642885 -2.403580 0.012050
-0.709846 -2.417011 -0.082078
-1.491492 -4.412522 -0.105588
-1.594011 -4.486474 -0.199030
-1.043679 -3.855166 -0.125426
-1.028690 -3.883877 -0.092227
-1.228236 -4.239615 -0.037769
-1.347399 -4.477847 -0.106897
-1.421837 -4.556178 -0.211432
-0.925195 -4.273567 -0.039994
-1.186012 -4.542368 -0.114334
-1.271960 -4.862646 -0.279930
-0.482532 -3.965513 -0.224791
-0.842910 -4.604370 -0.157938
-0.398345 -3.983675 -0.229079
1.432770 -2.986084 -0.057639
1.395544 -3.172886 -0.062066
1.566082 -5.030923 -0.133086
-1.427016 -4.194881 -0.027227
-1.045548 -3.871957 0.004750
-1.049338 -3.893167 0.002275
-1.222925 -4.222627 -0.013803
1.490872 -2.687214 0.184190
1.387549 -3.208917 0.155888
-3.707275 -1.893820 -0.651170
-3.308064 -3.502470 -0.706220
-2.406267 -2.015804 -0.617763
-2.812072 -2.942973 -0.553352
-3.260836 -3.633896 -0.709502
-2.406944 -2.593636 -0.648728
-2.456030 -2.776384 -0.656853
-2.479699 -2.968804 -0.666968
-2.008662 -2.097236 -0.473594
-2.430876 -3.122505 -0.641993
-2.482844 -3.355294 -0.679358
-2.449839 -3.465005 -0.687122
-2.072082 -2.976438 -0.666805
-2.086772 -3.211140 -0.678825
-2.416809 -3.657068 -0.664657
-2.408681 -3.776778 -0.690331
-2.199967 -3.750220 -0.611160
-1.319391 -4.839026 -0.603125
0.241266 -2.253427 -0.508794
0.817272 -4.077082 -0.587884
1.610581 -4.821158 -0.562832
1.454333 -6.081059 -0.559599
-4.786835 -2.157571 -0.361776
-4.245817 -1.666945 -0.306654
-4.263366 -1.833032 -0.306656
-3.574059 -3.583863 -0.497348
-1.805661 -2.117431 -0.385532
-1.882314 -2.120123 -0.273419
-1.723692 -2.152383 -0.272043
-1.454339 -2.211630 -0.259043
-1.841532 -4.445943 -0.406420
-1.672319 -4.470049 -0.400668
-1.034342 -3.833066 -0.400834
-1.029664 -3.865616 -0.426738
-1.335946 -4.524201 -0.403282
-1.465574 -4.509740 -0.410565
1.272113 -2.344503 -0.264183
1.519512 -2.646114 -0.197559
1.459205 -2.938701 -0.280083
1.406897 -3.133443 -0.314372
1.364070 -3.311349 -0.362447
1.209702 -3.969662 -0.294213
1.222117 -4.298462 -0.324684
1.835144 -3.678652 -0.351949
1.798234 -3.776385 -0.352477
1.675890 -4.428988 -0.386225
1.657231 -4.742199 -0.348833
1.582294 -4.892860 -0.231610
1.641778 -4.921810 -0.430928
1.574695 -5.167450 -0.358459
1.557621 -5.414469 -0.479950
1.522773 -5.638369 -0.505787
1.479170 -5.930063 -0.471247
1.426930 -6.125124 -0.359592
-4.359017 -1.752563 -0.020700
-4.722339 -2.143141 -0.078801
-4.807074 -2.306210 -0.106756
-4.851839 -2.477216 -0.132808
-4.290224 -1.899355 -0.023577
-4.336600 -2.124864 -0.075312
-4.056805 -4.007263 -0.188188
-3.857261 -4.053557 -0.183020
-3.007800 -2.925241 -0.120959
-3.026945 -3.020409 -0.130651
-3.705659 -4.104241 -0.178620
-3.319943 -4.198394 -0.162662
-1.492915 -0.456939 0.158217
-2.552315 -2.873088 -0.243897
-2.568456 -2.981034 -0.255766
-3.102912 -4.206984 -0.161808
-1.813612 -2.136912 -0.074352
-1.914350 -2.123966 -0.081412
-2.639448 -3.589585 -0.086136
-2.646996 -3.741227 -0.096366
-2.832742 -4.296208 -0.144294
-1.708553 -2.168657 -0.114342
-1.141847 -2.325238 -0.030630
-1.695650 -3.750459 -0.260211
-2.029027 -4.376582 -0.224462
-1.019389 -2.378192 -0.061740
-1.791510 -4.436540 -0.239960
-0.648998 -2.401249 0.012861
-0.723469 -2.413348 -0.085250
-1.484013 -4.181561 -0.062195
-1.528099 -4.337571 -0.114728
-1.641312 -4.475878 -0.237942
-1.042441 -3.848444 -0.155197
-1.019546 -3.876231 -0.136832
-1.235641 -4.256814 -0.056339
-1.324218 -4.430438 -0.097419
-1.439354 -4.538876 -0.232910
-0.016408 -2.422430 0.048409
-0.964548 -4.295334 -0.048532
-1.039097 -4.558167 -0.133615
-1.271375 -4.878415 -0.332560
0.048011 -2.506396 -0.030162
-0.897708 -4.598364 -0.191386
-0.449687 -4.628024 -0.194455
-0.628522 -4.649785 -0.207136
-0.331716 -4.649175 -0.208858
1.420288 -3.024842 0.031988
1.402788 -3.151725 -0.006455
1.352520 -3.337853 -0.071855
1.619843 -4.751563 0.035151
1.591850 -4.921635 0.020454
1.622985 -4.947359 0.020096
1.593336 -5.125913 0.003803
1.517743 -5.510328 -0.059758
1.485030 -5.744788 -0.069120
-4.304667 -2.019038 -0.029092
-3.633301 -4.309227 -0.027592
-1.027141 -3.859152 -0.002986
-1.095888 -3.908241 0.005822
-1.243233 -4.200390 -0.018250
1.573535 -4.626431 0.043088
-3.821678 -1.893308 -0.652450
-3.230650 -3.485852 -0.693012
-3.181732 -3.525377 -0.683491
-2.371593 -2.634329 -0.650128
-2.432508 -2.771068 -0.654781
-1.892733 -2.102529 -0.451906
-2.428329 -2.968598 -0.658322
-2.458041 -3.356716 -0.676585
-2.504539 -3.435576 -0.666017
-2.056091 -2.968700 -0.670042
-2.073596 -3.185643 -0.677553
-2.387061 -3.609271 -0.662590
-2.353217 -3.777982 -0.682033
-2.096824 -3.747159 -0.589118
0.229615 -2.313023 -0.542030
0.888238 -4.098724 -0.594685
1.456308 -2.945563 -0.392073
1.405218 -3.159469 -0.402339
0.875701 -4.157488 -0.602152
-4.772225 -2.116370 -0.380669
-4.735913 -2.214761 -0.376618
-4.783996 -2.576936 -0.380991
-4.255852 -1.751523 -0.331630
-4.266707 -1.876107 -0.329951
-4.299758 -2.118855 -0.328624
-2.574069 -2.994547 -0.267970
-1.799943 -2.110475 -0.407287
-1.873788 -2.110639 -0.294801
-2.662940 -3.915247 -0.541958
-1.719445 -2.144249 -0.265970
-1.449181 -2.204615 -0.277773
-1.806319 -4.396945 -0.343627
-1.034653 -3.832359 -0.376435
-1.043965 -3.855537 -0.347912
-0.023411 -2.305608 -0.242677
-1.287185 -4.845388 -0.333245
1.272355 -2.338152 -0.285388
1.323004 -2.447426 -0.292336
1.518132 -2.651941 -0.255088
1.442195 -2.932154 -0.281972
1.389685 -3.121394 -0.319566
1.349311 -3.314150 -0.408673
1.196708 -3.711986 -0.352170
1.215589 -3.915721 -0.284023
1.555884 -3.700286 -0.313958
1.301410 -4.063782 -0.303993
1.844300 -3.693146 -0.349894
1.699532 -4.453752 -0.327508
1.671145 -4.638707 -0.352570
1.656420 -4.801304 -0.400070
1.633998 -4.935780 -0.410291
1.592152 -5.175333 -0.429610
1.532357 -5.415552 -0.407642
1.495144 -5.679628 -0.389068
1.466492 -5.946448 -0.432473
1.441099 -6.100499 -0.519668
-4.796753 -2.132055 -0.056973
-4.802847 -2.286866 -0.069210
-4.823526 -2.437169 -0.089710
-4.332248 -1.754305 -0.020334
-4.288992 -1.933101 -0.030916
-4.105407 -4.003126 -0.180136
-3.974182 -4.033552 -0.177496
-2.968576 -2.894219 -0.121273
-3.065879 -3.032254 -0.061097
-1.254698 -0.279749 0.130908
-2.539674 -2.849455 -0.251297
-2.558028 -2.920922 -0.259614
-2.642236 -3.234422 -0.250586
-1.786087 -2.135199 -0.089792
-1.903488 -2.113783 -0.107311
-2.566346 -3.744259 -0.068547
-1.716864 -2.150441 -0.111378
-2.633690 -4.202842 -0.096596
-0.696020 -0.632923 0.142438
-0.564230 -0.770298 0.142509
-0.544372 -0.902406 0.137267
-1.130595 -2.318319 -0.043640
-1.739100 -3.737531 -0.273810
-2.023508 -4.355139 -0.200829
-0.990680 -2.373605 -0.091126
-1.759885 -4.408834 -0.230536
-0.696115 -2.397197 -0.091492
-1.474358 -4.176573 -0.056498
-1.552102 -4.431862 -0.126525
-1.639534 -4.463446 -0.219034
-1.031565 -3.834671 -0.131387
-1.042737 -3.859582 -0.124312
-1.243043 -4.248942 -0.052571
-1.333610 -4.412868 -0.097500
-1.439656 -4.519956 -0.223750
-0.012991 -2.350254 0.038512
-0.007297 -2.429191 0.035090
-0.949581 -4.283098 -0.042932
-1.166832 -4.569419 -0.274951
-1.242819 -4.850301 -0.249929
0.024011 -2.489990 -0.009001
-0.892305 -4.594366 -0.206475
-0.629483 -4.649964 -0.199951
1.421898 -3.031594 -0.047427
1.383740 -3.168131 -0.077155
1.340300 -3.399604 -0.116798
1.592649 -4.855824 -0.174409
1.505486 -5.424325 -0.219815
1.435915 -5.872478 -0.257400
-2.602104 -3.762649 0.019604
-1.380340 -4.226825 -0.024709
-1.067975 -3.902636 0.001194
-1.230152 -4.232755 -0.015571
1.593373 -4.755063 0.039303
-5.687118 -3.511127 -5.161732
-4.322644 -2.246958 -0.679504
-4.372836 -2.392247 -0.707131
-4.219639 -2.264571 -0.656390
-4.320251 -2.473012 -0.702601
-3.319576 -2.774629 -0.676746
-3.370908 -3.439859 -0.704264
-2.548547 -2.491279 -0.651250
-2.582698 -2.662498 -0.659588
-2.070784 -2.062056 -0.449421
-2.659625 -3.268176 -0.690754
-2.651384 -3.415798 -0.674920
-2.258787 -2.936831 -0.677683
-2.272084 -3.119823 -0.688066
-2.582905 -3.421344 -0.698324
-2.570154 -3.601029 -0.687035
-1.613929 -2.115167 -0.428552
-2.391421 -3.845807 -0.692736
1.459992 -2.973010 -0.498685
0.802137 -3.904235 -0.599490
0.787442 -3.958942 -0.604755
0.653846 -4.200842 -0.618143
1.429592 -3.088972 -0.505302
1.435734 -3.209313 -0.520429
1.420604 -4.303217 -0.603689
-4.236771 -1.710160 -0.303732
-4.402983 -2.425060 -0.322563
-2.083851 -2.068413 -0.278881
-1.905073 -2.108891 -0.245614
-1.954684 -2.097363 -0.308654
-2.530104 -3.627196 -0.450709
-2.099909 -3.676062 -0.326141
-1.036222 -3.842472 -0.303163
0.017235 -2.277122 -0.333237
1.297949 -2.359808 -0.294823
1.438645 -3.165387 -0.310613
1.355120 -3.649307 -0.321303
1.251549 -3.731778 -0.291237
1.215369 -3.956599 -0.298861
1.814665 -3.734777 -0.383400
1.492880 -4.221093 -0.378469
1.556130 -4.340213 -0.395667
1.701923 -4.553301 -0.402308
1.652395 -4.778173 -0.416821
1.642931 -4.975722 -0.464574
1.593325 -5.278043 -0.492467
1.547587 -5.550157 -0.519100
1.494528 -5.759089 -0.495756
-4.061959 -3.551997 -0.125926
-4.152729 -3.637998 -0.125500
-2.987251 -2.878288 -0.122581
-3.069551 -3.064196 -0.218089
-3.401500 -3.827684 -0.113209
-2.080438 -2.084319 -0.100827
-2.549427 -2.906381 -0.232829
-3.053412 -4.181175 -0.163403
-1.908248 -2.123505 -0.035684
-1.979324 -2.109784 -0.082146
-2.926051 -4.192590 -0.171294
-1.326783 -2.279635 -0.047354
-1.152026 -2.355711 -0.042967
-1.654053 -3.705183 -0.263078
-1.971185 -4.393925 -0.264949
-0.862199 -2.341526 -0.091227
-0.846427 -2.386122 -0.060828
-1.772226 -4.453405 -0.296604
-1.443700 -4.187500 -0.069027
-1.533186 -4.456321 -0.195875
-1.629202 -4.486006 -0.221707
-1.036166 -3.849416 -0.089775
-1.353524 -4.493631 -0.197859
0.031251 -2.448911 -0.001407
-1.162191 -4.574634 -0.213267
-1.256661 -4.848356 -0.252061
0.103785 -2.499824 -0.136625
-0.797395 -4.618299 -0.233463
-0.537998 -4.648966 -0.250154
-0.358801 -4.647195 -0.223950
1.404871 -3.128813 -0.175227
1.373636 -3.244287 -0.182900
1.585040 -4.865681 -0.067604
1.582593 -4.982241 -0.064310
-0.834100 -10.932076 -0.628266
-3.902273 -4.219069 -0.022808
-4.035808 -4.192426 -0.039945
-3.699058 -4.249294 -0.034856
-3.324389 -3.847863 -0.078883
-3.254302 -4.127388 -0.002524
-1.675904 -4.119483 -0.054424
-1.430491 -4.202693 -0.051309
-1.089190 -3.896661 -0.015934
-1.231088 -4.198148 -0.039203
-0.845987 -4.288816 -0.024340
-5.470047 -8.293102 -1.283665
-4.048519 -2.873187 -0.709897
-3.248290 -2.651313 -0.688384
-3.259927 -2.784445 -0.695180
-2.828157 -2.576035 -0.691830
-2.874025 -2.729176 -0.696653
-3.236504 -2.873588 -0.696663
-3.267557 -3.052617 -0.695116
-2.959276 -3.055047 -0.553406
-3.189715 -3.253590 -0.689131
-0.907369 -2.263767 -0.481255
-0.795347 -2.302001 -0.464612
-0.376004 -2.355308 -0.463767
1.254899 -2.397164 -0.324174
-0.397889 -4.123757 -0.467706
-0.335058 -4.717283 -0.597423
1.811860 -3.726963 -0.377963
1.705162 -4.543446 -0.393316
1.684021 -4.690300 -0.399362
1.661140 -4.840887 -0.405646
1.609753 -5.095754 -0.416084
1.574500 -5.316459 -0.428350
-4.234635 -1.744836 -0.406670
-4.269103 -1.941182 -0.449359
-2.857729 -1.945871 -0.341815
-2.628875 -1.977793 -0.342961
-2.437091 -2.021951 -0.392097
-2.911644 -3.007117 -0.525843
-1.953087 -2.133350 -0.219298
-0.935461 -2.288259 -0.401931
-0.632410 -2.328768 -0.248113
-0.908800 -4.581085 -0.263934
-0.985969 -4.801952 -0.293280
1.494666 -2.597946 -0.210252
1.432273 -2.740192 -0.211433
0.490317 -4.170260 -0.259255
1.263170 -3.769245 -0.319404
1.230003 -4.026204 -0.324202
1.226411 -4.194309 -0.330940
-4.248503 -1.820015 -0.264256
-4.290539 -2.059613 -0.310390
-2.685523 -1.976840 -0.149858
-2.486637 -2.019922 -0.104887
-2.528968 -2.018463 -0.121430
-3.017293 -2.856619 -0.144559
-3.061762 -2.962052 -0.141249
-3.081191 -3.060373 -0.154274
-1.873931 -2.177387 -0.077093
-2.573562 -2.920704 -0.216411
-2.616968 -3.118553 -0.244601
-2.638561 -3.240280 -0.257674
-1.501711 -2.223406 -0.086202
-1.634583 -2.250845 -0.062208
-2.890835 -4.197642 -0.135711
-2.558645 -4.263536 -0.118192
-2.680649 -4.228141 -0.126109
-0.744058 -2.316121 -0.017560
-2.366965 -4.322675 -0.259550
-2.536290 -4.329889 -0.235704
-1.481542 -4.477318 -0.203711
-1.361193 -4.495598 -0.223801
-0.296787 -4.615313 -0.129744
1.742508 -3.928906 0.129738
1.718233 -4.152616 0.119109
1.677034 -4.475132 0.103461
-4.794292 -2.104979 -0.091113
-4.292938 -1.950253 -0.055841
-3.059678 -2.961937 -0.039218
-3.473162 -3.440455 -0.029592
-3.115967 -3.098688 -0.053065
-3.027559 -3.513395 -0.000595
-2.272671 -4.019753 -0.048538
-5.525038 -1.767967 -2.732567
-4.719118 -3.074904 -0.746910
-4.877074 -3.242164 -0.748967
-3.236138 -1.964234 -0.670486
-3.738204 -2.443245 -0.705401
-3.744035 -2.596051 -0.710762
-2.980662 -1.903424 -0.544031
-3.475588 -2.366282 -0.697604
-3.545101 -2.553953 -0.720025
-3.669510 -2.713011 -0.730362
-3.776977 -2.911983 -0.730659
-2.785940 -1.939351 -0.595241
-3.563969 -2.833540 -0.729186
-1.418767 -2.180377 -0.512413
-1.477308 -2.175543 -0.485519
-0.496199 -2.835520 -0.594030
-0.068369 -3.515786 -0.586664
-0.845974 -4.602848 -0.629811
-0.575073 -4.405584 -0.626483
-0.752759 -4.574994 -0.635964
-0.867295 -4.682508 -0.644642
0.997235 -2.897742 -0.531624
1.414307 -3.268216 -0.396029
1.554452 -3.670053 -0.418025
1.811087 -3.852384 -0.448614
1.804189 -3.954959 -0.450724
1.763617 -4.153821 -0.453768
1.683423 -4.336758 -0.453883
1.706656 -4.459632 -0.461312
1.680683 -4.621631 -0.466706
1.628865 -5.022661 -0.484560
1.606705 -5.136803 -0.491044
-4.229406 -1.647214 -0.417876
-4.226897 -1.732491 -0.382740
-4.262265 -1.903552 -0.480440
-4.263111 -2.075394 -0.531636
-3.719213 -1.790940 -0.283792
-4.376203 -2.458270 -0.478979
-3.187781 -1.879927 -0.302346
-2.636489 -3.567059 -0.359337
-2.567798 -3.580167 -0.366593
-0.785806 -2.298765 -0.165849
-0.449074 -3.966551 -0.244202
-0.551754 -4.023145 -0.241306
1.464155 -2.716534 -0.302177
-0.460690 -4.682928 -0.305450
0.523791 -4.127010 -0.335708
0.484902 -4.190132 -0.335726
-0.123214 -4.746112 -0.331137
-4.245562 -1.979517 -0.221911
-3.921425 -1.767673 -0.197222
-4.271872 -2.113109 -0.283401
-3.191653 -1.883247 -0.164013
-3.043706 -1.921659 -0.120977
-2.483804 -2.055892 -0.107664
-2.057272 -2.171628 -0.168341
-2.937686 -3.014096 -0.249688
-3.541605 -4.086144 -0.309753
-1.402595 -2.209223 0.018242
-2.678776 -3.583224 -0.171161
-3.216683 -4.140856 -0.177390
-1.205710 -2.227487 -0.085112
-2.754257 -3.891953 -0.092688
-2.901805 -4.191917 -0.169126
-3.044027 -4.181866 -0.166584
-2.417123 -3.983085 -0.081970
-2.492321 -4.018392 -0.087658
-2.618981 -4.253572 -0.150947
-2.446911 -4.261393 -0.152895
-2.457362 -4.322357 -0.267621
-2.013506 -4.344068 -0.223673
-2.240856 -4.348356 -0.292636
2.004061 -2.535760 0.061099
1.379780 -3.324069 0.113252
1.367939 -3.409926 0.108249
1.814999 -3.623141 0.116485
1.769842 -3.865088 0.100772
1.734742 -4.115783 0.086133
1.702677 -4.319751 0.074039
1.697547 -4.428483 0.068211
1.630552 -4.681944 0.051638
-5.289356 -3.396731 -0.125581
-3.035696 -2.936445 -0.030376
-3.576492 -3.800320 -0.075221
-3.259427 -3.837873 -0.051202
-2.603156 -3.573184 -0.060144
-2.857720 -3.873244 -0.080452
-3.031792 -3.894797 -0.044452
-2.571992 -3.581027 -0.049793
-2.788494 -3.955660 -0.091915
-2.575247 -3.992435 -0.061730
-3.127743 -5.251182 -0.071395
-4.234795 -1.703088 -0.511280
-4.255217 -1.895255 -0.519257
-4.271048 -2.004987 -0.528496
-4.284534 -2.140471 -0.607771
-4.581137 -2.951935 -0.710051
-3.771131 -2.007504 -0.667362
-3.833453 -2.084665 -0.670828
-4.313059 -2.647434 -0.628934
-4.439938 -2.820352 -0.695954
-4.510126 -3.129753 -0.712195
-3.929093 -2.418510 -0.690322
-3.977467 -2.656559 -0.714844
-3.957359 -2.812090 -0.716360
-4.337365 -3.332749 -0.691653
-3.933292 -2.889935 -0.720402
-4.116508 -3.347234 -0.626602
-0.196113 -2.855398 -0.576171
-0.179941 -2.952106 -0.584122
-0.226338 -3.129496 -0.583657
-0.254355 -3.384074 -0.597314
-0.302488 -3.536818 -0.601690
-0.636855 -4.043527 -0.602784
-0.850731 -4.479859 -0.641487
-0.965156 -4.610208 -0.649097
-0.426371 -3.834733 -0.611640
-0.536952 -4.080772 -0.626176
-0.706618 -4.333565 -0.637514
1.539204 -2.737127 -0.390293
1.509134 -2.931212 -0.388267
1.703614 -3.544221 -0.414307
1.244071 -4.318026 -0.471127
0.250277 -5.813916 -0.607431
1.862113 -3.699439 -0.432236
1.637012 -3.801351 -0.429932
1.797940 -4.030042 -0.466784
1.754167 -4.253198 -0.491938
1.672764 -4.402515 -0.506093
1.615532 -4.725467 -0.543283
1.693482 -4.665895 -0.542461
1.619401 -5.050734 -0.577349
-4.224567 -1.683355 -0.350392
-4.233683 -1.836201 -0.288361
-4.262363 -1.973416 -0.354377
-4.290428 -2.082889 -0.303743
-3.635281 -1.802827 -0.300464
-3.478656 -1.832923 -0.317199
-3.963948 -2.894433 -0.489562
-3.966722 -3.008002 -0.510006
-3.898327 -3.306029 -0.552297
-3.355041 -4.162809 -0.377635
-1.794119 -2.142461 -0.370087
-1.684421 -2.156321 -0.304649
-1.167355 -2.246338 -0.358073
-2.417323 -4.357920 -0.359583
-2.213318 -4.386349 -0.363608
-0.451140 -4.724369 -0.302573
-0.313510 -4.748767 -0.312526
0.477235 -4.211590 -0.375184
1.404020 -3.117472 -0.228190
1.468431 -3.074353 -0.385195
1.440871 -3.253196 -0.377488
1.420988 -3.392197 -0.378662
0.340677 -5.058722 -0.475387
1.339502 -4.196995 -0.402953
1.671504 -3.756559 -0.416395
1.653001 -3.921456 -0.419723
1.572872 -4.123719 -0.419784
1.474313 -4.376038 -0.421785
1.707408 -4.616768 -0.450959
1.689625 -4.739676 -0.455514
1.625125 -5.044531 -0.465912
-4.325243 -1.676948 -0.103165
-4.305539 -1.896693 -0.107214
-4.279382 -1.998746 -0.090484
-4.301863 -2.085915 -0.125050
-3.668053 -1.794985 -0.215639
-3.841610 -1.793388 -0.196922
-3.550866 -1.824574 -0.185614
-2.971848 -1.989299 -0.081583
-3.849416 -3.313196 -0.205225
-2.476059 -2.130292 -0.017375
-3.011891 -3.619701 -0.248532
-3.414537 -4.109039 -0.184910
-1.239895 -1.055534 0.120284
-1.439089 -1.171275 0.110233
-2.834231 -3.622091 -0.248045
-3.068331 -4.149010 -0.175503
-3.242839 -4.183133 -0.232764
-1.657554 -2.184682 -0.080220
-0.922752 -1.344617 0.106520
-2.118867 -3.707899 -0.241371
-1.186527 -2.243421 -0.143366
0.243125 -2.083446 0.062437
0.457449 -2.290985 0.047459
-0.502084 -4.012377 -0.249727
-0.597026 -4.682453 -0.290891
1.445235 -3.004113 0.031535
1.425437 -3.248905 0.032921
1.420052 -3.449338 0.034294
1.860677 -3.678534 0.036415
1.724280 -4.286397 0.016198
-5.227774 -3.415360 -0.044435
-5.033389 -3.462543 -0.077020
-4.973872 -3.641840 -0.111430
-5.023601 -3.841775 -0.095557
-5.072120 -3.927741 -0.084937
-2.918655 -3.872349 -0.075814
-7.605062 -5.273282 -4.729575
-5.107130 -4.169498 -0.782304
-5.089401 -4.671191 -0.814040
-4.701750 -2.970108 -0.720407
-4.652963 -2.869130 -0.716305
-4.645418 -3.033761 -0.721528
-4.507325 -3.280884 -0.731073
-4.392137 -3.443694 -0.697752
-4.281872 -2.568538 -0.697787
-4.209307 -2.909497 -0.705996
-4.176883 -3.109976 -0.724115
-4.192080 -3.395226 -0.622859
-4.268250 -1.621094 -0.480083
-4.264965 -1.746216 -0.485582
-4.174229 -3.036445 -0.735688
-4.066620 -3.271218 -0.745738
-3.545676 -4.114857 -0.728786
-2.431252 -2.053954 -0.518736
-2.146357 -2.090545 -0.492375
-0.659450 -4.016441 -0.626299
-0.221184 -3.139632 -0.593274
-0.214225 -3.341331 -0.611411
-0.185132 -2.398109 -0.562426
-0.149709 -2.472931 -0.571186
-4.318234 -2.124512 -0.348795
-4.278407 -1.829639 -0.350274
-4.293177 -2.014578 -0.362487
-4.074295 -1.642119 -0.415014
-3.816684 -3.352368 -0.433940
-3.706064 -3.396057 -0.464445
-3.598017 -3.416338 -0.487280
-3.319467 -4.223212 -0.440529
-3.228938 -4.224613 -0.445492
-2.343602 -2.084365 -0.351587
-2.215659 -2.099101 -0.341640
-0.444690 -4.686152 -0.368348
1.388274 -2.471496 -0.353321
1.516854 -2.692548 -0.316127
1.471490 -2.909917 -0.263139
1.436824 -3.132247 -0.267963
1.689897 -4.399806 -0.326210
1.655742 -4.651643 -0.364208
1.562619 -2.587319 -0.371237
-4.355279 -1.884416 -0.105263
-4.332388 -2.097706 -0.123006
-4.287801 -1.853773 -0.116793
-4.287015 -2.027192 -0.116699
-3.922641 -3.347470 -0.275455
-4.024193 -4.093824 -0.208778
-3.916785 -1.805636 -0.123230
-3.838310 -3.360838 -0.290914
-3.716768 -3.410425 -0.291232
-3.813186 -3.833273 -0.131519
-3.673674 -4.095534 -0.212505
-3.648254 -4.170000 -0.244325
-3.609446 -3.432892 -0.266379
-3.392851 -4.105484 -0.150126
-3.430502 -4.175809 -0.243792
-3.259920 -4.223037 -0.235915
-3.053629 -2.760561 -0.169885
-2.331956 -2.090992 -0.169471
-2.212291 -2.118226 -0.085632
-1.018668 -2.293678 -0.115463
-0.186823 -2.420939 -0.161985
-0.071243 -2.499470 -0.170360
1.223856 -3.798888 -0.235118
1.227340 -3.932342 -0.235934
1.437799 -4.108843 -0.282005
1.836284 -3.623506 -0.214794
-1.902660 -4.172647 -0.067666
-1.716180 -4.194016 -0.062333
-5.303237 -5.873585 -0.696908
-4.346793 -3.803902 -0.719939
-4.294718 -3.843905 -0.724394
-4.161932 -3.454703 -0.727271
-3.520643 -3.761439 -0.724444
-3.236971 -4.284504 -0.680789
-3.909998 -3.307459 -0.581899
-3.489516 -3.764543 -0.725877
-3.115638 -4.058644 -0.609444
-3.137760 -4.121167 -0.629567
-4.289114 -1.578392 -0.564679
-4.079326 -1.478433 -0.561380
-3.928207 -1.652563 -0.681769
-3.373756 -1.896779 -0.652692
-3.080870 -1.942252 -0.632718
-2.121620 -2.087702 -0.555835
1.793492 -3.820178 -0.479193
-4.289693 -4.044730 -0.409843
-3.504491 -4.168382 -0.367182
-4.164297 -3.318779 -0.489022
-3.413347 -4.180317 -0.364737
-3.189616 -4.222820 -0.368814
-3.860484 -3.303908 -0.493846
-3.703677 -3.347637 -0.458888
-4.516000 -2.222096 -0.384560
-4.338010 -2.152237 -0.372135
-4.291055 -1.613484 -0.475388
-4.269329 -1.752818 -0.482000
-4.190191 -1.547559 -0.467159
-4.047644 -1.504480 -0.482097
-3.108238 -1.934366 -0.350327
-2.919093 -1.965159 -0.358548
-2.675124 -1.990848 -0.391344
-2.319459 -2.040862 -0.286603
1.271967 -4.147434 -0.400113
1.693775 -4.493060 -0.441526
1.189311 -3.698372 -0.370513
1.270760 -3.600037 -0.369958
1.492554 -3.626431 -0.446345
1.396040 -3.141834 -0.401381
1.377581 -3.336215 -0.397225
1.839841 -3.584264 -0.430576
1.446504 -2.914928 -0.386926
1.497067 -2.649978 -0.360032
-4.136466 -3.970613 -0.160227
-3.679504 -4.098418 -0.156566
-3.527521 -4.104420 -0.160373
-3.371877 -4.149900 -0.176330
-3.178258 -4.206648 -0.240137
-4.813421 -2.356190 -0.138864
-3.133003 -3.613351 -0.275979
-4.339833 -2.140942 -0.279616
-4.081061 -1.492448 -0.166263
-4.020563 -1.637352 -0.164414
-3.952210 -1.784801 -0.241131
-3.621752 -1.879943 -0.142527
-3.546138 -1.883561 -0.162578
-3.144526 -1.919661 -0.198396
-2.857525 -1.971923 -0.263737
-2.807222 -1.964959 -0.230316
-2.610521 -1.995410 -0.240679
-2.410165 -2.034469 -0.270537
-0.807366 -2.283620 -0.210882
1.667514 -4.549177 -0.078533
-0.051288 -2.432963 -0.009156
1.732711 -4.168098 -0.056045
1.703094 -4.330588 -0.026115
1.733032 -3.972811 -0.008048
1.399247 -3.112975 -0.000308
1.386111 -3.278580 0.001854
1.804515 -3.664068 -0.009278
1.436986 -2.943158 0.010115
1.529300 -2.570843 0.012841
-3.505264 -3.799628 -0.069941
1.508807 -4.392124 0.141981
1.676873 -4.545753 0.097838
1.730869 -4.203464 0.162516
1.709561 -4.325339 0.126035
1.381073 -3.600684 0.141157
1.761241 -4.002304 0.138629
1.384468 -3.316235 0.126528
1.819815 -3.594254 0.140669
1.798622 -3.815969 0.166410
-5.349876 -5.813042 -0.687220
-4.758672 -4.967006 -0.758143
-4.793355 -3.857051 -0.767754
-4.664510 -4.035932 -0.766916
-4.503629 -4.186845 -0.740830
-4.432029 -4.305607 -0.755855
-4.258126 -4.376353 -0.767344
-4.450242 -3.720047 -0.774097
-4.263458 -3.952104 -0.758957
-4.290309 -4.227671 -0.714251
-4.203433 -1.527752 -0.591089
-3.941721 -1.973806 -0.587187
-3.793694 -1.672995 -0.647149
-3.782951 -1.826666 -0.612362
-3.641919 -1.849298 -0.637327
-3.397567 -1.897364 -0.590793
-3.234397 -1.898933 -0.606736
-3.059113 -1.914766 -0.640410
-2.901021 -1.931942 -0.684638
-2.656239 -1.983969 -0.569900
-2.421767 -2.046752 -0.594146
-0.915559 -2.315932 -0.552074
-0.586354 -2.375127 -0.597984
-5.270051 -5.818524 -0.681127
-5.181641 -5.803894 -0.672418
-5.000903 -6.442265 -0.649125
-4.279287 -4.022556 -0.418462
-4.670022 -2.098673 -0.382456
-4.559237 -2.137323 -0.400291
-4.112068 -1.540151 -0.433665
-3.130842 -4.221129 -0.407339
-4.021742 -1.478466 -0.431103
-3.815796 -1.645548 -0.344628
-3.837926 -1.957823 -0.559692
-3.130934 -3.627632 -0.492762
-3.526280 -1.831137 -0.396505
-3.432718 -1.872939 -0.426667
-3.252901 -1.906148 -0.402989
-3.057534 -1.923996 -0.420386
-2.914841 -1.952540 -0.398523
-2.683958 -1.988432 -0.390907
-2.545599 -2.033138 -0.362980
-2.424802 -2.052074 -0.395145
-2.136203 -2.108530 -0.482595
-1.529288 -2.195921 -0.470784
-1.321356 -2.232696 -0.498239
-1.167310 -2.261896 -0.518656
-5.142903 -6.807229 -0.392907
-5.307895 -6.069608 -0.378177
-5.621902 -1.282955 -0.096636
-4.279316 -4.042780 -0.250069
-4.083745 -3.944495 -0.171518
-3.934408 -4.016264 -0.190487
-4.539723 -2.145009 -0.258279
-3.956737 -3.753379 -0.123961
-3.715442 -4.056073 -0.196568
-3.569488 -4.101246 -0.169430
-3.866696 -3.174205 -0.221431
-3.575132 -3.768672 -0.115280
-3.489350 -3.867423 -0.123883
-3.413237 -4.129526 -0.230929
-3.360814 -3.801511 -0.100000
-3.191210 -4.162307 -0.210413
-3.109492 -4.214962 -0.265821
-4.019751 -1.541124 -0.291052
-3.842425 -1.729907 -0.199680
-3.793280 -1.865551 -0.210001
-3.121344 -3.605274 -0.312929
-3.107125 -3.616080 -0.300961
-2.906366 -4.200503 -0.199029
-3.610660 -1.830992 -0.196391
-3.454905 -1.931009 -0.206638
-3.275911 -1.898277 -0.201472
-3.056684 -1.935059 -0.212816
-2.914341 -1.962360 -0.206684
-2.724110 -1.985613 -0.213534
-2.564014 -2.035092 -0.198471
-2.384648 -2.067145 -0.205483
-2.176426 -2.101689 -0.204626
-2.100987 -2.122717 -0.194170
-3.993397 -3.752243 -0.097070
-3.974042 -3.733819 -0.089044
-3.561101 -3.764740 -0.092753
-3.484361 -3.797121 -0.099729
-2.525976 -3.998434 -0.058826
-5.258014 -4.924064 -0.781453
-4.897394 -3.711089 -0.722351
-4.900862 -3.940586 -0.777933
-4.884732 -4.051474 -0.766042
-5.028183 -5.537313 -0.789781
-4.677845 -3.474828 -0.796410
-4.630809 -3.630015 -0.788292
-4.825795 -3.986295 -0.775445
-4.765635 -4.113732 -0.772312
-4.553233 -3.737274 -0.795543
-4.484038 -4.272831 -0.727368
-4.094072 -1.531817 -0.585826
-4.153448 -1.543551 -0.591237
-3.615990 -1.807827 -0.655841
-3.545683 -1.828165 -0.623051
-3.378064 -1.854566 -0.608887
-3.159157 -1.904063 -0.620208
-2.878206 -1.939726 -0.646262
-2.580452 -1.993589 -0.551828
-2.354775 -2.032052 -0.603265
-5.144655 -6.082716 -0.525982
-5.075487 -6.838799 -0.599112
-4.558686 -2.124056 -0.371454
-4.895873 -6.385395 -0.640652
-4.391509 -2.171520 -0.481827
-4.075781 -1.530809 -0.456252
-4.163574 -1.606516 -0.337250
-4.171674 -1.890039 -0.499276
-4.233057 -2.135002 -0.431795
-4.229847 -4.017355 -0.466160
-3.595235 -1.809759 -0.441696
-3.581288 -1.829706 -0.478508
-3.428192 -1.855173 -0.425501
-3.037145 -1.934844 -0.408254
-2.899235 -1.947496 -0.406253
-3.067828 -4.210617 -0.426356
-2.647458 -1.981693 -0.366283
-2.408450 -2.041026 -0.317066
-2.164131 -2.093075 -0.320202
-2.006553 -2.105673 -0.396379
-0.963777 -2.299291 -0.388885
-0.644831 -2.355159 -0.416137
-5.307624 -6.658648 -0.407401
-4.789700 -0.760242 -0.102368
-4.582980 -2.115983 -0.258354
-4.456709 -2.143938 -0.260546
-4.180055 -1.025075 -0.074061
-4.174588 -1.713905 -0.282117
-4.181485 -1.885756 -0.281572
-4.247742 -2.137280 -0.266383
-4.246337 -4.043769 -0.277621
-4.246874 -4.054543 -0.268412
-3.993886 -3.145772 -0.231691
-3.923426 -3.754051 -0.118152
-3.981179 -3.992307 -0.215082
-3.559405 -1.807562 -0.230136
-3.596200 -1.847743 -0.201225
-3.599031 -3.769190 -0.100650
-3.782709 -4.034832 -0.207462
-3.647897 -4.073462 -0.210030
-3.493853 -1.820612 -0.235549
-3.387284 -1.864044 -0.188584
-3.467954 -3.783107 -0.095254
-3.502448 -4.098671 -0.220111
-3.129582 -1.933294 -0.177201
-3.214489 -3.709735 -0.199171
-3.234053 -4.171226 -0.238160
-2.885012 -1.969347 -0.214535
-3.056616 -3.094282 -0.301720
-3.061108 -4.238339 -0.266954
-2.756576 -1.969194 -0.258839
-2.446528 -2.042875 -0.119820
-2.146979 -2.111758 -0.111705
-4.749306 -4.459677 -0.070952
-3.972744 -3.739277 -0.087579
-3.694324 -3.743040 -0.077131
-3.528177 -3.790709 -0.074816
-5.084906 -2.736526 -0.964476
-4.298866 -2.175881 -0.703078
-4.963329 -2.610969 -0.829756
-5.137661 -2.685450 -0.780502
-3.335326 -1.877628 -0.672981
-3.068069 -1.914600 -0.650150
-3.230732 -1.896940 -0.649681
-2.873958 -1.941676 -0.640512
-2.379814 -2.018388 -0.562486
-2.536409 -5.030578 -0.707815
-3.988250 -1.509776 -0.492806
-4.124661 -1.598317 -0.481241
-4.180383 -1.824815 -0.517290
-3.767019 -1.700354 -0.434116
-4.186668 -1.943935 -0.498273
-4.436953 -2.171767 -0.592363
-4.900527 -2.554756 -0.675873
-3.451473 -1.858386 -0.436920
-3.592634 -1.820290 -0.486654
-3.082911 -1.918341 -0.426518
-3.268871 -1.900397 -0.467064
-2.932396 -1.934534 -0.452389
-1.827937 -2.120087 -0.438885
-3.016663 -3.039901 -0.338448
-4.172940 -4.043142 -0.463779
-3.004507 -4.230830 -0.376683
-4.021471 -1.524865 -0.256908
-4.143683 -1.614136 -0.292452
-4.182305 -1.830383 -0.286981
-3.760756 -1.762942 -0.275640
-3.954793 -1.813271 -0.262791
-4.186821 -1.913745 -0.261677
-4.398189 -2.181046 -0.305102
-3.477676 -1.845155 -0.239941
-3.615589 -1.827208 -0.218116
-4.745890 -2.641692 -0.185597
-3.105115 -1.921587 -0.272716
-3.268817 -1.910545 -0.266228
-3.818903 -4.025785 -0.249967
-3.938203 -4.022498 -0.263010
-4.202758 -4.067645 -0.303890
-3.066318 -3.581476 -0.256171
-3.630650 -4.077799 -0.237902
-3.312883 -4.140698 -0.230239
-0.338513 -2.350893 -0.078934
-2.964606 -4.176499 -0.190242
-3.107034 -4.211890 -0.313773
0.029831 -2.390036 0.010636
-4.088661 -3.692698 -0.121446
-5.516575 -5.823006 -0.172874
-5.835499 -6.201155 -0.186418
-2.627331 -7.220218 -5.307907
-5.010214 -1.837109 -1.063497
-5.066629 -1.951589 -0.758456
-3.333582 -1.874600 -0.552618
-4.262769 -2.039131 -0.646618
-2.610346 -1.991603 -0.542928
-2.842545 -1.952537 -0.580225
-3.053369 -1.923616 -0.627684
-4.318117 -2.153111 -0.609489
-2.205009 -2.081247 -0.516572
-4.014238 -1.471256 -0.433849
-4.116566 -1.517941 -0.414431
-3.836543 -1.606183 -0.394310
-4.193276 -1.702665 -0.369703
-3.193159 -1.889846 -0.371639
-3.387855 -1.855707 -0.407406
-3.639270 -1.804821 -0.389253
-3.751194 -1.793220 -0.504821
-4.244752 -1.985921 -0.507304
-4.595363 -2.129847 -0.374967
-2.616547 -1.986879 -0.337202
-2.835675 -1.960033 -0.387502
-3.058387 -1.927552 -0.388920
-4.325057 -2.155241 -0.525096
-4.485501 -2.152569 -0.462895
-2.045876 -2.090421 -0.407402
-2.208072 -2.070780 -0.385575
-2.460237 -2.031386 -0.332558
-3.140761 -4.200333 -0.354903
-5.133397 -5.990872 -0.538016
-5.371257 -6.132569 -0.584467
-5.048077 -6.843550 -0.616839
-4.034824 -1.502483 -0.290238
-4.162510 -1.539507 -0.220982
-3.881309 -1.703239 -0.164878
-4.131925 -1.704301 -0.233190
-3.204180 -1.901965 -0.211959
-3.376927 -1.853451 -0.208660
-3.627967 -1.805582 -0.190661
-3.871553 -1.824833 -0.174324
-4.013247 -1.799878 -0.198803
-4.629555 -2.130200 -0.265848
-2.440717 -2.021362 -0.176081
-2.593775 -2.000192 -0.182354
-2.876461 -1.962688 -0.190897
-3.072410 -1.928161 -0.204998
-4.302137 -2.156571 -0.247024
-4.559802 -2.157714 -0.182717
-2.396423 -2.040309 -0.206546
-2.444087 -2.040043 -0.226824
-4.846522 -2.601442 -0.114580
-2.675710 -3.600677 -0.269380
-3.807897 -4.031245 -0.198273
-4.005316 -4.006507 -0.204107
-4.279689 -4.060790 -0.249940
-3.247606 -4.165067 -0.228917
-3.448498 -4.105907 -0.242494
-3.722353 -4.071568 -0.212945
-3.880398 -4.059673 -0.227692
-3.160838 -4.203677 -0.245977
-4.820825 -2.588191 -0.088089
-4.978519 -3.476484 -0.085564
-5.044067 -3.400469 -0.099011
-4.989985 -3.595848 -0.087070
-5.029376 -3.795368 -0.088695
-4.206010 -1.804035 -0.642411
-5.050882 -1.934187 -0.830326
-5.193127 -1.996383 -0.875496
-3.288392 -1.882339 -0.574367
-4.223519 -2.036374 -0.696735
-5.047839 -2.019744 -0.807194
-2.568865 -2.011533 -0.576614
-2.722629 -1.971972 -0.549731
-3.037876 -1.926613 -0.635082
-3.250523 -1.923920 -0.591845
-4.281764 -2.143265 -0.655369
-2.249472 -2.057511 -0.510685
-3.971560 -1.470976 -0.481969
-4.073649 -1.516543 -0.463320
-3.798737 -1.625373 -0.430216
-4.188376 -1.697786 -0.416246
-3.134916 -1.879085 -0.402193
-3.357071 -1.853902 -0.445684
-3.603006 -1.801713 -0.429722
-3.730154 -1.798168 -0.457385
-4.210277 -1.981149 -0.562886
-4.565518 -2.123691 -0.469329
-2.599475 -1.997674 -0.412635
-2.822746 -1.958977 -0.421398
-3.033057 -1.928620 -0.429437
-4.285519 -2.153366 -0.539391
-4.446111 -2.146923 -0.515111
-2.288410 -2.067648 -0.388218
-4.236355 -4.053865 -0.441327
-3.093411 -4.223872 -0.351984
-5.300598 -6.136704 -0.567446
-4.854331 -6.352819 -0.628753
-3.999127 -1.485159 -0.353089
-4.129642 -1.536885 -0.281784
-3.826631 -1.699666 -0.219611
-4.157707 -1.672219 -0.267018
-4.294592 -1.666142 -0.217842
-3.188063 -1.897093 -0.250131
-3.380973 -1.838209 -0.237172
-3.598165 -1.810010 -0.233031
-3.856139 -1.810906 -0.226205
-4.060368 -1.834524 -0.242824
-4.584816 -2.132751 -0.260828
-2.577703 -2.004086 -0.213370
-2.833208 -1.963460 -0.211815
-3.030948 -1.930954 -0.239191
-3.240526 -1.975319 -0.241074
-4.251268 -2.121299 -0.291676
-2.363187 -2.045527 -0.213511
-2.432845 -2.032408 -0.247531
-4.793589 -2.597810 -0.184898
-3.095498 -3.614339 -0.249405
-3.784977 -4.020342 -0.213178
-3.976494 -4.006611 -0.217973
-4.106142 -3.980196 -0.200208
-3.240437 -4.170169 -0.251809
-3.450560 -4.111356 -0.233629
-3.689087 -4.067086 -0.222156
-3.851013 -4.062862 -0.241735
-2.822037 -4.232406 -0.168578
-3.164652 -4.203190 -0.248683
-4.872877 -6.393684 -0.326637
-4.807299 -2.584613 -0.148532
-4.974327 -3.618370 -0.127172
-5.006257 -3.778805 -0.127391
-2.635153 -8.359996 -4.441014
0.038822 -2.403365 -0.493323
-0.478119 -2.383174 -0.522678
-0.468938 -2.463470 -0.608926
-0.685616 -2.344671 -0.568796
-0.888123 -2.305655 -0.533622
-2.348758 -2.040022 -0.552237
-2.864885 -1.947649 -0.632911
-3.076192 -1.909930 -0.594959
-3.284202 -1.883851 -0.578762
-3.818982 -1.566279 -0.622761
-3.909728 -1.472940 -0.706602
-3.397851 -1.849832 -0.587581
-3.631796 -1.796081 -0.592800
-3.764534 -1.707819 -0.628235
-4.210720 -1.863774 -0.638540
-4.220647 -2.007841 -0.647933
-4.438826 -2.229991 -0.733524
-4.815670 -5.298937 -0.763254
-4.944159 -5.269729 -0.768005
-2.146139 -2.070623 -0.333267
-2.361885 -2.035295 -0.304123
-2.575425 -1.988009 -0.423231
-2.680975 -1.980542 -0.394469
-2.862599 -1.946121 -0.436565
-3.085787 -1.913395 -0.395487
-3.310843 -1.863594 -0.371574
-3.970020 -1.461386 -0.484924
-3.623767 -1.805974 -0.470510
-3.849327 -1.759080 -0.553382
-4.104203 -1.529715 -0.435947
-4.196087 -1.819113 -0.456465
-4.226030 -2.084792 -0.452868
-4.212950 -1.985591 -0.495827
-4.435279 -2.162083 -0.491595
-4.589305 -2.124235 -0.394677
-3.101666 -4.201466 -0.399025
-5.090154 -6.080003 -0.492360
-5.242984 -6.228719 -0.514150
-5.096118 -6.815039 -0.559372
-0.018028 -2.516030 0.056487
-2.445040 -2.046000 -0.226135
-2.555059 -1.999465 -0.199589
-2.699164 -1.987155 -0.177910
-2.859679 -1.952977 -0.210703
-3.100759 -1.917890 -0.183975
-3.327611 -1.854964 -0.222787
-3.442659 -1.859251 -0.215322
-3.607421 -1.811906 -0.206102
-3.816183 -1.626052 -0.224132
-4.122096 -1.550747 -0.224890
-3.721527 -1.942658 -0.243600
-4.204413 -1.767933 -0.255622
-4.303094 -1.656662 -0.150929
-4.260732 -2.155569 -0.229345
-4.215705 -1.986643 -0.332867
-4.480103 -2.142420 -0.351497
-4.602824 -2.104475 -0.174783
-2.375561 -3.845264 -0.016652
-4.738052 -2.494584 -0.124239
-2.370757 -3.931195 -0.017377
-3.085386 -3.617157 -0.196456
-4.796345 -2.580102 -0.142580
-2.272363 -4.638989 -0.020535
-3.104008 -4.204433 -0.244287
-3.264567 -4.145219 -0.218419
-3.493397 -4.076221 -0.224105
-3.580914 -4.077917 -0.225467
-3.829488 -4.042702 -0.215078
-4.021999 -4.015214 -0.226937
-2.569722 -5.184226 -0.047070
-2.702107 -5.055623 -0.052512
-4.247494 -4.153742 -0.301928
-2.647909 -5.324939 -0.054115
-2.847847 -5.454056 -0.069839
-3.106803 -5.673315 -0.091959
-3.139577 -5.528147 -0.090507
-3.239511 -5.714995 -0.102354
-4.255993 -1.835175 -0.099492
-4.225146 -1.976183 -0.091612
-4.449139 -2.132806 -0.092177
-4.747498 -2.493605 -0.119019
-4.794926 -2.601790 -0.117516
-4.815653 -2.554332 -0.121434
-0.380837 -2.407202 -0.470116
-0.841253 -2.373886 -0.621394
-0.840390 -2.473407 -0.625716
-2.079184 -2.100918 -0.535885
-2.332384 -2.045067 -0.589595
-2.538188 -2.002428 -0.552269
-2.654324 -2.015209 -0.584965
-2.819729 -1.964682 -0.558351
-3.402858 -1.844228 -0.653745
-3.585900 -1.807916 -0.643431
-3.812137 -2.049133 -0.603981
-3.794426 -1.893125 -0.574579
-4.168512 -1.877584 -0.608123
-4.192431 -2.029741 -0.669787
-2.945315 -4.336075 -0.705101
-4.182532 -4.121907 -0.644703
-4.978700 -5.611119 -0.788864
-5.113455 -5.555971 -0.786972
-4.990058 -6.824734 -0.689973
1.418745 -2.550033 -0.132461
-2.085409 -2.098882 -0.330916
-2.280614 -2.068221 -0.347490
-2.498785 -2.012994 -0.357521
-2.641979 -1.998667 -0.319832
-2.799607 -1.966088 -0.383116
-3.031960 -1.925539 -0.416661
-3.258843 -1.887004 -0.381142
-3.773673 -1.600522 -0.453677
-3.912108 -1.465326 -0.491304
-3.387967 -1.893893 -0.411768
-3.618598 -1.837978 -0.417311
-3.766459 -1.642193 -0.395644
-4.045018 -1.541246 -0.431752
-4.153961 -1.554766 -0.459038
-3.772598 -1.914445 -0.561846
-3.927012 -1.953316 -0.550256
-4.148448 -1.836494 -0.426269
-4.174827 -1.992067 -0.468799
-4.426487 -2.164044 -0.358203
-4.558498 -2.146034 -0.394298
-3.040786 -3.624626 -0.320820
-3.056870 -3.622253 -0.328149
-3.063251 -4.230975 -0.426330
-5.349647 -6.465425 -0.492475
-2.391248 -2.043826 -0.179648
-2.529668 -2.013425 -0.147209
-2.645571 -2.006537 -0.152689
-2.825296 -1.974460 -0.166245
-3.057670 -1.939121 -0.184863
-3.289193 -1.873400 -0.208029
-3.416905 -1.866086 -0.186151
-3.577317 -1.842082 -0.178662
-3.754308 -1.759699 -0.232201
-4.064105 -1.557086 -0.217600
-4.242867 -1.556177 -0.125512
-4.167681 -1.799091 -0.220862
-4.256620 -1.675199 -0.117135
-4.216111 -2.161487 -0.222009
-4.217427 -2.126692 -0.281362
-4.436441 -2.158243 -0.173184
-4.534735 -2.132962 -0.168695
-4.754621 -2.655453 -0.113833
-4.774549 -2.587501 -0.116816
-2.753481 -4.241434 -0.150557
-3.057372 -4.222807 -0.230920
-3.216449 -4.175438 -0.231787
-3.467812 -4.096035 -0.234665
-3.559402 -4.099005 -0.225860
-3.764686 -4.065079 -0.223752
-3.971961 -4.024924 -0.223460
-4.192778 -4.048218 -0.249010
-4.346760 -4.908134 -0.334555
-4.206137 -1.883405 -0.064272
-4.185620 -1.989089 -0.065785
-4.439283 -2.144805 -0.077869
-4.528502 -2.116394 -0.079991
-4.737700 -2.601884 -0.089992
-4.760607 -2.563206 -0.107981
1.502831 -2.580755 -0.477834
-2.030538 -2.111766 -0.520657
-2.571071 -1.998575 -0.628261
-2.631366 -2.015699 -0.568683
-2.797497 -1.954098 -0.577155
-2.940111 -1.941024 -0.542237
-3.429756 -1.873268 -0.644383
-3.610569 -1.804623 -0.664593
-4.113940 -1.542153 -0.599006
-3.757839 -1.914819 -0.591590
-3.837527 -1.937544 -0.582296
-4.168486 -1.858335 -0.666269
-4.166690 -1.999679 -0.617720
-4.242125 -4.552733 -0.746761
-4.732642 -5.925446 -0.759406
-5.157036 -5.836543 -0.761456
-5.287128 -5.830580 -0.768764
-2.285954 -2.054847 -0.462572
-2.500933 -2.003458 -0.411927
-2.646140 -1.985815 -0.391928
-2.810990 -1.962600 -0.374097
-3.046853 -1.921517 -0.390623
-3.223908 -1.883921 -0.441317
-3.767247 -1.590762 -0.384060
-3.923140 -1.464682 -0.450996
-3.384293 -1.881120 -0.468150
-3.575884 -1.821767 -0.451558
-3.766173 -1.675164 -0.392619
-4.053946 -1.541628 -0.440897
-3.762806 -1.943961 -0.546798
-3.927484 -1.964633 -0.555138
-4.143812 -1.825726 -0.448664
-4.176506 -1.994487 -0.455863
-4.439022 -2.149862 -0.435104
-3.041580 -4.210958 -0.392596
-3.117268 -4.220674 -0.391413
-4.193812 -4.057023 -0.550719
-2.333277 -2.054327 -0.199265
-2.514396 -2.010767 -0.175307
-2.637802 -1.997896 -0.166284
-2.801686 -1.972633 -0.160438
-3.029782 -1.937299 -0.145399
-3.260733 -1.870390 -0.242218
-3.396571 -1.876867 -0.192230
-3.557456 -1.837420 -0.174208
-3.732288 -1.721377 -0.183377
-4.049860 -1.547189 -0.196806
-4.184935 -1.546801 -0.144433
-3.915590 -1.836481 -0.193410
-4.141779 -1.814667 -0.235974
-4.242001 -1.679237 -0.140334
-4.171502 -1.968533 -0.189397
-4.441901 -2.143695 -0.227716
-4.525145 -2.131063 -0.210134
-3.038237 -3.611658 -0.243785
-4.742135 -2.598430 -0.134737
-4.764687 -2.568428 -0.122381
-3.049941 -4.207190 -0.247560
-3.225546 -4.147709 -0.228051
-3.437440 -4.090445 -0.215270
-3.541363 -4.085015 -0.207519
-3.770805 -4.038010 -0.190401
-3.981323 -4.000182 -0.191645
-4.206623 -4.175058 -0.276997
-4.191019 -4.036788 -0.254456
-4.241631 -1.721991 -0.083416
-4.240573 -1.655209 -0.083141
-4.172122 -1.969761 -0.064309
-4.406771 -2.125454 -0.078293
-4.513857 -2.101538 -0.087190
-4.748313 -2.599171 -0.098578
-4.746004 -2.530976 -0.098664
1.584865 -2.623339 -0.454477
1.473379 -3.020792 -0.460998
1.413298 -2.493789 -0.387161
1.279166 -2.275349 -0.446016
-1.055678 -2.371557 -0.620948
-1.110021 -2.542472 -0.617542
-1.171039 -2.414957 -0.618876
-1.220977 -2.231260 -0.605508
-2.194984 -2.339176 -0.667963
-2.209737 -2.186046 -0.673626
-2.608801 -1.985994 -0.603588
-2.797328 -1.960210 -0.588532
-2.882275 -1.944789 -0.569504
-3.186988 -1.892667 -0.652131
-3.272596 -1.875853 -0.641730
-3.392818 -1.859851 -0.614469
-3.829410 -1.688557 -0.650679
-4.259876 -1.949451 -0.683752
-4.261026 -1.786105 -0.681475
-0.063192 -2.472069 -0.306078
-0.304749 -2.405335 -0.289594
-0.470828 -2.357879 -0.304369
-2.052272 -2.092481 -0.266033
-2.330947 -2.043561 -0.445627
-2.405189 -2.038779 -0.373339
-2.576181 -1.999859 -0.371173
-2.785134 -1.964337 -0.317955
-2.962806 -1.943726 -0.467030
-3.129981 -1.910535 -0.490763
-3.302062 -1.862666 -0.426873
-3.492605 -1.850481 -0.478393
-3.645304 -1.816179 -0.454520
-3.726899 -1.797912 -0.465534
-3.943593 -1.555164 -0.504003
-3.856234 -1.943672 -0.601005
-4.164410 -1.555859 -0.495343
-4.249595 -1.876682 -0.516705
-4.249848 -1.762786 -0.498808
-3.408744 -4.176125 -0.276856
-4.547141 -2.176308 -0.497678
-4.253284 -4.048059 -0.471236
-4.247039 -4.022710 -0.329357
-5.074590 -6.829879 -0.463737
1.951509 -2.560619 0.133592
1.480757 -2.942029 0.120167
1.515725 -2.763829 0.126765
-0.008657 -2.476601 0.068473
-0.786689 -2.311944 0.044912
-0.992099 -2.272027 0.038156
-1.210235 -2.244410 0.030080
-2.324270 -2.036219 -0.227488
-2.423714 -2.037771 -0.213731
-2.603127 -1.993321 -0.196833
-2.793138 -1.975442 -0.177314
-2.948448 -1.950852 -0.176005
-3.113842 -1.930997 -0.208643
-3.324415 -1.846232 -0.324741
-3.540849 -1.826730 -0.218462
-3.675279 -1.830558 -0.198956
-3.775643 -1.764767 -0.222768
-3.981724 -1.515442 -0.175126
-4.190343 -1.558225 -0.222318
-4.243840 -1.826523 -0.340523
-4.322769 -1.706512 -0.219117
-4.354592 -1.536283 -0.173062
-3.547347 -4.077637 -0.202154
-4.303697 -2.160745 -0.282951
-3.659548 -4.084427 -0.179682
-3.834872 -4.035753 -0.186010
-4.035464 -4.002020 -0.189725
-4.280723 -4.121725 -0.276267
-3.622913 -1.833136 -0.100165
-3.669071 -1.813666 -0.101110
-3.871367 -1.661584 -0.089720
-4.021157 -1.478340 -0.115210
-4.194178 -1.530337 -0.124547
-4.330997 -1.535827 -0.130005
-4.301517 -1.893151 -0.126203
-4.372039 -1.665304 -0.136805
-4.352643 -1.534234 -0.134409
-4.580967 -2.116340 -0.145098
-4.633840 -2.111392 -0.149077
1.783025 -3.967747 -0.481740
1.512749 -2.856590 -0.419043
1.542484 -2.650749 -0.395326
1.443738 -3.159856 -0.435207
1.460506 -2.952138 -0.442069
1.349685 -2.408119 -0.396509
1.224162 -3.895551 -0.317722
1.316281 -3.795083 -0.324151
-0.985717 -2.949927 -0.631189
-0.957209 -2.795667 -0.624556
-0.944835 -2.525905 -0.618814
-0.927534 -2.351243 -0.609054
-1.136791 -2.987067 -0.627201
-1.098094 -2.843889 -0.626333
-2.039381 -2.363055 -0.671757
-2.596902 -1.987826 -0.584380
-2.718178 -1.972820 -0.558560
-2.913609 -1.933562 -0.639803
-3.059632 -1.911778 -0.617942
-3.246790 -1.893109 -0.647531
-4.125140 -3.286120 -0.715638
-0.086809 -2.473054 -0.274018
-0.234663 -2.447412 -0.289310
-0.545566 -2.356086 -0.291783
-0.780412 -2.319563 -0.246896
-1.100475 -2.264014 -0.214477
-2.069179 -2.105055 -0.455472
-2.361444 -2.039067 -0.368748
-2.598884 -2.006187 -0.390914
-2.789490 -1.968691 -0.447881
-2.902595 -1.945914 -0.488379
-3.124616 -1.904314 -0.496480
-3.107581 -3.603330 -0.335136
-3.354494 -1.868946 -0.459754
-3.541890 -1.846896 -0.482304
-3.706038 -1.813370 -0.456056
-3.794122 -1.763510 -0.463086
-4.020003 -1.467262 -0.555765
-4.243617 -1.758687 -0.536761
-4.175110 -1.556265 -0.531294
1.772713 -3.990403 0.116049
1.799241 -3.796489 0.128279
1.790323 -3.598526 0.138429
1.495995 -2.817179 0.164426
1.388648 -3.402977 0.127714
1.419277 -3.169243 0.141772
1.467216 -2.935415 0.156482
-1.578716 -3.730166 -0.001768
-1.717310 -3.908988 -0.001072
-2.105110 -2.097774 -0.240370
-2.170620 -2.076896 -0.241086
-2.013754 -4.505144 0.000673
-2.352522 -2.042482 -0.205808
-2.208631 -4.451123 -0.007714
-2.591846 -2.006848 -0.190065
-2.773176 -1.992438 -0.114492
-2.811682 -4.318813 -0.035008
-3.207053 -1.899575 -0.286435
-2.994438 -4.131816 -0.046129
-3.128397 -3.564838 -0.296806
-3.363528 -1.877628 -0.226056
-3.552990 -1.853065 -0.152887
-3.762189 -1.799624 -0.220379
-3.884827 -1.672715 -0.184758
-4.045278 -1.466845 -0.147057
-3.827820 -4.038034 -0.222519
-3.964298 -3.684785 -0.135432
-4.241656 -1.725355 -0.238921
-4.192329 -1.551377 -0.241471
-4.018152 -4.020030 -0.238503
-4.303479 -2.132966 -0.311803
-4.357963 -1.717969 -0.156735
-4.363223 -1.594314 -0.161135
-4.554120 -2.157635 -0.362224
-3.500317 -1.853157 -0.083650
-3.547492 -1.873648 -0.088864
-3.911893 -1.658400 -0.113446
-4.041578 -1.482588 -0.117636
-4.186055 -1.531042 -0.126018
-4.347597 -1.766184 -0.136458
-4.373058 -1.599586 -0.143942
1.780255 -3.884894 -0.507142
1.859728 -3.614692 -0.415805
1.593186 -5.033765 -0.432539
1.656322 -4.779080 -0.434642
1.671262 -4.646817 -0.433933
1.525504 -2.779373 -0.476287
1.558476 -2.582756 -0.425151
1.372213 -3.495598 -0.487736
1.399285 -3.279763 -0.492607
1.463777 -3.050575 -0.463361
1.463407 -2.842896 -0.485534
1.239430 -4.316348 -0.506871
-0.490993 -3.568233 -0.599883
-0.509206 -3.638487 -0.598092
-0.750250 -2.371928 -0.614992
-0.937762 -3.026261 -0.617394
-0.841956 -2.779708 -0.616111
-0.773517 -2.550941 -0.616255
-1.198168 -3.430631 -0.618924
-1.069986 -3.235814 -0.621481
-1.039574 -3.085053 -0.617633
-1.788713 -2.527353 -0.656972
-2.160599 -2.071280 -0.572723
-2.421513 -2.028407 -0.597568
-2.625858 -2.001482 -0.589566
-2.758384 -1.988934 -0.613160
-3.631750 -3.360662 -0.568053
1.828741 -3.699451 -0.329303
1.705114 -4.525080 -0.298144
1.525092 -2.749816 -0.355945
1.401893 -4.203352 -0.287686
1.267784 -3.672996 -0.295289
1.431862 -3.307884 -0.320428
1.456595 -3.025211 -0.335601
1.317792 -2.359797 -0.367925
1.227780 -3.836801 -0.287269
-0.082912 -2.439081 -0.302375
-0.404844 -2.364240 -0.292788
-2.074501 -3.637605 -0.242407
-2.167641 -2.073640 -0.325129
-2.402382 -2.033849 -0.461768
-2.627491 -2.002035 -0.485035
-3.336022 -1.938797 -0.327468
-3.388298 -1.909989 -0.334622
-3.649834 -4.150804 -0.351799
-3.604246 -3.357105 -0.452575
-4.227890 -2.085865 -0.474038
-4.242034 -1.802615 -0.399189
-4.143898 -1.577080 -0.403677
-4.304591 -2.187163 -0.427145
-4.281802 -2.104696 -0.436817
-4.290483 -1.575165 -0.429090
1.737009 -4.192869 0.040350
1.755381 -3.979329 0.061280
1.809893 -3.739986 0.074091
1.642817 -4.730484 0.021363
1.687193 -4.507589 0.028394
1.720438 -4.319522 0.035830
1.635613 -4.056231 0.029584
1.553415 -3.494761 0.076012
1.414610 -3.863853 0.027337
1.395087 -3.290424 0.078140
1.432260 -3.013821 0.090783
1.451077 -2.790906 0.099994
-2.020119 -2.100617 -0.181882
-2.203308 -3.732090 -0.212540
-2.151676 -2.073044 -0.158043
-2.293724 -2.060798 -0.142296
-2.598419 -2.014248 -0.175504
-3.021954 -1.984655 -0.119584
-3.131186 -1.999533 -0.148339
-3.349092 -1.968132 -0.119612
-3.436288 -1.913373 -0.165223
-3.660925 -4.126075 -0.248833
-3.582316 -3.369277 -0.261527
-3.910119 -4.038422 -0.183246
-3.819334 -3.278085 -0.267685
-4.085997 -3.986828 -0.197357
-4.258371 -1.992966 -0.230229
-4.250843 -1.848563 -0.230221
-4.086760 -1.532113 -0.120625
-4.292511 -2.074752 -0.266060
-4.275275 -1.883075 -0.236658
-3.182399 -2.007262 -0.057123
-3.355392 -1.974428 -0.064949
-4.108477 -1.510068 -0.106809
1.621729 -4.940202 -0.518826
1.657897 -4.683318 -0.495805
0.096773 -5.617672 -0.617996
1.632694 -4.407860 -0.469696
0.352881 -3.411044 -0.571085
0.388040 -3.266908 -0.567131
0.493514 -3.102022 -0.574747
-1.314793 -4.156565 -0.641950
0.430931 -2.864488 -0.554154
-2.013981 -4.423753 -0.667568
-1.467100 -4.223524 -0.643231
-1.368320 -2.622280 -0.625504
-1.293677 -2.519103 -0.609811
-1.726750 -2.573157 -0.650804
-1.704521 -2.495836 -0.651732
-1.317403 -2.429325 -0.619403
-1.254664 -2.239383 -0.613265
-1.689807 -2.415602 -0.652770
-3.592730 -1.813241 -0.556657
-3.471003 -1.837281 -0.558665
-4.285713 -2.062934 -0.588267
-4.269739 -1.931695 -0.585272
1.583805 -5.069969 -0.350137
1.626237 -4.820759 -0.351226
1.673946 -4.645109 -0.371851
1.782277 -3.731621 -0.366117
1.289388 -3.674873 -0.329807
1.642791 -3.561840 -0.354307
1.409411 -3.344146 -0.336787
1.435122 -3.195690 -0.339056
1.473578 -2.998652 -0.342347
1.518820 -2.800404 -0.347168
1.805409 -2.611500 -0.371269
1.541163 -2.693178 -0.327183
1.345544 -2.441894 -0.326018
-2.350511 -4.342261 -0.366411
-0.308493 -2.384691 -0.347243
-0.087736 -2.446921 -0.376925
-3.266010 -4.211667 -0.400492
-3.409091 -4.178101 -0.364319
-3.033765 -3.595943 -0.283913
-1.226058 -2.232859 -0.355003
-3.094185 -3.615008 -0.290518
-1.899592 -2.122262 -0.341871
-4.237689 -2.394494 -0.509742
-3.607679 -1.815731 -0.351569
-3.548677 -1.838896 -0.354141
-4.319403 -2.140182 -0.351781
-4.290383 -2.085170 -0.374757
-3.968874 -1.805448 -0.500912
-3.776036 -1.779570 -0.420906
-4.262955 -1.885979 -0.361782
-4.242305 -1.729783 -0.376835
-3.955274 -1.714905 -0.315329
-4.236981 -1.539392 -0.426721
1.408062 -3.266837 0.024516
1.425469 -3.159005 -0.001974
1.460096 -3.018331 0.009880
1.492334 -2.814804 0.007810
1.504855 -2.682817 -0.000452
-2.108009 -3.678617 -0.245598
-2.019392 -3.660389 -0.259181
-3.147856 -4.162425 -0.169049
-2.624713 -3.589931 -0.229741
-3.367121 -4.123698 -0.230218
-2.910331 -3.612260 -0.246158
-2.716088 -3.600823 -0.230960
-3.047917 -3.578294 -0.248635
-1.657518 -2.164831 -0.135957
-1.869355 -2.136038 -0.134166
-2.537750 -2.077492 -0.162676
-2.974958 -1.999027 -0.145574
-3.607611 -1.836806 -0.151518
-4.292716 -2.089529 -0.247479
-3.932196 -1.823963 -0.188465
-3.819560 -1.788452 -0.197655
-4.735953 -2.110879 -0.161245
-4.272983 -1.870329 -0.231017
-4.240944 -1.749422 -0.274977
1.467215 -2.955049 0.057943
1.503765 -2.857163 0.056497
1.533154 -2.708414 0.056366
-0.014778 -2.424004 0.036167
-0.454789 -2.376296 0.053929
-0.733759 -2.333282 0.080053
-1.191975 -2.244823 0.060454
-1.928510 -2.140532 0.015531
1.641292 -4.970465 -0.519653
1.684884 -4.682221 -0.488758
1.450262 -4.822831 -0.571399
1.716903 -4.401478 -0.460739
1.777644 -4.196794 -0.444144
1.803278 -3.926684 -0.421356
1.446737 -4.448892 -0.448026
1.816820 -3.820182 -0.412547
1.860011 -3.670250 -0.404685
0.211139 -5.773339 -0.614172
0.032770 -5.656749 -0.615090
0.194193 -5.437079 -0.595420
0.278215 -5.395924 -0.596745
0.383225 -4.878266 -0.492622
-0.200299 -5.484325 -0.561425
1.031288 -3.333839 -0.559758
1.450102 -2.911798 -0.421169
0.998152 -2.597748 -0.534624
-0.357595 -3.727468 -0.600270
-0.939445 -4.203182 -0.619379
-0.681023 -4.024789 -0.609338
-0.450967 -3.737406 -0.585103
-1.181186 -4.291866 -0.624483
-1.089103 -4.258148 -0.618102
-0.953266 -2.400732 -0.602163
-0.914504 -2.299407 -0.569545
-1.304534 -2.442368 -0.626983
-1.225605 -2.285132 -0.532525
-1.418362 -2.209740 -0.533714
-1.623057 -2.156181 -0.502490
-4.245994 -2.434154 -0.570938
-4.290123 -2.127901 -0.594702
1.187452 -3.914764 -0.199009
1.419587 -3.416856 -0.351947
1.431297 -3.054058 -0.190053
-0.565016 -4.671835 -0.376279
-0.296669 -4.082517 -0.298990
-0.875584 -4.632226 -0.363950
-0.456408 -4.184202 -0.305170
-0.447810 -4.045154 -0.286385
-2.184266 -4.403159 -0.297877
-2.597893 -4.596656 -0.280778
-2.480497 -4.360028 -0.353691
-1.201370 -2.247815 -0.335546
-1.404716 -2.214525 -0.327719
-2.693604 -3.636171 -0.339512
-2.603934 -3.588952 -0.380081
-1.575968 -2.188830 -0.335514
-2.746883 -3.618890 -0.345307
-3.296988 -1.909542 -0.333314
-3.458179 -1.887546 -0.329886
-4.249483 -2.461587 -0.485751
-3.902928 -1.777964 -0.487188
-4.272879 -2.132087 -0.364410
-4.249345 -1.953734 -0.387789
-4.248632 -1.786888 -0.353361
-4.232650 -1.725280 -0.344708
1.512274 -5.686479 -0.099039
1.544482 -5.545979 -0.084543
1.692094 -4.328968 0.069875
1.775239 -4.135834 0.084500
1.798950 -3.921016 0.097756
1.840456 -3.824588 0.104400
1.417848 -3.413580 0.109331
1.410127 -3.056145 -0.069537
-0.984966 -4.597244 -0.158526
-2.200324 -4.360271 -0.174346
-2.479716 -4.344875 -0.191921
-2.350542 -4.336903 -0.163393
-2.153636 -3.739053 -0.208401
-1.218541 -2.253382 -0.088455
-2.581017 -4.286396 -0.108681
-1.415213 -2.223664 -0.095241
-2.682459 -3.613025 -0.191178
-2.603931 -3.585185 -0.182530
-1.579216 -2.191623 -0.193519
-2.734899 -3.619727 -0.195246
-2.292353 -2.150769 -0.140208
-2.152510 -2.146171 -0.147425
-2.905749 -2.767777 -0.091764
-2.440488 -2.118291 -0.110538
-3.269183 -1.915981 -0.160057
-3.425886 -1.884095 -0.195332
-3.886341 -1.821916 -0.186271
-4.280623 -2.143425 -0.272407
-4.260828 -1.914965 -0.278268
-1.467672 -2.211516 0.045950
-1.577770 -2.209631 0.046999
-2.262182 -2.185959 0.014538
-2.139088 -2.147176 0.015270
1.629176 -5.038067 -0.561585
1.649927 -4.932679 -0.547662
1.436118 -4.990354 -0.611183
1.521713 -4.765232 -0.590370
1.691841 -4.671220 -0.516675
1.510672 -4.419411 -0.471347
1.649929 -4.225617 -0.459855
1.868862 -3.651453 -0.420327
1.675317 -3.937732 -0.569750
1.730322 -3.670190 -0.492910
1.836047 -3.547339 -0.408997
1.363355 -3.707060 -0.519866
1.332768 -3.613508 -0.514765
0.350630 -5.053473 -0.534284
1.404640 -3.308733 -0.487076
1.403083 -3.026725 -0.458787
-0.605769 -5.482863 -0.558769
1.237222 -2.612162 -0.548579
-0.384254 -4.105293 -0.629185
-0.047125 -3.806975 -0.619413
-0.758804 -4.386487 -0.660876
-0.590056 -4.249045 -0.639114
-0.586101 -2.513882 -0.613448
-0.521502 -2.363973 -0.606760
-0.930776 -2.514270 -0.633911
-0.642631 -2.342922 -0.589595
-0.995408 -2.289423 -0.527970
-1.153612 -2.250799 -0.513401
-4.292481 -2.174550 -0.672992
-3.938404 -1.901573 -0.558511
1.801388 -3.588660 -0.183774
1.283150 -3.941275 -0.399062
1.314616 -3.861744 -0.393164
1.392572 -3.247793 -0.184883
1.425969 -3.016023 -0.184593
0.506972 -4.164979 -0.367588
-0.661776 -4.658573 -0.394059
-0.308615 -4.053945 -0.332123
-0.801244 -2.317945 -0.382462
-2.386256 -4.365735 -0.354291
-1.011493 -2.280267 -0.331587
-2.478394 -4.344068 -0.363930
-1.165152 -2.250323 -0.325246
-1.461633 -2.207192 -0.391472
-1.678820 -1.903600 -0.477309
-2.015144 -2.140077 -0.246899
-3.675554 -4.132871 -0.428359
-2.699782 -2.023278 -0.269032
-2.897464 -1.976912 -0.351415
-4.374062 -2.409800 -0.363067
-4.289623 -2.174277 -0.386746
-4.283149 -2.159867 -0.376822
-4.263519 -2.002286 -0.381382
-4.240717 -1.769066 -0.359716
-4.804144 -2.222216 -0.421273
-4.726075 -2.172280 -0.406264
1.468345 -5.837161 -0.145171
1.497947 -5.698854 -0.105098
1.385224 -3.265569 -0.056966
1.444139 -3.003903 0.013476
-0.533875 -4.663742 -0.164417
-0.688704 -4.638614 -0.159892
-0.819707 -2.316086 -0.114658
-0.758706 -2.319123 -0.128880
-2.357787 -4.354463 -0.207974
-2.201862 -4.341579 -0.188236
-0.978991 -2.294677 -0.100680
-1.198900 -2.257133 -0.186960
-1.407351 -2.220627 -0.104568
-3.047591 -4.002934 -0.065949
-1.938583 -2.219935 -0.052727
-1.835899 -2.193306 -0.124953
-1.984408 -2.186865 -0.074578
-3.037052 -3.037942 -0.190271
-3.006638 -2.935020 -0.179639
-3.860514 -4.208292 -0.107291
-2.994489 -2.881387 -0.176641
-2.689139 -2.026315 -0.159999
-2.849178 -1.990169 -0.154505
-4.309358 -3.800227 -0.129277
-3.070503 -1.948753 -0.174183
-4.594722 -3.579216 -0.145433
-5.008268 -3.334897 -0.171178
-5.098135 -3.241107 -0.176828
-4.219729 -2.005700 -0.242446
-4.221932 -1.827738 -0.253833
1.443750 -3.090145 0.102447
-1.072412 -2.284378 0.042999
-1.157976 -2.282815 0.043490
-1.974061 -2.195837 0.007948
1.586490 -5.205648 -0.480194
1.625069 -4.999262 -0.473092
1.754691 -4.364491 -0.499996
1.131970 -4.874678 -0.581159
1.668609 -4.217703 -0.461814
1.775715 -4.176344 -0.478666
1.184238 -4.281590 -0.437571
1.821266 -3.714202 -0.461997
0.262789 -5.538561 -0.631571
-0.171910 -5.712915 -0.632311
-0.207022 -5.499695 -0.584459
1.421093 -2.980445 -0.432873
1.266979 -2.294420 -0.439967
-0.568746 -4.249841 -0.611786
-1.037439 -4.463520 -0.648203
-0.686659 -4.300996 -0.627392
0.108950 -2.768291 -0.558770
-0.012874 -2.901564 -0.571650
-0.390306 -2.655847 -0.592182
-0.389012 -2.527351 -0.598189
-0.381609 -2.440212 -0.582622
-0.715726 -2.334986 -0.486367
-0.718022 -2.255690 -0.536801
-1.505934 -2.214470 -0.502964
-3.331282 -2.451086 -0.685661
-2.995188 -1.934733 -0.599922
-3.845457 -1.919626 -0.542324
1.194218 -3.774554 -0.193252
1.361871 -3.303828 -0.191679
1.392311 -3.091752 -0.190228
1.454279 -2.763508 -0.325472
-1.037643 -4.802453 -0.348773
-1.010041 -4.614446 -0.318267
-0.498677 -3.986560 -0.223953
-1.402331 -4.548059 -0.350286
-1.356003 -4.557533 -0.370483
-1.483737 -4.535214 -0.351546
-0.289243 -2.389778 -0.399488
-0.735920 -2.337695 -0.309293
-0.891131 -2.312027 -0.300952
-2.591157 -2.012917 -0.326909
-2.798137 -1.976452 -0.355100
-4.247644 -2.099175 -0.422891
-4.281320 -2.058953 -0.314246
-4.243436 -1.840380 -0.327212
-4.715436 -2.149232 -0.383633
1.694353 -4.635129 0.109247
1.727653 -4.352959 0.108246
1.748713 -4.172517 0.106436
1.793305 -3.912934 0.104828
1.825250 -3.743134 0.103894
1.844845 -3.660904 0.103676
1.372886 -3.473198 0.091777
1.395553 -3.330501 -0.012506
1.406176 -3.094279 -0.065981
1.462111 -2.943287 -0.085213
1.301692 -2.427215 0.089211
-0.607159 -4.133045 -0.189471
-1.426838 -4.552836 -0.153191
-1.338799 -4.545929 -0.161108
0.035640 -2.483165 -0.032621
-1.506253 -4.507240 -0.181018
-1.423208 -4.484612 -0.135110
-0.561471 -2.385013 0.046332
-0.714829 -2.355041 -0.042826
-0.586223 -2.365117 -0.123954
-0.899029 -2.328190 -0.060571
-1.661338 -2.274288 -0.013481
-1.565797 -2.249044 -0.047764
-1.713380 -2.231704 -0.056528
-1.693456 -2.222875 -0.036603
-3.021921 -2.973495 -0.185329
-2.980880 -2.852788 -0.173339
-2.412990 -2.055975 -0.184463
-2.337950 -2.074443 -0.209297
-3.900224 -3.758032 -0.112110
-2.586384 -2.020903 -0.142634
-4.059648 -3.735000 -0.119484
-2.808357 -1.982219 -0.154996
-4.156780 -3.553849 -0.119654
-4.272074 -2.113473 -0.158662
-4.796592 -2.447268 -0.113944
-4.290056 -2.054774 -0.068367
-4.318375 -1.884366 -0.056941
-4.767862 -2.135963 -0.102554
1.654224 -4.715530 0.109816
-0.760799 -2.348797 0.074626
-0.878086 -2.336954 0.070395
-1.686920 -2.219187 0.031642
1.581621 -5.205376 -0.422503
1.611023 -5.051188 -0.420301
1.670268 -4.756404 -0.416930
1.671608 -4.358916 -0.553497
1.765993 -4.108538 -0.535423
1.772875 -3.923204 -0.516999
1.209350 -4.321467 -0.497847
1.852507 -3.683406 -0.432115
0.235372 -5.412703 -0.621340
0.247011 -5.305774 -0.616219
0.349406 -5.086962 -0.583047
-0.233148 -5.500412 -0.609415
0.085486 -5.398295 -0.623910
-0.508355 -5.587147 -0.636345
-0.405176 -5.405246 -0.599270
1.452369 -2.944748 -0.408807
1.548444 -2.595274 -0.431981
1.268756 -2.257160 -0.524917
1.272299 -2.029551 -0.530613
-0.100282 -3.174474 -0.592715
0.027079 -2.959816 -0.578977
0.024054 -2.534792 -0.571706
-0.646912 -3.175351 -0.616782
-0.405697 -2.678146 -0.597642
-0.422262 -2.571662 -0.614860
-0.393597 -2.399240 -0.604421
-0.709234 -2.332092 -0.486136
-0.971903 -2.302423 -0.556291
1.198163 -3.733643 -0.236352
1.409353 -3.268456 -0.193442
1.414973 -3.082875 -0.163030
0.497280 -4.198287 -0.406112
1.422488 -2.936788 -0.160386
-0.442222 -4.004069 -0.200441
-1.040883 -4.857473 -0.309635
-0.936448 -4.603745 -0.276297
-1.397995 -4.544961 -0.310328
-1.507460 -4.523212 -0.328263
-0.561485 -2.525270 -0.343736
-0.347364 -2.373220 -0.417120
-0.726511 -2.333612 -0.299734
-0.893566 -2.303035 -0.306572
-2.537111 -3.597667 -0.275841
-2.576093 -2.000452 -0.338600
-2.749910 -1.971574 -0.354157
-4.251997 -2.057578 -0.377954
-3.897567 -1.921319 -0.508335
-3.930219 -1.724573 -0.520499
-4.232579 -1.891125 -0.366114
-4.217232 -1.681562 -0.457435
1.591762 -5.170266 -0.132881
1.635240 -4.677820 -0.010803
1.704696 -4.442480 0.071076
1.720441 -4.304916 0.068391
1.748092 -4.128873 0.065615
1.787923 -3.915736 0.062250
1.386831 -3.926476 -0.041358
1.413064 -3.195469 -0.067715
1.419495 -3.105657 -0.083970
-0.564841 -4.054997 -0.193560
-1.351934 -4.574561 -0.152444
-1.333299 -4.523503 -0.132826
0.038329 -2.478570 -0.012863
-1.435175 -4.534914 -0.146823
-0.446637 -2.385557 -0.157040
-0.710770 -2.348791 -0.072386
-0.584796 -2.359886 -0.096837
-0.886966 -2.325313 -0.067565
-1.138225 -2.266733 -0.099183
-1.651551 -2.269777 0.018051
-1.571448 -2.234549 -0.049976
-1.712576 -2.228974 -0.038304
-1.674801 -2.213162 -0.043999
-3.497786 -3.879050 -0.045530
-3.068023 -3.133553 -0.177614
-3.025997 -2.959733 -0.164425
-2.970845 -2.837968 -0.143761
-2.392818 -2.046745 -0.164298
-3.013077 -2.874700 -0.197613
-2.983764 -2.830634 -0.192264
-2.573312 -2.008158 -0.151756
-2.784760 -1.969939 -0.145506
-4.292424 -2.020828 -0.106009
-4.277809 -1.874100 -0.111372
-4.793211 -2.319780 -0.071068
-4.744683 -2.148539 -0.070348
-0.727513 -2.348069 0.064520
-0.576637 -2.366970 0.057793
-0.889739 -2.331423 0.062482
-4.324024 -2.016143 -0.031438
1.576853 -5.204690 -0.457411
1.606562 -4.994151 -0.449661
1.667205 -4.703698 -0.443934
1.648101 -4.494184 -0.521205
1.696957 -4.319712 -0.503402
1.748799 -4.146825 -0.487203
0.981285 -4.894153 -0.579641
0.218260 -5.517621 -0.631374
-0.173989 -5.681410 -0.629242
-0.503405 -5.504621 -0.588103
1.156788 -2.781812 -0.530440
1.295717 -2.375332 -0.430340
-0.565108 -4.235107 -0.606112
-1.014642 -4.437415 -0.636143
-1.073861 -4.456745 -0.640588
-0.026579 -2.928424 -0.568293
0.094041 -2.758054 -0.555038
-0.750781 -3.212012 -0.618850
-0.679569 -3.107785 -0.607378
-0.569602 -2.795560 -0.594451
-0.497463 -2.560149 -0.603824
-0.493443 -2.385551 -0.602625
-0.731000 -2.334743 -0.477199
-0.869266 -2.305114 -0.444574
-2.560717 -2.007957 -0.541483
1.184093 -3.910713 -0.205315
1.198289 -3.764202 -0.200885
1.364114 -3.294639 -0.200197
0.408893 -4.216112 -0.368372
1.481441 -2.824754 -0.342749
-1.014077 -4.872338 -0.340100
-0.418487 -4.006378 -0.216251
-1.015585 -4.602501 -0.294396
-0.559056 -4.041430 -0.206208
-1.395093 -4.558870 -0.323351
-1.375309 -4.548309 -0.357462
-1.488439 -4.535198 -0.348876
-0.302536 -2.398548 -0.250335
-0.728010 -2.343561 -0.267416
-0.910644 -2.313869 -0.290410
-1.156539 -2.276095 -0.313759
-2.571681 -3.089216 -0.258043
-2.577568 -2.006952 -0.307965
-2.791239 -1.966498 -0.313308
-4.242999 -2.045975 -0.407207
-4.225221 -1.893674 -0.349818
-4.194288 -1.677790 -0.415735
-4.769627 -2.129773 -0.349561
1.558075 -5.248756 -0.107161
1.690187 -4.471354 0.098717
1.711745 -4.336368 0.097694
1.740909 -4.159904 0.096294
1.775970 -3.944445 0.094933
1.816767 -3.735349 0.093980
1.823690 -3.649152 0.093368
1.264044 -3.664720 0.085299
1.368659 -3.429942 -0.052367
1.385763 -3.298106 -0.085321
1.415331 -3.120353 -0.042248
-1.365405 -4.521402 -0.129896
0.061615 -2.486850 -0.018341
-1.505185 -4.519752 -0.146338
-0.702999 -2.361143 -0.034186
-0.577453 -2.379246 -0.073330
-0.889603 -2.333184 -0.036759
-1.658297 -2.268449 0.029736
-1.566858 -2.244769 -0.052051
-1.713926 -2.236567 -0.000656
-1.672408 -2.225950 -0.032365
-3.623599 -3.874338 -0.070345
-3.068624 -3.126349 -0.175946
-3.029520 -2.960200 -0.162341
-2.980321 -2.846083 -0.141549
-2.399750 -2.052256 -0.161423
-3.799840 -3.763071 -0.074969
-3.001284 -2.858408 -0.180205
-2.988297 -2.832669 -0.162092
-2.587437 -2.014707 -0.134367
-2.813652 -1.965799 -0.137783
-4.769667 -2.372094 -0.082144
-4.323308 -2.063366 -0.037651
-4.266518 -1.885783 -0.206067
-4.810737 -2.335458 -0.081247
-4.769522 -2.143116 -0.075419
-0.763196 -2.354270 0.084129
-0.878598 -2.339681 0.079359
-1.696093 -2.212268 0.044460
1.592715 -5.226800 -0.439383
1.618627 -5.069138 -0.435533
1.658503 -4.871449 -0.431976
1.686147 -4.673940 -0.427811
0.748638 -4.524119 -0.580217
0.915835 -4.332611 -0.567652
0.954557 -4.229333 -0.555747
0.102544 -5.010662 -0.619947
0.211520 -4.931250 -0.609960
0.449566 -4.781717 -0.598411
0.611283 -4.598584 -0.578070
-0.154810 -5.109408 -0.627781
-0.056946 -4.991404 -0.619472
0.116274 -4.877292 -0.605643
0.282142 -4.678123 -0.597575
1.461723 -2.963701 -0.416918
-0.476680 -5.191101 -0.636560
-0.469211 -5.136004 -0.628963
-0.212052 -5.022534 -0.625043
-0.727856 -5.201939 -0.639228
0.685666 -2.872626 -0.554571
0.926793 -2.404646 -0.537865
-0.802060 -4.117384 -0.626987
-0.667766 -4.041755 -0.619230
-0.328697 -3.786494 -0.607812
-0.294150 -3.290358 -0.595529
-0.179273 -3.043884 -0.589093
-0.127448 -2.837681 -0.580518
0.108933 -2.341697 -0.568609
-0.745880 -3.246439 -0.629674
-0.668173 -3.068325 -0.608563
-0.094035 -2.548017 -0.568390
-0.037568 -2.373600 -0.571475
-0.568821 -2.820551 -0.601836
-0.493230 -2.567822 -0.614335
-0.431786 -2.385722 -0.568829
-0.723083 -2.335322 -0.491543
-0.843202 -2.307648 -0.467714
-4.351444 -2.210771 -0.673142
1.213968 -3.752070 -0.198210
1.378859 -3.282268 -0.201322
-0.934773 -4.861338 -0.331820
-0.390896 -4.004331 -0.213811
-0.926985 -4.629486 -0.296051
-0.534280 -4.039673 -0.204121
-1.400831 -4.555207 -0.271717
-1.506192 -4.508036 -0.287791
-0.713296 -2.343700 -0.290689
-0.592865 -2.358986 -0.327706
-0.893471 -2.312935 -0.317861
-1.200698 -2.271412 -0.270663
-1.443229 -2.201036 -0.419110
-2.434109 -2.064430 -0.252639
-2.556952 -2.016337 -0.345467
-2.786432 -1.973922 -0.382104
-3.001978 -1.940907 -0.511976
-4.253623 -2.121049 -0.417970
-4.250764 -2.054197 -0.546515
1.578958 -5.230969 -0.093118
1.643011 -4.773303 0.113996
1.698674 -4.448143 0.108904
1.723829 -4.315225 0.107578
1.750162 -4.159033 0.077806
1.787241 -3.924579 0.102169
1.771270 -3.787253 0.099549
1.834642 -3.673694 0.099328
1.388012 -3.417352 -0.051334
1.402889 -3.319859 -0.085639
1.436709 -3.060797 -0.029615
1.454501 -2.952628 -0.118176
-1.370239 -4.537485 -0.137644
0.009546 -2.486451 -0.024046
-1.567731 -4.496627 -0.148753
-0.524626 -2.379659 -0.166549
-0.708055 -2.357536 -0.054073
-0.572085 -2.376524 -0.089330
-0.873115 -2.334654 -0.071249
-1.672238 -2.287442 0.027463
-1.579680 -2.246153 -0.032500
-1.709909 -2.237935 -0.090015
-1.669089 -2.227851 -0.011538
-2.557834 -2.896510 -0.253846
-3.612299 -3.901434 -0.080674
-3.076409 -3.169428 -0.172303
-3.030194 -2.996151 -0.185733
-2.964402 -2.847484 -0.157634
-2.383703 -2.062019 -0.178972
-2.243615 -2.099301 -0.169727
-3.852423 -3.820940 -0.090350
-3.805660 -3.711949 -0.086148
-3.029511 -2.903604 -0.213116
-2.569793 -2.020890 -0.170333
-2.797699 -1.983639 -0.183265
-4.284829 -2.029406 -0.151644
-4.272053 -1.898201 -0.207596
-4.783510 -2.301497 -0.108068
-4.760488 -2.153393 -0.101425
-0.751315 -2.355343 0.073109
-0.884845 -2.340923 0.066661
-4.308918 -1.900355 -0.052558
1.580691 -5.236768 -0.391261
-0.056688 -5.326451 -0.616464
0.249502 -4.518117 -0.592485
0.417519 -4.378644 -0.584878
1.540698 -2.625137 -0.394655
-0.222416 -4.783471 -0.612551
-0.085321 -4.725762 -0.608441
-0.628471 -4.918915 -0.629673
-0.331414 -4.808239 -0.617968
-0.196593 -4.675951 -0.609051
-0.915455 -4.918356 -0.626578
-0.154918 -2.750127 -0.589262
-0.086276 -2.484541 -0.587724
-0.025666 -2.349670 -0.580323
-0.544841 -2.780544 -0.625854
-0.494711 -2.580607 -0.625898
-0.120108 -2.357677 -0.595715
-0.568911 -2.361260 -0.484936
-0.807360 -2.318809 -0.518954
-1.373493 -2.224418 -0.562558
-3.549768 -2.568081 -0.715527
-4.425389 -2.372535 -0.689441
-4.292745 -2.007316 -0.607743
1.574873 -5.223363 -0.317626
1.597811 -5.093817 -0.325580
1.628518 -4.853000 -0.282758
1.658028 -4.711957 -0.269614
1.691024 -4.504930 -0.305447
1.702503 -4.430850 -0.244345
1.805122 -3.680970 -0.358817
1.150604 -3.950890 -0.314276
1.194717 -3.761183 -0.274567
1.355153 -3.389750 -0.310431
1.392490 -3.309616 -0.230229
1.382129 -3.188947 -0.268689
1.416493 -3.003911 -0.314627
1.424917 -2.604741 -0.337733
1.275775 -2.306883 -0.365895
-0.984098 -4.856295 -0.285942
-0.940253 -4.615484 -0.248081
-0.475224 -4.006205 -0.210212
-1.338137 -4.576220 -0.250370
-1.471153 -4.530519 -0.286822
-1.370627 -4.517424 -0.355782
-0.421486 -2.358672 -0.448381
-0.643068 -2.347075 -0.323775
-0.518210 -2.377260 -0.295132
-0.799250 -2.326572 -0.341489
-1.075790 -2.279116 -0.313480
-1.488848 -2.204060 -0.447533
-2.338449 -2.064269 -0.326300
-2.440577 -2.038321 -0.366049
-2.708810 -1.990817 -0.413473
1.693495 -4.298050 0.074141
1.715424 -4.123816 0.066823
1.739941 -3.967623 0.082886
1.777307 -3.809390 0.076496
1.821057 -3.607464 0.115841
1.342175 -3.424567 0.102905
1.384354 -3.306413 0.070188
2.050936 -2.560721 0.009340
1.396704 -3.186049 0.033911
1.402521 -3.078761 0.033667
-0.561748 -4.059346 -0.199325
-1.455798 -4.539894 -0.213719
-1.368515 -4.507740 -0.229399
0.008425 -2.475696 -0.021525
-0.080883 -2.364183 -0.028264
-0.385217 -2.398234 -0.155766
-0.639590 -2.354850 -0.075648
-0.513457 -2.369958 -0.119192
-2.258705 -4.418701 -0.039683
-0.805707 -2.331973 -0.105187
-1.086573 -2.270802 -0.181745
-1.582949 -2.285399 -0.018747
-1.487060 -2.248310 -0.077527
-1.654343 -2.234033 -0.072092
-1.603807 -2.232906 -0.037406
-2.655602 -3.223436 -0.251047
-3.067889 -3.127160 -0.160718
-2.348990 -2.059767 -0.175464
-3.075080 -3.077444 -0.161375
-3.045181 -2.963911 -0.160946
-2.503453 -2.029784 -0.182177
-2.668444 -1.999023 -0.208784
-4.241198 -2.167118 -0.257257
1.473013 -2.958247 0.118279
-0.420308 -2.392213 0.098961
-0.654082 -2.364444 0.051705
-0.513557 -2.370913 0.058906
-0.795901 -2.341363 0.060669
-4.361958 -1.670535 -0.085235
1.546456 -5.493140 -0.462506
1.578320 -5.322762 -0.472539
1.602786 -5.180110 -0.456609
1.644901 -4.957716 -0.433354
0.875774 -4.180367 -0.595105
0.335565 -4.653935 -0.621831
0.585212 -4.441216 -0.602191
0.121411 -4.745013 -0.623632
-0.521105 -4.863027 -0.626569
1.265646 -2.030387 -0.546406
0.325696 -2.818802 -0.593927
0.362717 -2.690400 -0.578912
-1.358794 -4.845963 -0.481998
-0.039092 -2.848278 -0.617703
0.300769 -2.714680 -0.596140
0.326727 -2.545560 -0.591848
0.327240 -2.352322 -0.592289
-0.036332 -2.769246 -0.619823
-0.038232 -2.688246 -0.624043
0.233577 -2.187506 -0.583539
-0.309039 -2.397650 -0.537272
-2.010175 -2.106170 -0.567575
-2.882281 -2.796826 -0.682801
-4.261257 -1.977841 -0.573089
-4.233775 -1.742387 -0.564809
1.577551 -5.306099 -0.417562
1.599098 -5.213350 -0.406165
1.654263 -4.886590 -0.387193
1.673913 -4.766762 -0.353750
1.725729 -4.436735 -0.320532
1.866770 -3.647485 -0.337374
1.184718 -3.941911 -0.242471
1.229759 -3.814068 -0.308750
1.392779 -3.410316 -0.220647
1.443503 -3.061086 -0.221167
0.464092 -4.179631 -0.217211
1.301150 -2.359319 -0.235200
-0.624062 -4.655714 -0.293779
-0.939053 -4.719355 -0.302012
-0.823197 -4.633998 -0.270748
-0.495021 -3.982009 -0.226708
-0.448987 -3.977653 -0.231890
-1.266449 -4.881361 -0.310318
-1.162357 -4.608652 -0.290913
-1.478740 -4.814974 -0.478616
-1.477829 -4.526842 -0.260450
-1.355108 -4.534508 -0.288533
-0.001161 -2.281403 -0.303596
-1.626669 -4.496145 -0.290459
-0.346403 -2.390716 -0.349993
-0.660410 -2.355175 -0.392213
-0.515336 -2.370452 -0.342599
-0.822172 -2.318541 -0.315439
-2.578559 -3.703716 -0.285445
-2.599664 -3.190417 -0.287152
-2.541909 -3.000294 -0.273254
-2.510629 -2.877659 -0.263667
-1.927258 -2.117338 -0.297570
-1.778676 -2.147338 -0.279742
-2.548435 -2.886925 -0.265444
-2.136578 -2.076527 -0.296933
-4.020966 -1.901440 -0.525953
-3.945467 -1.776350 -0.510741
1.722053 -4.134358 0.069339
1.832562 -3.681589 -0.029311
1.426425 -3.270074 -0.037317
1.516886 -2.719361 0.026026
1.574492 -2.620020 0.022818
-0.549635 -4.641810 -0.165411
-0.838147 -4.580924 -0.097292
-0.617157 -4.218104 -0.203626
-0.554674 -4.074099 -0.196959
-1.130751 -4.565845 -0.121203
0.145390 -2.529423 -0.105169
-1.484546 -4.531274 -0.202396
-1.339141 -4.500853 -0.132186
-1.251696 -4.275800 -0.042006
-0.008668 -2.538404 0.026516
0.054713 -2.452009 -0.034094
0.089444 -2.177194 0.035155
-1.583681 -4.507394 -0.178614
-0.344683 -2.400678 -0.191813
-0.469696 -2.386504 -0.155087
-0.923276 -2.342515 0.020365
-1.031729 -2.327997 -0.010111
-2.542824 -3.596925 -0.208562
-1.607282 -2.184201 -0.161761
-1.897553 -2.134373 -0.143088
-1.800582 -2.149161 -0.127947
-2.098644 -2.090215 -0.162846
-2.962696 -2.814078 -0.212162
-2.446503 -2.042773 -0.127247
-4.350866 -2.106669 -0.205100
-4.264928 -1.929970 -0.188909
-4.053216 -1.806546 -0.165485
-4.786235 -2.497170 -0.099309
-4.275906 -1.803226 -0.184299
1.767147 -4.033936 0.075352
1.778922 -3.921163 0.081176
1.521506 -2.724743 0.067124
1.584380 -2.653883 0.070062
1.277028 -2.309024 0.093632
1.294310 -2.146153 0.159216
1.068563 -2.216539 0.112380
-0.028467 -2.527716 0.055270
0.033947 -2.400776 0.053383
0.103738 -2.192372 0.048913
-0.347740 -2.424839 0.055436
0.036901 -2.196609 0.059880
-0.428680 -2.421190 0.060475
1.433029 -6.060886 -0.578059
1.364474 -6.073885 -0.627203
1.475452 -5.840153 -0.538757
1.528617 -5.574425 -0.506779
1.558195 -5.405839 -0.482806
0.953977 -4.482623 -0.600359
0.723278 -4.659967 -0.616081
0.899106 -4.497384 -0.595403
1.358061 -3.126245 -0.561737
1.516686 -2.886002 -0.550949
1.511775 -2.736225 -0.444726
1.404349 -2.516295 -0.432498
0.821754 -2.939573 -0.583165
1.466760 -1.943830 -0.525305
0.798791 -2.860424 -0.595915
0.849845 -2.681684 -0.589156
0.835161 -2.485536 -0.597959
1.450151 -1.886505 -0.527073
0.781723 -2.450035 -0.583032
-0.100554 -2.212743 -0.552912
-0.395591 -2.399126 -0.465750
-2.598225 -3.702580 -0.597866
-1.462387 -2.210647 -0.547764
-3.977212 -2.072768 -0.577227
-3.911587 -1.920649 -0.561370
-4.313554 -2.386089 -0.653382
-4.337777 -2.152838 -0.647344
-3.892346 -1.794270 -0.554158
1.623804 -5.014728 -0.412738
1.656500 -4.834462 -0.400800
1.667799 -4.714132 -0.361478
1.695257 -4.439040 -0.351446
1.833066 -3.678339 -0.338170
1.197355 -3.990012 -0.323885
1.221170 -3.818352 -0.306807
1.253871 -3.690111 -0.246650
1.407496 -3.421444 -0.333680
1.423422 -3.308828 -0.295749
1.439857 -3.089060 -0.385122
1.495501 -2.868388 -0.419923
1.424736 -2.537038 -0.181069
1.317352 -2.384388 -0.384827
1.779427 -1.475992 -0.301324
-0.538064 -4.684053 -0.259698
-0.805718 -4.653392 -0.299808
0.533197 -2.573026 -0.263554
-1.289724 -4.848289 -0.470027
-1.100264 -4.688097 -0.415248
-0.969929 -4.609891 -0.277445
0.011723 -2.321909 -0.361038
-0.310633 -2.412232 -0.312352
-0.385384 -2.396183 -0.393078
-1.670930 -3.883906 -0.256752
-1.679222 -3.737936 -0.271977
-1.143648 -2.282170 -0.238231
-1.302992 -2.233418 -0.275178
-1.620642 -2.177864 -0.339346
-3.262169 -1.893238 -0.443397
-3.628730 -1.814673 -0.507432
-4.255799 -1.899520 -0.419833
-4.252110 -1.709465 -0.428956
1.318912 -6.615025 -0.204188
1.370230 -6.432629 -0.184485
1.421017 -6.109799 -0.153414
1.480516 -5.841189 -0.126716
1.510285 -5.688768 -0.112688
1.687153 -4.441723 -0.188011
1.721506 -4.306380 -0.117816
1.837216 -3.655648 -0.085363
1.836893 -3.592869 -0.132171
1.342264 -3.875045 -0.106848
1.384397 -3.789996 -0.107249
1.410354 -3.385680 -0.106206
1.404243 -3.276129 0.057260
1.426330 -3.135634 -0.152322
1.484996 -2.835279 -0.157626
1.498952 -2.710800 -0.174525
1.427644 -2.532049 -0.098987
1.279352 -2.351508 -0.098718
1.729099 -1.571896 -0.137104
-0.545657 -4.685664 -0.171364
1.265693 -2.215899 -0.153275
1.279862 -2.182123 -0.137071
1.766227 -1.409870 0.066548
-0.846959 -4.641088 -0.173697
-0.548238 -4.138608 -0.196237
-0.991620 -4.586645 -0.119307
0.027327 -2.136994 0.019854
-0.480454 -2.418344 0.008436
0.839840 -0.352546 0.077251
-1.664494 -3.787019 -0.244599
0.709898 -0.301698 0.077888
-1.082305 -2.301528 -0.097360
-1.412666 -2.216956 -0.129300
-1.296723 -2.246080 -0.111870
-1.561106 -2.196865 -0.160562
-4.745848 -2.298869 -0.255408
-4.468192 -2.165241 -0.224619
-4.380188 -1.746319 -0.080676
-4.368041 -1.651920 -0.073583
-4.771143 -2.193600 -0.250751
1.838606 -3.689016 0.077228
1.837929 -3.600226 0.075616
1.732932 -1.705650 0.142119
1.760900 -1.556405 0.140416
1.759015 -1.464347 0.148985
0.018868 -2.326543 0.062378
0.094822 -2.276738 0.060676
0.037801 -2.167624 0.067836
-0.494272 -2.401860 0.041019
0.868808 -0.352139 0.155451
0.755793 -0.223074 0.147373
1.024860 -6.925249 -0.499876
1.111722 -6.413092 -0.596342
1.403485 -6.173021 -0.541554
1.447340 -5.964674 -0.493651
1.013367 -6.441612 -0.601175
1.516006 -5.618923 -0.438640
1.539202 -5.481639 -0.414572
1.426395 -4.599673 -0.564996
1.147853 -4.752961 -0.569226
1.260126 -4.705379 -0.569044
0.546934 -4.953135 -0.589816
1.376710 -3.428435 -0.445030
1.403723 -3.327963 -0.456850
1.236828 -3.232693 -0.553288
1.353359 -3.115091 -0.510522
1.461027 -2.974604 -0.470745
1.504488 -2.736222 -0.444494
1.254749 -2.988184 -0.562712
1.306158 -2.815364 -0.556837
1.405830 -2.635518 -0.510822
1.240883 -2.584019 -0.553859
2.362583 0.755805 -0.518700
2.462147 0.955682 -0.427081
2.490570 1.243104 -0.455565
-1.055162 -2.301096 -0.533250
-1.763782 -2.946439 -0.648534
-2.303655 -2.596920 -0.659353
-0.043433 0.649222 -0.547657
-2.314117 -2.451024 -0.665572
-4.468707 -2.617699 -0.576674
-5.029367 -3.212123 -0.699109
-4.513797 -2.302370 -0.567925
-4.299399 -1.927186 -0.561338
-4.235751 -1.734486 -0.564938
1.310982 -6.699497 -0.181916
1.334260 -6.540280 -0.165861
1.038104 -6.685098 -0.199392
1.560424 -5.352653 -0.392087
1.601581 -5.008315 -0.339205
1.633769 -4.818623 -0.322497
1.675398 -4.564962 -0.305342
1.685684 -4.365738 -0.271229
1.833948 -3.675848 -0.273849
1.841506 -3.592913 -0.235225
1.201636 -3.909241 -0.176787
1.225379 -3.769506 -0.279468
1.385031 -3.417253 -0.180643
1.411994 -3.313836 -0.180881
0.145892 -4.822760 -0.255838
1.411749 -3.178793 -0.218445
1.467945 -2.911708 -0.245964
1.503560 -2.722392 -0.222484
0.051361 -4.809716 -0.267771
1.418145 -2.510752 -0.285597
1.293896 -2.387418 -0.241527
1.259153 -2.274735 -0.246721
-0.997511 -3.893741 -0.221556
-1.596921 -4.510611 -0.276039
1.243222 -0.214577 -0.213298
-1.987283 -4.441025 -0.331863
-1.648713 -3.847318 -0.246904
-0.687877 -2.364978 -0.208976
-1.699732 -3.750151 -0.251799
-0.833686 -2.333628 -0.265357
-1.107759 -2.284773 -0.301613
-0.976366 -2.297946 -0.225111
-1.279433 -2.259111 -0.353983
-2.731483 -2.006690 -0.292984
-3.018016 -1.954222 -0.333311
-3.378671 -1.884794 -0.384790
-4.282451 -2.450152 -0.539221
-4.459538 -2.205794 -0.561592
-4.310600 -2.056176 -0.537983
-4.128742 -1.883769 -0.518166
-4.008913 -1.727320 -0.472096
-4.267100 -1.737870 -0.510610
1.367789 -6.415833 -0.151558
1.400605 -6.216643 -0.130624
1.431652 -6.034351 -0.111781
1.614726 -4.745678 -0.077523
1.614976 -4.721054 -0.051457
1.653338 -4.540287 -0.040916
1.705794 -4.307192 -0.034021
1.810673 -3.672200 0.006356
1.825596 -3.609264 0.009761
1.376855 -3.773114 -0.067795
1.198740 -3.889937 -0.141928
1.222941 -3.710614 -0.116616
1.374564 -3.399117 -0.010945
0.198721 -4.800912 -0.080562
1.400667 -3.162975 -0.015539
1.461339 -2.897511 -0.029970
1.493834 -2.739874 -0.021670
0.036251 -4.769711 -0.108741
0.456450 -4.130455 -0.144270
1.421563 -2.556641 0.006851
1.296590 -2.405271 0.003789
1.243693 -2.272521 -0.002947
1.879615 -0.544166 0.102694
2.558784 0.534028 0.118932
1.898899 -0.258366 0.112890
2.605032 0.806000 0.105172
2.632550 1.030386 0.119560
2.672810 1.396421 0.116739
2.716943 1.608573 0.129412
-0.338820 -2.412031 -0.188481
1.305182 0.015317 0.087010
2.564863 1.627415 0.110059
2.588953 1.941405 0.113222
-0.662191 -2.381725 -0.177115
1.243024 0.074117 0.085692
2.425452 1.899042 0.112079
2.471715 2.291254 0.111469
-0.855096 -2.340451 -0.108401
2.470698 2.304070 0.115103
-1.079327 -2.292491 -0.117758
-1.366307 -2.228951 -0.182344
-4.357465 -2.072205 -0.116280
-4.832650 -2.503491 -0.171262
-4.810879 -2.309022 -0.172969
-4.362802 -1.857471 -0.110850
-4.404921 -1.733058 -0.115942
1.798593 -3.703567 0.111548
1.718023 -1.612940 0.164506
1.765658 -1.307570 0.172499
1.820179 -1.037194 0.182904
1.903584 -0.781573 0.190985
1.861751 -0.733482 0.186615
1.877724 -0.576761 0.168290
2.557096 0.557682 0.229295
2.601283 0.832655 0.231215
2.644628 1.114084 0.247577
2.676604 1.251665 0.216295
2.610684 1.402959 0.261531
2.728610 1.597663 0.252956
1.277096 0.024317 0.128882
2.532985 1.515499 0.218372
2.510251 1.716727 0.257609
2.592715 1.909269 0.171190
1.216709 0.046347 0.112077
2.444847 1.898736 0.245350
2.480107 2.267613 0.291562
2.508063 2.265425 0.215987
2.465490 2.306471 0.233502
2.545919 2.679100 0.221400
2.590277 2.882381 0.314710
2.413379 2.913704 0.317279
2.461206 2.907844 0.301429
0.177127 0.242999 0.109136
0.009114 0.268630 0.100225
0.112431 0.301201 0.098746
-0.116201 0.371978 0.106714
-0.060927 0.475718 0.134983
0.110423 0.762236 0.168443
0.248773 1.003566 0.185897
0.328361 1.044316 0.198227
1.175096 -6.954765 -0.506866
1.309679 -6.535897 -0.583101
0.461726 -7.479036 -0.571063
0.731222 -6.865097 -0.482548
1.100145 -6.602725 -0.604976
1.179137 -6.605232 -0.602502
1.415547 -6.162528 -0.504861
1.475023 -5.807724 -0.430897
0.648521 -6.873378 -0.481918
0.711098 -6.493077 -0.602623
0.566959 -6.456023 -0.604777
1.592134 -4.966098 -0.594714
1.673390 -4.632351 -0.477671
1.846995 -3.605937 -0.436651
0.229711 -5.728715 -0.451610
1.382158 -3.449935 -0.472661
1.394710 -3.296875 -0.452544
1.412501 -3.154850 -0.443366
1.385664 -3.164744 -0.508378
1.434610 -3.048540 -0.494725
1.492443 -2.817312 -0.496141
1.571814 -2.567013 -0.436043
1.093587 -3.081280 -0.530169
-1.727581 -4.846139 -0.650000
-0.665378 -2.363101 -0.507188
-0.786640 -2.343999 -0.552291
0.749378 0.973794 -0.603945
-2.220252 -2.701037 -0.652594
-2.015822 -2.120900 -0.612583
-2.194484 -2.137879 -0.657058
-0.132294 1.009813 -0.628304
-3.756551 -3.404159 -0.549871
-4.431814 -2.625363 -0.610364
-4.309570 -2.480594 -0.586167
-4.990890 -3.092352 -0.717102
-4.967129 -3.054119 -0.733430
-4.680765 -2.761899 -0.652714
-4.460630 -2.324099 -0.584976
-4.348869 -2.144525 -0.594784
-4.224335 -1.886976 -0.560811
1.371021 -6.469216 -0.172849
1.524981 -5.534580 -0.395299
1.554396 -5.278850 -0.318116
1.623168 -4.931941 -0.282350
1.672719 -4.659060 -0.258568
1.695692 -4.532894 -0.239571
1.710019 -4.381335 -0.220817
1.803920 -3.755291 -0.219211
1.837673 -3.617859 -0.212848
0.247751 -5.763828 -0.244386
1.190306 -3.970285 -0.259007
1.195450 -3.915613 -0.247471
1.203982 -3.789858 -0.243581
1.365284 -3.447234 -0.321936
1.388070 -3.287484 -0.321199
1.420591 -3.140053 -0.414272
0.091046 -4.798039 -0.264302
1.292640 -3.206489 -0.263020
1.428131 -3.035465 -0.300480
1.488217 -2.781735 -0.304934
1.530510 -2.596598 -0.380548
-0.082471 -4.776184 -0.262278
1.291297 -2.476868 -0.417844
1.403293 -2.509695 -0.337137
1.270663 -2.346230 -0.350839
-1.389894 -4.539463 -0.305965
-0.435876 -2.408947 -0.302812
-0.710583 -2.347718 -0.301488
-0.555922 -2.385404 -0.315069
-0.943415 -2.321231 -0.401990
-2.398766 -2.067420 -0.305053
-2.668746 -2.025363 -0.340697
-2.970545 -1.982358 -0.380880
-3.412222 -1.900557 -0.440511
-3.849442 -1.825208 -0.513662
-4.166313 -1.956571 -0.547055
1.543321 -5.314180 -0.087611
1.617399 -4.918798 -0.072970
1.654788 -4.679310 -0.058163
1.692717 -4.538882 -0.053985
1.697278 -4.387003 -0.037223
1.726336 -4.255752 -0.032995
1.792492 -3.746170 -0.015218
1.829308 -3.633696 -0.048343
1.199105 -3.957506 -0.131520
1.367494 -3.828523 -0.110302
1.410049 -3.724394 -0.109262
0.381385 -4.909459 -0.102218
1.183895 -3.891950 -0.122062
1.344950 -3.510316 -0.115583
1.386652 -3.284950 -0.062234
0.138279 -4.811944 -0.130999
1.379582 -3.177257 -0.142752
1.432178 -2.999114 -0.070227
1.480920 -2.787974 -0.048616
1.548889 -2.573653 -0.045630
-0.072745 -4.750696 -0.129027
1.399336 -2.560410 -0.050706
1.377904 -2.504772 -0.042649
1.234587 -2.441736 0.021965
1.260713 -2.332376 -0.052942
1.767299 -0.854262 0.002343
1.839010 -0.542791 0.048934
1.903594 -0.264229 0.044707
0.144371 -2.569204 -0.190747
2.607057 1.102248 -0.032245
2.653676 1.235155 0.051797
-1.088182 -4.145587 0.010091
0.134200 -2.178957 -0.004908
2.494721 1.436110 0.016433
2.708633 1.605986 0.017338
-1.692385 -4.452507 -0.131345
-0.336489 -2.407539 -0.127560
-0.252525 -2.254389 -0.127357
2.496376 1.916282 0.011002
-1.609644 -3.649652 -0.017972
-0.710521 -2.368216 -0.143545
-0.580694 -2.378742 -0.119683
2.442115 2.334835 0.006115
-1.763920 -3.596979 -0.025211
-0.813058 -2.355767 -0.178683
2.487304 2.912314 -0.030598
-1.975842 -3.540447 -0.034432
2.285338 2.937881 -0.022130
2.018438 2.993375 -0.081364
2.169463 2.961750 -0.078534
-3.025694 -3.227035 -0.081027
-2.864821 -3.158140 -0.077485
-3.001557 -2.835423 -0.026571
-4.824312 -2.306163 -0.138794
1.449355 -2.944438 0.076379
1.481735 -2.795522 0.073758
1.368093 -2.490650 0.078435
1.260797 -2.374744 0.079943
1.738357 -1.386725 0.111618
1.774034 -1.205993 0.108869
1.841366 -0.909761 0.120412
1.890178 -0.758637 0.139574
1.815863 -0.639643 0.100114
2.631902 1.113580 0.164934
2.636911 1.169231 0.169607
2.531758 1.487777 0.168927
2.705600 1.565051 0.174935
0.928991 -0.368007 0.118077
1.227912 0.064321 0.058001
2.507677 1.704389 0.178223
2.493510 1.909769 0.173239
0.806513 -0.357494 0.113655
0.781793 -0.262289 0.095515
1.258338 0.461280 0.080903
2.458175 2.286520 0.185450
0.644514 0.160084 0.066622
2.514590 2.910089 0.181288
0.730641 0.697871 0.123926
2.325399 2.934669 0.149769
0.592550 0.586599 0.071378
0.716192 0.814476 0.162525
0.650622 0.972979 0.104057
2.069005 2.992865 0.202876
2.167398 2.976791 0.179706
0.154607 0.778219 0.081906
0.395716 0.940611 0.120831
0.240902 1.059016 0.092140
-2.344780 -13.069181 -0.719663
0.262273 -7.482993 -0.554470
0.401890 -7.495757 -0.553517
1.066605 -6.882969 -0.609971
1.211254 -6.807473 -0.583734
1.308264 -6.686453 -0.552145
0.717402 -6.769412 -0.615048
0.867849 -6.785920 -0.606948
1.080375 -6.667523 -0.573402
1.385543 -6.343237 -0.476641
0.475800 -6.641008 -0.613178
1.422374 -6.131923 -0.444441
0.319175 -6.498543 -0.601868
0.184503 -6.473449 -0.614454
1.462024 -5.390797 -0.597458
1.522418 -5.288740 -0.582261
1.651649 -4.822573 -0.455825
0.866178 -5.320528 -0.587618
1.668571 -4.701216 -0.426880
0.395257 -4.900935 -0.496901
1.837463 -3.706463 -0.432996
1.851925 -3.665995 -0.418894
1.752101 -3.658508 -0.445428
1.846641 -3.605845 -0.430551
1.462372 -2.548442 -0.424909
-1.736751 -4.270128 -0.640444
-0.051118 -2.484792 -0.481807
-0.238377 -2.383939 -0.548335
-0.144196 -1.819916 -0.438670
-0.136189 -1.659596 -0.435288
-3.505996 -3.475276 -0.516728
0.271479 -0.156884 -0.548123
-0.237008 -0.424510 -0.560231
0.034497 -0.215724 -0.562739
0.191171 -0.164209 -0.554931
-3.878083 -2.058579 -0.656202
-0.322328 0.417079 -0.419483
-0.154837 0.524424 -0.434014
0.522951 1.201028 -0.539990
-4.118741 -2.103699 -0.688750
-3.830936 -1.956686 -0.654380
-3.617721 -1.803428 -0.575587
-0.875966 0.530612 -0.436503
0.246827 1.194614 -0.526992
-4.176555 -1.712283 -0.662143
-1.090693 0.771732 -0.469198
-0.974500 1.020996 -0.528198
-0.725239 1.282955 -0.581226
-0.695537 1.323265 -0.534263
-0.849523 -13.790850 -0.396540
0.517609 -7.508762 -0.293058
0.247497 -7.488401 -0.318745
0.382848 -7.496480 -0.305879
0.664507 -6.841906 -0.333257
1.452083 -5.961099 -0.395046
1.530541 -5.413333 -0.290482
1.572175 -5.210139 -0.253576
1.572218 -5.111900 -0.201931
1.632656 -4.873740 -0.306181
1.657737 -4.711683 -0.287696
1.679515 -4.617332 -0.250792
1.228920 -4.270233 -0.362916
1.838401 -3.697020 -0.277060
1.854441 -3.675901 -0.231297
0.054608 -4.777502 -0.274562
0.186232 -4.794680 -0.302805
1.742629 -3.640640 -0.240594
1.851304 -3.608842 -0.271672
-0.218862 -4.740744 -0.240014
-0.086744 -4.763696 -0.264160
1.469563 -2.893265 -0.277102
1.518013 -2.718467 -0.295353
1.455980 -2.551405 -0.283260
1.311066 -2.411058 -0.260717
-2.313665 -4.389641 -0.359434
-2.718310 -4.467653 -0.484268
-2.472251 -4.351532 -0.379670
-0.476881 -2.369185 -0.379053
-0.266091 -2.344305 -0.329047
-0.207767 -2.192457 -0.339599
-0.202568 -2.028164 -0.393715
0.344697 -0.337970 -0.328163
0.457936 0.048759 -0.381625
-2.724457 -1.965854 -0.437241
-0.194722 0.295483 -0.404708
2.557231 2.693103 -0.126599
2.460335 2.899249 -0.129633
2.231655 2.964650 -0.160104
-0.888842 1.154709 -0.256540
-0.691908 1.113694 -0.237537
2.081389 3.321157 -0.130641
-0.778039 -10.822776 -0.136945
0.268682 -7.434600 0.016269
0.387295 -7.460756 -0.089974
1.236222 -6.782981 -0.167180
1.075673 -6.691576 -0.172606
1.564134 -5.182277 -0.056735
1.576929 -5.096756 -0.042290
1.633018 -4.853956 -0.062263
0.238172 -5.758698 -0.149455
1.660423 -4.697272 -0.051542
1.675990 -4.532113 -0.065196
1.688195 -4.349077 -0.076409
1.715156 -4.290045 -0.055091
0.388585 -4.899709 -0.134840
1.833898 -3.704054 -0.055605
1.847407 -3.677773 -0.034196
0.091099 -4.793134 -0.148186
0.184055 -4.784911 -0.117569
1.330133 -3.806306 -0.114307
1.752189 -3.665963 0.018985
1.845100 -3.615553 -0.039952
-0.106560 -4.737748 -0.121305
1.320812 -3.458142 0.001416
1.258928 -3.467663 -0.122635
1.345769 -3.384295 -0.064090
1.474139 -2.835756 0.028206
1.510631 -2.722572 0.026703
1.457032 -2.552423 0.025842
1.310787 -2.418747 -0.009081
0.155300 -2.531737 -0.066449
-0.480588 -2.380955 -0.171397
-0.262033 -2.352335 -0.115614
-3.011869 -2.834633 -0.043146
2.573292 1.413527 0.110846
-4.134854 -3.352144 -0.144203
2.608243 1.897519 0.108273
2.465262 1.893429 0.102115
2.623353 2.850265 0.094516
2.414455 2.914533 0.090945
2.588262 2.883715 0.105597
2.124530 2.980020 0.082275
2.230539 2.960061 0.085037
2.127949 3.477304 0.074304
1.456187 -2.897673 0.114905
1.441292 -2.549214 0.128045
1.310897 -2.421276 0.108203
1.281777 -2.183368 0.129991
1.857880 -0.595418 0.152042
2.596779 1.595927 0.249878
2.557834 1.645937 0.209989
2.525092 1.968162 0.230515
2.533388 2.432538 0.235243
2.582800 2.897294 0.258655
0.278758 -7.495832 -0.511470
0.415921 -7.520728 -0.510424
1.231981 -6.663250 -0.613883
1.061113 -6.606539 -0.618890
1.288027 -6.567276 -0.594710
1.366657 -6.259322 -0.509083
0.754924 -6.505437 -0.620661
0.934403 -6.524911 -0.612515
1.441092 -5.972931 -0.452193
0.560862 -6.411695 -0.620906
1.313440 -5.254373 -0.577800
1.655452 -4.754851 -0.425979
1.847556 -3.732875 -0.401326
1.841482 -3.711966 -0.413659
1.856261 -3.645763 -0.395747
1.487579 -2.808912 -0.449907
1.505749 -2.636505 -0.403977
-1.896644 -4.373788 -0.678006
-1.905021 -4.305360 -0.675308
-0.226240 -2.353703 -0.523294
-0.183281 -2.051730 -0.440021
-0.101325 -1.633650 -0.440626
0.285216 -0.218426 -0.384551
1.034564 0.136273 -0.449089
0.048633 -0.194436 -0.490583
0.276897 -0.032419 -0.488309
0.495321 0.055497 -0.425060
-0.156277 0.291314 -0.458963
-4.462557 -2.599730 -0.644793
-4.278210 -2.447234 -0.623957
-0.270236 0.358710 -0.470069
-4.346951 -2.239603 -0.638398
-0.823639 0.491795 -0.501966
-1.020570 0.696549 -0.536054
-0.873367 -11.759941 -0.516865
-0.889527 -10.968276 -0.465855
-1.230445 -10.896882 -0.476015
0.496772 -7.543536 -0.379876
0.230469 -7.498030 -0.405766
0.363429 -7.517189 -0.392275
1.219388 -6.816913 -0.226290
0.689191 -6.896702 -0.317855
0.826038 -6.879229 -0.404820
1.059758 -6.733457 -0.232793
1.454548 -5.878881 -0.416311
1.515574 -5.446562 -0.355767
1.553093 -5.291841 -0.294485
1.563650 -5.143331 -0.263036
1.623750 -4.937084 -0.277107
1.645053 -4.756985 -0.250149
1.666893 -4.628308 -0.214388
1.716428 -4.417208 -0.158394
1.712483 -4.375284 -0.150918
0.383251 -4.970612 -0.297052
1.838158 -3.735872 -0.224056
0.074841 -4.806211 -0.289226
1.766154 -3.679813 -0.236508
1.845815 -3.644171 -0.222576
-0.227249 -4.756273 -0.304891
-0.132658 -4.769747 -0.282138
1.481652 -2.873001 -0.299406
1.508112 -2.767244 -0.245286
1.471844 -2.588180 -0.255693
1.319486 -2.443319 -0.271134
-2.254561 -4.408812 -0.403001
0.212263 -2.530062 -0.167255
-2.691252 -4.357774 -0.464925
-2.464085 -4.386082 -0.432187
-0.460298 -2.399182 -0.277741
-0.252322 -2.371793 -0.330895
-0.215825 -2.149765 -0.375383
-0.720625 -2.350119 -0.247566
-0.204092 -2.024140 -0.347924
-2.257920 -2.048805 -0.340652
0.128920 -0.220710 -0.385170
2.510650 1.806472 -0.142288
2.514947 2.179466 -0.086654
2.487141 2.804784 -0.129231
2.124664 3.015975 -0.112450
2.265183 2.928309 -0.109695
-0.910333 -13.830120 -0.303866
-0.940018 -10.891798 -0.244049
1.553888 -5.223749 -0.092837
1.616013 -4.894314 -0.046794
1.649560 -4.742093 -0.055724
1.667835 -4.587327 -0.041329
1.689198 -4.396495 -0.030319
1.703072 -4.292398 0.016670
0.195581 -5.082878 -0.124949
0.364104 -4.933587 -0.112355
1.539167 -4.245449 -0.059659
1.700442 -4.086599 0.070586
1.828926 -3.740660 -0.039055
0.117084 -4.832816 -0.152079
1.809745 -3.721696 0.006270
1.840360 -3.650275 -0.017291
-0.109618 -4.773697 -0.150705
1.163781 -3.797436 -0.133970
1.284262 -3.773478 -0.078333
1.354062 -3.476798 -0.057496
1.300341 -3.476855 0.006546
1.352605 -3.434372 -0.057930
1.478212 -2.857837 0.035428
1.503792 -2.764316 0.047570
1.467489 -2.592726 0.021135
1.310297 -2.446232 0.002771
-1.352934 -4.100673 -0.023878
-1.077450 -3.849873 -0.006351
0.170596 -2.559815 -0.076193
-0.453965 -2.405311 -0.131443
-0.256067 -2.377793 -0.113565
0.075122 -2.218221 -0.009395
0.133899 -2.173522 -0.003636
-0.620326 -2.374334 -0.147254
-1.179062 -2.246326 0.034440
-1.318669 -2.224140 0.008749
-3.055538 -3.099634 -0.088499
1.321277 0.074348 0.150832
-3.086409 -2.979576 -0.087573
-3.018014 -2.869705 -0.085622
1.285040 0.475225 0.153387
2.622235 1.806297 0.229697
2.504807 1.866226 0.224367
-0.214252 0.270160 -0.024165
0.031544 1.001897 -0.051717
2.514697 2.916541 0.235054
-0.521481 1.055111 -0.087400
-0.293639 1.000574 -0.047375
-0.224193 1.198415 -0.055010
1.801546 -3.588520 0.140195
1.483294 -2.861721 0.136599
1.514679 -2.766398 0.131634
1.462672 -2.575407 0.139684
1.338213 -2.481511 0.134623
1.878537 -0.519224 0.180333
2.598524 1.431554 0.322512
2.594034 1.731482 0.345811
2.522870 1.885224 0.301506
-4.142797 -3.659963 -4.837067
1.480837 -5.695465 -0.394711
1.498933 -5.578406 -0.398491
1.557433 -5.204181 -0.379766
1.668405 -4.669339 -0.428883
1.830567 -3.633161 -0.447341
0.474599 -7.530250 -0.459398
0.582809 -7.205871 -0.411164
1.456302 -3.002873 -0.443304
-0.274545 -4.885174 -0.596388
-0.225808 -2.243073 -0.482826
-2.145821 -3.452479 -0.651284
-2.180111 -3.242079 -0.649968
-1.887964 -2.121978 -0.575683
-2.233970 -2.913096 -0.653222
-2.250362 -2.707217 -0.655095
-2.247738 -2.447651 -0.654390
-2.281364 -2.515840 -0.662560
-2.147198 -2.073741 -0.638830
-2.832347 -3.183861 -0.607819
-2.521572 -2.023735 -0.573535
-2.914555 -1.948571 -0.641599
-3.289245 -1.899718 -0.704646
1.387170 -6.177479 -0.334864
1.489941 -5.597505 -0.107673
1.535310 -5.443442 -0.351471
1.566808 -5.283604 -0.316836
0.891129 -6.885551 -0.334721
1.532734 -5.375842 -0.334451
1.568839 -5.187712 -0.253618
1.622556 -4.941214 -0.258772
1.659789 -4.697847 -0.204820
1.691452 -4.454764 -0.164091
1.725088 -4.321992 -0.137885
1.835909 -3.661133 -0.215420
1.854185 -3.581670 -0.198610
0.702363 -6.849559 -0.267484
1.796554 -3.644946 -0.256495
1.463820 -2.985802 -0.257848
1.493273 -2.824121 -0.238184
1.465849 -2.583867 -0.234568
1.318332 -2.460647 -0.264580
1.289051 -2.348286 -0.309432
2.527289 2.744313 -0.181198
-0.009664 -4.789252 -0.275140
2.409960 2.917089 -0.194641
-0.221944 -4.763471 -0.250295
2.208276 2.941310 -0.254365
-0.396545 -4.722258 -0.205735
-0.330056 -2.410007 -0.379681
-0.254949 -2.365150 -0.277218
-0.533530 -2.371051 -0.307300
-0.685357 -2.355139 -0.382387
-1.022842 -2.286186 -0.372142
-1.305560 -2.232521 -0.438386
-1.503619 -2.183301 -0.485734
-1.666884 -2.164390 -0.523319
-0.771529 1.111018 -0.353622
-2.615476 -3.062801 -0.319308
-3.581381 -3.585557 -0.474870
-3.579842 -3.434901 -0.465620
-4.288916 -2.467084 -0.507500
-4.054743 -1.884372 -0.551020
-4.222649 -1.955380 -0.573348
-4.769448 -2.232172 -0.558876
1.485982 -5.628195 -0.066642
1.520171 -5.404161 -0.084291
1.508832 -5.401606 -0.048799
1.561924 -5.199510 -0.054420
1.611171 -4.931869 -0.036816
1.646858 -4.712829 -0.016596
1.683985 -4.465873 0.011634
1.716052 -4.293549 0.025593
1.828967 -3.661386 -0.009903
1.846860 -3.581686 0.008539
1.497607 -4.092386 -0.062494
1.547310 -3.962431 0.049150
1.707606 -3.626420 0.022610
1.340556 -3.759709 -0.106347
1.338891 -3.439546 -0.043937
1.310355 -3.461046 -0.036583
1.490269 -2.784164 0.040032
1.460489 -2.580965 0.024811
1.317427 -2.460532 0.015549
1.267873 -2.325539 -0.002176
2.589016 1.900270 0.035903
2.461754 1.920676 0.030361
2.600895 2.871130 0.012462
-0.090703 -4.782854 -0.140877
1.331001 -0.260879 0.047821
2.391957 2.905145 0.013666
-0.215734 -4.718384 -0.138569
1.578549 1.298446 0.043389
2.168536 2.954620 0.008689
-0.539964 -4.689519 -0.178661
0.190818 -2.582881 -0.130758
0.209783 -2.544241 -0.135081
1.185108 0.513160 0.032582
2.077498 3.289094 -0.018257
2.102950 3.419903 0.027763
-0.399802 -2.393970 -0.111185
0.432866 -0.123054 0.034878
0.261693 0.611120 0.020707
0.116474 0.629446 0.019786
-0.194045 0.316618 0.023984
-0.106266 0.537430 0.019852
-0.034465 0.661498 0.018520
-1.557611 -2.188145 -0.155925
-2.556893 -2.952380 -0.306218
-3.035026 -2.968466 -0.125600
-3.021997 -2.866227 -0.108463
1.479530 -2.813599 0.142123
1.462631 -2.569844 0.137494
2.589262 1.464727 0.227829
1.323449 -2.450666 0.130752
1.266611 -2.355463 0.123724
2.579114 1.555888 0.257211
2.506989 1.816750 0.232112
2.506028 2.258604 0.262114
2.588534 2.865656 0.249161
2.385315 2.910060 0.234693
1.345449 0.433305 0.155991
1.263263 0.553442 0.139766
1.358765 0.802555 0.192799
2.167168 2.960433 0.234264
0.879198 -0.424201 0.147944
0.859550 -0.352513 0.158115
1.287035 0.740930 0.149210
1.289654 0.850580 0.231676
1.684466 1.999357 0.195477
2.043043 3.262653 0.218595
2.115307 3.463368 0.253505
0.720895 -0.196267 0.121180
0.622416 0.144221 0.098515
0.497495 0.134407 0.090812
0.650076 0.867600 0.161321
0.265857 0.268423 0.078051
0.438578 0.935245 0.151620
0.572915 0.996262 0.173970
0.079390 0.313350 0.067539
-0.041085 0.451380 0.082847
0.158799 0.780272 0.132826
0.277263 1.057297 0.141934
-0.209400 0.351938 0.063260
-0.103573 0.499184 0.117502
-0.073397 0.824025 0.123050
-0.364687 0.425799 0.020357
-0.482406 0.618656 0.094828
-0.308240 1.064633 0.110657
-0.569984 0.566081 0.092012
-0.511926 1.191056 0.129818
2.403420 2.957763 0.404876
2.579075 2.797889 -0.459065
2.436420 2.859840 -0.478913
2.555140 1.797305 -0.351457
2.454957 1.909594 -0.371924
0.220039 1.124905 -0.544899
-0.090836 1.038876 -0.552402
-0.697472 1.277946 -0.516573
1.888702 -0.455735 -0.521309
-0.178345 0.519035 -0.520810
-0.975199 1.038309 -0.516906
-0.215913 0.296574 -0.495404
-0.341052 0.422166 -0.523435
-1.016251 0.735048 -0.545639
-0.799844 0.352643 -0.561020
-0.840834 0.469612 -0.545843
-0.794250 0.099071 -0.529487
-0.283830 -0.794039 -0.586486
-0.350602 -0.811632 -0.591847
1.083209 -2.118809 -0.555797
0.853265 -1.974668 -0.561293
0.640251 -1.940211 -0.566837
1.553237 -2.634426 -0.396595
1.440366 -2.553732 -0.391165
0.496853 -1.948058 -0.575990
0.335438 -1.951223 -0.566619
0.182197 -1.920067 -0.585417
0.823703 -2.447316 -0.582347
0.662106 -2.402378 -0.594286
0.463991 -2.399228 -0.604448
0.151860 -2.166284 -0.461042
-0.094782 -2.177421 -0.507438
-0.167105 -2.056968 -0.558950
-0.215736 -2.331816 -0.539740
-0.229196 -2.188095 -0.535635
-0.241701 -2.410585 -0.523822
-0.446916 -2.396649 -0.512141
-0.650087 -2.374082 -0.527187
1.668727 -4.685896 -0.420597
0.532643 -4.157382 -0.466848
1.615676 -4.968124 -0.418568
1.571632 -5.223883 -0.421487
0.505385 -7.499636 -0.504354
-0.850790 -11.712584 -0.652538
0.218250 -0.237340 -0.389028
-0.873912 0.485050 -0.454492
-0.794322 0.097754 -0.499740
1.284810 -2.360986 -0.170047
1.531630 -2.683719 -0.165003
1.423649 -2.553634 -0.165953
1.304033 -2.423287 -0.214890
1.489814 -2.864953 -0.234590
-0.195423 -2.069741 -0.411084
0.066547 -2.310010 -0.432271
-0.229946 -2.313561 -0.325532
1.826864 -3.696103 -0.221054
1.765205 -3.644950 -0.185759
-0.469690 -2.410361 -0.413746
1.686069 -4.516341 -0.199294
1.695020 -4.371768 -0.184100
1.648656 -4.726176 -0.244499
1.601478 -5.111631 -0.196371
1.618922 -4.935173 -0.238329
1.561239 -5.230631 -0.246967
1.565664 -5.133095 -0.241997
1.513726 -5.512739 -0.356640
0.400634 -4.906878 -0.249694
0.139552 -4.837249 -0.251781
0.028312 -4.792613 -0.251370
1.485686 -5.697185 -0.369141
-0.111819 -4.804347 -0.278296
-0.299535 -4.762269 -0.298662
-4.402925 -2.578042 -0.700261
-4.486815 -2.686470 -0.709414
-3.567012 -3.431417 -0.556531
-4.981756 -2.876507 -0.776336
-5.009795 -3.005280 -0.777093
-0.677601 -10.997206 -0.427717
-0.718746 -13.851536 -0.572391
2.521276 2.867180 0.155691
2.362122 2.898454 0.160937
2.154448 2.981528 0.142872
2.628233 1.796638 0.169923
1.312173 0.485496 0.088278
1.225186 0.535920 0.078087
0.126892 0.924384 -0.049176
-0.074712 0.979807 -0.044258
-0.236500 1.045955 -0.098215
1.332169 0.050452 0.096883
0.035984 0.816768 -0.012244
-0.366678 0.978725 -0.032436
-0.619936 1.060933 -0.085992
-0.824399 1.054392 -0.027664
-0.213260 0.301542 -0.014008
1.272860 -2.331039 -0.012905
1.526758 -2.677644 0.007059
1.402194 -2.548331 0.003206
1.295463 -2.427529 -0.001136
1.480223 -2.881669 -0.073782
0.132094 -2.201004 0.010748
0.176758 -2.560002 -0.069718
0.087401 -2.517299 0.004463
-0.247341 -2.349346 -0.095707
1.833880 -3.679240 -0.022506
1.718884 -3.650009 -0.011290
1.356201 -3.430076 -0.051783
1.341788 -3.408875 0.017569
0.054195 -2.590863 0.016287
-0.288806 -2.428169 -0.155374
1.672929 -4.541150 -0.051034
-2.526663 -2.026453 -0.159201
-2.902007 -1.951051 -0.188905
1.643958 -4.729196 -0.042433
-3.324244 -1.874412 -0.221657
-3.891881 -1.763204 -0.266537
1.610455 -4.916693 -0.025107
-0.094178 -4.116925 -0.179961
-2.560981 -2.829191 -0.179233
-4.269315 -1.807287 -0.298780
-0.081329 -4.296593 -0.178172
-2.989385 -2.825360 -0.214200
-4.298928 -2.044533 -0.306389
0.374210 -4.939719 -0.149284
0.154034 -4.825326 -0.153534
-0.060345 -4.761724 -0.093154
-0.210380 -4.703901 -0.082899
-3.054509 -2.987114 -0.222538
-4.728868 -2.114716 -0.343254
1.456594 -5.647379 -0.122222
-0.076509 -4.813735 -0.194656
-0.366190 -4.705411 -0.141172
-0.589107 -4.679932 -0.159972
-0.762308 -4.636304 -0.139303
-4.801918 -2.227954 -0.351250
-1.946606 -4.486134 -0.322481
-3.563178 -3.475790 -0.266126
-4.107597 -3.384492 -0.314349
-3.576682 -4.135683 -0.237076
-3.937806 -4.080082 -0.267582
0.345378 -7.531786 -0.013406
0.130393 -2.242155 0.060557
0.162752 -2.562920 0.057115
0.094934 -2.501784 0.054152
0.046595 -2.590645 0.051963
-1.113392 -2.277197 0.023321
-1.298676 -2.239162 0.014314
-1.513333 -2.203104 -0.010163
-1.738287 -2.162292 -0.021851
-1.781998 -2.157624 -0.029393
-2.021349 -2.112811 -0.027822
-2.304440 -2.068224 -0.053451
-2.504531 -2.028158 -0.037511
-2.607396 -2.016221 -0.080250
-2.867983 -1.958059 -0.076529
-3.083295 -1.934515 -0.154723
-3.284492 -1.886808 -0.071873
-3.340570 -1.878378 -0.122762
-3.592439 -1.837235 -0.185263
-3.790228 -1.800631 -0.094940
-4.348328 -1.589744 -0.138973
-4.336196 -1.851837 -0.130993
-4.382817 -1.716708 -0.155193
-3.022161 -2.816443 -0.098349
-4.331227 -1.997440 -0.156281
-1.634529 -3.707879 -0.017966
-1.737528 -3.780239 -0.017064
-3.089071 -2.985543 -0.102946
-4.622229 -2.117350 -0.245093
-4.830170 -2.099041 -0.156381
-3.117705 -3.167578 -0.138029
-4.846814 -2.296999 -0.225836
-4.927902 -2.241341 -0.155317
-2.610468 -3.903850 -0.104140
-5.312190 -2.256109 -0.131817
-4.148241 -3.387523 -0.208753
-4.157353 -3.479642 -0.158269
-5.039510 -3.549846 -0.142562
1.919009 3.356513 -7.044376
2.497867 2.830235 -0.470652
2.280158 2.918154 -0.479585
2.134349 2.971177 -0.487332
2.543212 1.877840 -0.499032
0.990274 1.802937 -0.581512
2.420029 2.897511 -0.260251
2.303874 2.925198 -0.344770
2.116216 2.965292 -0.295172
2.655576 2.679912 -0.367554
2.535284 2.775236 -0.305232
2.555431 1.868306 -0.348582
2.471258 1.919744 -0.423125
2.565166 1.727493 -0.434423
2.480225 1.379194 -0.450003
-0.928946 1.383017 -0.580892
-0.918303 1.034067 -0.538021
-1.036088 0.702078 -0.535217
1.892700 -0.326078 -0.307825
1.236885 -1.056686 -0.547983
1.001855 -1.016523 -0.551307
1.643695 -1.229799 -0.534554
1.426736 -1.144204 -0.537492
1.344976 -1.111449 -0.539929
1.058053 -1.045760 -0.545646
-0.122342 -1.751894 -0.491236
1.128375 -2.093912 -0.550211
-0.030140 -2.287078 -0.599054
-0.180923 -2.305008 -0.580594
1.522946 -2.790679 -0.393242
0.206965 -2.590869 -0.607719
0.106994 -2.615627 -0.611206
-0.248967 -2.393271 -0.612145
-0.439837 -2.477358 -0.623528
-0.662785 -2.373137 -0.526120
-1.460208 -2.250797 -0.644968
1.485169 -2.885906 -0.355414
0.035134 -2.655809 -0.620896
-1.567788 -2.640414 -0.636717
1.692044 -4.622916 -0.402788
1.673949 -4.763133 -0.414435
1.631472 -4.950068 -0.432952
1.509248 -5.203666 -0.561336
-0.000469 -5.547874 -0.613217
1.281389 -6.939801 -0.504259
1.123492 -6.967016 -0.507232
0.878476 -6.916966 -0.496711
0.720027 -6.895419 -0.493735
0.347943 -7.493108 -0.602323
0.441367 -7.513283 -0.603913
2.549970 2.274811 -0.199843
2.543360 1.818373 -0.165113
0.032820 1.121661 -0.275550
-0.536293 1.074972 -0.296830
-0.790487 1.116182 -0.313489
1.081383 0.164631 -0.262293
0.969343 0.227948 -0.311794
1.889719 -0.345655 -0.192638
1.330698 -0.195735 -0.233064
1.166910 -0.085846 -0.200084
0.929927 -0.357138 -0.144170
0.828856 -0.327789 -0.219966
1.813132 -0.740294 -0.257784
1.780344 -0.972634 -0.107277
1.300420 -2.299989 -0.225891
-0.148876 -2.033817 -0.403807
1.474150 -2.573617 -0.229956
1.344619 -2.459753 -0.241236
0.087070 -2.348104 -0.310499
-0.207558 -2.254001 -0.372723
-3.623849 -1.817130 -0.589159
-3.910722 -1.832383 -0.629940
1.528170 -2.717962 -0.211466
-0.285878 -2.407480 -0.361447
-0.456591 -2.380832 -0.430346
-0.658317 -2.368310 -0.261693
-3.882994 -2.024856 -0.621913
1.439995 -3.084337 -0.163592
-4.152052 -2.127021 -0.660032
-4.449948 -2.170976 -0.702975
-4.302391 -2.398855 -0.678312
-4.451844 -2.558680 -0.698087
1.253341 -3.755944 -0.140892
-4.941313 -2.874977 -0.771285
-4.960336 -3.009626 -0.773379
1.704276 -4.360836 -0.132515
-3.543372 -3.442250 -0.560234
1.687368 -4.558556 -0.165805
1.660359 -4.787157 -0.199757
1.616342 -5.040092 -0.225551
0.402121 -4.907283 -0.404623
0.174250 -4.837565 -0.289232
0.005034 -4.804467 -0.321342
1.572667 -5.290006 -0.268484
-2.666799 -4.563790 -0.508948
1.536206 -5.486424 -0.285881
-0.892632 -11.667784 -0.550060
2.623121 2.813246 0.225438
2.475761 2.864384 0.221567
2.310131 2.835342 0.214351
2.461877 1.822158 0.209135
2.593523 1.430904 0.208497
-0.571553 0.975305 -0.017246
-0.790376 1.027231 -0.036510
0.133635 0.605900 0.049551
-0.422562 0.840898 -0.003296
0.337010 0.507178 0.067857
0.236415 0.556900 0.058285
-0.187120 0.292175 0.016518
2.981724 -2.555788 0.237003
1.291956 -2.316140 -0.049382
0.196736 -2.181357 0.037487
1.458515 -2.564088 -0.027647
1.331504 -2.449083 -0.034095
-0.229509 -2.305516 -0.128737
-1.294150 -2.223830 -0.072154
-1.601465 -2.175983 -0.097559
-2.099444 -2.110565 -0.139992
-2.470150 -2.033213 -0.169253
-2.750377 -1.978354 -0.190893
-2.887828 -1.961299 -0.203970
-3.135709 -1.912295 -0.221620
-3.353484 -1.872704 -0.242195
-3.651239 -1.812517 -0.262244
-3.935856 -1.793432 -0.287640
-4.245923 -1.777767 -0.317926
1.524073 -2.740527 -0.034346
0.207010 -2.577687 -0.083572
0.068638 -2.601335 0.014571
-0.317179 -2.424888 -0.080096
-0.506929 -2.386611 -0.055037
-0.722088 -2.336649 -0.026619
-1.026816 -2.277075 -0.050685
-1.145626 -2.256089 -0.060929
-1.426066 -2.210068 -0.083430
-4.275291 -1.946743 -0.304341
1.467719 -2.949777 -0.028858
-4.320694 -2.134031 -0.305289
-4.785984 -2.164595 -0.340005
2.359376 -3.334583 0.195788
1.426912 -3.199414 -0.030139
-4.813848 -2.311598 -0.331029
-3.016364 -2.905627 -0.206557
1.369271 -3.814643 -0.114394
1.179079 -3.717803 -0.129504
-3.062202 -3.057056 -0.202989
-3.761614 -3.384567 -0.304972
1.720604 -4.288718 0.042682
-3.547903 -3.499057 -0.251548
-3.578205 -3.598800 -0.252998
-4.093922 -3.386859 -0.294193
1.699298 -4.574974 0.051221
1.642654 -4.757194 0.019737
-2.908452 -4.262474 -0.210791
-3.142541 -4.219552 -0.217785
0.135342 -4.805689 -0.147785
-0.106315 -4.741432 -0.101196
-0.317863 -4.699393 -0.162886
-0.743985 -4.666184 -0.182148
-2.335148 -4.370045 -0.153920
0.221935 -5.074425 -0.138798
1.321751 -6.761648 -0.022973
1.106928 -6.730812 -0.091233
1.013491 -6.948708 -0.103245
0.892375 -6.905959 -0.101341
-1.555514 -2.190357 0.030918
-1.730795 -2.155494 -0.016519
-1.981561 -2.112164 -0.041748
-2.232505 -2.073039 -0.050699
-2.471081 -2.029950 -0.045181
-2.732578 -1.976661 -0.077635
-2.981596 -1.938154 -0.116390
-3.145806 -1.906868 -0.127186
-3.422233 -1.860368 -0.143426
-3.654993 -1.807198 -0.157343
-4.128129 -1.705298 -0.229310
-4.369077 -1.708679 -0.165412
-0.586807 -2.373233 0.065464
-0.743031 -2.347507 0.057118
-0.940578 -2.306842 0.047509
-1.297970 -2.246531 0.041623
-1.515159 -2.207587 0.017665
-4.314229 -1.939509 -0.160354
-4.350014 -2.105397 -0.175935
-4.564557 -2.108098 -0.215323
-4.803507 -2.170228 -0.187271
-4.835948 -2.316664 -0.185229
-3.030185 -2.880859 -0.099554
-3.095200 -3.103080 -0.108965
-1.610258 -3.698672 -0.049394
-1.631794 -3.736078 -0.044214
-4.148777 -3.471267 -0.160552
-2.113517 -4.118294 -0.064309
-2.285526 -4.084446 -0.071073
-2.577425 -3.982091 -0.087248
-3.485319 -4.187159 -0.169197
-0.930054 1.173079 -0.438191
1.081262 0.189657 -0.302296
0.995061 0.215236 -0.305351
1.902694 -0.348851 -0.288086
1.448713 -1.280653 -0.515904
1.157697 -1.178141 -0.521523
1.021488 -1.141818 -0.525600
1.596259 -1.357506 -0.512105
-0.011546 -2.296560 -0.575148
-0.224464 -2.243408 -0.537907
-2.999285 -1.919177 -0.627983
-4.234079 -1.699400 -0.706229
1.519610 -2.771048 -0.415498
0.165891 -2.600392 -0.595496
-0.083628 -2.471046 -0.546066
-0.248436 -2.412419 -0.584383
-0.464205 -2.477239 -0.591607
-1.318433 -2.302622 -0.603814
-1.359792 -2.321662 -0.612713
0.066967 -2.663332 -0.601101
-0.487252 -2.580693 -0.612567
1.669021 -4.640779 -0.428593
1.655101 -4.781499 -0.445131
1.301254 -5.267857 -0.588609
-0.031856 -5.605794 -0.629799
1.305344 -6.734398 -0.482949
1.240106 -7.056737 -0.535317
1.103854 -6.959394 -0.516676
0.900518 -6.925799 -0.508475
0.561195 -7.491045 -0.606511
0.465856 -7.537608 -0.616023
0.325895 -7.510427 -0.613506
2.498719 2.871302 0.022377
2.263515 2.917401 -0.062635
2.128968 2.950656 0.078240
2.597334 2.712152 -0.092912
2.527829 2.175479 0.093019
0.017092 1.125745 -0.278728
-0.139404 0.466406 -0.361079
0.905620 0.212869 -0.305318
1.321621 -0.195759 -0.265065
1.177437 -0.084326 -0.274797
1.834382 -0.714071 -0.230181
1.785046 -1.006218 -0.200747
-0.123580 -1.797110 -0.393618
1.291568 -2.307827 -0.279618
-0.172652 -2.060350 -0.354632
1.462349 -2.573789 -0.227710
1.336369 -2.457894 -0.242265
0.074999 -2.318988 -0.317235
-0.223731 -2.271060 -0.321342
-2.603986 -1.996433 -0.555631
1.514798 -2.727260 -0.224527
-0.271052 -2.411574 -0.307845
-0.438734 -2.390108 -0.340775
-0.701748 -2.344128 -0.437419
-3.814120 -2.040828 -0.637934
1.450297 -2.993469 -0.212760
-4.093861 -2.076086 -0.682425
-4.292581 -2.147626 -0.714447
-0.607104 -2.886471 -0.345634
1.197314 -3.741980 -0.161495
1.700925 -4.345575 -0.159233
1.674827 -4.577369 -0.185568
1.649717 -4.800993 -0.220025
1.596462 -5.050254 -0.245402
0.150875 -4.834795 -0.323404
1.565111 -5.265778 -0.282077
0.219953 -5.081948 -0.287510
1.521122 -5.459998 -0.345930
0.879881 -6.937141 -0.323679
0.701264 -6.891709 -0.502333
0.310826 -7.507360 -0.449524
2.524868 2.846214 0.175017
2.553370 1.822041 0.094762
-0.504877 0.691263 0.077902
0.427973 0.131518 0.126510
1.439499 -2.567552 -0.007198
1.324420 -2.458053 -0.024091
-0.234565 -2.255715 -0.112462
-1.701013 -2.157288 -0.055661
-1.888505 -2.128794 -0.067298
-2.343397 -2.062482 -0.117946
-2.691159 -1.992721 -0.142239
-3.101290 -1.914918 -0.170463
-3.574148 -1.832018 -0.203719
-3.958322 -1.807120 -0.219587
1.516041 -2.755635 -0.048176
0.181068 -2.566162 -0.084732
-0.300891 -2.400619 -0.134324
-1.268878 -2.243450 -0.026872
-1.516417 -2.191454 -0.043362
-4.278441 -1.886851 -0.245084
1.452741 -2.993208 -0.005780
-1.295567 -2.595851 -0.037619
-4.312770 -2.070199 -0.261732
-4.447775 -2.161662 -0.274009
-4.805656 -2.204590 -0.300834
1.424292 -3.200521 -0.021716
-4.808201 -2.209164 -0.283252
-2.575331 -2.823832 -0.137863
-3.027503 -2.898768 -0.170022
1.362088 -3.805202 -0.118227
-3.076473 -3.068579 -0.179016
1.476332 -4.061303 -0.044045
1.707682 -4.324291 -0.012014
1.586527 -4.168427 -0.065666
-3.608818 -3.429390 -0.236029
1.669540 -4.585205 0.002129
1.637630 -4.787832 -0.014925
-2.918048 -4.219471 -0.206735
-3.044677 -4.229910 -0.208213
-3.248771 -4.176727 -0.220323
-3.564899 -4.135723 -0.251472
-3.919941 -4.076177 -0.263092
1.614032 -4.934233 -0.018801
0.384719 -4.892211 -0.193970
0.146042 -4.843230 -0.162380
-0.073529 -4.785734 -0.184239
-0.314154 -4.750271 -0.201410
-2.821573 -4.269757 -0.193495
1.282234 -6.780931 -0.118260
1.086996 -6.740228 -0.115042
1.024203 -6.867417 -0.121523
-1.820468 -2.137313 0.004159
-2.003042 -2.108179 0.001195
-2.225594 -2.070426 -0.000861
-2.514946 -2.020358 -0.033651
-2.827021 -1.959783 -0.061967
-2.910825 -1.950191 -0.086300
-3.273340 -1.879344 -0.109084
-3.766766 -1.786497 -0.108512
-4.366738 -1.671769 -0.096327
-0.564786 -2.376610 0.090313
-0.740393 -2.351625 0.085072
-0.969627 -2.305777 0.079523
-1.276544 -2.248797 0.056325
-1.552440 -2.195463 0.042267
-1.746198 -2.161026 0.017503
-2.147058 -2.100792 -0.044014
-4.317011 -1.922776 -0.101229
-4.364545 -1.794467 -0.186672
-4.331703 -2.091102 -0.139527
-4.785733 -2.130419 -0.147496
-4.831491 -2.297314 -0.156403
-5.253748 -2.240279 -0.072675
-3.045584 -2.863731 -0.060848
-3.104747 -3.075725 -0.069813
-1.573168 -3.693862 -0.031089
-1.663737 -3.642413 -0.033783
-0.998140 -3.931763 0.006136
-1.634813 -3.732799 -0.027870
-4.151862 -3.431796 -0.124756
-2.055046 -4.126403 -0.053624
-2.274181 -4.085399 -0.070539
-2.585294 -3.989058 -0.076456
-2.649085 -3.931682 -0.052942
-4.185449 -3.590179 -0.127919
1.056440 1.540433 -4.967303
2.499952 2.837675 -0.214017
2.298058 2.946446 -0.239783
0.781048 1.777130 -0.532587
0.168790 1.843822 -0.552583
2.189739 0.789270 -0.513413
-0.662263 1.243084 -0.456796
-0.960685 1.075597 -0.480818
1.876296 -0.257089 -0.366558
0.436892 0.003125 -0.478891
1.821733 -0.576693 -0.324381
-0.233057 -0.277529 -0.569687
-0.333181 -0.308676 -0.576291
1.668370 -1.272034 -0.545242
1.495229 -1.207238 -0.538960
1.207854 -1.059356 -0.550310
1.304180 -2.359068 -0.444530
1.507482 -2.601350 -0.443244
1.374122 -2.488080 -0.425117
0.140380 -2.083970 -0.540225
-0.117631 -2.104769 -0.582634
0.301824 -2.457035 -0.508645
0.042276 -2.393619 -0.534463
-0.235607 -2.265639 -0.551439
-0.255297 -2.421763 -0.561748
-3.155519 -2.164635 -0.686644
1.658541 -4.719576 -0.464462
-0.395370 -5.205629 -0.642114
1.008187 -6.898587 -0.575130
0.753876 -6.864686 -0.565270
2.493309 2.832655 -0.079604
2.305237 2.934680 -0.214837
2.566212 2.671617 -0.189732
2.457231 1.883230 -0.075354
0.016323 1.128329 -0.350849
1.077406 0.198251 -0.345526
0.956744 0.251517 -0.351090
-1.059861 0.766455 -0.470342
1.853811 -0.472470 -0.294238
1.229249 -0.129098 -0.309260
1.125875 -0.047274 -0.316708
-0.847416 0.506593 -0.422552
0.805233 -0.249243 -0.291904
1.809790 -0.744704 -0.264472
1.852685 -1.074858 -0.233751
1.289462 -2.340231 -0.254977
1.268075 -2.264099 -0.287837
1.517236 -2.596779 -0.249730
1.370156 -2.487801 -0.235845
0.188338 -2.166922 -0.443253
-0.208153 -2.128078 -0.410626
1.474222 -2.886052 -0.243655
0.067508 -2.360232 -0.379752
-0.247398 -2.338327 -0.330319
1.443370 -3.064296 -0.195098
-0.348409 -2.398746 -0.289698
1.399394 -3.305798 -0.296878
1.838578 -3.804319 -0.313457
1.815401 -3.756136 -0.313399
1.464566 -3.684108 -0.188469
-3.690866 -2.020804 -0.675400
1.714368 -4.319328 -0.182829
1.701583 -4.549815 -0.205338
1.659608 -4.787345 -0.276835
1.621732 -5.025334 -0.332300
1.576642 -5.288829 -0.348321
0.227405 -4.843690 -0.274674
0.067143 -4.802025 -0.279046
-0.190353 -4.765171 -0.294898
1.544599 -5.470448 -0.355440
0.251998 -5.007335 -0.304868
-2.646388 -4.173330 -0.655268
0.850893 -6.852965 -0.382457
0.767199 -6.860305 -0.389514
0.494224 -7.490166 -0.496452
0.298728 -7.494953 -0.515850
-1.465658 -13.263042 -0.732857
2.160456 2.953116 0.204701
2.525717 1.874238 0.079436
2.473631 1.388943 0.077108
0.215208 0.596253 0.078848
0.041239 0.648968 0.061440
0.188713 0.577668 0.073183
0.390669 0.242756 0.096153
1.277412 -2.342630 -0.049792
1.507004 -2.602829 -0.073100
1.351953 -2.472715 -0.032563
0.083715 -2.176807 -0.053886
1.482733 -2.890531 -0.059447
0.189712 -2.506506 -0.135160
-0.244388 -2.343839 -0.077817
1.461201 -3.007499 -0.025503
-0.332340 -2.405977 -0.138878
-0.401890 -2.401891 -0.129352
1.394933 -3.304914 -0.037810
-2.499613 -2.030108 -0.125857
-2.950861 -1.954838 -0.170033
-3.552246 -1.843084 -0.210932
-3.965979 -1.822043 -0.239661
-4.250890 -1.839744 -0.246829
1.240575 -3.766087 -0.151007
-4.289288 -2.027137 -0.262469
1.726841 -4.287771 -0.004366
-2.984144 -2.830564 -0.180373
-4.372075 -2.185318 -0.270929
-4.732597 -2.152656 -0.341913
-4.785769 -2.193504 -0.285262
1.693351 -4.516264 -0.026846
-3.044896 -2.987299 -0.181598
-4.812933 -2.314074 -0.317301
1.664129 -4.748844 -0.063694
1.635558 -4.935955 -0.084194
1.584002 -5.136965 -0.068304
0.238905 -4.820164 -0.117693
0.068700 -4.805059 -0.161227
-0.161278 -4.735657 -0.175909
-0.496030 -4.652616 -0.172634
-3.555455 -3.567447 -0.239041
-3.617145 -3.716715 -0.239352
-2.704408 -4.291072 -0.186666
-2.973445 -4.242010 -0.205432
-3.139039 -4.195960 -0.216171
0.709130 -6.875452 -0.160985
0.458427 -7.509959 -0.133649
0.275502 -7.515254 -0.199875
0.095351 -2.533581 0.052985
-0.243737 -2.356973 0.042448
0.039859 -2.594904 0.049918
-0.283518 -2.422589 0.034802
-1.125902 -2.260957 0.043042
-1.446825 -2.209950 0.016179
-1.730813 -2.162723 0.010824
-1.977233 -2.108775 -0.019028
-2.077245 -2.118516 -0.042572
-2.239349 -2.069585 -0.041140
-2.473444 -2.037253 -0.033043
-2.678509 -1.984285 -0.122151
-3.154771 -1.899094 -0.152996
-3.806756 -1.779281 -0.193426
-4.378423 -1.816177 -0.087492
-4.378834 -1.688194 -0.091755
-4.323846 -2.001124 -0.115065
-2.999791 -2.816235 -0.078926
-4.359509 -2.166253 -0.174016
-4.855627 -2.172614 -0.135299
-3.061221 -2.964498 -0.088443
-4.834105 -2.431512 -0.169661
-4.904894 -2.380968 -0.121852
-5.252027 -2.262249 -0.106869
-1.642084 -3.683776 -0.049851
-3.101491 -3.116433 -0.079542
-1.946727 -4.138193 -0.058816
-2.103319 -4.114469 -0.073587
-2.360659 -4.068954 -0.072324
-2.518588 -4.036100 -0.110980
-4.124449 -3.456042 -0.100935
-2.625030 -4.019828 -0.066235
-4.175108 -3.623009 -0.105436
-3.056737 -4.239099 -0.175441
-3.309809 -4.203114 -0.187682
-3.538488 -4.177597 -0.169406
0.309343 -3.967813 -1.344705
2.208617 0.548133 -0.535612
0.675393 0.522111 -0.565683
-0.472357 0.142365 -0.590007
-0.738158 0.064825 -0.607494
1.788036 -1.199593 -0.534693
-0.715966 -0.177850 -0.562146
-0.966908 -0.040026 -0.573867
0.858443 -1.658808 -0.569786
0.328436 -1.560540 -0.593362
-0.158055 -1.250613 -0.526162
0.148703 -1.575827 -0.609325
-0.033778 -1.577024 -0.599937
-0.148195 -1.779296 -0.539023
0.219186 -2.122292 -0.540774
-0.182764 -1.968592 -0.514069
1.457224 -2.947112 -0.455341
-0.177607 -2.340705 -0.517057
1.388218 -3.415335 -0.507199
0.802984 -4.482789 -0.589836
0.407746 -5.232357 -0.606707
0.228135 -5.277337 -0.622974
-0.413921 -5.124872 -0.627291
-0.638173 -5.085923 -0.642510
-2.701130 -4.347333 -0.693587
-2.669057 -4.566026 -0.689666
1.341988 -6.748935 -0.496464
1.291963 -7.024776 -0.533499
1.086370 -6.935858 -0.513952
0.752315 -6.915088 -0.503564
0.548093 -7.520763 -0.562652
0.437951 -7.508358 -0.523953
0.358129 -7.504182 -0.557838
2.572301 2.703127 -0.055765
2.487090 2.881222 -0.102406
-1.455987 2.205950 -0.479344
-0.717309 1.092767 -0.353183
-1.013145 1.016818 -0.425903
-0.870524 0.729258 -0.345038
-1.100374 0.768111 -0.411404
-1.222222 0.806300 -0.426861
-0.863661 0.483030 -0.345179
-0.817311 0.037770 -0.304388
-0.856759 -0.200084 -0.303341
1.764210 -1.473415 -0.183190
2.037602 -2.491811 -0.219384
1.282787 -2.167014 -0.294852
-0.114661 -1.649333 -0.276942
1.379491 -2.503233 -0.179677
1.304982 -2.388115 -0.201441
-0.158170 -1.798118 -0.318675
1.462517 -2.650457 -0.227932
-0.169319 -1.965559 -0.361786
1.478220 -2.931301 -0.231161
-0.229074 -2.395183 -0.314284
-0.221435 -2.322076 -0.445559
1.412315 -3.285098 -0.246443
1.375335 -3.398637 -0.281914
1.819883 -3.862926 -0.241664
1.521804 -3.694705 -0.215924
1.214012 -3.810416 -0.206501
1.214178 -3.899917 -0.213352
1.696090 -4.528258 -0.202763
1.697150 -4.570754 -0.149778
0.533995 -4.164303 -0.323858
1.636736 -4.913687 -0.261897
1.607982 -5.121595 -0.279274
1.570762 -5.361418 -0.313393
0.243101 -4.829758 -0.261347
0.054726 -4.795180 -0.282084
-0.159948 -4.758338 -0.312009
-1.391824 -4.835017 -0.303127
-1.838237 -4.688910 -0.516599
2.345757 2.919962 -0.057328
2.655482 1.068543 -0.029768
0.255284 0.621559 0.025698
-0.715031 1.015667 -0.048920
-0.880604 1.078945 -0.054877
1.247037 0.010530 0.107625
0.345373 0.512152 0.033251
1.150681 -0.064876 -0.048438
0.861730 -0.346515 -0.039891
0.636953 -0.425145 -0.111827
0.496771 -0.387362 -0.107743
2.030820 -2.479001 -0.003243
-0.125282 -1.601646 -0.115149
1.372687 -2.483042 -0.058721
1.296817 -2.376637 -0.060930
-0.146977 -1.758205 -0.161024
1.511163 -2.735618 -0.011488
1.470517 -2.701367 -0.028902
0.160178 -2.162678 -0.005564
0.059793 -2.085808 -0.107156
-0.178840 -1.978698 -0.089527
1.477436 -2.897561 -0.033243
1.379169 -2.909728 -0.050008
0.269500 -2.544679 -0.118346
1.362699 -3.315327 -0.122538
1.380694 -3.416645 -0.033977
1.819621 -3.844913 -0.109496
1.491552 -3.702225 -0.047194
-2.885697 -1.963475 -0.143511
1.768359 -4.065310 0.044712
-4.216868 -1.819715 -0.225079
-4.328918 -1.789291 -0.230053
1.703439 -4.524293 -0.087184
-4.332973 -2.038828 -0.222350
1.671347 -4.655239 -0.102389
0.532112 -4.183872 -0.136572
-3.031496 -2.900460 -0.133051
-4.785316 -2.185150 -0.240642
-0.046087 -4.135558 -0.189118
-3.083933 -3.095001 -0.133279
-4.848558 -2.493377 -0.238032
-4.825077 -2.374834 -0.251071
0.304342 -4.723552 -0.022179
-1.625679 -3.818951 -0.240615
-3.099902 -3.213368 -0.142282
0.218798 -4.837173 -0.169256
0.072126 -4.825741 -0.187582
-0.108234 -4.756098 -0.205999
1.319602 -6.833938 0.054106
0.436950 -7.518777 -0.014950
0.348199 -7.429867 -0.030346
0.324681 -7.508926 -0.017256
-1.701776 -2.172982 -0.014725
-2.826075 -1.969442 -0.103796
-2.894686 -1.960784 -0.041269
-4.314107 -1.911775 -0.098960
-4.373625 -1.766874 -0.106915
-4.328707 -2.032874 -0.098284
-3.047359 -2.848609 -0.040334
-4.886920 -2.174939 -0.146001
-5.249230 -2.082540 -0.114465
-3.112183 -3.021010 -0.041950
-4.865714 -2.364769 -0.145935
-5.284264 -2.215960 -0.114775
-5.278276 -2.154636 -0.104970
-2.568353 -3.666032 -0.050278
-2.800767 -3.603289 -0.060930
-3.023505 -3.566391 -0.070127
-3.290389 -3.527199 -0.081759
-4.117242 -3.477135 -0.146122
-3.689780 -3.847236 -0.136321
-3.969398 -3.803136 -0.154380
-4.173558 -3.677391 -0.171095
-5.011476 -3.636134 -0.079013
-5.047001 -3.870919 -0.080882
2.481292 1.927191 -0.430021
2.473952 1.659797 -0.392969
2.564495 1.294111 -0.338659
2.513897 1.075033 -0.431055
2.463333 0.880274 -0.483996
-1.628340 0.717930 -0.652254
1.306049 -0.308946 -0.549365
1.621395 -0.559399 -0.523982
-0.889290 -0.020152 -0.516268
-0.965295 -0.022280 -0.528083
-1.385270 0.143038 -0.543772
-1.450455 0.121676 -0.598011
1.689654 -0.671061 -0.519974
0.188676 -0.485740 -0.576555
-1.027744 -0.095247 -0.526693
1.759774 -1.343525 -0.369061
0.636188 -1.081322 -0.565118
0.159271 -1.054795 -0.590631
-0.401273 -0.808447 -0.538157
-0.765796 -0.686197 -0.599140
1.739200 -1.496040 -0.412781
-0.039124 -1.094446 -0.609559
-0.221039 -1.133079 -0.620692
1.685730 -1.771440 -0.439851
-0.115947 -1.512933 -0.505816
-0.111880 -1.606950 -0.500046
1.486988 -2.614016 -0.472500
-0.196861 -2.079707 -0.510026
1.465783 -2.785764 -0.459906
1.424545 -3.016936 -0.433927
1.388310 -3.301515 -0.403441
1.380898 -3.427904 -0.489218
0.930005 -3.860193 -0.564905
-1.125945 -4.643859 -0.568100
0.938262 -5.168481 -0.569686
-1.151426 -4.802186 -0.600389
-1.214162 -4.639905 -0.579035
0.280049 -5.315040 -0.597328
0.125850 -5.368969 -0.613378
-0.146036 -5.342031 -0.618875
-0.447376 -5.225445 -0.612816
-1.097588 -4.925271 -0.616188
-1.503118 -4.881231 -0.661269
-0.599593 -5.301818 -0.640411
1.272161 -6.783879 -0.423081
1.205478 -7.113673 -0.470024
1.019484 -6.919726 -0.459745
0.802496 -6.896365 -0.474810
0.641538 -6.863981 -0.485843
0.464127 -7.475434 -0.578394
2.534210 2.788823 -0.118805
2.581721 2.654886 -0.147649
2.532228 2.232358 -0.043288
-1.113033 0.802866 -0.360831
1.869303 -0.234391 -0.285211
1.211212 -0.161413 -0.287080
0.484950 0.025428 -0.318225
-0.854256 -0.073336 -0.259017
-0.883741 -0.229939 -0.250068
-0.995957 -0.178656 -0.266957
1.805640 -1.110194 -0.176971
1.748899 -1.347489 -0.191929
1.718168 -1.570486 -0.208621
1.680874 -1.759723 -0.205603
-0.125223 -1.531426 -0.285166
-0.145533 -1.649792 -0.316075
-0.170745 -1.863252 -0.333020
1.508501 -2.607102 -0.261880
-0.207128 -2.097115 -0.352443
1.465380 -2.747608 -0.263821
1.386243 -3.040799 -0.182575
1.378543 -3.279673 -0.199464
1.445501 -3.650799 -0.262805
1.429485 -3.676885 -0.268541
1.238006 -3.723312 -0.270633
1.183952 -3.919499 -0.319469
0.180451 -4.788394 -0.249927
0.054807 -4.758609 -0.280307
-1.392503 -4.525738 -0.350682
-1.528343 -4.836260 -0.514568
0.182416 -5.779217 -0.240622
1.365986 -6.471520 -0.320064
1.313996 -6.769753 -0.345592
1.254721 -7.120784 -0.377461
1.123547 -6.959973 -0.359259
0.576984 -7.489141 -0.401657
0.456594 -7.502042 -0.401503
2.559574 2.658882 -0.032557
2.510903 2.223825 -0.014626
2.497666 1.889688 -0.034994
2.652390 1.118775 -0.023070
2.620875 0.897894 -0.018369
2.583429 0.547734 -0.011235
-0.861667 1.124340 -0.228182
-0.984713 1.188711 -0.243345
-2.691454 1.450578 -0.251352
0.253535 0.560068 0.052003
0.085750 0.578772 0.037806
-2.404359 1.132516 -0.114300
0.838122 -0.314256 -0.058021
0.720704 -0.336916 -0.056361
0.394036 -0.333362 -0.086485
-0.804414 -0.244294 -0.239165
1.762913 -1.360318 -0.059319
1.714404 -1.575541 0.006275
1.675784 -1.765458 -0.016963
-0.129226 -1.535247 -0.129962
-0.037498 -1.786998 -0.124367
-0.126974 -1.607867 -0.079148
1.175693 -2.228796 0.011053
0.177596 -2.117085 -0.080604
-0.170655 -1.846290 -0.112450
0.221146 -2.222441 0.043863
0.022952 -2.158658 -0.008322
-0.245401 -2.156274 -0.019119
1.453966 -2.833538 -0.022119
-0.251758 -2.345563 0.005496
1.400212 -3.055675 0.006623
1.374488 -3.263226 -0.013656
1.360679 -3.402940 -0.037394
1.403930 -3.711421 -0.074053
1.263409 -3.818070 -0.108939
-0.189444 -4.026979 -0.210077
-3.357465 -4.136386 -0.174411
1.431616 -5.874352 0.091620
1.401820 -6.048935 0.079518
1.361415 -6.340052 0.078129
0.536125 -7.146585 0.001398
0.414702 -7.482417 0.001798
-1.144513 -0.205549 0.028702
-1.246343 -0.167717 0.021375
-0.120746 -1.536941 0.059401
-0.126580 -1.645988 0.063368
-2.824147 1.300615 -4.766043
-3.896227 1.182843 -0.799218
-3.935267 0.996456 -0.796475
-0.965908 1.446504 -0.613529
0.595122 1.477935 -0.530627
-0.929072 1.093581 -0.549133
2.546641 1.815685 -0.241812
0.663255 1.305581 -0.513033
0.316888 1.114168 -0.464840
-0.052483 1.080065 -0.473697
-3.759291 0.267777 -0.732294
-3.981387 0.014935 -0.759980
-0.824278 0.533391 -0.503657
-1.887477 -0.192963 -0.675452
-2.033478 -0.448079 -0.683631
-2.121367 -0.588247 -0.692826
2.265167 0.502470 -0.465569
0.192004 -0.159089 -0.526206
0.088275 -0.188262 -0.532573
1.232290 -0.157669 -0.429092
0.552980 -0.159912 -0.472818
-0.480393 -0.501260 -0.609524
-0.684614 -0.567878 -0.616894
-0.777966 -0.663633 -0.624425
-1.252146 -0.848413 -0.652597
1.328275 -0.291862 -0.496555
0.009129 -0.746796 -0.595047
-0.996351 -0.957964 -0.597406
-0.387949 -0.932887 -0.617038
-0.572966 -1.040929 -0.640505
-0.693439 -1.186858 -0.651372
1.823452 -1.084705 -0.392845
1.801360 -1.199168 -0.394045
1.718534 -1.598937 -0.330269
1.680380 -1.795647 -0.351140
1.215740 -2.176793 -0.397887
1.540169 -2.620378 -0.453433
1.522660 -2.666090 -0.439615
1.461181 -2.908234 -0.432057
1.414662 -3.094392 -0.483540
-0.246434 -5.440925 -0.591473
0.156368 -5.789131 -0.580993
1.418204 -5.937821 -0.449829
1.368327 -6.206831 -0.495528
1.113905 -6.711118 -0.598822
0.990125 -6.642611 -0.603072
-3.965749 1.103097 -0.489101
2.544790 1.735197 -0.164663
-4.017380 0.003807 -0.614294
2.470888 1.474466 -0.179316
2.614706 1.355861 -0.150609
2.524771 1.354360 -0.178417
2.610353 0.759851 -0.092100
1.208543 -0.147807 -0.231925
0.683445 -0.216600 -0.206310
0.309459 -0.300087 -0.240131
1.306308 -0.241331 -0.331884
1.799925 -1.064705 -0.147676
1.806511 -1.170582 -0.205237
1.719418 -1.615016 -0.296525
-0.179875 -1.961000 -0.375941
-0.202211 -2.020673 -0.326430
1.677907 -1.787435 -0.219209
1.492065 -1.900317 -0.220910
1.313134 -2.013595 -0.190358
2.110605 -1.988919 -0.170639
1.262782 -2.153265 -0.284235
1.272675 -2.362585 -0.256268
1.493784 -2.675074 -0.206157
1.457355 -2.904222 -0.219249
1.405113 -3.077233 -0.226586
1.375914 -3.199352 -0.200323
1.437294 -3.658641 -0.210798
-0.582928 -4.624256 -0.530840
0.132396 -4.793336 -0.296208
-0.095716 -4.758278 -0.322875
1.034891 -6.675751 -0.259163
1.197195 -6.736546 -0.280313
0.936596 -6.909326 -0.339812
0.309641 -7.497424 -0.262708
-3.893629 1.416768 -0.441172
-3.903827 1.272600 -0.443470
-3.949103 1.081119 -0.450239
-4.198530 1.056028 -0.434310
-3.259587 1.028281 -0.388222
-3.302067 0.930481 -0.396270
-3.958078 0.872183 -0.452665
-4.015951 0.296733 -0.346629
-4.148886 0.070792 -0.420557
2.511196 1.389979 0.183951
0.241280 0.839121 -0.020968
-0.735728 -0.061613 -0.217935
1.250090 -0.166165 -0.013101
0.730243 -0.329562 -0.026510
0.519743 -0.331359 -0.035293
0.350104 -0.329813 -0.065299
1.347472 -0.227049 -0.009758
0.860795 -0.365747 -0.007253
2.039337 -0.295421 0.176049
1.827290 -0.729732 0.050645
1.776893 -0.862322 0.042571
-0.099004 -1.591411 0.011298
-0.115701 -1.662071 0.011513
0.118024 -1.969648 -0.058248
1.664154 -1.844956 0.024232
1.427399 -1.914133 -0.029655
1.307199 -2.016110 -0.025897
1.249837 -2.145248 -0.035580
0.166412 -2.427413 -0.076162
1.485538 -2.667295 -0.044382
1.446916 -2.897751 -0.036779
1.391037 -3.093195 -0.036355
1.366221 -3.101063 -0.088514
1.356844 -3.330411 -0.078677
-4.636541 0.419357 -0.139682
-4.721178 0.354376 -0.062544
-4.170715 0.048516 -0.165365
-0.133422 -1.604218 0.040971
-0.127606 -1.642367 0.038954
0.137949 -1.970677 0.063515
-0.074361 -4.435542 0.010698
-0.169600 -4.425961 0.005130
0.213846 -4.411551 0.029109
0.052703 -4.440434 0.018858
-0.168737 3.524843 -0.492993
-0.207020 3.568930 -0.447914
-3.899047 1.133943 -0.812242
-0.250065 1.748537 -0.595197
-3.895761 0.989347 -0.807721
0.113823 1.721330 -0.578141
-3.292992 0.898960 -0.686594
-3.619027 0.655946 -0.752586
-0.956657 0.992136 -0.554816
-3.648667 0.331940 -0.687818
-4.093976 0.254299 -0.789609
0.049360 1.181997 -0.462230
-0.941538 0.910135 -0.587805
-3.741149 0.236659 -0.722840
-4.052231 0.066326 -0.774114
-3.795405 -0.085235 -0.749106
-1.977906 0.208361 -0.693017
-2.493848 -0.018546 -0.719832
-2.584501 -0.175700 -0.729022
-2.640000 -0.387172 -0.726081
-3.186960 -0.439115 -0.764274
0.462461 0.120264 -0.476400
0.369315 0.159158 -0.503543
-0.484021 0.036835 -0.611839
-0.656068 -0.064684 -0.617430
-0.877427 -0.179282 -0.630402
-1.004008 -0.310383 -0.641333
-2.692285 -0.595093 -0.727896
-2.696146 -0.741305 -0.721771
-3.236262 -0.872028 -0.760391
0.479760 0.061685 -0.414974
0.176206 -0.172341 -0.567738
-0.162085 -0.292912 -0.613975
-0.316827 -0.367752 -0.605363
-1.219910 -0.413381 -0.653087
-1.242162 -0.493743 -0.646449
-1.463964 -0.655697 -0.653230
-1.994094 -0.662154 -0.688192
-2.718577 -0.883375 -0.721855
-3.048143 -0.976254 -0.713884
1.303670 -0.206287 -0.416652
1.210087 -0.144533 -0.432805
-0.575687 -0.503035 -0.624103
-0.781291 -0.631159 -0.653669
-0.890438 -0.762778 -0.658985
-1.350580 -0.828590 -0.589283
-1.482496 -0.817555 -0.643016
1.821074 -1.077662 -0.407919
1.791091 -1.124745 -0.449891
1.812218 -1.182010 -0.437453
1.784438 -1.328417 -0.425234
1.746959 -1.531895 -0.404951
1.709384 -1.731658 -0.388107
1.673838 -1.848531 -0.354497
2.087440 -2.082425 -0.325788
1.519574 -2.653934 -0.435868
-0.954644 -4.328614 -0.654636
-1.017015 -4.285809 -0.660317
0.293081 -5.123754 -0.594408
-4.018202 1.016104 -0.677776
-3.674029 0.602631 -0.606051
-4.059515 0.261101 -0.651613
-4.368820 0.253582 -0.700304
-3.749624 0.254314 -0.603047
-4.144320 0.065773 -0.658488
0.159742 0.924452 -0.173343
-3.754154 -0.153640 -0.589998
-3.483399 -0.301988 -0.600202
-4.259700 -0.610642 -0.527600
-3.423069 -0.500309 -0.612356
-3.609486 -0.681709 -0.597640
-3.963318 -0.750081 -0.704707
-4.224001 -0.667209 -0.653170
2.618600 0.708947 -0.208699
0.457532 0.081141 -0.233058
0.506782 0.063904 -0.226619
0.305311 -0.220130 -0.196502
0.232606 -0.217891 -0.340968
2.542116 0.271809 -0.095503
1.308875 -0.187507 -0.203690
1.206243 -0.141317 -0.212994
0.349498 -0.254058 -0.163183
-2.304079 -1.109325 -0.534264
1.798018 -1.137171 -0.240457
1.803366 -1.195041 -0.222695
1.757241 -1.329502 -0.225701
1.738000 -1.540287 -0.172771
1.709746 -1.744975 -0.194601
1.621317 -1.865607 -0.222691
1.361292 -1.984894 -0.208055
2.079103 -2.096983 -0.150288
1.279526 -2.107198 -0.226044
1.266506 -2.228954 -0.246593
1.271070 -2.312346 -0.153006
1.490426 -2.670469 -0.203845
1.462842 -2.815716 -0.231520
1.438645 -2.966511 -0.182698
1.226397 -3.870269 -0.349081
0.447486 -7.531135 -0.258438
0.302764 -7.500038 -0.274539
-3.941597 0.820713 -0.331561
-3.993011 0.484041 -0.205398
-0.601068 1.087236 -0.133795
-4.025990 0.399457 -0.213407
-4.062307 0.331118 -0.263052
-4.412732 0.226091 -0.270208
-4.379026 -0.009891 -0.263008
-4.348824 -0.238876 -0.266521
-4.393195 -0.292398 -0.236072
2.716469 1.336264 0.226007
2.660282 1.157623 0.222187
-4.372833 -0.441415 -0.255435
2.642898 0.976584 0.219907
-0.768603 0.118972 -0.149432
-4.232582 -0.701455 -0.225742
2.611489 0.793998 0.216680
0.362368 0.198283 0.103764
0.311083 -0.219236 -0.120081
1.273654 -0.177330 -0.019237
1.226523 -0.165612 -0.036262
0.820483 -0.333815 0.013833
0.651514 -0.314332 -0.003232
0.430533 -0.267698 -0.049224
1.343524 -0.231921 0.000331
0.756674 -0.453084 -0.103648
-0.934116 -1.351292 -0.184530
-0.087718 -1.554149 0.021252
1.750560 -1.359464 -0.012360
1.719565 -1.550938 0.027885
1.689111 -1.738668 0.037766
1.628050 -1.862374 0.016541
1.330384 -1.987225 -0.047990
2.069268 -2.090199 0.073860
1.268926 -2.105528 -0.077366
1.244474 -2.214470 -0.085145
0.222339 -4.538813 0.013390
1.570280 -5.082046 -0.071101
1.521617 -5.232992 -0.076271
1.501997 -5.498539 -0.095824
1.359420 -6.277732 -0.117327
1.307926 -6.631861 -0.131246
1.065831 -6.731457 -0.135764
-4.029341 0.502280 -0.114556
-4.653978 0.373081 -0.101843
-4.043275 0.370629 -0.110311
-4.094300 0.287729 -0.100343
-4.675427 0.250792 -0.093999
-4.158737 0.062150 -0.094437
-4.419916 -0.014597 -0.099225
-4.319903 -0.209557 -0.101588
-4.412691 -0.335813 -0.129111
-4.313840 -0.548566 -0.226698
-4.418297 -0.519830 -0.116728
-4.235001 -0.693301 -0.133764
-4.405156 -0.763197 -0.230529
0.328612 0.196818 0.103516
-3.212761 -0.934678 -0.139086
-2.331340 -1.106818 -0.014225
-2.392073 -1.097821 -0.018383
-2.777829 -1.027584 -0.075938
-3.399729 2.004470 -5.197350
-0.074703 3.592864 -0.435248
-0.025955 3.560189 -0.506477
-0.100619 3.521444 -0.551144
-3.944410 1.094836 -0.743528
-4.089013 1.009573 -0.770865
-3.159109 0.951426 -0.722675
0.277590 1.612923 -0.575061
0.131562 1.598226 -0.571883
-3.364488 0.718291 -0.747484
-3.641382 0.685140 -0.675670
-3.669209 0.590850 -0.675658
0.411304 1.512018 -0.560372
0.268517 1.452291 -0.560499
-0.949220 1.037196 -0.544819
-3.697144 0.500612 -0.676579
-4.184698 0.306853 -0.738618
-4.413826 0.263097 -0.789127
0.446012 1.267587 -0.504850
0.309874 1.246465 -0.487870
-4.064549 0.006556 -0.721532
0.125880 0.529821 -0.580871
-0.024572 0.531074 -0.585133
-1.894902 0.141223 -0.669971
-2.327134 -0.060863 -0.699965
-2.708723 -0.057449 -0.719596
0.421859 0.378407 -0.536326
0.180658 0.515486 -0.575286
-0.656390 0.116196 -0.618137
-0.738604 0.087681 -0.624095
-0.923015 -0.011913 -0.632863
-2.308273 -0.237471 -0.696415
2.623387 0.713161 -0.362206
0.629045 0.232139 -0.493797
0.529099 0.276490 -0.502116
0.342322 0.073800 -0.534695
-1.004299 -0.110448 -0.622534
-1.253940 -0.268929 -0.654680
-1.314208 -0.365736 -0.660723
-2.189790 -0.374122 -0.668535
1.123608 0.027725 -0.398756
0.459455 0.045633 -0.519038
0.350746 0.012739 -0.507600
-0.721758 -0.325594 -0.638188
-0.875407 -0.451386 -0.658494
-1.464851 -0.549036 -0.646505
-2.848825 -0.854791 -0.722374
1.246026 -0.123961 -0.396522
1.139247 -0.071434 -0.403167
-1.454702 -0.719648 -0.624346
-2.571602 -1.039252 -0.647847
-0.779757 -1.335197 -0.514028
1.799544 -1.019759 -0.339832
1.806429 -1.195552 -0.383063
1.759158 -1.343390 -0.353206
1.740956 -1.518079 -0.370844
1.708104 -1.733387 -0.406575
1.533119 -1.874550 -0.390055
1.374659 -1.959529 -0.381665
1.293656 -2.115042 -0.394994
0.315804 -3.393662 -0.602236
0.260480 -3.407131 -0.605188
0.465846 -4.608588 -0.602840
-3.606288 0.739165 -0.646627
-3.686388 0.614731 -0.656600
-0.653552 1.106301 -0.300113
-0.778465 1.137132 -0.321370
-3.716144 0.393878 -0.652618
-4.014032 0.288036 -0.650890
-4.359853 0.235922 -0.686309
-0.554990 1.080066 -0.246532
-3.774820 0.227544 -0.678037
0.238424 0.960029 -0.185405
-0.780030 0.502945 -0.246574
-3.530098 -0.391788 -0.506950
-4.311357 -0.628343 -0.624490
-0.195151 0.314198 -0.337829
-3.412093 -0.512838 -0.514791
-4.122120 -0.747595 -0.593813
0.550848 0.183349 -0.280172
2.542534 0.477948 -0.165032
0.421590 -0.048476 -0.243214
0.350755 -0.072001 -0.189016
1.275028 -0.152734 -0.183925
1.090855 -0.086146 -0.172226
-0.953485 -1.309037 -0.345126
-0.802239 -1.322371 -0.345188
-0.911121 -1.321788 -0.263060
1.825486 -1.051362 -0.156222
1.786746 -1.201816 -0.158910
1.750450 -1.327411 -0.192040
1.733479 -1.516612 -0.176052
1.702807 -1.755765 -0.174406
1.476040 -1.892350 -0.202245
1.373597 -1.957961 -0.199146
0.055841 -2.166345 -0.252759
1.294853 -2.091787 -0.216997
1.497870 -2.669205 -0.178337
1.448146 -2.943644 -0.331775
1.235873 -3.732976 -0.324151
1.221564 -3.882601 -0.342924
1.206624 -4.048945 -0.363940
-0.818130 -4.609749 -0.328924
1.200011 -4.264842 -0.391979
-0.999866 -4.910208 -0.519928
1.268038 -6.755595 -0.188129
-4.015477 0.559348 -0.257547
-4.074008 0.359802 -0.263029
-4.350084 0.338195 -0.306357
-4.386371 0.237530 -0.309999
-4.162744 0.063894 -0.270530
-4.356204 -0.047204 -0.306163
0.413818 0.894911 -0.043605
0.223699 0.934205 -0.086830
-0.818521 0.526042 -0.214870
-4.179741 -0.241403 -0.291243
-4.364792 -0.366536 -0.306387
0.481182 0.809627 -0.056491
-4.249397 -0.548179 -0.280512
-0.762409 0.119529 -0.122589
-4.219962 -0.666859 -0.263831
-4.440228 -0.727399 -0.312679
-1.947329 -0.479264 -0.085456
-3.448487 -0.880083 -0.229243
0.459620 -0.125193 -0.032662
0.393812 -0.113228 -0.012284
-2.042898 -0.597097 -0.093743
-2.135591 -0.662303 -0.101392
-2.260918 -0.897433 -0.114237
-2.747857 -1.001626 -0.154054
1.310538 -0.163356 -0.016823
0.755406 -0.276199 -0.046283
0.621536 -0.230081 -0.045828
-2.113590 -0.960042 -0.103790
1.840915 -0.136768 0.180732
1.693563 -0.262784 0.171172
0.756668 -0.387348 -0.007300
-0.967084 -1.308983 -0.104622
-0.193727 -1.361555 0.042036
-0.794324 -1.324972 -0.065051
-0.862760 -1.319834 -0.144582
1.735477 -1.084173 0.068423
1.776611 -1.215098 0.038424
1.731145 -1.325312 0.079653
1.711875 -1.497260 0.081265
0.006689 -2.020784 -0.093665
1.440695 -1.888705 0.027206
1.349504 -1.935206 -0.006490
1.222744 -2.162864 0.004809
0.153869 -2.361416 -0.168705
-0.825936 -4.373372 -0.048004
-0.893643 -4.550082 -0.249611
1.650311 -4.573186 -0.015202
-4.018821 0.518911 -0.146493
-4.376616 0.349157 -0.184742
-4.629925 0.419540 -0.126384
-4.650365 0.311207 -0.116764
-4.047448 0.362854 -0.147778
-4.490868 0.254320 -0.185247
-4.169196 0.063473 -0.124418
-4.403232 -0.041240 -0.138895
-4.178415 -0.247503 -0.118469
-4.366910 -0.316146 -0.177119
-4.310965 -0.544437 -0.143007
-4.225632 -0.704048 -0.151275
-4.410049 -0.780845 -0.172933
-3.414967 -0.878920 -0.138731
-3.615442 -0.836789 -0.160888
-2.776263 -1.005847 -0.097596
-3.152195 -0.935061 -0.115775
-2.262341 -1.093580 -0.022740
-2.610004 -1.037765 -0.034535
-1.609172 -1.207032 0.005350
-1.665469 -1.199068 -0.010280
-0.784837 -1.317925 0.012985
-0.868387 -1.318298 0.008241
-0.542262 0.691283 -0.594597
-0.766921 0.701297 -0.601734
-0.970798 0.932141 -0.489619
0.034265 0.289869 -0.585141
-0.088538 0.299535 -0.578300
-0.821242 0.538638 -0.574894
-1.055506 0.637445 -0.653507
1.228360 -0.156439 -0.404328
1.129568 -0.073622 -0.390793
0.471985 0.032242 -0.464717
0.413363 0.041627 -0.450991
-0.388301 0.297010 -0.597728
-0.617616 0.274674 -0.618715
-0.807654 0.201987 -0.640647
-1.098817 0.450576 -0.560654
-1.246050 0.522112 -0.622595
-3.018061 0.483285 -0.720115
-3.092803 0.384622 -0.732723
1.715339 -1.588830 -0.376311
1.675078 -1.813395 -0.393257
1.360269 -1.998207 -0.369962
-1.629487 -1.201625 -0.613035
1.250395 -2.195132 -0.367435
1.489927 -2.622932 -0.340574
1.481425 -2.782262 -0.370176
1.408877 -2.977861 -0.390625
-0.354265 -4.116079 -0.527720
-0.609362 -4.783854 -0.654917
-0.307059 3.753297 -0.379662
-0.228908 1.290425 -0.206980
0.547857 0.851570 -0.249388
0.386843 0.885356 -0.264767
-0.553363 1.062581 -0.213049
-0.646958 1.072484 -0.224688
-0.940205 1.087082 -0.329001
2.482739 0.116359 -0.051556
-0.806983 0.508165 -0.331598
1.836021 -0.306341 -0.093263
1.204162 -0.154276 -0.141007
-0.203901 0.267734 -0.205217
-4.132614 1.007022 -0.537624
1.804627 -0.651799 -0.266597
-0.944884 0.126909 -0.431090
1.781430 -0.754695 -0.278415
1.714849 -1.607396 -0.233554
1.638515 -1.830374 -0.175650
1.459804 -1.902801 -0.159588
1.356863 -1.995838 -0.194175
-1.110844 -1.302562 -0.266840
-1.244413 -1.277097 -0.298654
1.243057 -2.190607 -0.211901
0.122182 -2.404008 -0.212050
1.388156 -6.014738 -0.264505
1.291224 -6.712186 -0.306802
1.183737 -6.880896 -0.316356
1.019740 -6.769422 -0.307409
0.476796 0.901081 -0.081386
0.379550 0.923562 -0.088342
-0.244132 1.265649 -0.135683
0.690808 0.803900 -0.055426
0.495487 0.827658 -0.041739
0.245412 0.936380 -0.093023
0.050164 0.955620 -0.085294
-0.187393 0.974089 -0.042353
-0.503806 1.049400 -0.092540
-1.038559 1.174711 -0.224610
2.416796 -0.156816 0.159940
0.521765 0.194370 -0.000450
-0.788750 0.546924 -0.158516
1.913257 -0.257341 0.098812
-0.183555 0.267756 -0.046443
1.771478 -0.685148 -0.040217
0.664050 -0.330303 -0.045382
0.514030 -0.231474 -0.060051
0.386046 -0.117783 -0.088078
-0.743003 0.083832 -0.120648
-3.936734 0.729804 -0.205760
-3.980600 0.546563 -0.207956
-4.049532 0.343301 -0.219037
-4.377978 0.295729 -0.245261
-4.159420 0.043795 -0.228592
-4.388181 0.170043 -0.249803
-4.189834 -0.255681 -0.239756
-4.369651 -0.080894 -0.250874
1.672186 -1.817758 0.000404
1.493482 -1.901956 -0.020767
-0.182223 -1.427377 -0.001730
-0.266921 -1.435557 -0.082566
-0.586492 -1.386802 -0.157306
-0.993454 -1.308398 -0.187962
-4.372293 -0.383110 -0.255613
1.352930 -1.989670 0.016861
-1.089821 -1.310392 -0.105982
-1.267329 -1.275222 -0.078167
-3.444265 -0.894125 -0.174477
-4.246163 -0.634500 -0.249506
0.053845 -1.991526 -0.052622
-4.386016 -0.827476 -0.262388
1.478336 -2.728947 -0.081259
0.118737 -2.402330 -0.171169
-4.481901 1.347146 -0.108924
-4.535959 1.246407 -0.088743
-3.941851 0.753493 -0.111949
-3.994143 0.558021 -0.109606
-4.047141 0.350303 -0.116191
-4.606116 0.354369 -0.134245
-4.162469 0.047915 -0.102318
-4.361837 0.116754 -0.168054
-4.644237 0.260015 -0.133813
-4.133319 -0.274497 -0.114382
-4.379298 -0.113798 -0.139166
-4.393860 -0.379219 -0.181545
-1.217615 -1.286701 -0.010690
-2.324111 -1.105130 -0.050437
-2.556461 -1.064970 -0.060885
-2.813188 -1.011892 -0.075512
-3.103007 -0.960150 -0.086185
-3.274723 -0.922746 -0.088950
-3.469709 -0.894053 -0.109674
-4.225704 -0.676603 -0.141646
-4.405495 -0.525880 -0.137488
-4.457803 -0.824171 -0.155370
-0.236294 3.645697 -0.477842
-0.292423 3.707921 -0.529203
1.144648 1.535392 -0.459060
-1.041393 2.101187 -0.630312
-1.206750 2.034956 -0.639807
-1.375927 1.928103 -0.645177
-1.658138 2.253641 -0.665481
1.843669 -0.423184 -0.297039
1.227181 -0.088743 -0.496379
-1.448571 1.918583 -0.654591
1.797378 -0.692853 -0.336976
1.280106 -0.166944 -0.512093
-0.111582 0.525222 -0.597873
-0.514788 0.902570 -0.606154
-0.630122 0.885057 -0.622805
1.837974 -1.078298 -0.291231
0.433607 0.063556 -0.474651
0.350533 0.046578 -0.529561
-0.175786 0.290159 -0.462232
-0.721786 0.811235 -0.615369
1.795532 -1.214356 -0.373889
-0.802989 0.475092 -0.521711
-0.796423 0.565711 -0.562054
1.418795 -1.905742 -0.427157
-0.200683 -1.455025 -0.464381
-0.335306 -1.417956 -0.475530
-0.616575 -1.347192 -0.556726
-0.080535 -2.122871 -0.466251
-0.144743 -4.360082 -0.630714
0.725846 0.842147 -0.238241
0.607395 0.873852 -0.230882
0.463318 0.898474 -0.235976
0.277675 0.937672 -0.260067
1.818696 -0.503124 -0.056091
1.828386 -0.409191 -0.128525
-0.518480 1.085828 -0.293475
1.801328 -0.672928 -0.124943
-0.720008 1.102035 -0.235280
-0.857694 1.127968 -0.309788
-0.988620 1.160208 -0.274995
1.830699 -1.082636 -0.055957
1.767623 -0.897269 -0.164867
-0.181990 0.295096 -0.316221
-0.990241 0.985852 -0.341489
1.805327 -1.179333 -0.185324
-0.803256 0.525396 -0.293880
-1.057125 0.760565 -0.420909
-1.283478 0.136779 -0.491552
-1.337785 0.162010 -0.474730
1.369591 -2.006711 -0.170657
1.310043 -2.078746 -0.187564
-0.202004 -1.455161 -0.308723
-0.388268 -1.421535 -0.320325
-0.486851 -1.402697 -0.333647
-0.669355 -1.360433 -0.310044
-0.937474 -1.336533 -0.339465
0.057301 -2.174482 -0.233345
-1.236508 -1.279433 -0.351262
-1.450445 -1.242988 -0.393257
-4.324159 0.207611 -0.652764
1.549441 -5.125082 -0.093530
1.580841 -4.882103 -0.076052
1.501818 -5.352642 -0.111291
1.457819 -5.631500 -0.131588
1.409717 -5.935081 -0.154104
1.357478 -6.276431 -0.180799
1.293037 -6.642003 -0.209324
0.763485 0.787463 -0.041647
0.615325 0.797947 -0.037314
0.455373 0.871218 -0.041326
0.214760 0.921398 -0.069406
1.815799 -0.506768 -0.013316
1.804285 -0.420342 -0.014368
0.027478 0.936351 -0.020674
-0.241867 1.021857 -0.147526
-0.605994 1.098193 -0.192160
1.798351 -0.681070 -0.011557
0.509127 0.200483 0.027941
-0.647887 1.066355 -0.120514
-0.806969 1.075340 -0.091431
1.801913 -1.041298 -0.015169
1.770917 -0.868790 0.036276
0.762704 -0.308561 0.020936
0.657231 -0.274766 0.029030
0.365335 -0.169705 -0.029797
0.358971 -0.194033 -0.036488
-0.774145 0.530061 -0.229058
-0.737584 0.088625 -0.116137
-0.824687 0.187273 -0.061343
1.266953 -2.094961 -0.016205
-0.226244 -1.465077 -0.081537
-0.391337 -1.420696 -0.062755
0.046509 -1.994230 -0.160145
-0.528203 -1.411370 -0.122053
-0.723992 -1.355434 -0.126088
-0.934768 -1.327297 -0.174207
-1.208011 -1.289447 -0.133880
-4.026705 0.443739 -0.258608
-4.328527 0.300691 -0.285947
-4.359808 -0.003220 -0.306013
-4.387903 0.149803 -0.308624
-4.248268 -0.305648 -0.295640
-4.345288 -0.153296 -0.304432
-4.213274 -0.675963 -0.294091
-4.284315 -0.485240 -0.305460
1.588154 -4.836158 0.105362
-4.348011 -0.826676 -0.301506
1.548469 -5.032304 0.099850
1.517743 -5.271636 0.109557
1.473265 -5.520530 0.088363
1.427391 -5.797441 0.081577
1.376847 -6.094216 0.074606
-0.874778 0.087464 0.019137
-4.025683 0.388728 -0.147444
-4.387275 0.326695 -0.209626
-4.303258 0.039692 -0.170111
-4.389291 0.190726 -0.240012
-4.641704 0.305403 -0.169916
-4.225238 -0.290734 -0.195019
-4.385465 -0.178512 -0.177813
-4.209585 -0.678892 -0.185169
-4.354938 -0.488929 -0.175475
-4.313485 -0.778973 -0.230940
-4.470779 -0.839416 -0.166340
0.055705 3.025635 -2.257907
-0.131725 1.193368 -0.607244
-0.220632 1.254375 -0.609342
-1.224072 1.867961 -0.643208
-0.018696 0.887736 -0.632262
-0.068947 1.084466 -0.558910
-0.247027 1.209819 -0.636262
-1.253567 1.805998 -0.633409
-1.373640 1.774885 -0.648279
0.493096 0.302664 -0.530586
-0.173446 0.873978 -0.636976
-0.974292 0.886871 -0.592439
-0.979878 1.004535 -0.531998
-0.987800 0.756275 -0.558759
1.457503 -1.899873 -0.394883
1.343580 -1.965965 -0.409850
-0.189104 -1.446513 -0.491833
-0.329412 -1.436401 -0.517549
-0.511452 -1.398352 -0.498176
-0.772103 -1.337280 -0.531042
-0.924632 -1.309703 -0.576461
-0.472064 3.738031 -0.481651
0.877847 0.824987 -0.226101
0.767335 0.839090 -0.259789
0.578589 0.869051 -0.254026
0.249633 0.929794 -0.280941
0.143065 0.981442 -0.237580
-0.269737 1.338271 -0.263770
0.193862 0.916754 -0.214848
0.049410 0.990825 -0.294871
-0.294625 1.037264 -0.292580
-0.383177 1.069560 -0.317867
-0.436189 1.027897 -0.304371
-1.005958 0.867784 -0.454195
-1.012455 0.990074 -0.413111
-0.793278 0.531556 -0.304949
-0.987524 0.779694 -0.470716
1.479788 -1.891793 -0.290055
1.356641 -1.964736 -0.270117
1.258775 -2.102423 -0.265041
-0.154537 -1.453869 -0.256141
-0.229000 -1.438974 -0.263348
-0.347102 -1.417718 -0.294679
-0.525334 -1.383255 -0.294389
-0.782978 -1.340504 -0.330030
-0.906319 -1.336917 -0.272999
-1.065758 -1.295780 -0.337480
-1.321358 -1.246637 -0.294904
-1.547512 -1.204570 -0.272359
-3.574426 -0.850852 -0.595169
1.563996 -4.925812 -0.062020
1.522128 -5.207148 -0.075203
1.477738 -5.522414 -0.089933
1.418258 -5.831630 -0.105440
1.355113 -6.195361 -0.124203
1.280778 -6.580417 -0.143110
1.179095 -6.907787 -0.162205
0.993925 -6.746122 -0.167193
1.241367 0.727936 -0.038962
1.065486 0.739474 -0.037683
0.894674 0.826733 -0.144431
2.106223 -0.086784 0.105493
0.933110 0.754565 -0.038188
0.746582 0.816513 -0.128520
0.570046 0.826681 -0.096323
0.319267 0.919295 -0.117998
-0.197891 1.306118 -0.145144
-0.250654 1.317357 -0.160509
0.209074 0.910532 -0.076220
0.026397 0.988974 -0.154714
-0.298830 1.048496 -0.159813
-0.427000 1.078283 -0.152554
0.529580 0.138551 -0.036782
-0.829821 1.120910 -0.200108
0.552638 0.083507 -0.029097
0.523435 0.125914 -0.031185
-1.066503 0.980294 -0.265773
-0.754582 0.563218 -0.197216
-0.672853 0.096148 -0.191870
-0.761371 0.027497 -0.096465
1.474122 -1.886965 -0.090191
1.340558 -1.953888 -0.096052
1.229966 -2.091176 0.029423
-0.148664 -1.444165 -0.154099
-0.215723 -1.431611 -0.093073
-0.331589 -1.421453 -0.132312
-0.530011 -1.382380 -0.177169
-0.809485 -1.343079 -0.138697
-0.930403 -1.334087 -0.148142
-1.085963 -1.281054 -0.144946
-1.846603 -1.135949 -0.111986
-3.126967 -0.890660 -0.094262
-4.209054 -0.597786 -0.153238
-4.266862 -0.705181 -0.145637
-1.171749 0.890771 0.020614
-0.819940 0.076110 0.024711
-1.917832 -1.124595 -0.012203
0.058452 3.526842 -0.548332
0.086643 3.318166 -0.550474
-0.944759 1.026611 -0.549780
-0.964994 0.864200 -0.532488
-0.654931 0.814046 -0.638894
-0.814905 0.576584 -0.581650
-1.005271 0.541796 -0.624509
-1.217110 0.437288 -0.672745
-1.357572 0.308458 -0.693094
-0.813310 0.498469 -0.556842
-1.393893 0.112164 -0.684582
0.440038 0.352032 -0.537003
-1.756455 -1.152894 -0.634056
-1.276427 -1.242646 -0.565379
1.769297 -0.703591 -0.344241
1.782132 -1.147902 -0.401797
1.719812 -1.408625 -0.392713
0.719511 -2.501040 -0.585945
0.437341 -2.552284 -0.585247
0.390064 -2.620548 -0.602530
1.121626 -4.363657 -0.569356
1.284189 -4.564891 -0.599169
1.364258 -5.938425 -0.546507
-0.791068 1.149884 -0.271253
-1.016067 1.061858 -0.342923
-0.206378 1.293470 -0.224781
-0.355543 1.028728 -0.210331
-1.021746 0.895556 -0.422375
0.001872 1.156826 -0.274572
-0.037970 1.008867 -0.337158
-0.788454 0.535917 -0.369393
-3.358499 -0.486448 -0.654004
0.364943 0.885582 -0.289367
0.200674 0.928431 -0.305555
0.777557 0.813461 -0.161078
0.570111 0.836251 -0.189951
0.950340 0.787589 -0.150312
0.896572 0.775218 -0.148656
-2.180875 -1.079125 -0.478061
-1.053005 -1.281549 -0.471311
-1.195693 -1.263355 -0.458769
-0.722210 -1.364047 -0.425012
-0.936989 -1.323255 -0.472548
-0.343725 -1.418984 -0.347422
-0.551754 -1.384445 -0.387137
-0.176406 -1.442278 -0.324226
-0.209649 -1.440343 -0.309493
1.707760 -0.966041 -0.198414
1.768237 -1.182266 -0.213149
1.731101 -1.319533 -0.210762
1.709247 -1.452569 -0.248885
1.692603 -1.605990 -0.241143
1.338628 -1.989368 -0.245334
1.478592 -2.765494 -0.299708
1.443133 -2.921566 -0.314172
1.396234 -3.071834 -0.328284
1.367363 -3.283750 -0.350270
-0.435091 -4.144166 -0.525989
1.290785 -3.646676 -0.374741
1.228124 -3.721620 -0.395251
1.146673 -3.906897 -0.383371
1.111442 -4.290375 -0.438360
-0.829895 1.112669 -0.146837
-0.953271 1.130382 -0.118961
-4.223383 -0.533284 -0.291941
-4.235483 -0.625494 -0.328119
-0.260212 1.151077 -0.170078
-0.362621 1.056147 -0.188527
-0.749942 1.085333 -0.105072
-4.298719 -0.762311 -0.309037
-0.004515 1.142829 -0.165210
-0.159123 1.004873 -0.136517
-0.311928 1.018346 -0.188014
-0.764615 0.566663 -0.207213
-4.092497 -0.853577 -0.267017
0.397916 0.891497 -0.130771
0.181659 0.925329 -0.119219
0.013782 0.893245 -0.015551
-0.752760 0.535351 -0.207423
-3.163495 -0.903613 -0.238583
-3.373268 -0.854173 -0.212605
0.743747 0.782228 -0.065581
0.542916 0.822051 -0.104219
-0.770605 0.063675 -0.103752
-2.935595 -0.943610 -0.179615
-3.103044 -0.912154 -0.192370
0.978005 0.759613 -0.027326
0.886685 0.759930 -0.031202
-1.092033 -1.285404 -0.274236
-1.219492 -1.251446 -0.219679
-0.742819 -1.359271 -0.104397
-0.941303 -1.334165 -0.154409
-0.373210 -1.426445 -0.162052
-0.584965 -1.391273 -0.151722
-0.181407 -1.466321 -0.129369
-0.223629 -1.456172 -0.139651
1.762385 -1.169023 -0.064926
1.443333 -5.081779 0.003817
-4.240055 -0.564047 -0.163140
-4.191005 -0.704451 -0.160655
-4.256877 -0.759254 -0.160450
-4.454575 -0.790334 -0.219517
-3.552848 -0.830519 -0.148312
-3.718029 -0.839559 -0.162034
-3.999875 -0.864602 -0.150809
-3.197613 -0.901732 -0.099884
-3.378325 -0.864369 -0.135067
-2.839746 -0.976527 -0.062662
-3.025526 -0.935324 -0.085423
-2.501646 -1.044958 -0.043327
-2.704867 -1.005217 -0.095279
-1.996983 -1.138188 -0.026646
-2.186567 -1.100447 -0.036253
-0.973521 -1.314780 -0.010916
-2.379558 -1.261705 -2.679742
-3.532787 -0.686759 -0.702012
-3.506090 -0.828824 -0.729656
-3.446439 -0.233888 -0.735056
-3.389460 -0.397224 -0.715072
-3.236184 -0.902463 -0.670210
-3.216271 -0.341353 -0.723810
-3.141418 -0.753497 -0.704348
-2.944499 -0.954125 -0.606799
-1.243172 -1.229262 -0.606036
-0.420497 -4.071784 -0.549271
-1.020154 -1.304183 -0.547748
-0.232652 -4.082377 -0.541580
0.667469 -6.910112 -0.581558
-0.936369 -0.734816 -0.646605
-0.751968 -1.206212 -0.656230
-0.727089 -1.347593 -0.583881
0.073138 -4.038432 -0.625035
0.977743 -6.828756 -0.573151
-0.578974 -1.416968 -0.654416
-0.397166 -1.444434 -0.604187
1.198983 -6.737831 -0.563684
-0.924496 1.071196 -0.561443
-0.956343 0.901115 -0.529451
-0.780461 0.599972 -0.588668
-0.775853 0.503426 -0.574966
-0.188432 -1.474242 -0.578007
0.410059 1.155275 -0.605332
0.528263 0.288688 -0.534086
0.033642 3.569662 -0.494047
1.794500 -1.116858 -0.512957
-4.297421 -0.746314 -0.341882
-4.317368 -0.286771 -0.363455
-4.121693 -0.478333 -0.336894
-3.814848 -0.369707 -0.313931
-1.805962 -1.145868 -0.422181
-1.559858 -1.193970 -0.432647
-1.312413 -1.241463 -0.339487
-1.029924 -1.302281 -0.312647
-0.747441 -1.350067 -0.341826
-1.202842 0.835326 -0.354303
-0.491452 -1.389706 -0.352901
-0.372564 -1.420884 -0.395702
-1.001249 1.115046 -0.357938
-0.993743 0.935776 -0.409551
-0.745958 0.537061 -0.302053
-0.230419 -1.436674 -0.374018
-0.794980 1.145615 -0.311374
-0.626078 1.070898 -0.275314
1.214099 -3.581847 -0.275614
0.132225 0.959473 -0.276064
0.272107 0.917883 -0.256018
0.403898 0.881027 -0.271263
1.337972 -2.005549 -0.318534
1.473099 -2.829253 -0.300006
0.667261 0.843987 -0.259957
1.424652 -1.914616 -0.280634
0.824170 0.830492 -0.274722
0.913143 0.818817 -0.283734
1.746909 -1.408009 -0.244989
1.748522 -1.530144 -0.257545
1.811599 -1.131108 -0.230347
1.761579 -1.279905 -0.237854
-3.839065 -0.832764 -0.296809
-1.826814 -1.135709 -0.244335
-1.619088 -1.178509 -0.158366
-1.445199 -1.196649 -0.153677
-1.265486 -1.212969 -0.132111
-0.399194 -3.866028 -0.046041
-1.047808 -1.279548 -0.132720
-0.321226 -3.858320 -0.069727
-0.891185 -1.302475 -0.135977
-0.688925 -1.357866 -0.137632
0.362834 -4.518389 -0.044350
1.041308 -6.716697 -0.107878
1.005679 -6.747944 -0.073120
-0.487210 -1.389739 -0.107765
-0.364377 -1.416455 -0.124535
0.406524 -4.529221 -0.048266
1.207974 -6.860051 -0.095386
-0.726313 0.598493 -0.189851
-0.735729 0.109317 -0.152001
-0.725334 0.005764 -0.055005
-0.292487 -1.375705 -0.113571
-0.239193 -1.443217 -0.095439
0.049565 -1.992287 -0.129866
0.146186 -2.396060 -0.210837
1.369668 -6.153154 -0.074583
1.300777 -6.523104 -0.085187
-0.817375 1.106614 -0.149313
-0.702146 1.083774 -0.111631
0.160858 -2.020539 -0.016770
1.481633 -5.540609 -0.066137
1.434211 -5.811319 -0.059067
1.423313 -5.823016 -0.078775
1.554195 -5.165022 -0.045996
1.505342 -5.431981 -0.053303
1.288841 -3.598827 -0.011638
1.654404 -4.432046 -0.016121
1.634156 -4.703462 -0.020352
1.613722 -4.840398 -0.037636
1.590286 -5.004227 -0.057208
0.159402 0.946137 -0.114148
0.252700 0.754313 -0.004146
1.378836 -3.399920 -0.000163
1.660997 -4.327864 -0.017115
0.257210 0.923854 -0.105982
0.409063 0.874634 -0.110310
1.352424 -1.960372 -0.101714
0.620429 0.798625 -0.102780
0.769537 0.771849 -0.106462
1.392837 -1.892233 -0.068680
1.502330 -1.874067 -0.069889
0.847412 0.815463 -0.121578
0.905137 0.804314 -0.108869
1.721550 -1.402049 -0.040805
1.700391 -1.664766 -0.028717
1.784316 -1.075351 -0.067638
-0.421964 -3.852630 0.023500
0.689204 -7.584150 0.102427
0.816875 -7.598469 0.098728
-0.335171 -3.833439 0.026434
-0.096790 -4.134970 0.035695
0.986507 -7.631678 0.117669
1.178347 -7.188614 0.090877
-0.445830 -1.399282 0.021274
-0.368384 -1.419397 0.017637
0.383278 -4.181641 0.057062
1.285221 -6.588224 0.097681
1.235341 -6.815468 0.092999
-0.255143 -1.444047 0.027839
1.347663 -6.277762 0.086698
1.306903 -6.471997 0.111181
1.464539 -5.648760 0.094488
1.406308 -5.955593 0.094120
1.194900 -4.327002 0.078681
1.563445 -5.105809 0.095180
1.524392 -5.316658 0.097533
1.295075 -3.630211 0.090091
1.667501 -4.549942 0.090840
1.615046 -4.827248 0.094767
1.437479 -3.087216 0.101607
1.397036 -3.314909 0.097171
1.695518 -4.378758 0.109990
1.309679 -2.084878 0.067508
1.268876 -2.256629 0.101747
1.494925 -2.836438 0.101755
1.468009 -2.998113 0.101360
1.477161 -1.916567 0.116188
1.701485 -1.634575 0.141564
1.665718 -1.879541 0.136178
1.752885 -1.408253 0.070286
0.346694 -3.869091 -0.576813
1.192350 -3.859129 -0.539434
1.296664 -3.622854 -0.517561
0.753464 -1.773580 -0.554711
1.693750 -1.777471 -0.440447
0.717181 -1.676639 -0.558292
1.160789 -1.475590 -0.481867
1.419770 -1.592790 -0.534285
-1.194219 -1.257069 -0.535634
-1.047499 -1.283656 -0.534111
-0.796969 -1.339658 -0.514603
-0.527534 -1.381354 -0.488847
-0.314788 -1.410659 -0.492434
-0.136190 -1.431504 -0.518760
0.276769 -1.307611 -0.582936
0.371893 -1.319111 -0.571720
0.721228 -1.269285 -0.574868
0.873858 -1.247854 -0.582186
1.340266 -1.434215 -0.506815
1.762263 -1.337811 -0.524969
-1.443572 -1.193308 -0.593031
1.013179 -1.174249 -0.579020
1.131062 -1.086631 -0.577565
1.790125 -1.155562 -0.501274
1.841458 -1.049669 -0.497834
-3.154842 -0.912285 -0.555565
-0.802193 0.529146 -0.531726
-0.994722 0.751525 -0.589598
-0.798750 0.591918 -0.552096
-0.969300 0.861821 -0.571502
0.414673 1.085324 -0.567379
-0.524577 3.778193 -0.538342
1.051985 -6.712854 -0.189376
1.242008 -6.824021 -0.148667
1.078716 -6.701954 -0.107766
1.328566 -6.512226 -0.165704
1.333041 -6.422878 -0.103645
1.392957 -6.102529 -0.143251
1.456059 -5.757038 -0.124433
1.506464 -5.428378 -0.106691
1.306780 -1.988914 -0.313218
1.316219 -1.940931 -0.309668
1.426663 -1.907785 -0.313077
1.695104 -1.779317 -0.352593
-1.483919 -1.224458 -0.407429
-1.263996 -1.247752 -0.333549
-1.041571 -1.285903 -0.322145
-0.781572 -1.336187 -0.304221
-0.520447 -1.381516 -0.263630
-0.283940 -1.422424 -0.283849
-0.157610 -1.430821 -0.280939
1.753248 -1.309614 -0.308793
-1.755987 -1.151877 -0.385202
-1.555878 -1.183876 -0.414126
1.023796 -0.987154 -0.295713
1.178850 -1.070184 -0.345188
1.799876 -1.103874 -0.282240
-3.115109 -0.912457 -0.463006
1.717864 -0.907796 -0.269428
-0.795583 0.536024 -0.456680
-0.742687 0.564889 -0.254490
-1.015961 0.977853 -0.404426
-0.247613 1.029513 -0.283059
0.007251 1.001010 -0.279605
0.212755 0.949472 -0.242493
0.393187 0.912059 -0.239251
0.722150 0.868013 -0.192679
-0.993502 1.069625 -0.409468
-0.786075 1.138859 -0.351671
-0.436851 1.078372 -0.324521
-0.336705 1.059046 -0.310397
-0.219142 1.297597 -0.331259
1.309302 -6.576822 -0.063958
1.384035 -6.145466 -0.047683
1.430295 -5.814371 -0.022044
1.475396 -5.628603 -0.074912
1.518994 -5.308077 -0.070950
1.549133 -5.116182 -0.083610
1.583261 -4.983160 -0.058693
1.596682 -4.874128 -0.072231
-0.327250 -3.815886 -0.141023
0.042806 -1.983761 -0.075293
0.034709 -1.943033 0.000350
1.472413 -1.847627 -0.072798
1.644036 -1.792608 -0.041906
-0.171679 -1.458268 -0.052933
1.719235 -1.558103 -0.090982
-1.476948 -1.220640 -0.156504
-1.259855 -1.250594 -0.125809
-1.032216 -1.284323 -0.129726
-0.773898 -1.328591 -0.101967
-0.533627 -1.370867 -0.087030
-0.304108 -1.416670 -0.066678
-0.135237 -1.433304 -0.116989
1.744039 -1.299557 -0.041739
-1.554001 -1.185624 -0.166539
-1.384883 -1.200783 -0.112171
1.787473 -1.091789 -0.018806
1.760940 -0.791924 -0.064912
1.780583 -0.685807 -0.033334
-0.799828 0.144584 -0.137617
0.707607 0.787520 0.009056
1.166668 0.720235 -0.006517
-0.255658 1.036374 -0.120539
-0.021453 0.981441 -0.082187
0.199792 0.939410 -0.088250
0.444996 0.885083 -0.095729
0.694511 0.833573 -0.115648
0.869284 0.838219 -0.148014
-0.921736 1.163979 -0.203385
-0.782086 1.119275 -0.181985
-0.434754 1.076964 -0.173729
-0.315927 1.084410 -0.132993
-0.049646 1.050993 -0.112032
-0.223641 1.313595 -0.162730
1.676940 -1.790409 0.169791
1.716036 -1.560405 0.171480
1.808219 -1.115906 0.170614
2.085498 -1.035697 0.150424
1.180498 -6.976370 -0.427122
0.641391 -6.964583 -0.534486
0.931729 -6.753059 -0.509360
1.084427 -6.745543 -0.507296
1.252777 -6.644787 -0.446675
1.344688 -6.211157 -0.362201
1.111458 -3.372571 -0.530293
1.361827 -3.358312 -0.525721
-0.340577 -3.136300 -0.601777
-0.156671 -3.134231 -0.585593
0.208537 -3.198493 -0.575336
1.577226 -1.896511 -0.398631
0.890883 -1.553631 -0.554232
1.261862 -1.377337 -0.538942
1.774841 -1.310280 -0.433630
1.849546 -1.132519 -0.531857
-0.502755 -1.394245 -0.514984
-0.274758 -1.443249 -0.489487
-0.138560 -1.469168 -0.448089
0.509161 -1.218289 -0.581757
0.569258 -1.178999 -0.575035
0.934206 -1.049180 -0.561095
1.479260 -1.129778 -0.489838
1.666656 -1.103460 -0.533173
1.833759 -0.967380 -0.491157
-1.285711 -1.251899 -0.476300
-0.775480 -1.348394 -0.569409
-0.614690 -1.350188 -0.506078
1.021539 -1.015865 -0.577706
1.166904 -0.924873 -0.574404
1.289599 -0.797611 -0.572371
-1.492878 -1.206052 -0.518813
-1.405521 -1.243716 -0.503677
-0.777282 0.540985 -0.538429
-0.940262 0.766439 -0.596366
-0.792163 0.686631 -0.596535
-0.946210 1.036221 -0.494143
0.013591 3.557300 -0.557514
-0.457397 3.772835 -0.581367
1.187586 -6.796872 -0.302413
1.405655 -5.842200 -0.330991
0.318447 -4.935196 -0.242963
1.152314 -4.313532 -0.224191
-0.632127 -4.670752 -0.310431
1.139064 -4.288234 -0.357011
0.439744 -4.077774 -0.233203
-0.440214 -3.970513 -0.261027
-0.349478 -3.884091 -0.263327
1.332616 -2.031328 -0.223831
1.389937 -1.947573 -0.185172
1.558682 -1.889124 -0.224284
1.715985 -1.723037 -0.217593
1.728943 -1.515539 -0.251868
1.777772 -1.279985 -0.278693
1.841429 -1.125863 -0.170787
-0.682870 -1.377241 -0.300376
-0.504705 -1.397898 -0.266567
-0.279173 -1.441062 -0.248046
-0.136299 -1.469715 -0.251664
1.809553 -1.059419 -0.198240
-1.239457 -1.252931 -0.331300
-1.093811 -1.286881 -0.358711
-0.803348 -1.343964 -0.312558
-0.658580 -1.350450 -0.286760
1.775507 -0.771082 -0.187542
-1.537357 -1.202349 -0.326264
-1.352286 -1.231143 -0.297879
-0.738746 0.532694 -0.311134
-0.059305 1.023477 -0.226026
-0.997359 0.969475 -0.389326
-0.762968 1.128233 -0.310998
-0.306884 1.045727 -0.271819
-0.158905 1.269316 -0.287047
-1.001561 1.166838 -0.371729
-0.868316 1.155462 -0.326152
-0.234516 1.313948 -0.276373
1.531833 -5.036091 0.067817
1.574067 -4.767472 0.072844
1.352644 -3.337118 0.117821
1.391795 -3.043862 0.115172
1.441471 -2.822635 0.114017
1.313323 -2.037813 -0.092729
1.671574 -1.922300 0.108606
0.044831 -1.994689 -0.089984
1.419910 -1.934082 -0.070008
1.591713 -1.871486 -0.068315
1.780701 -1.277775 -0.080892
-0.534372 -1.385038 -0.098842
-0.270352 -1.440761 -0.070164
-0.140578 -1.455030 -0.047472
1.815223 -1.091989 -0.009461
-1.261112 -1.237693 -0.125519
-1.046215 -1.290730 -0.136610
-0.811879 -1.348643 -0.129682
-0.666715 -1.359601 -0.123363
1.764362 -0.773390 -0.088081
-1.520958 -1.202257 -0.183448
-1.359537 -1.206338 -0.133007
0.518872 -0.292268 -0.072121
0.997715 0.435831 0.051334
0.889254 0.743972 -0.022958
1.042189 0.736134 -0.033412
-0.731321 0.551577 -0.217748
0.335467 0.873800 -0.095501
0.511274 0.850164 -0.132574
0.781930 0.805603 -0.124507
0.940316 0.779259 -0.110399
-0.195542 0.974500 -0.083573
-0.032253 0.970946 -0.116272
0.250569 0.919658 -0.140003
0.401380 0.899812 -0.128727
-0.752734 1.100695 -0.149036
-0.282228 1.049291 -0.171332
0.020852 1.189559 -0.192386
-0.235059 1.320354 -0.218564
-0.187162 1.308502 -0.186385
1.846831 -1.052174 0.170751
0.794506 0.461061 0.066506
0.768631 0.482192 0.065740
2.664643 0.896589 0.144645
2.682892 0.930311 0.131036
-0.981133 4.554036 -5.164317
1.195246 -7.042913 -0.366790
1.271802 -6.742428 -0.454954
1.033529 -6.618171 -0.550086
1.184967 -6.575661 -0.543310
1.355852 -6.375477 -0.422536
1.422751 -5.999783 -0.388555
-0.131405 -3.182791 -0.607732
-0.057220 -3.162261 -0.596366
0.839728 -3.144291 -0.539775
1.299044 -3.057608 -0.518633
1.456444 -3.027197 -0.514954
-0.223168 -2.961140 -0.601666
0.152734 -3.007604 -0.586386
0.217599 -2.932722 -0.566707
1.709643 -1.833458 -0.510537
0.742369 -1.422484 -0.556456
-0.289548 -1.428944 -0.517898
-0.142918 -1.461419 -0.512528
0.986877 -1.242331 -0.544993
1.215659 -1.160617 -0.533207
1.302933 -1.067818 -0.529980
1.815036 -1.090590 -0.412079
-0.995101 -1.294793 -0.569644
-0.803213 -1.313702 -0.570624
-0.571797 -1.364301 -0.542320
-0.401394 -1.399486 -0.528344
0.451145 -1.038427 -0.578983
0.609001 -0.997641 -0.569056
1.356928 -0.985388 -0.503598
1.560214 -0.900318 -0.516134
-1.398630 -1.207884 -0.496052
-1.128897 -1.263102 -0.593810
0.906570 -0.844394 -0.558751
1.111450 -0.728058 -0.569053
1.237048 -0.572220 -0.559859
0.551354 0.288061 -0.504344
0.456781 0.401825 -0.521821
-0.779969 0.517158 -0.615400
-0.969341 0.878042 -0.562367
-0.909901 0.992995 -0.580975
-0.046151 1.037584 -0.463323
0.046947 3.536953 -0.514227
-0.037761 3.571556 -0.516313
1.479468 -5.643600 -0.357612
0.491407 -4.138675 -0.296499
1.169422 -4.061535 -0.293025
-0.419972 -3.973059 -0.270475
1.248343 -3.690088 -0.321504
-0.328629 -3.883329 -0.273887
1.308399 -3.590805 -0.317199
1.258250 -2.104998 -0.191452
1.340543 -1.963748 -0.253517
1.521186 -1.873886 -0.274061
1.689597 -1.808374 -0.233281
1.717206 -1.605328 -0.216651
1.775795 -1.339461 -0.322607
-0.436903 -1.408534 -0.286183
-0.284402 -1.426978 -0.280361
-0.148629 -1.460222 -0.273883
1.782187 -1.182275 -0.210363
-1.013770 -1.287246 -0.366764
-0.828659 -1.322283 -0.331046
-0.579155 -1.368600 -0.301798
-0.402434 -1.382545 -0.286199
-1.544372 -1.196020 -0.284968
-1.321029 -1.231148 -0.311265
-1.181129 -1.252824 -0.366742
-1.810490 -1.116917 -0.220532
-1.703164 -1.149807 -0.461038
0.882029 0.310005 -0.362281
-0.760685 0.548301 -0.313555
1.021361 0.811844 -0.190277
-0.729003 0.589356 -0.245465
0.189509 0.887608 -0.250927
-1.026743 0.945759 -0.376963
-0.470542 1.088883 -0.245366
-0.321541 1.049651 -0.294955
-0.038688 1.064240 -0.305498
-1.043414 1.139115 -0.348653
-0.903861 1.169902 -0.301007
-0.263745 1.315090 -0.228445
1.540929 -5.109007 0.041909
1.584411 -4.839661 0.042352
1.625528 -4.598382 0.042002
1.375802 -3.212930 0.087449
1.386583 -2.990305 0.064340
1.428296 -2.905632 0.090754
1.359968 -1.957283 -0.026860
1.567053 -1.855930 -0.066581
1.678563 -1.742855 0.104011
1.786200 -1.202593 -0.093652
-0.444516 -1.403699 -0.096366
-0.272699 -1.416165 -0.079772
-0.171103 -1.434963 -0.070130
-0.832577 -1.320038 -0.135402
-0.573912 -1.369138 -0.111796
-0.396731 -1.379376 -0.087117
-1.695345 -1.161445 -0.207718
-1.400513 -1.185649 -0.144326
-1.120795 -1.256718 -0.149708
-1.891685 -1.091086 -0.135197
0.770723 -0.349646 0.076357
0.365776 -0.108547 -0.040172
0.607451 0.045731 -0.039804
-0.746145 0.044245 -0.069351
-0.638210 0.038635 -0.206101
0.531181 0.176841 -0.018345
-0.740070 0.118674 -0.094909
0.789475 0.825536 -0.088248
0.989226 0.800302 -0.084261
0.016348 0.958937 -0.051917
0.217325 0.945821 -0.097226
-0.446335 1.062342 -0.165356
-0.316323 1.046651 -0.146098
-0.036177 1.083216 -0.142223
0.071850 1.076476 -0.129037
-0.983232 1.145700 -0.114587
-0.877296 1.120375 -0.144282
-0.265041 1.306747 -0.177016
-0.200551 1.300714 -0.172266
0.766981 0.504172 0.078778
1.170952 -7.103843 -0.430804
1.096435 -6.867883 -0.528173
1.268374 -6.694513 -0.393354
1.062157 -6.679163 -0.564234
1.410054 -6.075844 -0.450253
1.468501 -5.710279 -0.415726
0.506757 -3.062721 -0.563066
1.039716 -2.951945 -0.532792
-0.296781 -1.442019 -0.517557
-0.137156 -1.451846 -0.514185
0.763256 -1.371768 -0.560509
0.965534 -1.259193 -0.553175
1.181059 -1.143630 -0.544690
1.816018 -1.110241 -0.448452
-0.981406 -1.286881 -0.529834
-0.798514 -1.322750 -0.545387
-0.569958 -1.373764 -0.537471
-0.422427 -1.413937 -0.521969
0.600160 -0.992291 -0.576518
1.265480 -1.051486 -0.542587
1.407442 -0.926721 -0.509919
1.553212 -0.886706 -0.543403
-1.603252 -1.183088 -0.473084
-1.352654 -1.224933 -0.483153
-1.069947 -1.257697 -0.558345
0.863685 -0.849196 -0.562829
1.083199 -0.729829 -0.571764
1.194240 -0.594545 -0.571568
-1.771818 -1.137795 -0.460772
-0.777966 0.473337 -0.594516
-0.983911 0.862355 -0.536690
-0.919261 0.991490 -0.581616
-0.968677 1.064237 -0.494296
-0.577927 1.353773 -0.500872
-0.020602 3.527525 -0.523495
-0.467793 3.746850 -0.544280
1.343858 -6.287667 -0.358035
0.484019 -4.156446 -0.297665
1.171083 -4.119844 -0.352586
1.327981 -3.671851 -0.327022
1.268124 -2.093155 -0.161518
1.367731 -1.958045 -0.269743
1.499235 -1.878265 -0.281102
1.698039 -1.749141 -0.235581
1.715099 -1.613842 -0.225526
1.748413 -1.337636 -0.353120
-0.299378 -1.431738 -0.276168
-0.146179 -1.473627 -0.283325
1.778558 -1.158480 -0.180384
-1.018262 -1.299653 -0.348298
-0.821517 -1.334403 -0.318588
-0.572883 -1.379481 -0.290467
-0.403507 -1.392091 -0.286392
-1.544139 -1.203573 -0.250272
-1.380903 -1.223980 -0.276374
-1.180055 -1.262433 -0.318743
-1.856269 -1.145790 -0.208317
0.892246 0.303795 -0.381726
-0.709900 0.520065 -0.285203
0.991608 0.808829 -0.194668
-0.755186 0.571600 -0.331196
0.178289 0.912781 -0.246882
-1.024488 0.940383 -0.364072
-0.480321 1.084801 -0.198963
-0.338262 1.050953 -0.298976
-0.023158 1.071567 -0.292120
-1.038107 1.129787 -0.321149
-0.918819 1.147009 -0.296253
-0.259054 1.309878 -0.208198
1.506247 -5.294815 0.080279
1.562169 -5.040342 0.080659
1.610913 -4.800622 0.081103
1.373037 -3.228164 0.069475
1.384454 -2.992977 0.055084
1.446876 -2.866877 0.050024
1.374326 -1.949563 -0.108319
1.592665 -1.851329 -0.125701
1.781569 -1.278850 -0.126414
-0.278811 -1.426110 -0.079077
-0.159024 -1.446844 -0.066160
1.786614 -1.164436 -0.120279
-0.998846 -1.276390 -0.146927
-0.839196 -1.331292 -0.105779
-0.577797 -1.373134 -0.100785
-0.384530 -1.392521 -0.075134
-1.371865 -1.224734 -0.129882
-1.118915 -1.268458 -0.132312
0.746500 -0.350444 0.071158
0.591926 0.100167 -0.012766
2.601045 0.721304 0.003357
-0.737855 0.162350 -0.068187
2.614481 0.844653 -0.005576
2.652339 0.998385 -0.010519
0.378916 0.790767 -0.087679
0.610301 0.813860 -0.040189
0.779761 0.815681 -0.090208
0.976487 0.796299 -0.097091
0.068533 0.936341 -0.038404
0.214587 0.950089 -0.110414
0.449633 0.886043 -0.077938
-0.457589 1.068194 -0.158908
-0.311296 1.041581 -0.137205
-0.033607 1.080637 -0.131511
-0.919665 1.128505 -0.082246
-0.260805 1.315029 -0.170236
-0.193759 1.301625 -0.165337
2.612694 0.665772 0.163941
0.804245 0.496192 0.073878
1.101678 -6.744306 -0.569201
1.233039 -6.788067 -0.451828
1.323374 -6.420140 -0.430770
1.395259 -6.051920 -0.409033
1.477760 -5.650986 -0.436173
0.300974 -5.023386 -0.571201
-0.225450 -2.693080 -0.618015
0.538808 -2.752898 -0.578519
0.662491 -2.709981 -0.565554
0.188595 -2.362900 -0.499181
1.379425 -1.956774 -0.413710
1.745802 -1.562105 -0.452437
0.138462 -1.593931 -0.581290
1.749195 -1.394467 -0.444012
-0.288656 -1.444027 -0.519575
-0.084300 -1.518706 -0.548307
0.762073 -1.251996 -0.560888
0.841285 -1.205050 -0.561703
1.810129 -1.208914 -0.449713
-0.822059 -1.322682 -0.514228
-0.573339 -1.384208 -0.487171
-0.415732 -1.392489 -0.575708
1.385923 -0.900311 -0.533230
-1.619422 -1.188098 -0.490146
-1.385855 -1.228732 -0.506065
-1.136538 -1.262169 -0.532212
-0.960312 -1.270114 -0.533437
0.876913 -0.795897 -0.571799
1.062885 -0.666820 -0.571106
-1.815886 -1.134270 -0.555975
-1.737301 -1.159427 -0.511306
0.544838 0.259495 -0.486892
-0.790652 0.535086 -0.500088
-0.941749 0.746225 -0.599583
-0.817339 0.634959 -0.541131
-0.981077 0.888797 -0.530585
-0.017533 1.015816 -0.505672
-0.948056 1.061384 -0.486964
0.042780 2.222470 -0.579240
-0.487228 3.778028 -0.504861
1.454066 -5.694561 -0.387477
0.488513 -4.177651 -0.370403
1.157198 -4.058287 -0.275295
1.227454 -3.758681 -0.256800
1.401930 -3.694587 -0.244037
1.443155 -3.025008 -0.178577
1.269273 -2.118682 -0.212341
1.366884 -1.973510 -0.216041
1.472512 -1.892367 -0.254757
1.683829 -1.744467 -0.173662
1.749614 -1.395620 -0.166993
-0.438440 -1.427968 -0.347868
-0.295185 -1.447364 -0.299876
-0.163238 -1.462395 -0.288903
1.782676 -1.208445 -0.165146
-1.002116 -1.306710 -0.375268
-0.839270 -1.336140 -0.346504
-0.596242 -1.383341 -0.304366
-0.426160 -1.414686 -0.281123
1.784281 -0.856939 -0.340701
-1.535551 -1.195517 -0.230619
-1.374179 -1.232471 -0.293856
-1.146040 -1.281350 -0.321104
-1.908612 -1.125660 -0.290563
0.895569 0.300357 -0.353246
-0.743523 0.518946 -0.362542
0.807644 0.823295 -0.186802
0.958450 0.802023 -0.206319
-0.731371 0.562433 -0.272127
0.217199 0.921972 -0.241808
0.496828 0.810765 -0.205597
-1.019099 0.916332 -0.380103
-0.483007 1.089906 -0.342857
-0.315995 1.042601 -0.303657
-0.048260 1.018872 -0.245881
-1.053423 1.119084 -0.321692
-0.911999 1.154152 -0.254067
-0.256364 1.321380 -0.214011
-0.185890 1.285923 -0.205642
1.559043 -4.961401 0.081472
1.655616 -4.356027 0.082545
1.376629 -3.268295 0.090325
1.429126 -2.911335 0.095765
1.484693 -2.777356 0.099177
1.338994 -1.993456 -0.049786
1.566427 -1.866686 -0.096541
1.749330 -1.297349 -0.004356
-0.312090 -1.436706 -0.111861
-0.160367 -1.449098 -0.086324
1.762821 -1.183550 -0.076590
-1.851569 -1.465655 0.014894
-1.018211 -1.296916 -0.193406
-0.850511 -1.328810 -0.097110
-0.603516 -1.380318 -0.136474
-0.434795 -1.392322 -0.110836
2.106226 -0.814362 0.082855
-1.537756 -1.192654 -0.208846
-1.407419 -1.220396 -0.144788
-1.110874 -1.271039 -0.131152
2.572557 -0.473333 0.085527
-1.624665 -0.803217 0.025096
0.491384 -0.202492 -0.099794
-0.755043 0.033404 -0.075316
0.531374 0.144369 -0.030480
-0.735328 0.108434 -0.092550
0.872033 0.468681 0.071161
2.566247 0.818935 0.005084
0.359389 0.773049 -0.082867
0.739249 0.806727 -0.079831
0.966779 0.798278 -0.060906
0.218171 0.936602 -0.106950
0.382611 0.882749 -0.038962
-0.475523 1.068686 -0.166819
-0.326318 1.037853 -0.143344
-0.033502 1.078824 -0.120320
-0.269577 1.297932 -0.175210
-0.207497 1.300612 -0.155836
1.390434 -1.955442 0.101152
1.481123 -1.892843 0.104967
2.597653 0.645381 0.183384
-7.222715 -5.561611 -3.775299
1.187863 -6.717884 -0.476394
-0.245483 -4.206281 -0.507741
-0.315544 -4.078846 -0.519747
0.488921 -2.529771 -0.570900
0.637483 -2.508486 -0.560249
-0.095995 -2.462763 -0.595244
0.250928 -2.537727 -0.585111
1.739810 -1.530705 -0.420994
1.759562 -1.329494 -0.404285
-0.266414 -1.428666 -0.454597
1.831258 -1.180185 -0.411116
-1.014315 -1.297858 -0.481017
-0.849942 -1.327157 -0.503587
-0.576148 -1.372849 -0.485294
-0.399576 -1.414101 -0.461965
1.255693 -0.960905 -0.539769
1.373476 -0.862381 -0.534448
-1.622298 -1.169844 -0.472543
-1.290189 -1.238250 -0.553084
-1.096352 -1.270944 -0.540178
0.885596 -0.751554 -0.583318
0.999769 -0.692338 -0.568662
1.420139 -0.751735 -0.539443
-1.755817 -1.148395 -0.497632
1.071239 -0.590409 -0.565225
-0.765769 0.524754 -0.524266
-0.933564 0.764178 -0.603996
-0.773380 0.624411 -0.563570
-0.980634 0.970237 -0.499537
-0.944764 1.050437 -0.525920
1.193605 -7.041196 -0.371252
1.210238 -6.887164 -0.197083
1.024738 -6.719837 -0.189212
1.295338 -6.578997 -0.268470
1.361503 -6.233802 -0.332494
1.368264 -6.105373 -0.170402
1.415747 -5.817277 -0.311849
1.483456 -5.525675 -0.299142
1.186658 -4.318470 -0.375414
1.203314 -4.004377 -0.338980
1.262307 -3.717378 -0.304444
1.403711 -3.700654 -0.297424
1.301987 -2.106082 -0.243521
1.372427 -1.972544 -0.231589
1.597522 -1.870327 -0.216252
1.761807 -1.498277 -0.204118
-0.430470 -1.419966 -0.242610
-0.273609 -1.439117 -0.323629
-0.141938 -1.458712 -0.342813
1.780548 -1.147721 -0.233879
-1.004602 -1.305447 -0.263477
-0.811669 -1.337959 -0.338087
-0.562153 -1.382466 -0.344913
-0.397786 -1.409429 -0.372417
-1.519988 -1.186248 -0.331613
-1.345749 -1.228832 -0.314209
-1.148988 -1.268612 -0.273173
-2.006550 -1.082866 -0.356942
-0.736197 0.532016 -0.287639
0.827574 0.830211 -0.211337
0.980884 0.809936 -0.232832
-0.733098 0.592767 -0.311315
0.147697 0.973097 -0.207931
-1.006909 0.909786 -0.403074
-0.471150 1.088042 -0.265167
-0.319939 1.043251 -0.273044
-0.016092 1.092093 -0.252456
-1.033045 1.149951 -0.316251
-0.908406 1.143733 -0.288342
-0.241228 1.307635 -0.216789
1.269384 -2.093260 -0.031257
1.393261 -1.942154 -0.024875
1.525040 -1.879174 -0.026353
1.700977 -1.708994 -0.136742
1.762812 -1.277822 -0.076198
-0.283960 -1.436452 -0.086735
-0.160517 -1.451136 -0.155843
1.781394 -1.176545 -0.075909
-0.994541 -1.289498 -0.058196
-0.826453 -1.327968 -0.102984
-0.588907 -1.373255 -0.141294
-0.411175 -1.383920 -0.070637
1.733742 -0.936664 -0.127764
-1.503580 -1.196827 -0.218736
-1.347010 -1.225130 -0.149522
-1.146284 -1.253485 -0.113570
-0.966227 -1.268685 -0.118392
0.817921 -0.293774 -0.016919
0.431326 -0.171623 -0.083802
-0.747794 0.021068 -0.119933
-0.738605 0.133689 -0.104589
0.961012 0.465485 0.072957
1.008403 0.801873 -0.068178
2.629577 1.046975 -0.012525
-0.017133 0.948039 -0.080093
0.253143 0.934016 -0.102598
-0.448903 1.073130 -0.166342
-0.309100 1.043969 -0.149829
-0.029781 1.021468 -0.115906
0.120382 0.996312 -0.158848
-0.886301 1.135941 -0.109793
-0.242478 1.332336 -0.169344
-0.189080 1.280750 -0.143342
1.320629 0.253289 0.085726
2.595634 0.631385 0.201606
0.791867 0.483488 0.082436
-0.206504 1.126465 -1.299789
1.200308 -6.772223 -0.459432
-0.271400 -4.128239 -0.506724
-0.091224 -2.452149 -0.597385
0.249039 -2.449403 -0.570129
0.457714 -2.482474 -0.569760
0.633763 -2.465088 -0.560611
1.759037 -1.543470 -0.420653
-0.335884 -1.425179 -0.443988
1.824322 -1.172180 -0.405261
-1.021695 -1.303600 -0.469821
-0.870331 -1.330256 -0.491002
-0.591113 -1.377260 -0.465827
1.143363 -0.886518 -0.549904
-1.298970 -1.249290 -0.542362
-1.100535 -1.272440 -0.510745
1.211451 -0.779450 -0.562990
1.319739 -0.731872 -0.551648
-1.829433 -1.136351 -0.480047
-1.701812 -1.166766 -0.458934
1.382841 -0.526331 -0.525941
-0.779224 0.509225 -0.585393
-0.789665 0.615864 -0.590188
-0.979284 0.895514 -0.519466
-0.914077 1.059601 -0.583293
0.056156 2.449748 -0.582494
-0.514982 3.780761 -0.513181
1.244030 -6.858846 -0.217098
1.059447 -6.709322 -0.208613
1.326367 -6.456438 -0.203604
1.203075 -4.301412 -0.390147
1.220139 -3.994168 -0.353234
1.274088 -3.697117 -0.317705
1.414794 -3.681508 -0.311597
1.291717 -2.098002 -0.279977
1.362045 -1.979880 -0.242703
1.487348 -1.878113 -0.238414
1.762133 -1.485540 -0.214896
1.753072 -1.320813 -0.397215
-0.276089 -1.442202 -0.330189
-0.139436 -1.469452 -0.333405
-1.018979 -1.300957 -0.246733
-0.811217 -1.337023 -0.334204
-0.567690 -1.384312 -0.353124
-0.398645 -1.411258 -0.369688
-1.564160 -1.186292 -0.340184
-1.356839 -1.230077 -0.279832
-1.168698 -1.268492 -0.267795
-2.099608 -1.079641 -0.358419
-0.740155 0.547893 -0.339746
0.769465 0.837148 -0.202085
0.192462 0.919681 -0.202940
-1.034495 0.915007 -0.357671
-0.477727 1.076928 -0.271106
-0.348717 1.041646 -0.263595
-0.030674 1.092934 -0.236541
-1.045542 1.143655 -0.264461
-0.942234 1.146538 -0.299544
-0.250715 1.284773 -0.248202
-0.211896 1.322156 -0.315693
0.085958 1.904593 -0.286639
1.517895 -5.250372 0.043874
1.566697 -4.980650 0.051449
1.609404 -4.730597 0.058015
-0.331250 -3.809670 -0.012922
1.375166 -1.941947 -0.036812
1.604215 -1.860552 -0.031961
1.767715 -1.238249 -0.088837
-0.288884 -1.435146 -0.078206
-0.150688 -1.458783 -0.105071
-0.986179 -1.286406 -0.047222
-0.827646 -1.328742 -0.098446
-0.574392 -1.372784 -0.136623
-0.414087 -1.391643 -0.092940
-1.514364 -1.202180 -0.195820
-1.353446 -1.230561 -0.130851
-1.116460 -1.266304 -0.110361
-0.970027 -1.266626 -0.099098
0.760472 -0.377010 0.068809
-0.772550 0.027118 -0.076703
0.518150 0.103395 -0.070025
0.547014 0.125387 -0.037726
-0.757249 0.053713 -0.038612
-0.731315 0.138538 -0.089603
0.619249 0.830299 -0.178775
0.770568 0.811027 -0.049844
0.945206 0.815432 -0.061777
-0.164746 0.892675 -0.063069
-0.006281 0.936797 -0.054057
0.237116 0.932326 -0.100593
0.379218 0.867861 -0.053036
-0.463832 1.076189 -0.144534
-0.319273 1.041756 -0.132778
-0.059905 1.019502 -0.091437
0.104938 0.996958 -0.153460
-0.910977 1.141847 -0.097807
-0.258480 1.291767 -0.155278
-0.197003 1.297986 -0.151353
0.479202 -0.018785 0.074881
1.323522 0.298696 0.124570
2.582435 0.619297 0.194847
2.623861 0.779963 0.186592
1.274581 -3.798583 -0.526262
1.327801 -3.667506 -0.504392
0.605001 -3.532461 -0.561669
1.361382 -3.499481 -0.477121
1.401575 -3.255090 -0.438321
1.511812 -2.829871 -0.513331
-0.023327 -1.973048 -0.589658
0.856886 -1.545752 -0.548268
1.098511 -1.371398 -0.540664
-0.437045 -1.422455 -0.470215
-0.298370 -1.438415 -0.455462
-0.162213 -1.464798 -0.446753
1.161900 -1.303227 -0.535650
-1.014209 -1.284699 -0.587655
-0.832032 -1.322101 -0.510647
-0.588637 -1.377112 -0.476368
-0.428457 -1.399734 -0.459246
0.526069 -1.104634 -0.569062
1.020925 -0.906605 -0.559536
-1.328820 -1.231206 -0.494487
-1.111258 -1.251630 -0.523319
1.162108 -0.798150 -0.563694
1.307459 -0.696053 -0.557620
-0.780437 0.514961 -0.586379
-0.968209 0.757860 -0.536413
-0.777071 0.616834 -0.597870
-0.953580 0.904378 -0.538889
-0.908111 1.036095 -0.608563
0.032871 2.547693 -0.589456
-0.442266 3.748660 -0.480407
1.161868 -6.776936 -0.214906
0.973231 -6.714982 -0.174561
1.415249 -2.789986 -0.168215
1.242724 -2.130723 -0.321440
1.388717 -1.946308 -0.317266
1.482268 -1.888522 -0.316692
1.711670 -1.672215 -0.323193
1.738768 -1.349454 -0.370997
-0.444420 -1.412907 -0.238291
-0.290012 -1.434031 -0.285274
-0.158804 -1.447639 -0.283295
1.798690 -1.194166 -0.306871
-1.026262 -1.295015 -0.334382
-0.844991 -1.326765 -0.299261
-0.578292 -1.371984 -0.291045
-0.418056 -1.392544 -0.220514
-1.573212 -1.179849 -0.364640
-1.396820 -1.214552 -0.329540
-1.160682 -1.258636 -0.306698
-1.732470 -1.143174 -0.439709
-0.742132 0.540483 -0.361564
-0.735575 0.629896 -0.211576
0.220951 0.881932 -0.210846
0.566965 0.871280 -0.244269
-1.024321 0.944455 -0.370099
-0.461928 1.087883 -0.273776
-0.309256 1.040243 -0.248300
-0.035698 1.055654 -0.250374
-1.037501 1.151475 -0.270725
-0.887029 1.164649 -0.310120
-0.246535 1.317620 -0.317944
-0.179180 1.304128 -0.306101
-0.363266 -3.828357 -0.067244
1.226043 -2.158138 -0.118108
1.233916 -2.114134 -0.057607
1.317520 -1.964730 -0.026394
1.566617 -1.852148 -0.055804
1.671900 -1.792948 -0.059996
-0.287768 -1.425063 -0.035108
-0.151264 -1.434362 -0.061563
1.752869 -1.099353 -0.049840
-1.018927 -1.275655 -0.127757
-0.839666 -1.320197 -0.071261
-0.616932 -1.356980 -0.128712
-0.401629 -1.386297 -0.163285
1.734020 -0.925808 -0.107325
-1.338425 -1.220644 -0.134827
-1.118314 -1.251737 -0.092897
0.818118 -0.300443 0.021801
0.501340 0.135321 -0.023885
0.583960 0.098627 0.018255
-0.758881 0.130673 -0.053994
-0.713563 0.127378 -0.134380
2.616057 0.808093 0.022338
2.656917 0.956871 0.021858
-0.744419 0.560475 -0.199689
0.746955 0.787372 -0.099326
-0.726969 0.590922 -0.202138
-0.024605 0.951832 -0.056205
0.244419 0.945360 -0.110734
0.466856 0.873001 -0.065431
-0.466619 1.085422 -0.117438
-0.313682 1.036605 -0.101469
-0.115910 0.979579 -0.064157
0.114451 0.996108 -0.193188
-0.854127 1.114594 -0.159029
-0.252102 1.306951 -0.150550
-0.186245 1.290510 -0.143358
0.461229 -0.016394 0.073048
1.307851 0.269069 0.084425
2.579141 0.605706 0.196928
2.604761 0.764126 0.201072
1.088347 -2.553396 -2.540097
1.271395 -6.811707 -0.472448
1.085429 -6.651320 -0.602618
0.548959 -4.221740 -0.561697
1.209613 -3.420521 -0.550360
1.416578 -3.363492 -0.536530
1.112001 -3.388528 -0.545967
1.451876 -3.131298 -0.494475
-0.244444 -3.209108 -0.630825
0.086790 -3.228023 -0.610613
0.406708 -3.115371 -0.569908
1.475985 -2.998537 -0.471055
-0.307536 -1.440256 -0.505396
-0.140223 -1.480166 -0.495774
1.034070 -1.297251 -0.541328
1.199114 -1.274638 -0.527787
1.388611 -1.087254 -0.522382
-1.031019 -1.309632 -0.460271
-0.809687 -1.334422 -0.544794
-0.563511 -1.385298 -0.531734
-0.424720 -1.399480 -0.505369
0.551149 -1.027438 -0.567304
1.442910 -0.924817 -0.454875
-1.505934 -1.195212 -0.491140
-1.329807 -1.242600 -0.617276
-1.128487 -1.263209 -0.528730
0.930916 -0.875548 -0.547073
1.128721 -0.772387 -0.553390
1.261568 -0.630194 -0.549707
-2.185464 -1.048805 -0.709077
-0.780282 0.491999 -0.593264
-0.959799 0.748298 -0.572987
-0.785735 0.567216 -0.626543
-0.962987 0.845856 -0.561093
-0.919199 0.985454 -0.558295
-0.347675 2.795625 -0.592347
0.059927 2.922507 -0.579867
1.242370 -6.804050 -0.232836
1.050054 -6.722380 -0.152692
1.334407 -6.364907 -0.270457
1.390208 -6.005022 -0.191807
1.466899 -5.657221 -0.214118
1.525340 -5.359128 -0.190064
0.388972 -4.887905 -0.368658
0.484549 -4.121569 -0.181315
-0.222121 -4.013782 -0.235528
-0.446234 -3.957457 -0.252992
-0.332697 -3.896016 -0.262122
1.276697 -2.158044 -0.276697
1.390832 -1.955923 -0.259502
1.547168 -1.883962 -0.223042
1.738333 -1.611640 -0.327932
1.753152 -1.310511 -0.279556
-0.297380 -1.440877 -0.306466
-0.148363 -1.465461 -0.282244
1.781778 -1.216668 -0.287713
-1.025048 -1.304853 -0.292676
-0.830255 -1.337690 -0.346398
-0.575058 -1.382735 -0.321130
-0.407295 -1.409946 -0.332824
-1.599403 -1.186692 -0.403974
-1.340081 -1.226291 -0.393473
-1.127206 -1.272688 -0.410731
-1.784201 -1.149001 -0.422090
-1.741041 -1.154546 -0.452353
-0.764620 0.526935 -0.265254
-0.729716 0.579749 -0.227129
0.280690 0.860342 -0.189415
-1.024672 0.951279 -0.368734
-0.438868 1.058899 -0.274099
-0.328056 1.032043 -0.240545
-0.007797 1.113957 -0.235264
-1.000584 1.040080 -0.375482
-0.863104 1.141627 -0.339091
-0.255051 1.278562 -0.300271
-0.192861 1.281869 -0.295977
1.444358 -5.693636 -0.134176
1.495673 -5.363461 -0.127414
1.549316 -5.094071 -0.121484
1.578129 -4.954323 0.061500
1.182459 -3.790449 -0.108559
1.341335 -3.369471 0.061771
1.384418 -3.279466 -0.007339
-0.023341 -2.140595 -0.086808
1.359511 -1.966412 -0.077646
1.548848 -1.883264 -0.066410
-0.287607 -1.436902 -0.092854
-0.149699 -1.458740 -0.097820
1.773860 -1.175983 -0.060297
-0.795954 -1.354425 -0.142277
-0.575736 -1.379624 -0.124368
-0.391222 -1.398275 -0.111599
-1.553213 -1.199281 -0.198138
-1.325505 -1.241193 -0.162731
-1.129173 -1.280554 -0.145850
-1.703048 -1.163114 -0.194386
-0.764684 0.002555 -0.087238
-0.736218 0.037049 -0.080549
0.493732 0.145327 0.004148
0.526676 0.119440 0.003045
-1.687700 0.001082 0.006740
-0.765258 0.090224 -0.107570
0.624191 0.778493 -0.096511
0.728385 0.775131 -0.029817
-0.209222 0.904372 -0.038192
0.205201 0.930277 -0.101710
0.360508 0.942201 -0.091689
2.713762 1.289070 0.099857
-0.477352 1.070116 -0.111872
-0.317766 1.008681 -0.085310
-0.061145 1.053014 -0.108900
-0.272090 1.323026 -0.150920
-0.202240 1.295594 -0.145043
-2.376330 1.147508 -0.042379
-2.202319 1.162415 -0.037843
1.343639 -1.953778 0.113101
1.549052 -1.887013 0.119210
0.913497 -6.799716 -0.606985
1.060679 -6.719467 -0.601231
1.272680 -6.661964 -0.493541
1.351203 -6.277246 -0.458925
1.418718 -5.914089 -0.426279
0.486667 -3.313021 -0.597925
1.102816 -3.201689 -0.568783
1.348020 -3.175478 -0.522430
-0.222026 -3.058882 -0.616729
0.198081 -3.051283 -0.596262
-0.300167 -1.439983 -0.511637
-0.140562 -1.476067 -0.504444
0.747358 -1.433077 -0.562578
0.935644 -1.321202 -0.563904
1.251617 -1.164549 -0.552769
-0.822556 -1.331146 -0.524067
-0.561061 -1.379980 -0.533439
-0.370317 -1.393409 -0.539371
0.474693 -1.055546 -0.582992
0.569582 -1.009656 -0.583647
1.417272 -0.920517 -0.493839
1.537047 -0.925774 -0.529483
-1.342485 -1.223192 -0.494543
-1.099996 -1.271397 -0.481795
0.923719 -0.870396 -0.573206
1.123863 -0.750561 -0.583958
1.254249 -0.597177 -0.577851
-2.270360 -1.067816 -0.648804
-2.297167 -1.015031 -0.648814
0.567672 0.240010 -0.483699
-0.762909 0.502721 -0.579766
-0.945041 0.847105 -0.543218
-0.899390 0.990123 -0.536338
-0.908520 1.102480 -0.569424
-0.328414 2.934747 -0.579620
-0.473020 3.789271 -0.474096
1.189593 -6.884395 -0.400271
1.158436 -4.322218 -0.290129
0.522814 -4.171284 -0.287437
1.385894 -1.975837 -0.277894
1.554218 -1.896462 -0.346339
1.741933 -1.630031 -0.352498
1.785482 -1.298007 -0.340957
-0.422233 -1.426915 -0.278225
-0.278920 -1.448028 -0.297362
-0.152000 -1.465008 -0.283749
-1.001824 -1.306393 -0.298813
-0.808397 -1.338293 -0.317031
-0.569150 -1.382032 -0.304889
-0.417588 -1.407235 -0.299065
-1.550653 -1.194246 -0.325153
-1.291382 -1.230819 -0.403602
-1.124356 -1.265712 -0.372648
-0.892277 -1.261605 -0.244436
-1.706001 -1.157275 -0.379652
-0.732845 0.535122 -0.297138
-0.710004 0.590224 -0.212407
0.233096 0.937772 -0.251385
-1.004622 0.935486 -0.338250
-0.424423 1.072936 -0.264746
-0.305734 1.042879 -0.229175
0.019219 1.130651 -0.253876
-0.990797 1.038441 -0.361604
-0.889104 1.171852 -0.257531
-0.226835 1.300355 -0.270902
1.408875 -5.792830 -0.135837
1.446055 -5.512522 -0.069350
1.510964 -5.256958 -0.068627
1.554399 -5.067167 -0.008068
1.566011 -4.901064 -0.125728
1.595493 -4.796964 -0.007323
1.360646 -3.389706 0.069920
1.404519 -3.177067 0.070705
1.453053 -2.916091 0.070447
1.388872 -1.952361 -0.132511
1.639304 -1.852142 -0.024503
-0.260264 -1.440672 -0.076830
-0.149190 -1.458275 -0.096909
1.797173 -1.213891 -0.150740
-0.766443 -1.342919 -0.109631
-0.558305 -1.390312 -0.107523
-0.384531 -1.400886 -0.112061
-1.581011 -1.176229 -0.156628
-1.344262 -1.215532 -0.125917
-1.132558 -1.267793 -0.107822
-1.729935 -1.162819 -0.162810
-0.740163 0.022905 -0.087796
0.535185 0.143117 -0.008628
-0.739261 0.081321 -0.075979
-0.709845 0.178953 -0.053094
0.855639 0.795727 -0.097532
0.987071 0.770642 -0.058315
-0.264619 0.896328 -0.024960
-0.034909 0.930793 -0.009279
0.260599 0.928229 -0.083874
0.422808 0.928986 -0.127914
-0.445477 1.065094 -0.098681
-0.282667 1.006501 -0.066001
-0.009653 1.024670 -0.118719
0.130440 0.994217 -0.143596
-0.995254 1.103779 -0.129200
-0.841875 1.107888 -0.124510
-0.228824 1.302299 -0.144540
-0.157532 1.287425 -0.129619
2.590873 0.591810 0.164737
0.979642 -6.940889 -0.496881
1.342335 -6.318242 -0.435665
1.403763 -5.920866 -0.399751
1.469922 -5.612409 -0.373004
1.129707 -4.234021 -0.542835
1.297104 -4.087979 -0.537863
1.356980 -3.426272 -0.463336
1.408201 -3.124862 -0.432646
0.868230 -3.119637 -0.538498
0.995114 -3.149194 -0.543758
1.353398 -3.004249 -0.519296
-0.223080 -2.965345 -0.590782
-0.290762 -1.447662 -0.507028
-0.156029 -1.471480 -0.497109
0.727125 -1.417882 -0.550288
0.900142 -1.316345 -0.550865
1.173663 -1.191676 -0.537708
1.288553 -1.075993 -0.536026
1.809231 -1.104608 -0.427784
-1.061131 -1.295229 -0.457962
-0.811821 -1.326105 -0.545268
-0.582557 -1.377217 -0.535842
-0.396484 -1.397217 -0.536051
0.449892 -1.060856 -0.581590
0.604669 -1.014215 -0.569814
1.407880 -0.940299 -0.493824
1.503597 -0.908460 -0.514374
-1.387543 -1.225845 -0.508946
-1.181973 -1.251588 -0.489947
0.872581 -0.868238 -0.556061
1.080334 -0.758978 -0.569440
1.205888 -0.626185 -0.568163
-2.342215 -1.042716 -0.670047
0.532601 0.289734 -0.504028
0.452008 0.389682 -0.523035
0.502724 0.338715 -0.516693
-0.784369 0.505988 -0.599168
-0.976584 0.840770 -0.560807
-0.938834 1.086734 -0.584431
0.035979 3.536791 -0.511998
-0.503015 3.781881 -0.532342
0.503770 -4.168793 -0.272366
-0.322243 -3.958685 -0.249602
1.334803 -1.996723 -0.276813
1.461872 -1.912629 -0.264210
1.717627 -1.612633 -0.323837
1.748357 -1.314377 -0.325006
-0.447531 -1.426518 -0.361082
-0.305515 -1.443491 -0.292253
-0.165867 -1.454273 -0.286051
1.778457 -1.154172 -0.288985
-1.004922 -1.296503 -0.305915
-0.834629 -1.332932 -0.331863
-0.596633 -1.381461 -0.305962
-0.435353 -1.396502 -0.274433
-1.664952 -1.178934 -0.384742
-1.351863 -1.226937 -0.344680
-1.146701 -1.268140 -0.391408
-1.881784 -1.130257 -0.370728
-1.747527 -1.159093 -0.352440
-0.779829 0.095835 -0.188431
-0.754616 0.528766 -0.289291
1.016114 0.792570 -0.190108
-0.741038 0.592381 -0.233079
0.222931 0.909430 -0.252691
-1.210777 0.772402 -0.333668
-1.029815 0.926630 -0.360764
-0.453310 1.068720 -0.273578
-0.333133 1.036794 -0.243470
-0.042500 1.081939 -0.274921
-1.032550 1.031237 -0.367945
-0.908866 1.126597 -0.324956
-0.259507 1.300733 -0.261124
1.469680 -5.308408 0.027368
1.527920 -5.055921 0.025549
1.565123 -4.780113 0.025360
1.363392 -3.217172 0.070613
1.382525 -3.082917 0.093729
1.427609 -2.959834 0.080220
1.354022 -1.964592 -0.024298
1.527443 -1.891148 -0.120218
1.751888 -1.272154 0.089315
-0.465295 -1.424073 -0.082402
-0.298014 -1.433518 -0.080586
-0.160163 -1.456812 -0.100679
1.778749 -1.193245 -0.009196
1.795303 -1.072632 0.088858
-0.811169 -1.333550 -0.096953
-0.592082 -1.382208 -0.105176
-0.405168 -1.391179 -0.088565
-1.603221 -1.182052 -0.162116
-1.400277 -1.205323 -0.131705
-1.153602 -1.267497 -0.126703
2.248743 -0.501279 0.068112
-1.733918 -1.150450 -0.180620
0.467255 -0.173695 -0.068402
2.527239 0.368791 0.016548
-0.757186 0.037351 -0.062737
-0.743646 0.138123 -0.159529
1.225430 0.696837 -0.008398
0.787833 0.803248 -0.082761
0.973130 0.783140 -0.092669
-0.286373 0.894115 -0.034968
-0.029884 0.943695 -0.030703
0.202820 0.934497 -0.081981
-0.493919 1.084866 -0.125374
-0.323251 1.014458 -0.087931
-0.066352 0.997265 -0.105911
-0.939139 1.142580 -0.135372
-0.256327 1.304382 -0.167233
-0.185625 1.292275 -0.152080
1.294598 0.069914 0.081749
2.598015 0.605078 0.173983
0.781283 0.482975 0.080085
1.205448 -6.793259 -0.433769
1.306943 -6.467202 -0.402481
1.358249 -6.100485 -0.391193
1.412453 -5.798757 -0.397945
0.398647 -4.935367 -0.389468
-0.191169 -2.674684 -0.558869
-0.115395 -2.463282 -0.478907
1.790074 -1.234275 -0.480430
-0.283430 -1.446884 -0.532049
-0.138901 -1.469397 -0.526754
0.803264 -1.300357 -0.553016
0.940008 -1.254073 -0.547124
1.208979 -1.132028 -0.543483
1.808473 -1.092990 -0.450128
-0.854669 -1.320418 -0.550667
-0.532816 -1.380874 -0.536950
-0.397529 -1.400517 -0.526962
1.399536 -0.952046 -0.532410
1.498195 -0.851635 -0.540775
-1.576613 -1.188690 -0.458623
-1.402508 -1.221586 -0.456022
-1.206082 -1.270761 -0.428107
0.866900 -0.841909 -0.570124
1.086870 -0.697731 -0.570146
-1.703036 -1.154234 -0.454506
0.567528 0.246794 -0.501785
0.476249 0.380611 -0.528631
-0.756874 0.432757 -0.506102
-0.963286 0.752364 -0.575979
-0.774161 0.544297 -0.466613
-0.964378 0.871953 -0.531248
-0.954363 1.036931 -0.495755
-0.927120 1.097660 -0.548222
0.013325 3.514624 -0.589705
-0.431678 3.737606 -0.612613
1.441499 -5.723768 -0.336352
1.496712 -5.395900 -0.309153
1.165023 -4.292359 -0.298356
0.452904 -4.183078 -0.284068
1.189446 -3.899319 -0.199805
1.271966 -2.128799 -0.205528
1.385193 -1.958069 -0.259507
1.577164 -1.849838 -0.213653
1.715798 -1.657653 -0.192207
1.750733 -1.384401 -0.292857
-0.285134 -1.448232 -0.265946
-0.139626 -1.468035 -0.284069
1.791460 -1.183747 -0.193164
-1.035025 -1.296990 -0.324373
-0.827255 -1.338702 -0.300651
-0.582363 -1.386062 -0.276679
-0.403888 -1.414476 -0.248273
-1.557039 -1.193220 -0.206512
-1.339344 -1.238102 -0.220174
-1.162698 -1.270250 -0.273178
-0.750205 0.526959 -0.332289
0.857165 0.812731 -0.196853
0.976467 0.798763 -0.211189
-0.733395 0.587435 -0.253142
0.264978 0.929746 -0.260018
0.383530 0.875831 -0.286966
-1.019895 0.916396 -0.342397
-0.455782 1.065966 -0.317917
-0.327942 1.037559 -0.305879
-0.034124 1.063542 -0.301443
-1.059158 1.134999 -0.320435
-0.933273 1.160856 -0.240068
1.517818 -5.154807 0.091582
1.480187 -2.792247 0.088346
1.254461 -2.185205 0.065005
1.381630 -1.940524 -0.067670
1.596817 -1.870568 -0.055725
1.739287 -1.345784 -0.147047
-0.273341 -1.436478 -0.070509
-0.149775 -1.464456 -0.075376
-1.042955 -1.300415 -0.060222
-0.846219 -1.335626 -0.084197
-0.566551 -1.377272 -0.092302
-0.418706 -1.404166 -0.074630
2.025467 -0.775165 0.049024
-1.395877 -1.233555 -0.134200
-1.101111 -1.270622 -0.099799
0.499241 -0.185457 -0.088985
-0.747986 0.020507 -0.069663
-0.743233 0.047464 -0.071058
-0.734797 0.119207 -0.069026
0.882246 0.439143 0.051396
0.592206 0.793547 -0.024315
0.769683 0.805203 -0.101971
1.011332 0.776681 -0.050552
1.226697 0.700065 -0.039127
2.636538 1.162903 -0.089047
-0.742734 0.615346 -0.106511
0.222661 0.933361 -0.102231
0.406368 0.891050 -0.109409
-0.454383 1.071825 -0.166789
-0.301563 1.033432 -0.137833
-0.029638 1.048738 -0.125633
-0.248058 1.283795 -0.183911
-0.180470 1.295743 -0.171787
0.870728 0.475660 0.063108
-1.040734 4.486802 -5.138402
1.102605 -6.947765 -0.547820
1.234351 -6.744917 -0.521196
1.389712 -6.056528 -0.457780
1.440791 -5.733912 -0.447268
1.466772 -5.692950 -0.411614
0.566918 -2.830851 -0.572921
-0.191758 -2.797771 -0.606533
0.246268 -2.654395 -0.578669
-0.104204 -2.445471 -0.515643
1.765698 -1.491488 -0.425321
1.750625 -1.410736 -0.485609
-0.304876 -1.437711 -0.524541
-0.147179 -1.465933 -0.520964
0.800035 -1.273391 -0.568326
0.943651 -1.234608 -0.560759
1.272230 -1.092400 -0.551498
1.798409 -1.156867 -0.481473
1.828034 -1.128798 -0.497557
-0.993900 -1.284727 -0.545056
-0.838409 -1.322268 -0.522731
-0.560586 -1.378200 -0.518943
-0.401532 -1.403220 -0.553748
1.407287 -0.916686 -0.547182
1.510203 -0.909560 -0.527444
-1.577064 -1.196232 -0.473329
-1.355946 -1.219343 -0.491303
-1.124151 -1.264909 -0.512581
0.874013 -0.812627 -0.580908
1.044139 -0.697970 -0.579057
-1.850395 -1.129442 -0.511574
-1.695426 -1.153552 -0.479971
0.563639 0.240288 -0.485138
0.526928 0.312202 -0.514546
-0.788487 0.567141 -0.463354
-0.976905 0.866450 -0.523493
-0.974567 1.041685 -0.451342
-0.450465 3.717035 -0.583221
1.520329 -5.368339 -0.378730
1.190383 -4.278683 -0.347528
0.472411 -4.173892 -0.341386
1.202015 -3.868106 -0.249722
1.331243 -3.667840 -0.228095
1.265005 -2.116220 -0.206471
1.375358 -1.968496 -0.262424
1.578687 -1.866309 -0.235394
1.705124 -1.694488 -0.206622
-0.292118 -1.441175 -0.285114
-0.145079 -1.473019 -0.267236
1.773924 -1.205529 -0.198360
-1.007066 -1.299212 -0.339345
-0.838172 -1.335736 -0.323341
-0.574195 -1.377451 -0.295318
-1.369686 -1.228946 -0.257535
-1.158928 -1.273035 -0.289674
-1.759944 -1.140090 -0.223214
-0.743545 0.533052 -0.242054
0.841765 0.825682 -0.188526
0.966828 0.807797 -0.205847
-0.735951 0.585622 -0.251736
0.245943 0.929026 -0.247759
0.453942 0.858150 -0.225950
-1.019918 0.913392 -0.330080
-0.470634 1.083021 -0.317843
-0.328860 1.047834 -0.296468
-0.037746 1.079890 -0.267197
-1.058444 1.128446 -0.273810
-0.900264 1.166761 -0.235922
-0.243912 1.296041 -0.195977
-0.178742 1.281919 -0.189708
1.353790 -3.314527 0.044787
1.258244 -2.161083 0.045826
-0.025706 -2.145741 -0.141560
1.336010 -2.013105 -0.076937
1.564346 -1.889313 -0.080615
1.730465 -1.382127 -0.167869
-0.271240 -1.430999 -0.090951
-0.144427 -1.461992 -0.094635
1.774518 -1.108227 0.070264
-1.027185 -1.295765 -0.103629
-0.849942 -1.334022 -0.099427
-0.565214 -1.379303 -0.117690
-0.403457 -1.408489 -0.097950
-1.367307 -1.215668 -0.153132
-1.143493 -1.263879 -0.136686
0.424050 -0.151869 -0.069675
-0.743882 0.034250 -0.066558
-0.735442 0.103944 -0.086479
0.870564 0.445308 0.058054
0.598831 0.819914 -0.025330
0.771016 0.809377 -0.075751
0.992917 0.791186 -0.045348
1.180102 0.724842 -0.032030
0.092481 0.947205 -0.080485
0.209582 0.947784 -0.104425
0.390974 0.877102 -0.098217
-0.467728 1.073249 -0.154636
-0.317121 1.040191 -0.132137
-0.026244 1.088644 -0.117922
-0.259945 1.300097 -0.168775
-0.192751 1.298122 -0.158804
0.851439 0.478539 0.068874
1.191975 -7.038655 -0.489887
0.990780 -6.674510 -0.618744
1.280295 -6.609193 -0.461960
1.357504 -6.219796 -0.437268
1.423501 -5.860253 -0.414834
0.236762 -5.157566 -0.634400
-0.367318 -4.057310 -0.509289
0.240726 -2.683513 -0.606402
0.462620 -2.679540 -0.592596
0.164382 -2.426263 -0.546308
1.362761 -1.973296 -0.433741
1.729061 -1.537516 -0.453676
0.233252 -1.578373 -0.596635
1.770085 -1.310743 -0.443321
-0.312166 -1.431085 -0.480795
-0.082520 -1.512658 -0.538115
0.672759 -1.292778 -0.577699
0.962026 -1.176576 -0.559813
-1.002956 -1.300245 -0.523167
-0.838846 -1.318831 -0.543482
-0.603962 -1.368075 -0.510717
1.383022 -0.888410 -0.536808
-1.583938 -1.183303 -0.506663
-1.335000 -1.215465 -0.566676
-1.123624 -1.255619 -0.545161
0.866329 -0.787726 -0.579087
1.051570 -0.662202 -0.576274
1.541326 -0.674557 -0.503076
-1.865090 -1.118300 -0.603459
0.545133 0.306231 -0.523734
0.404830 0.340264 -0.453087
0.514734 0.318481 -0.509463
-0.970935 0.729902 -0.579815
-0.806962 0.620617 -0.545441
-0.988806 0.916481 -0.529222
-0.950007 1.060841 -0.502302
-0.525190 3.805847 -0.506496
1.210286 -6.850164 -0.173095
1.175467 -4.307549 -0.347153
1.180523 -3.956267 -0.309156
1.253880 -3.716133 -0.279983
1.389902 -3.685821 -0.271233
-0.006885 -2.241202 -0.198234
1.343435 -1.992491 -0.220868
1.463364 -1.899017 -0.241647
1.685879 -1.778343 -0.179200
1.764356 -1.327819 -0.173823
-0.297239 -1.431838 -0.318587
-0.141123 -1.460821 -0.356931
1.759619 -1.134345 -0.216334
-1.041127 -1.293657 -0.320577
-0.830372 -1.327525 -0.369687
-0.573900 -1.374778 -0.344112
-0.431949 -1.407330 -0.235937
-1.519851 -1.188959 -0.284498
-1.394311 -1.219615 -0.333628
-1.156201 -1.264642 -0.345323
-1.963159 -1.107576 -0.334598
-0.737344 0.540432 -0.282955
0.499437 0.790018 -0.200502
0.825148 0.833071 -0.194433
0.976725 0.809842 -0.215720
-0.745809 0.606487 -0.300188
0.180423 0.928143 -0.229194
-1.009202 0.915941 -0.393879
-0.306977 1.045608 -0.309729
-0.032562 1.084858 -0.266373
-1.041050 1.123109 -0.321931
-0.903120 1.165552 -0.253616
-0.259754 1.308891 -0.221720
1.021155 -6.674351 -0.166695
1.521321 -5.111906 0.046730
1.361838 -3.370592 0.067242
1.257179 -2.109090 0.062623
1.355392 -1.958213 -0.037758
1.570034 -1.885423 -0.068126
1.762283 -1.219728 -0.011037
-0.450481 -1.415202 -0.087428
-0.273756 -1.430526 -0.101748
-0.171461 -1.449898 -0.120905
-1.021430 -1.289140 -0.123949
-0.849948 -1.318302 -0.130049
-0.602033 -1.361832 -0.158188
-0.412667 -1.396411 -0.122456
-1.863794 -1.384525 -0.018879
-1.524393 -1.179444 -0.079847
-1.356130 -1.224706 -0.179245
-1.107479 -1.268845 -0.111035
-1.587102 -0.700904 -0.001523
0.472669 -0.174291 -0.100728
1.297867 0.200884 0.081631
-0.735324 0.158768 -0.107613
0.893597 0.471860 0.066830
0.995904 0.456662 0.069296
0.372810 0.775283 -0.085613
0.749341 0.817610 -0.082735
0.974434 0.802726 -0.051285
-0.756211 0.636511 -0.148306
0.062152 0.936442 -0.095450
0.232318 0.936488 -0.094528
0.370385 0.923945 -0.056726
-0.472239 1.083151 -0.178027
-0.318987 1.046985 -0.151467
-0.036050 1.057705 -0.123542
-0.252363 1.319887 -0.177393
-0.185647 1.307327 -0.170790
1.568567 -1.871978 0.096607
1.286875 0.084353 0.083412
1.293906 0.117705 0.088963
1.195979 -6.769236 -0.445952
-0.181642 -4.367962 -0.619972
-0.285730 -4.167111 -0.535650
-0.073516 -4.059732 -0.566445
-0.092425 -2.397162 -0.611678
0.441497 -2.419102 -0.575810
0.581543 -2.394010 -0.563960
-0.142669 -2.332817 -0.599171
0.284241 -2.290241 -0.548372
1.728842 -1.589785 -0.397170
-0.400374 -1.415266 -0.447517
-1.015906 -1.296170 -0.490289
-0.858822 -1.330656 -0.498152
-0.589594 -1.378704 -0.469431
1.223521 -0.941220 -0.529261
1.319843 -0.838190 -0.523601
-1.281364 -1.233149 -0.562448
-1.096905 -1.265138 -0.528165
0.922254 -0.710661 -0.556295
0.985000 -0.657080 -0.562642
1.348637 -0.767478 -0.533986
1.033950 -0.591970 -0.561387
0.493302 0.418025 -0.503567
-0.776470 0.527510 -0.538055
-0.786240 0.621646 -0.580366
-0.985801 0.894631 -0.495239
-0.952058 1.061701 -0.504078
-0.916336 1.097270 -0.545160
1.012935 -6.716067 -0.254973
1.435346 -5.751303 -0.372868
1.270836 -3.752694 -0.346045
1.392090 -3.678351 -0.332294
1.261410 -2.100690 -0.206398
1.373538 -1.974262 -0.247755
1.497000 -1.881834 -0.300247
1.731950 -1.548535 -0.218230
1.762689 -1.248954 -0.371745
-0.286766 -1.442846 -0.368131
-0.140536 -1.458122 -0.339060
1.793536 -1.161593 -0.245150
1.819848 -1.156359 -0.372906
-1.028767 -1.302048 -0.287051
-0.816597 -1.334263 -0.321650
-0.568417 -1.386343 -0.380865
-1.571692 -1.186883 -0.396072
-1.387234 -1.226600 -0.314915
-1.160859 -1.265360 -0.266041
-2.125319 -1.083676 -0.410098
-0.736529 0.534554 -0.303667
0.583962 0.759275 -0.190422
0.791189 0.828770 -0.205903
0.975286 0.808795 -0.233846
-0.732139 0.574173 -0.312113
0.179768 0.901037 -0.198855
-1.025701 0.922905 -0.376467
-0.463541 1.076335 -0.257443
-0.335776 1.049760 -0.256077
-0.023021 1.093662 -0.215885
-1.045112 1.157264 -0.301148
-0.914714 1.165027 -0.270618
-0.250137 1.331613 -0.265086
-0.179507 1.270840 -0.252120
1.505914 -5.265241 0.060440
1.555244 -4.997921 0.068396
1.345129 -3.216791 0.087819
1.277629 -2.026853 -0.040999
1.619099 -1.870365 -0.118702
1.671870 -1.764637 -0.112400
1.748226 -1.249412 -0.063127
-0.296396 -1.432822 -0.096488
-0.164816 -1.452256 -0.090928
1.768233 -1.172362 -0.106649
-1.002653 -1.285962 -0.073459
-0.812706 -1.333257 -0.097048
-0.584365 -1.372172 -0.168044
-0.385528 -1.399981 -0.076324
1.729909 -0.940302 -0.102069
-1.364767 -1.220679 -0.111325
-1.104191 -1.284151 -0.128187
2.569002 0.662100 0.067733
-0.772534 0.102831 -0.044784
-0.738636 0.126838 -0.112450
0.768260 0.800880 -0.046163
0.970293 0.803165 -0.061314
-0.060387 0.939326 -0.042402
0.249694 0.931165 -0.103718
0.359044 0.907554 -0.022894
-0.465050 1.075207 -0.130293
-0.318596 1.024988 -0.123519
-0.067482 1.015850 -0.087435
0.104102 0.988790 -0.157479
-0.877553 1.128904 -0.174013
-0.256249 1.322081 -0.144643
-0.187373 1.298442 -0.134693
2.472979 0.159996 0.229869
1.261221 0.072670 0.104834
1.289776 0.146621 0.104511
1.311803 0.256576 0.105916
2.582107 0.626395 0.228279
0.823422 0.466382 0.092434
0.957171 0.451871 0.089347
2.600830 0.755628 0.231982
-4.153137 3.646256 -4.566939
-0.176423 1.102769 -1.241884
0.465160 -4.170161 -0.537587
-0.276826 -4.126251 -0.588064
-0.074021 -2.411897 -0.624451
0.258276 -2.377591 -0.585133
0.421817 -2.465073 -0.601840
0.615276 -2.441314 -0.587672
1.356253 -1.978381 -0.425143
-0.298491 -1.437944 -0.459423
0.191080 -1.505691 -0.601207
-0.868423 -1.306739 -0.501908
-0.597075 -1.373579 -0.486573
1.226361 -0.961841 -0.546446
1.330813 -0.883722 -0.536010
-1.309998 -1.213945 -0.568214
-1.106884 -1.252005 -0.529942
-0.970837 -1.260684 -0.554341
0.892485 -0.748163 -0.575844
1.008896 -0.645840 -0.564366
1.391089 -0.769769 -0.534348
-1.843409 -1.120286 -0.574725
-1.727196 -1.145683 -0.616529
0.567997 0.279073 -0.481801
0.533468 0.311212 -0.474359
-0.769786 0.528593 -0.522172
-0.785645 0.630823 -0.554707
-0.976746 0.923573 -0.474649
-0.936952 1.062276 -0.511528
1.077747 -6.744074 -0.312347
1.232324 -6.716146 -0.312136
0.969060 -6.666316 -0.228313
1.425222 -5.707085 -0.426384
1.211228 -3.906028 -0.393924
1.236863 -3.681754 -0.363042
1.331921 -3.678012 -0.359583
0.126152 -2.414859 -0.255743
1.348659 -1.995075 -0.262716
1.469716 -1.897388 -0.312436
1.733982 -1.519635 -0.313444
-0.294728 -1.435739 -0.367621
-0.144699 -1.460546 -0.358475
1.787611 -1.201109 -0.385416
-1.021446 -1.301570 -0.301305
-0.825685 -1.326098 -0.360046
-0.565675 -1.376877 -0.380819
-0.407261 -1.403255 -0.328323
-1.574637 -1.188394 -0.458010
-1.388814 -1.219245 -0.321884
-1.144257 -1.269961 -0.278529
-1.981791 -1.093850 -0.378390
-1.683866 -1.155132 -0.475470
-0.757265 0.530975 -0.299123
0.808400 0.823766 -0.190215
0.990136 0.802735 -0.217111
0.200842 0.888611 -0.191791
-1.004408 0.930856 -0.372327
-0.474392 1.085271 -0.237852
-0.323197 1.047632 -0.242592
-0.029658 1.056264 -0.213258
-1.044895 1.168631 -0.268432
-0.897485 1.183156 -0.252868
-0.247242 1.332361 -0.262626
-0.189000 1.308224 -0.238373
1.336433 -1.979930 -0.056041
1.534245 -1.887750 -0.055594
1.739092 -1.291354 -0.065958
-0.283359 -1.433895 -0.101148
-0.156381 -1.453397 -0.105610
1.759895 -1.218298 -0.074708
1.788896 -1.071477 0.097020
-1.032103 -1.299234 -0.057597
-0.811432 -1.330484 -0.127333
-0.572706 -1.378373 -0.172048
-0.423424 -1.405528 -0.182719
-1.506487 -1.195235 -0.217241
-1.357722 -1.234322 -0.203833
-1.097808 -1.270160 -0.132134
-0.744409 0.028967 -0.093669
2.591984 0.663202 0.075715
-0.785403 0.203110 -0.054960
-0.737971 0.161901 -0.109195
0.766394 0.794801 -0.030152
0.977675 0.798585 -0.044603
-0.037087 0.941756 -0.037849
0.232588 0.930980 -0.096939
0.363779 0.909451 -0.009611
2.671099 1.298566 0.018893
-0.455118 1.077573 -0.119120
-0.303235 1.028570 -0.106117
-0.076197 1.000678 -0.077436
0.101036 0.999320 -0.139553
-0.861919 1.142802 -0.153271
-0.245613 1.273810 -0.146936
-0.181579 1.297377 -0.125699
2.502410 0.169300 0.215583
1.297659 0.136066 0.106887
1.305672 0.236998 0.108192
2.581318 0.613861 0.235341
0.861102 0.467394 0.099149
0.961818 0.450600 0.095058
2.636835 0.769904 0.242936
-5.800845 1.734800 -4.044711
0.530127 -4.162753 -0.609142
1.326769 -3.584885 -0.397006
1.413797 -3.294545 -0.513743
1.488963 -2.899744 -0.462983
0.433124 -2.216990 -0.582368
0.587962 -2.192938 -0.567384
0.927955 -1.401595 -0.536039
-0.287188 -1.440634 -0.508215
-0.140777 -1.469958 -0.500722
1.039452 -1.315090 -0.527778
1.799276 -1.189903 -0.400858
-1.047913 -1.306187 -0.514244
-0.830238 -1.322771 -0.569099
-0.570753 -1.378092 -0.537993
-0.390938 -1.408581 -0.514636
0.549072 -1.039198 -0.564712
-1.324266 -1.235811 -0.592858
-1.131469 -1.256707 -0.580455
1.124702 -0.794281 -0.540842
1.278013 -0.649064 -0.534803
0.562895 0.265250 -0.479074
0.497681 0.359298 -0.503419
-0.772133 0.505919 -0.614364
-0.776364 0.596964 -0.613639
-0.953849 0.852370 -0.569458
-0.906322 0.992447 -0.579820
1.243763 -6.807843 -0.263495
1.050337 -6.714181 -0.209201
1.314338 -6.474470 -0.214062
1.382073 -6.080403 -0.199671
1.445159 -5.737350 -0.186658
1.471559 -5.312013 -0.169987
1.363287 -3.436224 -0.372845
1.402865 -3.306357 -0.352617
1.267547 -2.150152 -0.253553
1.388162 -1.943314 -0.304122
1.719051 -1.618409 -0.292418
1.737313 -1.479812 -0.315885
-0.297522 -1.433886 -0.311695
-0.158868 -1.459186 -0.301857
1.815476 -1.192911 -0.310411
-1.005014 -1.307079 -0.382414
-0.815471 -1.344023 -0.327405
-0.564510 -1.379779 -0.305630
-0.425421 -1.401351 -0.225766
-1.599190 -1.189651 -0.395753
-1.371721 -1.227985 -0.378115
-1.175500 -1.278966 -0.391978
-1.731569 -1.159856 -0.476240
-0.753657 0.535204 -0.411614
0.787573 0.826378 -0.218044
0.959058 0.808348 -0.236798
0.419341 0.894699 -0.183534
1.336289 1.070405 -0.366579
-1.032540 0.947437 -0.361250
-0.478665 1.072830 -0.258464
-0.346621 1.043049 -0.236790
-0.023445 1.122680 -0.215063
-1.042170 1.051759 -0.340106
-0.929415 1.169646 -0.328285
-0.261584 1.309317 -0.290143
-0.201230 1.299025 -0.281930
-7.989167 1.777718 -0.673222
1.443403 -5.661941 -0.119569
-0.342522 -3.831733 -0.144266
1.445706 -2.858784 0.086386
1.448715 -2.706977 0.091047
1.239889 -2.185943 0.002108
1.256828 -2.104000 -0.018527
1.350680 -1.948169 0.012383
1.594422 -1.857529 -0.036810
-0.281118 -1.436811 -0.106770
-0.168736 -1.467751 -0.092781
-1.002250 -1.301699 -0.097388
-0.827473 -1.331394 -0.123236
-0.616044 -1.366190 -0.117298
-0.410472 -1.409037 -0.194046
-1.321545 -1.239663 -0.193842
-1.128888 -1.272026 -0.157382
0.735650 -0.356538 -0.033824
1.286270 0.145761 0.113263
-0.760783 0.007823 -0.111658
0.576259 0.172315 -0.000038
1.299745 0.235385 0.115675
-0.766669 0.078806 -0.123226
-0.761659 0.163315 -0.087643
0.574424 0.797453 -0.140529
0.781051 0.800878 -0.055093
0.972172 0.807034 -0.068716
2.577953 1.090608 0.042680
2.635997 1.097610 0.079954
-0.734381 0.606956 -0.194085
0.008322 0.919378 -0.038251
0.184857 0.920906 -0.093317
0.413097 0.892351 -0.083605
-0.475768 1.065271 -0.117000
-0.310670 0.998092 -0.103405
-0.091255 0.999347 -0.130103
-1.052899 1.156340 -0.218283
-0.855474 1.094880 -0.161432
-0.264280 1.279093 -0.136211
-0.237534 1.297921 -0.135956
1.540566 -1.858799 0.124911
1.699431 -1.283040 0.129217
1.260363 0.104773 0.128626
2.572774 0.631140 0.259842
0.855409 0.471352 0.104013
0.655738 -6.891081 -0.500696
1.274762 -6.725500 -0.478762
1.050636 -6.649271 -0.563514
1.213554 -6.680845 -0.568947
1.355571 -6.344796 -0.447016
0.548860 -4.185142 -0.575892
1.410414 -3.396586 -0.527095
1.428941 -3.205249 -0.495725
-0.154785 -3.257705 -0.600698
0.183290 -3.304847 -0.591491
1.475456 -2.960656 -0.467505
1.709542 -1.843139 -0.410666
-0.297749 -1.441509 -0.481269
-0.138962 -1.479053 -0.479204
1.034775 -1.310381 -0.539930
1.217487 -1.278462 -0.529983
-0.801989 -1.334875 -0.528124
-0.561658 -1.387259 -0.501177
0.549432 -1.041648 -0.565719
1.487908 -0.915260 -0.464870
-1.522717 -1.194413 -0.459716
-1.306187 -1.232069 -0.524612
-1.110960 -1.266852 -0.512419
1.117939 -0.787935 -0.558373
1.271933 -0.626245 -0.554550
0.552533 0.280962 -0.493167
0.466092 0.392496 -0.522176
0.489630 0.357148 -0.510608
-0.781753 0.502204 -0.577561
-0.789372 0.579618 -0.613003
-0.958689 0.877398 -0.549929
1.193316 -7.097670 -0.361092
1.258807 -6.798013 -0.263815
1.082025 -6.712097 -0.163566
1.328669 -6.448886 -0.207409
1.401191 -6.071575 -0.189767
1.460937 -5.713785 -0.173686
1.509622 -5.359380 -0.147448
0.365062 -4.874423 -0.333778
0.468214 -4.124078 -0.155051
-0.266210 -3.998169 -0.228863
-0.312678 -3.900091 -0.213496
1.271326 -2.130873 -0.365184
1.370416 -1.973772 -0.322177
1.562878 -1.894900 -0.285447
1.723677 -1.589949 -0.353451
1.760248 -1.370775 -0.311126
-0.276582 -1.440382 -0.298816
-0.149299 -1.450951 -0.282564
1.792743 -1.170558 -0.329540
-1.018927 -1.308025 -0.332525
-0.811545 -1.332557 -0.302685
-0.554913 -1.384139 -0.311111
-0.387919 -1.404063 -0.249888
-1.591878 -1.196820 -0.329212
-1.331604 -1.240826 -0.388281
-1.116896 -1.281496 -0.344115
-0.949069 -1.263251 -0.430230
-1.716175 -1.160732 -0.400013
-0.752376 0.542643 -0.302896
-0.732246 0.592044 -0.215646
0.280734 0.856288 -0.198961
-1.025356 0.945129 -0.357402
-0.459192 1.071366 -0.268276
-0.318726 1.035995 -0.241265
-0.015475 1.107546 -0.227253
-1.009073 1.040413 -0.365116
-0.257102 1.292743 -0.300721
-0.193540 1.295010 -0.295815
1.464126 -5.595777 -0.099741
1.191745 -3.869025 -0.096164
-0.289619 -3.820084 -0.092819
1.458809 -2.815308 -0.131456
1.273422 -2.109684 -0.055283
1.360945 -1.956796 -0.012488
1.541071 -1.872302 -0.001419
-0.269142 -1.435030 -0.067938
-0.153936 -1.457488 -0.040685
1.780214 -1.199941 -0.073196
-1.020286 -1.313742 -0.130617
-0.791902 -1.334764 -0.083679
-0.549044 -1.376883 -0.116199
-0.386429 -1.401364 -0.069055
-1.585310 -1.184120 -0.148651
-1.312443 -1.232581 -0.156120
-1.146211 -1.265967 -0.125151
0.748519 -0.365949 -0.066362
0.411882 -0.124602 -0.036464
1.295636 0.152887 0.082113
-0.747989 0.027667 -0.097357
0.623397 0.127157 -0.036465
1.309868 0.241644 0.082752
-0.736416 0.143206 -0.113814
0.528696 0.782210 -0.088400
0.783606 0.813606 -0.120677
0.988999 0.803630 -0.143494
-2.159910 0.395318 -0.002369
-1.283864 0.702973 -0.027766
-0.070658 0.945295 -0.034629
0.207481 0.944414 -0.102717
0.480680 0.878573 -0.125416
2.678645 1.319105 -0.072358
-2.204178 0.692447 -0.011910
-0.465452 1.074163 -0.104503
-0.301259 1.011889 -0.085348
-0.092058 1.029994 -0.068141
-1.126634 1.202936 -0.201581
-0.868829 1.131270 -0.171716
-0.263898 1.320036 -0.140654
-0.195765 1.299008 -0.134531
1.423850 -1.886444 0.111993
1.577080 -1.877791 0.108153
1.282130 0.111312 0.100240
2.601496 0.645651 0.183874
0.873914 0.477514 0.083086
1.174999 -7.118156 -0.354423
1.254879 -6.821208 -0.444054
1.012525 -6.680172 -0.536954
1.257135 -6.570491 -0.472103
1.411674 -6.079720 -0.377543
-0.385927 -4.093072 -0.473508
1.005175 -3.221946 -0.535026
1.329374 -3.180886 -0.523748
1.461098 -3.083226 -0.506464
-0.201735 -3.020937 -0.600080
0.074961 -3.047251 -0.585854
0.212267 -2.996912 -0.566543
-0.285947 -1.441380 -0.515941
-0.129418 -1.476065 -0.501083
0.831910 -1.396565 -0.546425
0.992941 -1.271574 -0.537673
1.197263 -1.210475 -0.524377
1.330066 -1.065444 -0.518465
1.808306 -1.163950 -0.401313
-0.969659 -1.292934 -0.465302
-0.794308 -1.331849 -0.540665
-0.572870 -1.378100 -0.546656
-0.386565 -1.408082 -0.545014
1.417546 -0.929952 -0.467025
1.580552 -0.938469 -0.510637
-1.497216 -1.206610 -0.500651
-1.361836 -1.230192 -0.553473
-1.136853 -1.270673 -0.515098
0.908295 -0.865919 -0.548637
1.101781 -0.758492 -0.556683
1.229121 -0.626848 -0.551921
-2.275867 -1.057326 -0.704024
0.566808 0.272229 -0.502484
0.475231 0.386631 -0.520990
0.494491 0.367132 -0.518376
-0.771455 0.496855 -0.608664
-0.958823 0.761390 -0.528032
-0.755178 0.595906 -0.601440
-0.962265 0.825177 -0.577020
-0.894937 0.986125 -0.576926
-0.927626 1.070012 -0.601881
-0.544968 3.753652 -0.520690
-0.454498 3.750741 -0.521542
1.470119 -5.716138 -0.345196
1.196955 -4.212800 -0.233127
0.483635 -4.137744 -0.255509
-0.248238 -4.000721 -0.244835
-0.429102 -3.968570 -0.260355
-0.340094 -3.896794 -0.264866
0.019385 -2.206066 -0.380625
1.376372 -1.959781 -0.252112
1.514111 -1.893068 -0.259409
1.730051 -1.567116 -0.301623
1.766096 -1.278056 -0.295266
-0.288698 -1.443613 -0.300086
-0.139794 -1.453110 -0.290225
1.804643 -1.153043 -0.290293
-1.013775 -1.307269 -0.323444
-0.816751 -1.334350 -0.335124
-0.584589 -1.379857 -0.324751
-0.401461 -1.395146 -0.278262
-1.568990 -1.187411 -0.387344
-1.323794 -1.233977 -0.384552
-1.113038 -1.279518 -0.409878
-1.740827 -1.161598 -0.429137
-0.744734 0.526940 -0.320704
1.023843 0.799114 -0.176553
-0.746805 0.572026 -0.333882
0.228732 0.883752 -0.253697
-1.022465 0.934543 -0.378729
-0.470488 1.080148 -0.275968
-0.320193 1.040097 -0.252817
-0.019238 1.108419 -0.247521
-1.008697 1.031233 -0.382546
-0.954761 1.172337 -0.233646
-0.253100 1.328330 -0.278602
1.404491 -5.875078 -0.076612
1.473613 -5.580153 -0.074430
1.529061 -5.214167 -0.006016
1.585524 -4.912353 0.056936
1.389733 -3.233535 0.119358
1.408127 -2.984765 0.118714
1.454218 -2.905895 0.119138
1.466115 -2.769734 0.118281
1.343023 -1.982000 -0.087275
1.475040 -1.886988 -0.081967
0.143806 -1.971513 -0.012499
-0.265535 -1.436678 -0.086719
-0.162943 -1.452512 -0.091031
1.762927 -1.182603 -0.105593
-0.800773 -1.335337 -0.113598
-0.553571 -1.388577 -0.116153
-0.381311 -1.393077 -0.088240
-1.354991 -1.219988 -0.147857
-1.159014 -1.268323 -0.130843
-1.686804 -1.164966 -0.201294
-0.736130 0.042287 -0.144115
0.582120 0.145386 -0.036932
-0.738163 0.062271 -0.145330
-0.728630 0.158384 -0.126864
0.807207 0.807582 -0.091664
0.998422 0.783535 -0.077242
-1.269911 0.693650 -0.049909
-0.268085 0.899373 -0.046234
-0.080540 0.940732 -0.029831
0.188633 0.937611 -0.107788
0.359646 0.951921 -0.137566
-0.460701 1.059298 -0.112092
-0.311396 1.015986 -0.099101
-0.047940 1.033146 -0.099684
0.127428 0.994651 -0.100721
-0.888472 1.124730 -0.156360
-0.249337 1.279124 -0.155961
-0.182676 1.294858 -0.153527
-1.740561 1.491832 -0.031447
-1.872960 2.045249 -0.056149
-2.013950 2.095930 -0.060879
1.671584 -1.840490 0.118347
1.294367 0.094099 0.100360
2.585358 0.589213 0.216556
0.829043 0.482873 0.089018
1.243853 -7.003314 -0.493807
1.078629 -6.712359 -0.586575
1.328267 -6.575700 -0.451069
1.397244 -6.171770 -0.410505
1.516541 -5.617598 -0.463435
1.340348 -3.564013 -0.436771
1.408034 -3.274835 -0.410149
0.399024 -3.010054 -0.586166
0.608863 -2.983311 -0.572584
-0.436485 -1.426445 -0.556052
-0.288479 -1.438961 -0.539051
-0.149570 -1.466736 -0.537732
0.749232 -1.340409 -0.554899
0.936194 -1.254701 -0.548499
1.161433 -1.118568 -0.538271
1.835863 -1.091343 -0.452718
-1.053371 -1.303695 -0.439239
-0.830733 -1.316546 -0.576116
-0.564042 -1.372339 -0.556754
-0.402092 -1.409137 -0.541920
0.499056 -1.002836 -0.586108
1.236943 -0.988419 -0.481087
1.477592 -0.905336 -0.528165
1.514605 -0.857713 -0.528740
-1.368112 -1.224752 -0.511098
-1.173580 -1.265641 -0.454762
0.897831 -0.819894 -0.566810
1.061087 -0.721489 -0.565352
-1.815346 -1.143018 -0.493916
-1.652048 -1.158676 -0.458878
1.191344 -0.568198 -0.563838
0.544536 0.269908 -0.466269
0.440883 0.413359 -0.513479
0.502143 0.345924 -0.506399
-0.986817 0.748345 -0.560897
1.266805 1.143209 -0.504271
6.611147 2.200161 -0.470029
-0.976720 0.849868 -0.545082
-0.933761 0.987982 -0.547007
0.006434 3.555707 -0.518777
-0.540872 3.733879 -0.565681
1.048358 -6.671600 -0.160019
1.460124 -5.801832 -0.373993
0.532826 -4.157164 -0.338684
1.276039 -2.111408 -0.230962
1.373521 -1.956963 -0.259655
1.527110 -1.868346 -0.292006
1.717181 -1.589381 -0.285086
1.752881 -1.314755 -0.317467
-0.288605 -1.441812 -0.305666
-0.158428 -1.463661 -0.295869
1.781166 -1.160505 -0.266118
-1.015162 -1.309692 -0.355466
-0.835028 -1.339091 -0.334236
-0.575385 -1.390455 -0.321937
-0.425290 -1.415855 -0.303780
-1.626346 -1.191775 -0.319846
-1.341648 -1.237369 -0.276297
-1.161349 -1.280864 -0.350474
-1.802702 -1.146810 -0.282689
-0.769829 0.526517 -0.322064
0.870715 0.826176 -0.169051
0.981784 0.811543 -0.179885
-0.740305 0.581070 -0.236774
0.261638 0.935091 -0.259705
0.374481 0.871821 -0.255130
-1.026743 0.908685 -0.362170
-0.465715 1.071898 -0.260214
-0.359454 1.042818 -0.241797
-0.028457 1.085054 -0.283643
-1.017991 1.049840 -0.371674
-0.939904 1.158450 -0.292450
-0.262889 1.288304 -0.229368
-0.213329 1.280846 -0.225751
1.446545 -5.693788 -0.133789
1.497616 -5.368308 -0.124394
1.554910 -5.116119 -0.116868
1.577542 -4.938850 0.039861
1.622280 -4.699537 0.043237
1.348830 -1.952415 -0.046441
1.506677 -1.860398 -0.037491
1.770998 -1.306175 -0.131419
-0.277040 -1.433703 -0.099621
-0.160517 -1.460777 -0.100116
-1.000480 -1.304760 -0.152751
-0.813457 -1.342619 -0.128915
-0.581597 -1.381743 -0.116825
-0.406761 -1.402376 -0.096231
-1.588632 -1.182234 -0.141871
-1.345482 -1.234133 -0.145741
-1.171780 -1.276473 -0.083075
-1.921176 -1.133631 -0.129990
0.358286 -0.125104 -0.031576
-0.752701 0.029341 -0.055516
0.605925 0.132828 -0.037183
-0.766438 0.077059 -0.075832
-0.738598 0.104682 -0.093071
0.800043 0.499788 0.082714
0.530381 0.802692 -0.015684
0.758464 0.814346 -0.070423
0.966607 0.798307 -0.040036
2.631042 1.028022 0.031441
0.016706 0.971055 -0.032531
0.182844 0.933849 -0.083305
0.375653 0.941055 -0.102173
-0.498529 1.086958 -0.139726
-0.301101 1.011930 -0.088286
-0.067450 1.041946 -0.123887
-1.026600 1.116967 -0.115613
-0.871942 1.097387 -0.100677
-0.264390 1.303653 -0.153976
-0.198009 1.291543 -0.151644
0.846068 0.483447 0.087036
1.048620 -6.747468 -0.597653
1.453122 -5.734877 -0.465210
1.505089 -5.397593 -0.426877
1.195389 -4.263893 -0.455624
0.586228 -2.742976 -0.577228
0.483560 -2.725130 -0.576540
0.760112 -2.642126 -0.548998
0.234500 -2.425699 -0.514136
0.168430 -2.279880 -0.481138
1.373233 -1.971755 -0.414233
-0.132932 -2.119838 -0.467328
1.728715 -1.531865 -0.424371
0.205689 -1.611627 -0.583261
-0.274866 -1.443698 -0.566008
-0.152882 -1.457561 -0.551501
0.773125 -1.250410 -0.557683
0.933156 -1.201433 -0.551599
-0.844638 -1.308559 -0.566931
-0.570711 -1.363455 -0.553850
-0.385037 -1.391001 -0.546155
1.192093 -0.972952 -0.494357
1.410300 -0.896217 -0.529211
-1.349236 -1.226381 -0.522603
-1.129561 -1.271749 -0.541299
0.898896 -0.785344 -0.567430
1.062972 -0.690143 -0.567884
-1.835168 -1.123102 -0.555550
0.559913 0.263562 -0.490230
0.451690 0.410278 -0.511030
0.492092 0.349126 -0.497871
-0.780384 0.542090 -0.466237
-0.972722 0.752190 -0.553927
-0.815542 0.619607 -0.523327
-0.983780 0.902774 -0.520181
-0.043811 1.013241 -0.482517
-0.956152 1.056001 -0.491862
0.454863 -4.162114 -0.410948
1.191773 -3.899638 -0.282685
1.228480 -3.701246 -0.260792
1.366246 -3.679251 -0.252803
1.383355 -3.358275 -0.219613
1.423915 -3.039661 -0.186507
1.341750 -2.006338 -0.231266
1.469904 -1.888329 -0.224837
1.683110 -1.757442 -0.265822
1.717992 -1.639062 -0.256052
1.745128 -1.326061 -0.201461
-0.302312 -1.439559 -0.321830
-0.142837 -1.456720 -0.306622
1.790234 -1.158905 -0.240172
-0.996192 -1.300004 -0.380681
-0.835700 -1.333715 -0.371807
-0.585479 -1.379669 -0.336269
-0.443102 -1.406120 -0.340997
-1.609511 -1.195121 -0.308928
-1.364812 -1.234773 -0.282667
-1.129441 -1.271490 -0.385442
-1.714791 -1.158443 -0.319764
-0.745734 0.529696 -0.254593
0.821527 0.825137 -0.174025
0.964474 0.804188 -0.194013
-0.744167 0.588159 -0.266997
0.175182 0.938743 -0.261773
-1.023543 0.912081 -0.347050
-0.469024 1.076314 -0.198250
-0.326489 1.042989 -0.284895
-0.050928 0.999543 -0.279843
-1.060540 1.121072 -0.315733
-0.915138 1.166353 -0.280552
-0.260372 1.291588 -0.205007
-0.216671 1.293535 -0.232981
1.557192 -5.084741 0.063465
1.602986 -4.829423 0.069589
1.372053 -3.218534 0.083889
1.397260 -2.982218 0.088122
1.466839 -2.788388 0.093597
1.263726 -2.106541 0.069838
1.353173 -1.979691 -0.057733
1.504549 -1.874840 -0.096010
-0.278314 -1.433057 -0.097975
-0.156184 -1.452642 -0.109657
1.768451 -1.211513 0.000853
-1.807658 -1.516327 0.014587
-1.033787 -1.303069 -0.154559
-0.838802 -1.339444 -0.122771
-0.573965 -1.377506 -0.121840
-0.407841 -1.394679 -0.108124
1.953707 -0.776799 0.087764
-1.788599 -1.362404 0.018111
-1.543590 -1.176154 -0.206333
-1.392647 -1.231580 -0.194700
-1.126018 -1.260238 -0.132383
2.318025 -0.506537 0.092596
2.447159 -0.474078 0.092941
-1.781672 -1.151250 -0.145922
-1.761908 -1.010962 0.024006
-1.544541 -0.751260 0.032200
0.491443 -0.191215 -0.088857
-0.760854 0.045309 -0.021859
-0.744247 0.041517 -0.065599
0.611290 0.110599 -0.032625
-0.777172 0.065449 -0.024127
-0.729998 0.153078 -0.079214
0.861392 0.469463 0.082684
0.514909 0.797014 -0.001179
0.754068 0.803799 -0.055452
0.976680 0.795332 -0.032483
-0.736090 0.601320 -0.113799
0.229938 0.947293 -0.111325
0.391826 0.934237 -0.084541
-0.446980 1.069438 -0.159092
-0.311473 1.036971 -0.149391
-0.031723 1.090606 -0.137689
-0.261985 1.304126 -0.167513
-0.192745 1.279479 -0.162305
1.362770 -1.967357 0.099717
1.482550 -1.875806 0.105968
1.291838 0.090098 0.101445
-1.093361 4.441463 -5.198895
1.196651 -7.099584 -0.413088
1.235012 -4.243949 -0.459386
0.513869 -4.175734 -0.460256
-0.325408 -4.078920 -0.515867
0.229349 -2.570773 -0.596640
0.469792 -2.553231 -0.583600
0.587640 -2.530647 -0.576177
0.344523 -2.515972 -0.577429
-0.106451 -2.245011 -0.534259
1.729977 -1.530691 -0.461035
1.765149 -1.310255 -0.446232
-0.283523 -1.443519 -0.511226
-0.150094 -1.424047 -0.516416
0.156984 -1.529380 -0.591554
-0.856088 -1.308873 -0.525182
-0.581308 -1.367267 -0.535024
-0.417469 -1.410442 -0.529795
1.230281 -0.979526 -0.564805
1.361485 -0.852505 -0.556062
-1.599978 -1.194466 -0.449210
-1.293679 -1.236438 -0.555157
-1.105498 -1.268296 -0.518539
0.893541 -0.741632 -0.595313
1.008689 -0.662059 -0.588924
1.400909 -0.751903 -0.565396
1.549442 -0.670788 -0.552184
-1.856495 -1.121884 -0.581580
-1.723595 -1.165859 -0.511835
1.056560 -0.592821 -0.588121
0.524047 0.310376 -0.527519
0.457876 0.406054 -0.528526
0.472353 0.380544 -0.518299
-0.788357 0.525380 -0.502062
-0.803383 0.637412 -0.551580
-1.006207 0.897707 -0.530759
-0.958847 1.052752 -0.506784
0.001632 2.329841 -0.592296
1.212117 -6.893837 -0.202046
1.290841 -6.689576 -0.395182
1.022587 -6.724902 -0.191997
1.303594 -6.529408 -0.192859
1.364627 -6.279723 -0.375374
1.401875 -6.022058 -0.269661
1.492081 -5.583795 -0.344085
1.549085 -5.299053 -0.330580
0.528279 -4.152838 -0.392324
1.194139 -4.010613 -0.351021
1.254490 -3.725038 -0.317998
1.382767 -3.671663 -0.309215
1.264491 -2.169853 -0.268070
1.359970 -1.982870 -0.261103
1.731769 -1.413674 -0.221019
-0.291458 -1.433210 -0.306065
-0.152807 -1.451900 -0.290002
1.773247 -1.144612 -0.231985
-1.031556 -1.297113 -0.250703
-0.832127 -1.328740 -0.336998
-0.557245 -1.384039 -0.328079
-0.428574 -1.402898 -0.199255
-1.515881 -1.196412 -0.198849
-1.385938 -1.222536 -0.296941
-1.153978 -1.270227 -0.303972
-2.066697 -1.101741 -0.325617
-0.764539 0.533693 -0.287306
0.772509 0.835464 -0.217317
0.976641 0.811011 -0.249709
0.178504 0.918082 -0.223374
-1.023447 0.924572 -0.387873
-0.495010 1.097292 -0.324021
-0.327955 1.044760 -0.281850
-0.043412 1.094432 -0.258837
-1.064814 1.159345 -0.285486
-0.918250 1.168940 -0.236401
-0.258796 1.331440 -0.215063
-0.210194 1.304236 -0.222663
1.263468 -2.088937 -0.049478
1.361296 -1.949960 -0.010704
1.525787 -1.875559 0.024627
1.760165 -1.246554 -0.109010
-0.279307 -1.430740 -0.076823
-0.143322 -1.451293 -0.154249
1.775385 -1.172807 -0.096892
1.813777 -1.076178 0.041357
-1.006348 -1.298483 -0.087252
-0.831170 -1.323236 -0.091855
-0.595198 -1.369800 -0.135871
-0.419039 -1.386601 -0.117436
-1.392293 -1.226483 -0.152399
-1.143550 -1.257339 -0.112054
0.432735 -0.152620 -0.094706
0.620851 -0.159837 0.007045
-0.726100 0.033612 -0.079241
-0.762629 0.081835 -0.140272
-0.730046 0.185281 -0.111702
0.884503 0.479698 0.047610
0.968618 0.466992 0.053604
0.523041 0.817752 -0.021617
0.751186 0.814900 -0.062349
0.964535 0.820013 -0.082528
-0.035051 0.950164 -0.080429
0.232265 0.939282 -0.103656
0.370925 0.916444 -0.088581
-0.475909 1.078218 -0.167225
-0.321964 1.047168 -0.148675
-0.057730 1.041401 -0.129094
0.084746 1.006516 -0.100772
-0.258240 1.272573 -0.174752
-0.206695 1.299441 -0.159671
1.291606 0.158694 0.066981
1.327813 0.233481 0.061766
2.601119 0.675409 0.153130
0.769476 0.479021 0.071413
-3.570704 3.592184 -4.948472
-0.059286 -2.419553 -0.581207
0.273118 -2.374941 -0.544278
0.432969 -2.430594 -0.552356
0.601568 -2.445513 -0.551588
1.733743 -1.552416 -0.406418
-0.320034 -1.426050 -0.430253
0.198862 -1.516252 -0.578606
-0.965062 -1.326577 -0.468351
-0.849196 -1.334290 -0.480945
-0.574140 -1.379229 -0.450922
1.225131 -0.948583 -0.537495
1.335700 -0.857041 -0.531284
-1.285157 -1.231019 -0.529461
-1.085966 -1.276513 -0.515071
0.872233 -0.749312 -0.571486
1.010973 -0.639462 -0.563587
1.391555 -0.758589 -0.532487
1.480042 -0.659192 -0.507553
-1.829935 -1.140011 -0.536874
-1.711718 -1.158379 -0.572362
0.554431 0.273968 -0.506868
0.456489 0.422145 -0.519459
0.506952 0.330528 -0.507018
-0.779662 0.521711 -0.506536
-0.800050 0.639201 -0.570166
-0.991110 0.910936 -0.477622
-0.958317 1.055482 -0.520401
-1.170184 1.453328 -0.649628
0.012977 2.457808 -0.584213
-0.487120 3.769288 -0.510350
1.143833 -6.736948 -0.203985
1.252133 -3.771491 -0.321740
1.365129 -3.670154 -0.306687
0.145456 -2.422686 -0.214896
1.285061 -2.114112 -0.250157
0.051797 -2.149864 -0.346583
1.357717 -1.982198 -0.238961
1.483703 -1.883156 -0.291697
1.750679 -1.507992 -0.213181
1.784789 -1.227494 -0.389938
-0.299335 -1.439270 -0.336358
-0.148606 -1.453297 -0.275361
1.796225 -1.155887 -0.276494
-0.986993 -1.294459 -0.225444
-0.826938 -1.329434 -0.320286
-0.564954 -1.381942 -0.354036
-1.584134 -1.191362 -0.368780
-1.365583 -1.232399 -0.286360
-1.140451 -1.275264 -0.249851
-2.064141 -1.095794 -0.352329
-0.759611 0.532003 -0.282225
0.795240 0.835793 -0.210028
0.980972 0.811221 -0.236508
0.139377 0.946499 -0.200837
-1.019240 0.914163 -0.392003
-0.455839 1.071278 -0.242576
-0.345194 1.053031 -0.256170
-0.026665 1.112432 -0.236643
-1.045530 1.147532 -0.289315
-0.904858 1.170813 -0.239738
-0.264609 1.312999 -0.279304
-0.193958 1.308505 -0.260656
1.496060 -5.375976 0.065323
1.555459 -5.117353 0.071406
1.664947 -4.354798 0.087669
1.353955 -1.960148 -0.032154
1.591291 -1.847322 -0.080379
1.691575 -1.828779 0.089232
1.740710 -1.282429 -0.025960
-0.285876 -1.429199 -0.065884
-0.147522 -1.472088 -0.105073
1.773482 -1.189784 -0.025114
-1.017897 -1.289430 -0.046362
-0.813976 -1.323289 -0.075586
-0.580685 -1.371039 -0.144583
-0.398471 -1.395846 -0.115644
-1.337645 -1.229235 -0.133921
-1.095109 -1.268644 -0.088568
0.427428 -0.152779 -0.077755
-0.765660 0.035035 -0.094637
0.620929 0.143229 0.015034
-0.734219 0.205556 -0.093690
0.907140 0.474035 0.079205
1.005367 0.476466 0.080732
0.753423 0.807751 -0.048912
0.964564 0.813913 -0.067115
-0.067467 0.946439 -0.051529
0.232387 0.936906 -0.091308
0.367819 0.912535 -0.164400
-0.472903 1.076329 -0.140839
-0.316682 1.038916 -0.123671
-0.069827 1.021958 -0.098770
0.110217 0.995850 -0.154065
-0.887701 1.137041 -0.148815
-0.274244 1.315105 -0.156925
-0.211493 1.309452 -0.140396
1.283739 0.106767 0.092797
1.294895 0.175137 0.093711
1.304832 0.244757 0.091103
2.578756 0.614530 0.198632
2.616725 0.802556 0.195735
0.928995 -2.622397 -2.324541
1.168478 -6.761114 -0.516938
-0.266591 -4.106211 -0.537697
-0.040331 -3.752334 -0.626468
-0.116263 -2.449635 -0.607687
0.224322 -2.453281 -0.585240
0.458801 -2.466769 -0.581603
0.604957 -2.455344 -0.576120
1.735345 -1.470048 -0.434933
-0.314113 -1.425117 -0.445114
0.160098 -1.514215 -0.590379
1.788782 -1.218175 -0.428153
-1.028891 -1.297356 -0.459677
-0.882161 -1.329942 -0.483475
-0.604222 -1.378196 -0.466747
1.222300 -0.950263 -0.557540
1.310118 -0.882744 -0.551009
-1.308300 -1.239742 -0.529502
-1.138392 -1.272903 -0.521018
0.891230 -0.730558 -0.581399
0.977219 -0.672089 -0.576896
1.379293 -0.769306 -0.540201
-1.774793 -1.149075 -0.454123
1.031639 -0.608858 -0.579518
0.534636 0.296568 -0.490422
0.496872 0.343867 -0.517444
-0.789800 0.507588 -0.495779
-0.799314 0.608275 -0.532418
0.001569 0.728194 -0.525807
-0.998458 0.897829 -0.492579
-0.961206 1.043585 -0.491357
1.182418 -6.830021 -0.275977
1.008476 -6.723827 -0.265479
1.288362 -6.530633 -0.264858
1.164691 -4.303054 -0.431380
1.207993 -4.081876 -0.402700
1.250582 -3.730710 -0.357732
1.380548 -3.685170 -0.350077
1.281786 -2.100783 -0.276947
1.347890 -1.989975 -0.280919
1.486243 -1.882147 -0.320593
1.748007 -1.502901 -0.240632
1.746251 -1.349412 -0.419622
-0.283116 -1.444436 -0.314091
-0.151483 -1.469465 -0.334046
1.783685 -1.161765 -0.241219
1.801460 -1.143814 -0.390548
-1.019902 -1.303433 -0.255606
-0.831985 -1.337595 -0.314337
-0.579813 -1.383597 -0.332636
-0.417758 -1.411289 -0.321860
-1.592717 -1.188822 -0.425438
-1.361564 -1.231675 -0.279928
-1.159912 -1.271872 -0.251015
0.886280 0.322824 -0.270069
-0.761358 0.515381 -0.263583
0.624652 0.830709 -0.177127
0.781934 0.827130 -0.202850
0.971424 0.804250 -0.234912
0.204484 0.872832 -0.190652
-1.019109 0.902763 -0.379519
-0.485115 1.085157 -0.216793
-0.351789 1.039559 -0.237425
-0.041391 1.085024 -0.272508
-1.052921 1.139534 -0.268991
-0.952377 1.183193 -0.225546
-0.263002 1.331592 -0.197797
-0.222028 1.298561 -0.256951
1.428692 -5.529514 -0.011136
1.502220 -5.295978 -0.003306
1.553612 -5.029214 0.005503
1.591847 -4.757998 0.014266
1.354700 -1.954192 -0.060688
1.606025 -1.849802 -0.099465
1.781219 -1.250098 -0.053973
-0.299826 -1.436974 -0.065739
-0.168241 -1.464725 -0.046382
-0.825691 -1.326749 -0.077534
-0.585789 -1.374222 -0.146438
-0.437365 -1.385342 -0.097785
-1.518337 -1.197074 -0.181083
-1.387415 -1.229499 -0.119521
-1.099435 -1.272857 -0.091067
-0.780897 0.033328 -0.080304
-0.737761 0.025353 -0.069756
-0.791539 0.101725 -0.022419
-0.737666 0.136418 -0.069911
0.901246 0.466611 0.074957
0.962128 0.448475 0.076177
0.610267 0.803904 -0.024506
0.772826 0.801786 -0.047882
0.973889 0.800937 -0.065316
-0.157353 0.849242 -0.044860
-0.048380 0.942549 -0.046192
0.240144 0.928486 -0.082173
0.396458 0.851580 -0.044997
-0.473671 1.073927 -0.121801
-0.316594 1.035611 -0.112645
-0.060624 1.024835 -0.090761
-0.894221 1.130030 -0.179372
-0.261253 1.295593 -0.139825
-0.197621 1.293841 -0.136058
1.299090 0.129699 0.082969
1.314857 0.252576 0.094600
2.565269 0.600251 0.182707
0.780268 0.471958 0.088582
2.628258 0.764858 0.167894
-4.624079 3.450380 -4.648753
1.652940 -4.415375 -0.486456
0.516494 -4.176285 -0.563267
0.984726 -4.067372 -0.533443
-0.059250 -4.091693 -0.576542
-0.165514 -3.911569 -0.591873
1.386938 -3.404562 -0.518837
1.403979 -3.231316 -0.496827
0.125842 -2.169672 -0.559718
0.573922 -2.216288 -0.554592
-1.025080 -1.307741 -0.497373
-0.832227 -1.337747 -0.472499
-0.629902 -1.371668 -0.440599
1.160886 -0.905390 -0.542084
1.307139 -0.832134 -0.532107
-1.299192 -1.243194 -0.557899
-1.118171 -1.270551 -0.537365
1.176246 -0.829661 -0.490532
1.337702 -0.751666 -0.541727
0.561772 0.262317 -0.493113
0.525523 0.309125 -0.493320
-0.781510 0.508740 -0.562277
-0.793778 0.623129 -0.586795
-0.978459 0.902640 -0.504815
-0.954979 1.070882 -0.500283
-0.923256 1.086747 -0.576834
-0.336855 2.635464 -0.597387
1.193386 -7.075080 -0.341746
1.105416 -6.738657 -0.141880
1.252656 -6.787405 -0.173645
1.077879 -6.712992 -0.164441
1.326656 -6.349355 -0.162588
1.393793 -5.971966 -0.154200
1.454685 -5.628556 -0.147671
1.376593 -3.416066 -0.358113
1.408964 -3.272370 -0.338601
1.488352 -2.878691 -0.286111
1.278767 -2.141366 -0.251566
1.375507 -1.971853 -0.311029
1.718127 -1.627848 -0.280976
1.738486 -1.467792 -0.334939
-0.432979 -1.426383 -0.416650
-0.289727 -1.445037 -0.321136
-0.143107 -1.469614 -0.276562
1.776130 -1.185785 -0.278501
-1.018599 -1.311655 -0.288608
-0.818339 -1.344363 -0.292037
-0.571774 -1.384580 -0.283921
-0.420710 -1.410786 -0.337887
-1.572286 -1.195095 -0.326828
-1.357176 -1.237358 -0.329992
-1.178678 -1.284312 -0.340663
-2.211334 -1.064543 -0.444221
-1.781144 -1.154623 -0.417438
-0.736120 0.539017 -0.323169
0.795432 0.818533 -0.235038
0.944937 0.805056 -0.261281
0.450756 0.893849 -0.197892
1.308395 1.033471 -0.382164
-1.022227 0.916174 -0.357314
-0.475143 1.079261 -0.252281
-0.333180 1.051795 -0.230446
-0.014272 1.124700 -0.211691
-1.030601 1.077781 -0.318287
-0.903965 1.177094 -0.344076
-0.252016 1.289626 -0.280099
-0.342811 -3.841499 -0.079898
1.262031 -2.129503 -0.072904
1.348858 -1.981599 -0.006009
1.574371 -1.878559 -0.041785
1.727549 -1.281219 0.108345
-0.275457 -1.435598 -0.071295
-0.158747 -1.460584 -0.077173
1.775864 -1.204736 -0.054422
-1.036294 -1.294263 -0.057305
-0.845386 -1.323931 -0.061874
-0.640492 -1.365358 -0.099723
-0.421071 -1.397162 -0.076452
-1.346976 -1.226587 -0.103156
-1.129621 -1.274222 -0.104227
1.292421 0.150674 0.088453
-0.750110 0.019065 -0.082172
1.311079 0.271593 0.088882
-0.758473 0.094327 -0.056073
-0.743235 0.161950 -0.087332
0.295382 0.757399 -0.133400
0.791844 0.797524 -0.074655
0.976679 0.802625 -0.090176
2.644647 1.231386 -0.060837
-0.331476 0.851102 -0.040931
0.048443 0.892612 -0.060377
0.195935 0.908268 -0.083374
0.406343 0.898613 -0.095547
-0.477719 1.070884 -0.111900
-0.306190 1.007098 -0.103724
-0.106713 0.980399 -0.096332
-1.087456 1.170962 -0.201149
-0.917876 1.119783 -0.163417
-0.270690 1.295348 -0.136973
-0.207994 1.298075 -0.133833
1.491045 -1.860788 0.110323
1.727467 -1.340438 0.109792
2.598046 0.647870 0.195819
0.858739 0.473993 0.086318
0.966245 0.448730 0.087172
1.244867 -6.820094 -0.397359
1.330636 -6.435531 -0.374888
1.224457 -4.244470 -0.538521
0.495197 -4.168473 -0.557246
-0.354586 -4.123651 -0.494700
1.334914 -3.632349 -0.445897
-0.347363 -3.843606 -0.607929
-0.301921 -3.631426 -0.599352
1.401173 -3.317905 -0.400013
0.509244 -2.084353 -0.560205
-0.099464 -2.040723 -0.580970
0.019392 -2.045690 -0.571291
-0.316177 -1.437931 -0.436573
-0.142259 -1.466143 -0.431582
1.275470 -1.281551 -0.533447
-1.000393 -1.294861 -0.543023
-0.838821 -1.328552 -0.491591
-0.572233 -1.386443 -0.457587
-0.398150 -1.406153 -0.435171
1.103738 -0.890244 -0.557646
1.235333 -0.819052 -0.546521
-1.329216 -1.225389 -0.588984
-1.125516 -1.264558 -0.515946
1.183203 -0.802832 -0.566729
1.330518 -0.706851 -0.557743
-2.215974 -1.047524 -0.682868
0.561849 0.277312 -0.513119
0.533571 0.313406 -0.510966
-0.780976 0.512064 -0.587690
-0.790025 0.632853 -0.601135
-0.978457 0.884950 -0.526943
-0.922513 0.991089 -0.583860
-0.928927 1.059686 -0.600295
1.216210 -6.855294 -0.207384
1.032165 -6.715597 -0.208252
1.308767 -6.483662 -0.187696
1.437381 -3.187671 -0.381770
1.361941 -1.978900 -0.322254
1.527694 -1.874143 -0.210173
1.713138 -1.653290 -0.262123
1.774116 -1.218334 -0.320565
-0.282544 -1.435385 -0.281249
-0.155716 -1.463489 -0.320015
1.787387 -1.146969 -0.239633
1.826477 -1.140199 -0.326611
-1.028439 -1.299735 -0.340298
-0.830682 -1.329772 -0.300133
-0.581978 -1.368453 -0.278955
-0.413840 -1.397510 -0.254835
-1.552529 -1.199157 -0.360907
-1.335385 -1.231408 -0.358992
-1.174602 -1.278396 -0.370147
-1.736447 -1.156048 -0.385338
-0.740228 0.526933 -0.342528
0.818062 0.832649 -0.273057
0.904731 0.821020 -0.285760
-0.754198 0.565736 -0.357096
0.513244 0.888978 -0.230768
-1.045533 0.936406 -0.343313
-0.476617 1.071005 -0.253673
-0.336101 1.050040 -0.231397
-0.036341 1.085712 -0.248456
-1.037150 1.065797 -0.336791
-0.941224 1.178687 -0.340486
-0.257993 1.309413 -0.290123
-0.200544 1.300328 -0.275978
1.018172 -6.724178 -0.102855
1.356452 -6.047846 -0.103740
1.437063 -5.765703 -0.102357
1.484840 -5.413713 -0.098097
1.540411 -5.143875 -0.095938
1.576759 -4.845307 -0.092320
1.348208 -1.975091 -0.079981
1.583459 -1.851158 -0.065550
1.689217 -1.729091 0.086752
1.755157 -1.321589 0.082837
-0.265038 -1.428282 -0.053660
-0.147266 -1.438605 -0.079999
1.787785 -1.172794 -0.087284
-1.013910 -1.307629 -0.092881
-0.787352 -1.336704 -0.082592
-0.571359 -1.377378 -0.139228
-0.388093 -1.399689 -0.138771
-1.565097 -1.165098 -0.097300
-1.409378 -1.203348 -0.128887
-1.131391 -1.266936 -0.099241
0.703795 -0.349585 0.008951
-0.728863 0.153491 -0.116142
-1.937551 0.220911 0.015555
-1.740481 0.151364 0.021932
0.545858 0.779304 -0.049941
0.778928 0.804745 -0.096170
0.980272 0.809605 -0.121104
2.687297 1.120180 0.060667
-1.300509 0.691279 -0.048520
-0.768182 0.559667 -0.191126
0.060693 0.907280 -0.061035
0.183304 0.899913 -0.092204
0.529434 0.861296 -0.081177
-2.026849 0.650942 0.001841
-0.464373 1.059995 -0.101947
-0.316413 0.999030 -0.077388
-0.070162 1.019952 -0.157860
-0.861325 1.123038 -0.135044
-2.146899 1.995530 -0.051455
-2.233237 2.285928 -0.065445
-2.041515 2.192816 -0.058914
1.361765 -1.934530 0.097345
1.782568 -1.306363 0.096958
0.864695 0.485096 0.072280
0.980121 0.474812 0.068881
1.296512 -6.624777 -0.435533
1.360559 -6.189773 -0.406793
1.218130 -4.289592 -0.531389
0.478286 -4.152086 -0.465148
1.249521 -3.922627 -0.529185
1.387778 -3.352134 -0.439357
1.416349 -3.205212 -0.421245
1.428798 -3.042744 -0.394424
1.428478 -3.034494 -0.406495
1.331632 -1.987911 -0.406518
1.642907 -1.872547 -0.426575
-0.294564 -1.441837 -0.523513
-0.139706 -1.448931 -0.516393
0.742232 -1.384183 -0.551636
0.983820 -1.270438 -0.545650
1.160859 -1.170483 -0.538973
-1.015314 -1.279579 -0.437028
-0.796853 -1.337495 -0.536976
-0.564891 -1.378190 -0.544574
-0.423369 -1.411432 -0.558441
0.596199 -0.998600 -0.569822
1.404183 -0.935287 -0.502786
1.580098 -0.927344 -0.525124
-1.302018 -1.230183 -0.539615
-1.149586 -1.258799 -0.459712
0.859970 -0.856254 -0.556489
1.073352 -0.735355 -0.571082
1.211605 -0.578863 -0.568991
0.556888 0.266548 -0.507698
0.443387 0.367230 -0.492570
-0.778390 0.514245 -0.588232
-0.961939 0.834177 -0.555111
-0.903512 0.980220 -0.573876
-0.944677 1.074538 -0.577052
1.195011 -6.894082 -0.145305
1.006261 -6.729574 -0.149417
-0.049101 -2.385483 -0.328945
1.372420 -1.953033 -0.282278
1.501718 -1.870466 -0.234577
1.700834 -1.751133 -0.230465
1.719243 -1.680581 -0.333607
-0.297726 -1.428944 -0.250822
-0.157656 -1.458231 -0.238466
1.775093 -1.164978 -0.275042
1.802649 -1.102997 -0.347770
-1.004956 -1.299057 -0.254166
-0.830668 -1.330337 -0.305097
-0.571548 -1.376275 -0.263557
-0.415962 -1.392370 -0.215262
-1.598396 -1.184238 -0.327487
-1.370478 -1.215582 -0.355043
-1.122903 -1.270803 -0.336225
-1.769444 -1.147484 -0.346733
-0.745866 0.546131 -0.306945
0.749781 0.835693 -0.275112
0.240415 0.942581 -0.294093
0.529583 0.880947 -0.239653
-1.205347 0.756156 -0.325412
-1.030335 0.955027 -0.320315
-0.468634 1.082922 -0.247989
-0.334197 1.048012 -0.223275
-0.044243 1.053438 -0.286206
-1.027688 1.042913 -0.339359
-0.925020 1.175290 -0.333175
-0.246485 1.293848 -0.279577
-0.164423 1.273457 -0.279304
1.445733 -5.554654 -0.047146
1.497572 -5.243984 -0.047127
1.547231 -4.972540 -0.047713
1.594078 -4.732288 -0.047981
-0.345079 -3.849228 -0.120634
1.444069 -2.880937 0.104940
1.478614 -2.790212 0.102202
1.346709 -1.966449 -0.059053
1.591102 -1.873166 -0.019117
-0.276843 -1.425199 -0.049348
-0.140417 -1.455124 -0.065205
1.765745 -1.183324 -0.105159
-1.018271 -1.285546 -0.090646
-0.800090 -1.340092 -0.072404
-0.580863 -1.369900 -0.105576
-0.406568 -1.384505 -0.097442
-1.565122 -1.188052 -0.150823
-1.366849 -1.206729 -0.089567
-1.123069 -1.259739 -0.067104
0.367119 -0.130647 -0.037812
-0.754292 0.036140 -0.091200
0.610341 0.151473 -0.071861
-0.762555 0.123947 -0.042106
0.903795 0.477294 0.067134
0.986362 0.462858 0.066539
-0.756097 0.560563 -0.187773
0.796086 0.805896 -0.097728
1.014207 0.795289 -0.110430
2.648857 1.064021 -0.025195
-0.731932 0.602209 -0.191052
-0.332036 0.871533 -0.037856
0.003903 0.962595 -0.047512
0.226471 0.926049 -0.113646
0.500679 0.865980 -0.085234
-0.453714 1.049834 -0.091060
-0.287288 1.006270 -0.084597
-0.061292 1.027085 -0.121121
-1.044247 1.102842 -0.148935
-0.886699 1.133065 -0.131497
2.621351 0.769724 0.156802
4.780106 -3.954827 -3.508045
1.210716 -6.852031 -0.440696
0.984771 -6.660702 -0.545363
1.304625 -6.489406 -0.405352
1.375626 -6.094697 -0.368612
1.642456 -4.421361 -0.513220
-0.195719 -2.824972 -0.587405
-0.145341 -2.722353 -0.578544
0.203938 -2.330664 -0.436482
0.147085 -2.272748 -0.426754
0.343254 -1.679174 -0.566589
-0.303417 -1.440885 -0.546107
-0.153271 -1.450016 -0.536461
0.796862 -1.297427 -0.554206
0.917452 -1.249441 -0.549082
1.186973 -1.124281 -0.540071
1.306297 -1.094047 -0.535310
1.826435 -1.144023 -0.466684
-0.807216 -1.318128 -0.566771
-0.555512 -1.381436 -0.560328
-0.435785 -1.415730 -0.554548
0.580216 -0.976547 -0.575079
1.402374 -0.963082 -0.530140
1.490538 -0.847077 -0.530707
-1.601639 -1.177346 -0.516469
-1.376585 -1.227455 -0.508799
-1.206991 -1.261633 -0.460792
0.859029 -0.837826 -0.569564
1.059690 -0.701041 -0.567885
-1.805463 -1.137525 -0.496596
0.526526 0.303468 -0.513842
0.501508 0.336089 -0.516474
-0.977255 0.845017 -0.573269
-0.928936 0.980660 -0.560949
-0.047683 1.011333 -0.480120
-0.438450 3.762610 -0.596477
1.440401 -5.744193 -0.336486
1.152585 -4.263412 -0.312266
0.493061 -4.181554 -0.290395
1.388115 -3.258910 -0.374288
1.259406 -2.089693 -0.224612
1.349494 -1.976977 -0.255788
1.488367 -1.869214 -0.290663
1.712636 -1.593305 -0.272820
1.756488 -1.439965 -0.380419
-0.296457 -1.439443 -0.299699
-0.155203 -1.444834 -0.294532
1.762684 -1.217015 -0.263144
-1.025144 -1.296385 -0.318303
-0.844081 -1.328137 -0.337637
-0.586574 -1.375839 -0.319103
-0.431048 -1.410191 -0.316755
-1.567525 -1.192742 -0.303005
-1.397303 -1.214564 -0.326656
-1.140556 -1.268605 -0.305992
-1.885193 -1.133170 -0.237620
-1.749427 -1.155696 -0.326030
-0.756612 0.535867 -0.309247
0.849879 0.825500 -0.187679
0.969271 0.810744 -0.200415
-0.748821 0.602376 -0.262200
0.264616 0.937091 -0.284529
0.382517 0.865555 -0.278069
-1.227900 0.777870 -0.339042
-1.028869 0.924421 -0.382972
-0.460845 1.073947 -0.251961
-0.358411 1.046580 -0.281027
-0.038240 1.104110 -0.265454
-1.031930 1.084104 -0.380344
-0.956760 1.176548 -0.284080
-0.258895 1.306567 -0.262635
-0.189968 1.296749 -0.216217
1.403361 -5.594582 -0.073585
1.532921 -5.095403 -0.066268
1.347343 -3.395078 0.091920
1.387227 -3.175673 0.088608
1.449731 -2.944517 0.083939
1.309746 -2.009302 -0.091512
1.533112 -1.888796 -0.105964
1.766238 -1.303037 -0.133802
-0.290442 -1.430226 -0.100708
-0.156271 -1.452565 -0.099542
-0.994471 -1.289913 -0.152473
-0.807875 -1.338705 -0.142005
-0.571642 -1.383366 -0.114680
-0.416810 -1.397493 -0.094356
-1.592362 -1.182718 -0.118342
-1.386641 -1.224332 -0.121366
-1.210587 -1.262198 -0.109398
-1.740177 -1.154547 -0.144911
0.693959 -0.353838 -0.002289
0.480122 -0.164941 -0.085668
-0.753102 0.013959 -0.053452
0.595945 0.141540 -0.061956
-0.759308 0.069758 -0.157769
-0.747323 0.113524 -0.093776
0.875768 0.464625 0.064252
0.984458 0.459774 0.063080
2.609854 0.745016 0.017510
0.763406 0.811734 -0.089622
0.975053 0.778683 -0.029949
1.175127 0.723173 -0.023799
-2.133598 0.341936 0.005963
-0.729445 0.588441 -0.106354
0.043843 0.931539 -0.062640
0.203278 0.924789 -0.106428
0.400776 0.865648 -0.112319
-0.484433 1.089987 -0.163681
-0.307511 1.026101 -0.128817
-0.044067 1.060137 -0.153024
-1.013934 1.138583 -0.134242
-0.931061 1.115504 -0.123693
-0.264835 1.304608 -0.180817
-0.197323 1.283754 -0.176803
2.464081 0.201913 0.186487
2.576782 0.584268 0.187820
0.808007 0.491737 0.068989
