# .PCD v0.7 - Point Cloud Data file format
VERSION 0.7
FIELDS x y z
SIZE 4 4 4
TYPE F F F
COUNT 1 1 1
WIDTH 25296
HEIGHT 1
VIEWPOINT 0 0 0 1 0 0 0
POINTS 25296
DATA ascii
-0.293980 1.770795 -1.187376
-0.438908 -2.457980 -0.614376
-0.230629 -2.529080 -0.622785
-0.283086 -1.218305 -0.586171
0.395687 -0.912315 -0.587258
0.705448 -0.844737 -0.586968
-1.085780 -0.714942 -0.502512
1.212909 -0.606046 -0.599614
1.424654 -0.487776 -0.578150
-1.150565 -0.554224 -0.498480
1.522159 -0.306208 -0.569530
-1.262366 -0.183916 -0.439164
-1.152014 -0.270828 -0.399490
-1.359733 0.054999 -0.418948
-1.445071 0.251144 -0.379537
-1.418131 0.208904 -0.410514
-3.136408 0.989089 -0.429564
-3.101294 1.199391 -0.424813
-1.685461 2.087153 -0.284971
-0.930769 -1.114609 -0.353549
0.038725 -1.277260 -0.313181
-1.005090 -0.936029 -0.314720
-1.080091 -0.718931 -0.282434
-1.235551 -0.219224 -0.277731
1.148314 -0.110122 -0.227823
-1.320151 0.017518 -0.206519
-1.389868 0.174667 -0.225561
-3.777323 1.280264 -0.142206
-3.533288 1.473488 -0.119586
-2.194048 1.761896 -0.221874
-1.715989 2.065900 -0.273908
-1.443955 2.183469 -0.265673
-1.453017 2.706178 -0.018817
1.034930 -3.594343 -0.170703
-0.956212 -0.962437 -0.105719
-1.044161 -0.821106 -0.081368
-1.013049 -0.579154 -0.082713
-1.264715 -0.170150 -0.027456
-0.880981 -0.238092 0.002151
0.479253 -0.216865 -0.151080
0.668496 -0.102586 -0.136100
1.060753 -0.018525 -0.031848
1.150149 -0.106185 -0.155111
-1.336175 -0.014529 -0.033332
1.093585 0.045191 -0.146509
0.911061 0.399875 0.050414
-0.300721 0.886401 0.036454
0.702648 0.943118 -0.093260
0.654651 1.143306 -0.092790
0.578822 1.356003 -0.069611
-3.028747 1.623213 0.201573
0.373636 3.357772 0.204516
0.646082 3.451995 0.074945
0.787881 -1.713464 -0.010080
0.711366 0.712201 0.097547
0.693092 0.793095 0.100340
-1.496815 2.689421 0.239160
1.333706 -4.160275 -0.372224
-0.783182 -1.470056 -0.504566
-0.826183 -1.297828 -0.462945
0.367037 -1.231483 -0.623347
1.834672 -1.242338 -0.719574
1.019279 -0.974143 -0.625801
1.993495 -0.971707 -0.681318
1.043550 -0.822661 -0.595672
-1.141071 -0.351395 -0.538133
-3.687486 0.707592 -0.526010
-3.380950 0.839211 -0.470025
1.629370 -4.086083 -0.381956
-0.092745 -3.389626 -0.291418
0.138784 -3.104310 -0.268311
-0.481032 -2.233516 -0.218901
0.436859 -1.894994 -0.254839
-0.787258 -1.405597 -0.205483
-0.881221 -1.184044 -0.401485
-0.819086 -1.265955 -0.265419
-0.919812 -0.956909 -0.367998
-0.980561 -0.760368 -0.354788
-0.706528 -0.885691 -0.366518
1.374248 -0.789969 -0.481153
-1.061613 -0.538433 -0.360469
1.341268 -0.529959 -0.352145
-1.127767 -0.370039 -0.380174
-3.169990 0.979281 -0.433397
-1.892902 1.139587 -0.380997
-1.589103 1.469141 -0.391585
-1.225503 1.585905 -0.415224
-1.174282 1.584828 -0.413952
-1.103397 2.131796 -0.448968
-0.774948 -1.400610 -0.162313
-0.774266 -1.189485 -0.055689
-0.721690 -1.102294 -0.022603
0.770940 -0.835807 -0.221182
-0.978270 -0.719213 -0.112231
0.960537 -0.698420 -0.226577
1.339921 -0.616057 -0.165953
1.413568 -0.678624 -0.267007
-1.052690 -0.528258 -0.167189
1.325626 -0.518407 -0.205750
1.384447 -0.560141 -0.252604
1.197028 -0.167484 -0.183411
0.238185 0.336382 -0.172403
1.032346 0.271833 -0.123719
0.941794 0.562275 -0.236048
0.835900 0.826493 -0.281588
-1.525542 1.484255 -0.188907
0.946328 -2.350593 0.045789
0.992023 0.156451 -0.105920
1.168283 0.067981 -0.106168
0.997558 0.261880 -0.113630
0.009171 1.272225 -1.301535
0.160027 -3.245908 -0.561285
1.298390 -3.129318 -0.583558
-0.238104 -2.877168 -0.509040
0.099384 -3.074998 -0.485996
-0.281533 -2.762322 -0.457128
-0.306534 -1.746196 -0.606444
0.710949 -1.541185 -0.631988
0.889763 -1.437800 -0.637973
-0.806093 -1.309986 -0.546600
1.619299 -1.172171 -0.673715
1.906270 -1.192245 -0.759141
1.736109 -0.752631 -0.600870
1.873493 -0.965954 -0.661722
-0.946661 -0.808392 -0.512011
-1.063040 -0.575203 -0.602198
-1.148775 -0.330512 -0.568021
-3.502473 0.751300 -0.547715
-3.250246 0.940565 -0.530014
-1.347847 1.538113 -0.583991
-0.651881 -1.639574 -0.352328
-0.743209 -1.481990 -0.337237
-0.874751 -1.163887 -0.481200
-0.807362 -1.270497 -0.356802
-0.907296 -1.022590 -0.337103
-0.862877 -1.115363 -0.338623
-0.988944 -0.731254 -0.393903
-0.717496 -0.856328 -0.354197
1.395361 -0.619532 -0.351640
-1.070158 -0.519557 -0.395897
-1.145284 -0.348081 -0.412483
-3.438632 0.875491 -0.477157
-3.049385 1.015130 -0.452450
-1.945231 1.195183 -0.429626
-1.319319 1.588364 -0.401186
-1.231327 1.582631 -0.383442
-1.200334 2.142524 -0.481768
1.099387 -2.067070 -0.185051
-0.586554 -1.796489 -0.076388
-0.690251 -1.515954 -0.162058
-0.813121 -1.235327 -0.149852
1.435959 -0.787080 -0.216188
-1.002515 -0.680870 -0.205881
0.784294 -0.719177 -0.246047
1.053741 -0.600046 -0.248857
1.332694 -0.564231 -0.143950
1.381468 -0.614435 -0.247815
-1.072605 -0.520855 -0.211474
1.196394 -0.110810 -0.095265
1.185056 0.049683 -0.101934
-0.090327 0.383227 -0.193062
1.029650 0.380879 -0.228315
0.911176 0.606369 -0.251803
0.845128 0.794460 -0.248898
-2.878885 1.096051 -0.073104
0.968882 0.192428 -0.089437
1.153575 0.101600 -0.096470
0.953096 0.280060 -0.088673
0.001340 1.015004 -1.379691
-0.144797 -2.969457 -0.509717
0.157617 -3.084448 -0.519587
-0.472804 -2.263052 -0.419323
0.817708 -1.472214 -0.612145
-0.934714 -0.949203 -0.548500
1.646981 -0.976306 -0.645265
-0.996220 -0.742611 -0.542641
-1.075897 -0.539425 -0.535236
-1.175157 -0.332907 -0.579204
-1.126830 -0.392252 -0.527445
-2.517741 0.323416 -0.606870
-2.347965 0.663334 -0.613470
-1.343085 1.490221 -0.619245
-1.132958 1.623592 -0.623052
0.025940 -3.298201 -0.305752
-0.614761 -1.786580 -0.388335
-0.743904 -1.484835 -0.344960
-0.863691 -1.169032 -0.328755
-0.817057 -1.249688 -0.340077
-0.911883 -0.964929 -0.324950
-0.846909 -1.092904 -0.305415
-0.574732 -0.937412 -0.452674
1.049062 -1.033048 -0.516214
-0.967711 -0.761805 -0.313553
1.434429 -0.719122 -0.336088
-1.053562 -0.543327 -0.328207
-1.110096 -0.396726 -0.333261
-3.342985 0.891434 -0.419097
-1.939122 1.045192 -0.490593
-1.849053 1.360487 -0.536982
-1.078805 1.646578 -0.346715
-0.669343 -1.666093 -0.129580
-0.684826 -1.459185 -0.169143
1.578275 -1.297672 -0.100112
-0.777083 -1.327762 -0.141770
-0.736989 -1.127628 -0.116284
1.442064 -0.896601 -0.180497
-0.969461 -0.728548 -0.124883
-0.599418 -0.737633 -0.086312
1.292671 -0.612907 -0.204959
1.426763 -0.705692 -0.210758
-1.041601 -0.564713 -0.143049
1.326733 -0.511408 -0.140065
1.217871 -0.141272 -0.272754
1.028275 0.308384 -0.188239
0.924038 0.585488 -0.232103
0.865001 0.776998 -0.296125
1.011625 0.160355 -0.087589
1.200161 0.017644 -0.092698
0.978876 0.207983 -0.086487
-0.106754 0.999582 -1.326108
-0.154068 -2.680030 -0.583997
0.028072 -2.725109 -0.587262
-0.329397 -2.631690 -0.582138
-0.103680 -1.602416 -0.616315
0.802587 -1.355122 -0.657737
0.951309 -1.066252 -0.570904
1.128374 -0.977306 -0.603603
1.546374 -0.905318 -0.687131
-0.994957 -0.759946 -0.544220
-0.902760 -0.858618 -0.508923
-1.095743 -0.541646 -0.537151
-1.154385 -0.391877 -0.532497
-2.664615 0.352114 -0.587413
-2.654883 0.552359 -0.602644
-1.368465 1.499503 -0.564601
-0.868879 1.475595 -0.671391
-1.162691 1.637895 -0.568465
0.092643 -3.212522 -0.303682
-0.715464 -1.553084 -0.361937
-0.824546 -1.287594 -0.378835
-0.846662 -1.084207 -0.362865
0.970756 -0.958460 -0.547405
-0.987936 -0.780810 -0.358301
1.223960 -0.752029 -0.375139
-1.083418 -0.528072 -0.335817
1.026325 -0.411503 -0.435408
-1.144701 -0.384237 -0.376071
0.843269 0.837379 -0.378545
-3.330778 0.894671 -0.355718
-2.963734 1.021723 -0.337752
-1.148077 2.126611 -0.347096
1.155791 -2.175741 -0.128697
-2.204566 -1.574645 0.070849
-0.710457 -1.559767 -0.179988
-0.817223 -1.289092 -0.184546
1.604575 -1.212031 -0.210059
-0.714710 -1.028350 -0.099591
-0.995788 -0.723446 -0.107034
0.769337 -0.789391 -0.220556
1.021021 -0.639960 -0.251474
1.326980 -0.627365 -0.188252
1.398887 -0.690106 -0.245831
-1.764610 -0.636876 0.034569
-1.075299 -0.548679 -0.158921
1.320724 -0.512685 -0.217416
1.354494 -0.515245 -0.292081
1.177833 -0.160294 -0.115713
1.411812 -0.063990 -0.123592
1.010119 0.330432 -0.194463
1.084849 0.291811 -0.215960
0.914088 0.570804 -0.265933
4.292201 0.790872 -0.286592
0.819996 0.811854 -0.216054
-1.931392 1.149002 -0.253343
-1.655151 1.438277 -0.205089
-1.101415 1.652644 -0.296012
0.986335 -2.283576 -0.010534
0.686908 -2.852906 -2.707521
1.311008 -4.118376 -0.482579
-0.299527 -2.818294 -0.508590
0.569690 -1.532845 -0.617684
0.751049 -1.458306 -0.630802
-0.867124 -1.202619 -0.540331
1.521941 -1.290917 -0.655038
1.558871 -0.996130 -0.614542
-1.083964 -0.537578 -0.518290
-1.190709 -0.323578 -0.528921
-1.147005 -0.358534 -0.476759
-2.834492 0.809520 -0.570187
-1.399410 1.521035 -0.512077
-0.667718 -1.653416 -0.347605
-0.756657 -1.501219 -0.329085
-0.830834 -1.263412 -0.343157
-0.992942 -0.759381 -0.300590
-0.671749 -0.840899 -0.266033
-1.065918 -0.538587 -0.285216
-1.134382 -0.370572 -0.307678
-3.458175 0.772003 -0.260442
-3.225724 0.964846 -0.258980
-1.997719 0.979627 -0.399319
-1.883187 1.274613 -0.431624
-1.308430 1.535518 -0.389898
-1.124968 1.624579 -0.497555
-1.192183 2.125628 -0.470804
1.231519 -4.169655 -0.029404
-0.718842 -1.479647 -0.113813
-0.806737 -1.333521 -0.130581
-0.722226 -0.981846 0.015008
1.463176 -0.835322 -0.248950
-0.998002 -0.702029 -0.093462
-0.603083 -0.743313 -0.064121
0.988064 -0.661534 -0.211353
1.334412 -0.618595 -0.101807
1.391228 -0.708911 -0.185392
-1.069270 -0.547190 -0.104841
1.316241 -0.530049 -0.125688
1.365414 -0.551788 -0.261397
1.215133 -0.161815 -0.086989
1.054683 0.305303 -0.116579
0.931511 0.584490 -0.267343
0.872375 0.751664 -0.279388
1.015915 0.121323 -0.065630
0.986455 0.199118 -0.067568
1.055855 2.967560 -0.168213
-0.129401 -2.603086 -0.577522
0.047569 -2.619244 -0.575364
2.266061 -1.312995 -0.658418
-0.816323 -1.317079 -0.526775
-0.935122 -1.018635 -0.493522
1.206951 -0.968513 -0.587564
1.512346 -0.940786 -0.668465
-0.999747 -0.730087 -0.487102
-1.079060 -0.549254 -0.481497
0.619446 0.129352 -0.594169
-3.299925 0.732413 -0.603886
-3.358201 0.892781 -0.555681
-3.200094 0.953462 -0.605274
-2.968048 1.019995 -0.518542
-1.881040 1.359680 -0.563929
0.041943 -3.806943 -0.305445
-0.161946 -3.129677 -0.260817
0.105554 -3.180873 -0.308898
-0.745081 -1.504768 -0.392712
-0.827254 -1.261475 -0.345577
-0.894139 -1.105013 -0.382709
-0.985561 -0.775722 -0.374388
-0.679835 -0.859995 -0.335385
-1.072627 -0.533700 -0.371551
-1.174854 -0.320921 -0.422371
-1.142360 -0.360955 -0.430310
0.905878 0.616428 -0.337904
0.859299 0.793385 -0.353666
-1.989874 1.054469 -0.247323
-1.935605 1.051184 -0.432408
-1.378021 1.523058 -0.434920
-1.207883 1.580071 -0.420756
-1.168394 1.603167 -0.451369
-1.156900 2.126203 -0.521509
1.347223 -4.180425 0.031719
1.253615 -2.122181 -0.124180
-0.555867 -1.890751 -0.072935
0.190710 -1.880725 -0.159589
-1.767886 -1.652662 0.043000
-0.717486 -1.521533 -0.173229
-0.798864 -1.288509 -0.176243
-0.726156 -1.042855 -0.044729
1.471698 -0.818213 -0.243778
-1.002396 -0.714791 -0.087528
-0.630751 -0.650319 -0.146456
1.322787 -0.632877 -0.150916
1.395853 -0.671621 -0.212880
-2.021968 -0.671387 0.039034
-1.068257 -0.540794 -0.173034
1.315228 -0.535359 -0.208838
-1.134601 -0.404740 -0.227057
1.187521 -0.151623 -0.081063
0.049944 0.363774 -0.188113
0.097289 0.346902 -0.191405
1.021381 0.324417 -0.141675
1.080212 0.300614 -0.171283
0.081141 0.404430 -0.137525
0.918644 0.566703 -0.194889
0.749814 0.873476 -0.212938
0.819481 0.757957 -0.188955
-1.898130 1.173112 -0.111098
-1.538085 1.483647 -0.269705
1.127749 2.954248 -0.183505
0.908762 0.157254 -0.055596
0.948538 0.235963 -0.055292
0.853084 2.892830 -0.141736
-0.467814 -2.206279 -0.568724
-0.325275 -2.268801 -0.569651
-0.021409 -2.364178 -0.574467
-0.723930 -1.551559 -0.490862
2.309644 -1.430036 -0.676502
-0.867554 -1.215433 -0.491158
2.371989 -1.250256 -0.675358
0.990734 -0.968293 -0.578320
1.319784 -1.004670 -0.666944
1.446593 -0.885869 -0.689312
-3.531949 0.751628 -0.578280
-3.315387 0.894485 -0.525484
-3.026478 1.003078 -0.474060
-0.023708 -3.463744 -0.385334
-0.080072 -3.337288 -0.323294
0.145932 -3.174339 -0.303770
-0.745792 -1.481419 -0.275292
-0.879140 -1.168381 -0.431569
-0.810125 -1.298889 -0.387505
-0.900143 -1.045143 -0.299239
-0.978306 -0.773006 -0.379188
-0.691099 -0.869615 -0.346093
-1.073331 -0.528721 -0.368658
-1.141562 -0.368545 -0.392290
1.080123 0.302981 -0.382225
0.912330 0.606791 -0.383313
0.857672 0.795668 -0.399096
-1.983158 1.050215 -0.306441
0.824492 0.925172 -0.425174
-1.894430 1.166593 -0.413182
-1.882145 1.364413 -0.338423
-1.622945 1.454444 -0.386780
-1.328953 1.544233 -0.424127
-1.156382 1.620956 -0.485660
-1.095577 2.138160 -0.349936
-0.684986 -1.624316 -0.111921
-0.809956 -1.314278 -0.209725
-0.731979 -1.116538 -0.044570
-0.999854 -0.706151 -0.142662
-0.613329 -0.664076 -0.159464
1.001368 -0.667982 -0.209567
1.338709 -0.606365 -0.152639
1.429650 -0.720827 -0.244079
-1.069126 -0.515120 -0.151501
1.321290 -0.533660 -0.220504
1.015047 0.354870 -0.167606
1.088417 0.306710 -0.214296
-0.013701 0.400855 -0.159111
0.127430 0.398931 -0.171966
0.920862 0.557415 -0.206921
0.819758 0.792323 -0.237068
-1.969186 1.021543 -0.160558
0.771968 0.935006 -0.245144
0.958803 0.160592 -0.085020
1.184077 0.071532 -0.089958
0.978647 0.243489 -0.090420
-0.078795 -3.338901 -0.451108
1.291818 -3.155294 -0.571747
-0.450843 -1.946559 -0.590417
-0.132745 -2.109463 -0.605581
0.009149 -2.122075 -0.602074
-0.630149 -1.854946 -0.591158
-0.746109 -1.511151 -0.527396
-0.885054 -1.190044 -0.490303
-0.826965 -1.283758 -0.483881
2.011803 -1.215981 -0.655119
1.027375 -1.009651 -0.657864
1.282759 -0.872448 -0.672535
-1.108835 -0.566102 -0.576036
-1.145840 -0.384087 -0.540033
0.290464 0.510246 -0.622119
0.311038 0.523249 -0.619141
-3.498490 0.727863 -0.460036
-3.240699 0.916016 -0.442550
-1.101019 1.631782 -0.581896
0.144823 -3.085708 -0.413096
-0.249997 -2.861607 -0.396394
-0.635569 -1.681857 -0.295222
-0.729711 -1.497267 -0.261310
-0.813950 -1.272945 -0.340902
-0.921679 -0.959217 -0.368069
-0.841691 -1.133960 -0.240419
-0.983604 -0.777853 -0.370328
-0.721689 -0.891068 -0.320531
1.387395 -0.555422 -0.311311
-1.079083 -0.541530 -0.342763
-1.165725 -0.336602 -0.380784
-1.137810 -0.398475 -0.361627
-3.441283 0.851304 -0.388064
-3.041776 0.986839 -0.365020
-1.206459 1.608573 -0.397292
-1.171175 2.132127 -0.388061
1.038635 -2.172559 -0.198528
0.372786 -1.941828 -0.077200
-0.682601 -1.572031 -0.079656
-0.783568 -1.343820 -0.170560
1.574281 -1.109624 -0.219286
-0.741015 -1.113949 -0.183894
0.762072 -0.845138 -0.236860
1.432102 -0.885946 -0.138556
-1.012194 -0.704149 -0.168772
-0.630592 -0.669045 -0.082790
0.795641 -0.744020 -0.227402
0.962410 -0.686364 -0.209663
1.340532 -0.608151 -0.128610
1.394699 -0.665641 -0.166464
-1.074482 -0.524435 -0.170716
1.303380 -0.503097 -0.118233
1.198791 -0.154521 -0.136086
1.231730 0.079453 -0.077128
-1.675170 0.270762 0.006617
1.018424 0.379886 -0.193699
0.010608 0.427484 -0.174607
0.232880 0.432548 -0.180523
0.928691 0.558752 -0.229995
0.842196 0.786185 -0.232845
-2.206438 0.933600 -0.007341
0.819283 0.946854 -0.251941
-2.096004 1.079456 -0.017814
-2.006957 1.453384 -0.039400
-1.729068 1.457519 -0.049916
-2.165498 2.471381 -0.091093
0.794134 2.867579 -0.140377
1.021910 -2.253606 0.000164
0.920813 0.173621 -0.059926
0.965023 0.271802 -0.061659
0.969641 0.465773 -0.072229
-0.048808 1.014618 -1.362074
1.442372 -4.138456 -0.608069
0.009360 -3.347333 -0.429293
0.072552 -3.191053 -0.455602
0.083307 -2.337094 -0.616818
0.229632 -2.351500 -0.620735
-0.336225 -2.228960 -0.610211
-0.057072 -2.277070 -0.604675
-0.698197 -1.617415 -0.503665
-0.782917 -1.407919 -0.471630
-0.878693 -1.157079 -0.546234
-0.842301 -1.250918 -0.464212
0.845315 -1.214762 -0.609584
-0.815025 -0.854035 -0.468835
1.188738 -0.977876 -0.625384
1.938388 -0.955849 -0.619727
-1.035547 -0.692117 -0.532729
-1.132668 -0.435212 -0.542075
-1.083721 -0.531328 -0.511427
0.395012 0.457157 -0.578192
-2.241609 0.530525 -0.563834
0.283874 0.525430 -0.593999
0.402879 0.504427 -0.612166
-3.518256 0.745017 -0.384779
-0.176237 -3.074839 -0.397507
0.219562 -3.069435 -0.391923
-0.311706 -2.719455 -0.356938
-0.564182 -1.933251 -0.305305
-0.661032 -1.690936 -0.269105
-0.758622 -1.448313 -0.285486
-0.867468 -1.112857 -0.288969
-0.812108 -1.266237 -0.301840
-1.017487 -0.672718 -0.303202
-1.083064 -0.516636 -0.313023
1.185764 0.114780 -0.469177
0.283568 0.434109 -0.535929
0.834898 0.884077 -0.356919
-3.243597 0.927129 -0.375209
-3.061784 1.005002 -0.305182
-1.926797 1.123646 -0.345834
-1.782865 1.425897 -0.385138
-1.251832 1.575035 -0.380982
-1.101251 2.159567 -0.390189
0.571077 -2.021498 -0.095507
1.058730 -2.217345 -0.206553
0.383839 -1.949475 -0.071924
-0.630649 -1.728751 -0.108159
-0.768486 -1.441582 -0.171145
-0.772095 -1.146994 -0.104420
1.536681 -1.080749 -0.210888
1.408712 -0.842948 -0.142329
1.491064 -0.922635 -0.212860
-1.018122 -0.675192 -0.142162
-0.631166 -0.789491 -0.067635
1.348227 -0.599120 -0.179002
1.414774 -0.710156 -0.096834
1.272603 -0.353561 -0.212842
1.227321 -0.222962 -0.228432
1.087414 0.177852 -0.094085
1.177956 0.056268 -0.168188
0.987997 0.413511 -0.262365
0.920240 0.596793 -0.231878
0.841965 0.901352 -0.292601
0.879155 0.808630 -0.284526
-1.858270 1.067905 -0.029011
1.030004 0.103065 -0.066285
1.000372 0.323020 -0.082680
0.070957 0.556114 -1.371004
1.416185 -4.004237 -0.508467
-0.380851 -2.170843 -0.544677
-0.581065 -1.986428 -0.535887
-0.656501 -1.747143 -0.493272
-0.748674 -1.455022 -0.471348
-0.689188 -1.628379 -0.513705
-0.832895 -1.231307 -0.510281
-0.909121 -0.988253 -0.485504
-0.952378 -0.849952 -0.506452
-1.104223 -0.473507 -0.532447
-2.464170 0.203709 -0.621437
-3.921453 0.588434 -0.434938
-0.940115 1.907519 -0.734146
-0.800245 2.078283 -0.758317
-0.175549 -3.114061 -0.376890
-0.281179 -2.793242 -0.340610
-0.552827 -1.984638 -0.277924
0.288006 -1.870858 -0.260590
-0.651021 -1.740604 -0.281116
-0.740757 -1.444985 -0.289489
-0.696943 -1.536080 -0.276761
-0.803312 -1.262784 -0.301062
-0.866758 -1.054393 -0.301340
-0.678615 -0.914071 -0.234462
-0.970233 -0.784563 -0.456275
-1.071660 -0.455006 -0.395735
-1.132186 -0.375759 -0.309807
0.333363 0.475105 -0.464988
-3.489939 0.753712 -0.414150
-1.990785 1.021456 -0.426366
-1.754385 1.395207 -0.445725
1.309138 -4.136305 0.064106
1.143746 -2.170554 -0.136478
-0.614737 -1.875600 -0.146098
0.562556 -2.025455 -0.033410
-0.646316 -1.725293 -0.119689
-0.737491 -1.419309 -0.109103
-0.690613 -1.518044 -0.081534
-0.784513 -1.271685 -0.089606
1.524577 -1.059532 -0.117361
-0.790930 -1.100229 -0.127088
-0.704980 -1.093320 -0.103529
1.488124 -0.981928 -0.112312
1.534570 -0.972824 -0.249553
0.756069 -0.799019 -0.205608
1.393833 -0.686969 -0.171357
1.309129 -0.435375 -0.167706
1.209725 -0.203644 -0.143803
1.289178 -0.276107 -0.098665
1.135391 0.075629 -0.192306
1.346573 0.032099 -0.333922
1.498803 0.036895 -0.331101
1.068902 0.232177 -0.257994
1.348812 0.287621 -0.354727
-0.084380 0.509648 -0.209000
0.075293 0.468999 -0.176401
0.354670 0.459480 -0.224634
-3.114557 1.018931 -0.019929
-2.769969 1.123308 -0.034880
-1.085202 2.150259 -0.134635
1.385558 -0.575738 -0.070135
1.210830 -0.307306 -0.081160
1.323119 -0.429470 -0.077627
1.183592 -0.206702 -0.085705
1.214755 -0.006190 -0.095891
1.580937 -4.110978 -0.592249
-0.118837 -3.118978 -0.629414
0.058494 -3.115549 -0.620525
-0.696864 -1.578584 -0.552201
-0.770099 -1.354982 -0.523289
1.497650 -1.318372 -0.632488
-0.867674 -1.068394 -0.519347
-1.084219 -0.501769 -0.558839
-1.125333 -0.400348 -0.512481
0.517842 1.147313 -0.666071
-1.142308 2.060445 -0.662913
-0.864348 2.202911 -0.657142
-0.549038 -2.008218 -0.431595
-0.633998 -1.782377 -0.379458
-0.711835 -1.522650 -0.364815
-0.786970 -1.288525 -0.359106
-0.899990 -1.065455 -0.287050
-0.850065 -1.039817 -0.381069
-0.951006 -0.811783 -0.466713
-1.091527 -0.466579 -0.410071
1.323356 -0.450354 -0.342370
1.368630 -0.576879 -0.351026
-1.165854 -0.295476 -0.302015
-1.132217 -0.365634 -0.342867
1.345037 0.307379 -0.383791
0.293044 0.547517 -0.453319
-4.064364 0.576832 -0.410946
-3.635838 0.741146 -0.383758
-2.051453 1.024459 -0.492668
-1.145454 1.634605 -0.286555
-1.052835 2.203682 -0.385419
-0.528618 -2.000257 -0.174493
-0.643761 -1.741663 -0.163563
-0.599926 -1.801811 -0.149806
-0.709811 -1.527732 -0.164811
-0.764596 -1.327539 -0.155076
-0.887889 -1.069136 -0.139274
-0.764876 -1.087850 -0.137106
1.455031 -0.840931 -0.106503
0.708112 -0.759577 -0.222393
1.350944 -0.644425 -0.141583
1.393081 -0.735405 -0.104049
1.287883 -0.424662 -0.164555
1.363030 -0.551275 -0.287994
-1.128730 -0.337213 -0.183465
1.234773 -0.248004 -0.166277
1.201988 0.035586 -0.182827
1.169941 0.259798 -0.278667
-0.034425 0.523607 -0.166074
0.206605 0.493376 -0.179168
0.368824 0.503163 -0.215498
0.772434 1.090510 -0.248772
-1.187256 1.641766 -0.028867
-0.608956 1.842791 -0.246875
-1.120395 2.187310 -0.045580
-0.885795 2.266064 -0.054852
0.815953 2.882153 -0.106809
1.330419 -4.119712 -0.036796
4.228803 -0.293300 -0.120412
1.153474 -0.239987 -0.068227
4.132569 -0.093790 -0.124598
8.540793 5.317032 -0.306467
-0.172816 -2.927373 -0.576776
-0.017433 -2.976796 -0.583369
-0.560740 -2.043372 -0.560201
-0.631343 -1.790872 -0.484777
1.038703 -1.797618 -0.648802
1.270152 -1.444896 -0.614266
1.456920 -1.427737 -0.681006
-1.067195 -0.594269 -0.557902
-1.128235 -0.439206 -0.579772
0.204665 0.830293 -0.589181
-1.182617 2.153421 -0.635403
0.006247 -3.499295 -0.344242
-0.040495 -3.395334 -0.290795
-0.496180 -2.155778 -0.413699
-0.641261 -1.774894 -0.370049
-0.596465 -1.877310 -0.362808
-0.670554 -1.657694 -0.347755
-0.623443 -1.747029 -0.356533
1.428623 -1.522205 -0.469615
-0.739223 -1.443178 -0.353036
-0.827362 -1.134947 -0.373013
-0.933329 -0.849199 -0.399887
-0.897844 -1.019601 -0.374528
-1.064214 -0.576635 -0.393860
1.326689 -0.509839 -0.399817
1.356043 -0.550383 -0.375046
-1.197720 -0.317761 -0.456438
-1.135872 -0.405580 -0.366662
1.300998 -0.399191 -0.385986
0.328975 0.504167 -0.337709
-2.039691 1.001800 -0.372992
-1.798951 1.403387 -0.477208
-1.391356 1.523698 -0.487252
1.567615 -4.033437 -0.100321
1.017166 -2.366378 -0.144768
1.930998 -2.214893 -0.166107
-0.482971 -2.162921 -0.158949
0.384684 -1.987679 -0.060784
-0.630104 -1.779962 -0.179918
-0.585399 -1.894654 -0.175377
0.357222 -1.817279 -0.139946
-0.671306 -1.619951 -0.138212
-0.614618 -1.731418 -0.112056
-0.767456 -1.379715 -0.186049
-0.807081 -1.152830 -0.159521
1.405300 -0.750994 -0.188336
1.302180 -0.479199 -0.192484
1.383656 -0.603330 -0.173812
-1.111577 -0.425458 -0.202100
1.242373 -0.299792 -0.173462
1.179683 -0.141756 -0.166702
1.299885 0.274414 -0.286855
-0.017224 0.494105 -0.210496
0.164114 0.483103 -0.179449
0.360187 0.510284 -0.210385
1.286290 0.308732 -0.299167
-3.224986 0.924662 0.008200
-2.919347 1.033235 -0.002049
-1.014515 2.187325 -0.054659
-0.808145 2.243950 -0.057644
6.519918 3.381054 -0.481384
1.413988 -0.778438 -0.090655
1.019568 -0.593761 -0.059686
1.356244 -0.493324 -0.092680
0.978295 -0.302171 -0.070773
1.261189 -0.344972 -0.087934
0.880773 -0.205913 -0.069878
-0.011476 -3.085522 -0.605739
-0.379658 -2.449911 -0.503051
1.341240 -2.211365 -0.557118
1.196905 -1.951733 -0.669944
1.248790 -1.979950 -0.652728
-0.742828 -1.344594 -0.595209
-0.805909 -1.224759 -0.608344
-0.781086 -1.280917 -0.531638
-0.905295 -0.941130 -0.586226
-1.105048 -0.480307 -0.543934
-0.126667 0.618603 -0.590702
0.315737 0.580704 -0.646889
0.527776 1.035593 -0.697504
-1.218470 2.151160 -0.685188
-0.769736 2.329941 -0.671636
-0.390936 -2.402870 -0.265343
-0.507627 -2.097538 -0.449272
-0.468185 -2.198616 -0.387891
-0.556389 -1.934306 -0.392570
-0.496722 -2.049904 -0.408978
-0.633862 -1.681035 -0.375585
-0.721039 -1.450290 -0.386738
-0.819618 -1.220848 -0.392038
-0.768729 -1.295380 -0.370259
-0.921200 -0.944578 -0.406869
-0.746930 -0.878857 -0.450590
-1.005786 -0.705699 -0.457362
-0.647675 -0.764613 -0.533131
-1.125696 -0.388820 -0.504948
-2.093268 0.992914 -0.436680
-0.426028 -2.350135 -0.250566
-0.507891 -2.074673 -0.227650
-0.455207 -2.208810 -0.211060
1.121761 -2.096692 -0.213832
1.330960 -2.116460 -0.168033
1.905588 -2.035243 -0.096592
-0.547332 -1.924267 -0.171922
-0.634979 -1.712289 -0.216285
1.121664 -1.597673 -0.190303
-0.802217 -1.363531 -0.237081
-0.741633 -1.450838 -0.185792
-1.117891 -0.357581 -0.217488
1.235830 -0.261551 -0.185006
0.493924 -0.030152 -0.215097
1.158460 -0.114626 -0.133314
1.209671 -0.193070 -0.161711
1.246706 0.340843 -0.308399
-0.056073 0.528200 -0.212322
0.240009 0.523789 -0.221962
0.386545 0.530702 -0.194739
-0.282615 -2.805505 -0.450787
-0.297174 -2.744176 -0.429041
-0.423730 -2.431026 -0.427971
1.207884 -2.274050 -0.615001
1.385691 -2.162416 -0.646742
-0.563773 -1.941655 -0.515020
-0.671803 -1.523260 -0.443925
-0.868964 -1.142306 -0.520873
-0.846260 -1.028479 -0.553232
-1.049746 -0.629114 -0.475320
-0.997004 -0.697262 -0.529381
-1.116678 -0.443626 -0.487854
0.300466 -0.012994 -0.649552
0.307341 0.596723 -0.662423
-0.746611 1.765705 -0.586804
-1.159966 2.173577 -0.679910
1.383000 -4.049673 -0.334456
-0.312283 -2.648901 -0.281498
-0.407382 -2.414208 -0.290992
-0.476305 -2.193174 -0.305014
-0.439523 -2.289775 -0.355129
1.537598 -2.198564 -0.451726
-0.544067 -1.968603 -0.317223
-0.677129 -1.609528 -0.362448
-0.736756 -1.465840 -0.290890
-0.674538 -1.497231 -0.272112
-0.869262 -1.100940 -0.337828
-0.939098 -0.896834 -0.334968
0.419810 -0.070509 -0.369769
-0.333729 -2.615224 -0.055509
-0.437138 -2.303514 -0.146280
-0.403046 -2.379829 -0.155505
2.008399 -2.355587 -0.100965
2.468785 -2.250962 -0.138846
-0.472247 -2.143291 -0.101731
-0.419721 -2.202965 -0.063736
1.045741 -2.180570 -0.166191
1.108577 -2.127684 -0.175808
-0.553311 -1.935643 -0.134897
1.790570 -1.823641 -0.134341
-0.639324 -1.682526 -0.107278
1.719350 -1.578213 -0.111021
-0.686592 -1.490313 -0.140946
1.614056 -1.306191 -0.156673
-0.763641 -1.066112 -0.159222
1.452319 -1.019427 -0.102067
1.576909 -1.186405 -0.132314
-0.837992 -0.954518 -0.134293
-0.624404 -0.656962 -0.130802
0.437989 -0.023749 -0.217568
0.608560 0.059260 -0.257331
1.058195 0.239052 -0.123915
0.043928 0.519724 -0.226023
0.259092 0.564326 -0.221964
-0.714563 1.970980 -0.235855
-1.082965 2.273718 -0.261684
-0.340270 -2.601802 -0.439093
1.179645 -2.379126 -0.587331
1.328553 -2.367393 -0.589409
1.177684 -2.235270 -0.548763
1.398697 -2.245347 -0.600570
-0.848646 -1.175317 -0.511613
-0.856063 -1.061702 -0.549165
-0.997365 -0.748530 -0.483818
-0.634568 -0.760879 -0.589385
-1.045440 2.235528 -0.695113
-0.299481 -2.730396 -0.285171
-0.404280 -2.434034 -0.314361
-0.480973 -2.185208 -0.286875
-0.452014 -2.246643 -0.306321
-0.529345 -1.996235 -0.277814
-0.615704 -1.689583 -0.290231
-0.677181 -1.511113 -0.274173
-0.856535 -1.148621 -0.356568
1.595286 -1.152747 -0.383191
-0.912302 -0.955559 -0.372296
-1.009499 -0.728078 -0.451640
-0.977045 -0.844424 -0.419516
0.457834 -0.097411 -0.461533
0.621700 -0.057794 -0.391032
0.983985 0.508480 -0.452686
-1.847222 1.386227 -0.497348
-1.093748 1.710704 -0.607732
-0.635759 1.781770 -0.594736
-0.303356 -2.703292 -0.119477
-0.404197 -2.402055 -0.107199
-0.475526 -2.192355 -0.078710
-0.446227 -2.259570 -0.093673
1.139673 -2.144417 -0.118441
1.440968 -2.166783 -0.103014
-0.542937 -1.982131 -0.095546
0.534543 -1.961774 -0.032701
-0.726716 -1.592105 -0.124474
-0.647754 -1.693210 -0.087823
1.121701 -1.604777 -0.255941
1.672043 -1.583303 -0.085090
1.620736 -1.386049 -0.098620
1.596008 -1.232424 -0.216167
-0.843087 -0.976029 -0.155153
-0.633447 -0.865784 -0.034204
-0.602464 -0.702710 -0.104189
0.423339 -0.081830 -0.257222
0.506449 -0.060424 -0.217920
0.472308 -0.040591 -0.218465
0.633038 0.040746 -0.291180
1.283274 0.375238 -0.404016
0.127660 0.440493 -0.277510
-1.144022 2.184053 -0.186294
1.555338 -1.117458 -0.082564
1.768078 -2.418796 -0.639186
-0.459734 -2.193900 -0.499438
1.236636 -2.189337 -0.668120
-0.819912 -1.100645 -0.497947
-0.927458 -0.853820 -0.484182
-0.851281 -1.007287 -0.540756
0.445627 -0.057486 -0.605316
0.307775 0.631318 -0.649891
0.392126 0.962074 -0.677324
-0.276330 -2.705482 -0.311370
-0.388557 -2.372880 -0.338356
-0.320653 -2.546957 -0.353866
-0.434977 -2.211988 -0.302413
1.563835 -2.143124 -0.476361
-0.572474 -1.929258 -0.254928
-0.711664 -1.477323 -0.276023
-0.812296 -1.153791 -0.386419
1.611674 -1.124664 -0.412281
-0.910765 -0.835837 -0.294511
-0.856596 -0.988675 -0.349962
-0.998190 -0.604429 -0.456257
-1.024184 -0.557410 -0.435283
1.038258 -0.401158 -0.460615
0.493776 -0.044124 -0.391477
0.596204 -0.039356 -0.402097
1.059513 -0.091548 -0.526711
0.436873 0.038633 -0.412563
-1.988196 1.096161 -0.418816
-0.567209 1.881644 -0.488891
-0.348243 1.957218 -0.495539
-1.189066 2.259070 -0.562927
-0.935389 2.327106 -0.562509
-0.289508 -2.596354 -0.162303
-0.368546 -2.391123 -0.107194
-0.340603 -2.514832 -0.169026
1.024932 -2.302935 -0.158813
-0.417500 -2.244277 -0.121822
1.083522 -2.128899 -0.157142
1.169361 -2.080520 -0.164665
-0.543463 -1.919262 -0.128362
0.343189 -1.833396 -0.058334
1.151308 -1.993507 -0.221921
-0.651372 -1.648229 -0.098387
-0.565014 -1.748418 -0.123103
1.008777 -1.554327 -0.293216
1.659993 -1.496742 -0.126555
1.637310 -1.285608 -0.137433
1.630339 -1.170644 -0.302935
-0.743190 -0.966197 -0.090817
1.561468 -0.981196 -0.331164
1.212254 -0.044315 -0.258093
0.463177 0.005054 -0.236780
0.062606 0.545841 -0.237346
0.218844 0.570627 -0.291260
1.710895 -2.410123 -0.015733
1.526262 -2.133694 -0.022075
-0.206400 -0.199797 -1.465583
-0.389850 -2.389640 -0.504463
-0.827671 -0.977768 -0.559056
-0.865843 1.031532 -0.689338
-0.547201 1.264478 -0.730587
-0.363960 1.344759 -0.745689
0.844774 1.351773 -0.784960
-0.279788 -2.694590 -0.305480
-0.358977 -2.449109 -0.348229
-0.302260 -2.619445 -0.392577
-0.400494 -2.280777 -0.348608
1.318628 -2.017193 -0.500748
1.019182 -1.676042 -0.443216
-0.776568 -1.209002 -0.308643
1.651899 -1.175609 -0.428487
-0.887219 -0.734781 -0.417665
0.556062 -0.088544 -0.518219
0.346055 0.911176 -0.639072
-1.240213 1.677554 -0.444260
-1.014914 1.715089 -0.388099
-0.465815 1.857428 -0.447813
-0.241121 1.939250 -0.456659
-1.046848 2.256253 -0.509997
-0.795904 2.341341 -0.515644
0.928663 -4.213899 0.038172
1.128646 -4.159438 0.018864
0.175597 -3.112856 -0.070457
-0.260010 -2.684839 -0.176886
-0.335712 -2.476791 -0.140108
-0.303723 -2.595599 -0.119008
-0.373905 -2.344992 -0.089070
1.094461 -2.196327 -0.143230
1.193337 -2.134335 -0.202931
1.559479 -2.203166 -0.214018
1.811150 -1.931128 -0.140669
-0.526886 -1.710488 -0.105545
-0.578510 -1.593993 -0.063118
1.012037 -1.618008 -0.182395
1.666178 -1.210320 -0.289949
1.634020 -1.121048 -0.391661
0.812177 -0.752408 -0.280060
0.038695 0.495141 -0.314091
-1.764118 1.283492 -0.089719
-1.200407 1.646149 -0.127511
-1.003532 1.762134 -0.131108
-0.926518 2.293092 -0.157186
0.964047 -2.613213 -0.871758
0.652760 -2.877911 -0.606213
0.205394 -2.515878 -0.621003
-0.401058 -2.412902 -0.493095
0.440652 -2.442536 -0.622188
0.529692 -2.423219 -0.644282
0.290968 0.541493 -0.698522
-1.221325 1.078691 -0.708916
-0.505685 1.468765 -0.745528
-0.295985 1.454484 -0.736160
0.101453 1.287627 -0.695114
0.799490 1.496106 -0.773012
0.184247 -2.956002 -0.481266
-0.354922 -2.549818 -0.310539
-0.934219 -0.765445 -0.436534
0.365188 0.553248 -0.624165
-1.313511 1.632093 -0.408810
-1.102291 1.719523 -0.409357
-0.425305 1.866003 -0.405736
-0.983908 2.271003 -0.465964
0.149207 -3.130412 -0.058940
-0.337004 -2.572699 -0.157580
-0.381059 -2.392562 -0.126444
1.086082 -2.213006 -0.154171
1.585972 -2.198241 -0.222090
-0.518307 -1.809787 -0.174299
-0.701295 -1.321765 -0.134570
1.621557 -1.250574 -0.274232
0.841489 -1.122469 -0.261358
1.565979 -1.040025 -0.230684
0.804867 -0.840595 -0.295179
-0.579363 -0.681941 -0.135871
-1.183750 1.697828 -0.105005
1.718476 -2.483898 -0.013368
1.474901 -2.211551 -0.012755
-0.391276 -0.203249 -1.454894
0.961182 -2.605854 -0.895278
0.749472 -2.424506 -0.955255
0.470616 -2.878441 -0.613844
0.703129 -2.858292 -0.626176
0.220736 -2.524487 -0.622604
-0.385006 -2.487112 -0.502431
0.422220 -0.029103 -0.668076
-1.180947 1.137658 -0.675977
-0.635450 1.433805 -0.725497
-0.018697 1.324440 -0.705048
0.659944 1.500090 -0.788228
-0.433017 1.509196 -0.742350
-0.220433 1.537892 -0.752084
0.139542 -2.972249 -0.478165
-0.312299 -2.620424 -0.310773
-0.383116 -2.403703 -0.293224
-1.007552 -0.628884 -0.292793
0.301233 0.887127 -0.616074
-1.427649 1.590243 -0.375237
-1.246895 1.695610 -0.380123
-1.145346 2.234251 -0.438841
-0.893625 2.340575 -0.449703
-0.353026 2.378130 -0.458237
0.212178 -3.107575 -0.062760
-0.296530 -2.646410 -0.132395
-0.361009 -2.444919 -0.161702
1.001446 -2.228274 -0.175525
-0.511945 -1.871676 -0.167339
-0.506002 -1.737063 -0.094071
-0.631025 -1.350982 -0.049309
1.643814 -1.331311 -0.259171
0.849869 -1.034665 -0.317206
1.529335 -1.072153 -0.233546
-1.314030 1.657688 -0.073487
-1.048183 2.216763 -0.131832
1.689202 -2.388202 -0.070907
1.501164 -2.155339 -0.058566
1.582382 -2.045429 -0.068339
0.794697 -3.067018 -0.631557
1.151586 -2.892569 -0.657841
-0.823593 -1.105391 -0.508749
-0.801052 -1.098803 -0.572134
0.304463 0.616052 -0.648999
0.416328 0.586289 -0.702623
-1.025882 2.225415 -0.745354
-0.119036 -2.930203 -0.304648
-0.824335 -0.999501 -0.313335
-0.664345 -0.865691 -0.339611
0.506766 -0.077956 -0.460738
0.279606 0.944836 -0.610859
-1.315525 1.650456 -0.314890
1.030961 -4.165544 -0.022331
0.262819 -3.070059 -0.073969
-0.107478 -2.902608 -0.120842
-0.152390 -2.770754 -0.124561
-0.318932 -2.186836 -0.072540
1.083479 -2.199866 -0.157464
1.156312 -1.659671 -0.220536
1.774863 -1.574187 -0.218526
1.699433 -1.328738 -0.218520
1.657656 -1.120744 -0.269425
-0.799409 -1.029493 -0.140817
-0.643741 -0.943072 -0.196642
-0.535998 -0.835745 -0.105863
-0.552464 -0.674927 -0.128535
1.104001 0.276438 -0.389786
-1.283706 1.631200 -0.083037
-1.049735 1.742097 -0.119274
1.083988 -2.193757 -0.073912
1.413132 -1.359048 -0.093321
-0.100238 -0.907416 -1.351029
2.193665 -3.430234 -0.626050
0.570131 -3.321048 -0.612999
0.945845 -3.196573 -0.591682
1.191169 -3.145384 -0.649435
1.435308 -2.935146 -0.636528
1.082813 0.607518 -0.670928
-0.351099 0.876294 -0.714274
-0.132752 0.767768 -0.680739
0.362515 0.663430 -0.654145
0.069464 0.899405 -0.707655
0.789286 -3.699650 -0.375047
-0.100343 -3.198854 -0.305020
-0.158786 -2.985329 -0.294732
-0.723353 -1.303296 -0.339508
-0.692520 -0.836539 -0.436232
0.540165 -0.085123 -0.584453
-1.236617 1.697932 -0.449436
-0.427443 1.897203 -0.437729
-1.085392 2.213979 -0.492425
-0.800199 2.369010 -0.497417
0.401732 2.818054 -0.624638
-0.109881 -3.161860 -0.070991
-0.143147 -3.000216 -0.223971
0.182210 -3.074643 -0.087230
-0.280201 -2.424385 -0.128312
1.001652 -2.401728 -0.246088
1.003962 -2.219718 -0.066869
1.938931 -2.082667 -0.258205
1.665741 -1.498652 -0.170613
1.623181 -1.248942 -0.240578
-0.711317 -1.002154 -0.196664
1.539390 -1.000000 -0.210608
-0.092449 0.601043 -0.299863
-1.761645 1.489267 -0.108032
-1.196242 1.688769 -0.128256
-0.992686 1.807648 -0.148276
-1.014378 2.313950 -0.140470
-0.910602 2.318146 -0.193182
1.609297 -3.069336 -0.005967
0.990138 -2.230281 -0.054743
1.172517 -2.225948 -0.050136
1.535338 -0.914470 -0.093994
-0.093781 -1.116494 -1.378185
0.878613 -3.443449 -0.558087
1.070948 -3.424172 -0.608536
1.073473 -3.324633 -0.540228
1.329832 -3.166129 -0.589094
1.487454 -2.341133 -0.563065
-0.908611 0.380420 -0.659073
-0.725574 0.460179 -0.663120
-0.344279 0.655469 -0.687465
-0.128185 0.544822 -0.655076
0.288969 0.648571 -0.676296
0.493167 0.583335 -0.665274
1.166460 0.567878 -0.692724
0.078476 0.708796 -0.690815
-0.108555 -3.359279 -0.211580
-0.135371 -3.309539 -0.359558
0.392481 -3.123166 -0.366345
1.524276 -2.345340 -0.501530
-0.646490 -1.596435 -0.290075
0.542632 -0.101950 -0.509764
-1.266564 1.655391 -0.448901
-0.999376 1.773431 -0.450518
-0.422086 1.861808 -0.443610
-0.804487 2.353329 -0.506070
0.096416 2.626704 -0.614474
-1.633895 -4.180047 0.129767
0.213795 -3.986195 -0.172497
-0.123118 -3.274433 -0.125394
0.133978 -3.103102 -0.053750
-1.605098 -2.630435 0.093732
-0.245514 -2.640895 -0.080311
0.923310 -2.408728 -0.203027
1.004972 -2.233855 -0.118747
1.219247 -1.930308 -0.173867
1.161989 -1.787674 -0.184493
1.691079 -1.770826 -0.123786
1.569906 -1.242655 -0.135457
1.177234 0.123441 -0.154681
1.091763 0.413299 -0.164771
-1.039144 1.810636 -0.153301
-0.811811 2.349115 -0.176387
1.838083 -3.059446 0.016564
0.991606 -3.498668 -0.613190
1.168657 -3.402159 -0.615452
1.297738 -3.198000 -0.605718
-0.053139 -3.521111 -0.252853
1.378324 -3.385001 -0.401615
1.513592 -2.304250 -0.545013
1.261305 -2.054624 -0.383455
1.208673 -1.931001 -0.386330
-0.655312 -1.628900 -0.376720
1.074763 0.508036 -0.436877
0.047471 0.684422 -0.489189
0.261718 0.705515 -0.586951
0.526523 0.984065 -0.640832
0.028324 -3.646106 -0.072977
0.170734 -3.075401 -0.040613
-0.201353 -2.831397 -0.108365
-0.337388 -2.362577 -0.058360
1.230852 -1.988041 -0.201164
1.846781 -2.000256 -0.142813
1.204524 -1.940123 -0.223010
1.721897 -1.778572 -0.138545
-0.639485 -1.663828 -0.229242
1.651917 -1.535250 -0.139867
-0.708557 -0.998935 -0.129798
1.559774 -1.158565 -0.330319
-1.347977 1.638106 -0.314822
-1.035134 1.756343 -0.223225
-0.789026 2.265708 -0.163444
-0.874254 2.327137 -0.350445
1.673113 -3.100921 0.011278
1.836014 -2.951880 -0.007282
1.810187 -1.957492 -0.098428
1.877014 -1.943060 -0.083178
-0.145481 -3.226238 -0.542679
0.829088 -3.656101 -0.684400
-0.619586 -1.853316 -0.534818
0.498476 -3.898716 -0.364747
-0.088260 -3.379522 -0.463211
0.817227 -3.701263 -0.404915
0.416162 -3.188392 -0.387272
-0.670310 -1.665205 -0.404933
1.509880 -2.227051 -0.624290
1.195654 -1.942898 -0.513116
0.414740 -0.085875 -0.461799
0.564419 -0.175238 -0.486588
0.074374 0.681140 -0.628243
0.289239 0.609721 -0.621060
0.071487 -3.636887 -0.097952
0.170690 -3.060830 -0.073611
-0.174636 -2.798407 -0.132984
1.500031 -2.811896 -0.273159
-0.671641 -1.603796 -0.114815
0.992277 -2.208708 -0.260003
1.219700 -1.953201 -0.333760
1.091053 -1.714584 -0.321115
1.847504 -1.933075 -0.302472
-1.812718 -0.492860 0.027117
1.626491 -1.602274 -0.237996
-1.595427 -0.134833 -0.018119
-1.363428 0.289214 -0.071356
0.085758 0.551585 -0.181170
-0.365562 1.878462 -0.366572
1.522032 -1.966857 -0.157601
-0.069413 -3.388797 -0.487403
0.539320 -3.936776 -0.677169
-0.149701 -3.095893 -0.513766
-1.242558 2.144902 -0.952815
-0.108798 -3.254554 -0.433572
-0.044483 -3.396055 -0.322483
0.663863 -3.963122 -0.428417
-0.113883 -3.159991 -0.407373
0.854005 -3.656172 -0.451230
-0.167435 -2.762387 -0.093175
-0.333218 -2.244220 -0.208115
-0.706714 -0.941256 -0.252280
-0.684459 -0.976070 -0.210517
1.032272 -2.125334 -0.288889
1.142679 -1.674503 -0.305117
1.245459 -1.901228 -0.316377
-1.132031 1.748824 -0.383210
0.074154 0.993590 -0.411104
1.080980 0.373109 -0.397885
1.843765 -2.785599 -0.112415
-0.065712 -3.136532 -0.637316
-0.481109 0.259242 -0.700088
-0.741518 1.940330 -0.611171
1.697320 -2.161704 -0.646373
-0.515686 2.488285 -0.681011
-0.381214 2.485967 -0.717366
-0.258919 2.507863 -0.640708
0.355357 2.644649 -0.639473
-0.028336 -3.902962 -0.348084
-0.040746 -3.139524 -0.421203
0.022774 -3.373185 -0.406245
-0.571905 -1.722041 -0.460710
0.824275 -3.596072 -0.537229
1.377853 -1.911343 -0.458350
1.380530 -1.874905 -0.392174
1.415331 -1.957350 -0.390713
0.773063 -0.018058 -0.503102
0.180135 -4.009731 -0.075038
-0.019502 -3.187541 -0.239990
0.005848 -3.308650 -0.135081
0.116276 -3.523369 -0.133199
0.308916 -3.885686 -0.095684
-0.193567 -2.164505 -0.169480
-0.091051 -2.593304 -0.212514
0.226539 -2.952974 -0.170620
0.511722 -3.811623 -0.100591
0.248951 -2.937729 -0.116122
0.956119 -2.284430 -0.277981
1.168032 -1.609695 -0.244216
1.383029 -1.912046 -0.225946
1.381163 -1.956380 -0.290087
0.250711 0.707463 -0.148813
1.360934 -1.822735 -0.252430
0.462097 0.716037 -0.155531
2.020565 -1.937868 -0.334905
0.993369 -4.145476 -0.050937
1.246489 -2.188735 -1.479247
0.257049 0.525434 -0.769932
0.469166 0.534309 -0.787724
1.626617 -1.911895 -0.698084
-0.695859 -1.457361 -0.371279
-0.631495 -1.622458 -0.297979
-0.138373 -3.273459 -0.304149
0.453856 -3.859258 -0.347299
1.249524 -1.989892 -0.390136
-0.643508 -1.587246 -0.194123
-0.365660 -2.265260 -0.173234
-0.197401 -2.731309 -0.117180
-0.095171 -3.325304 -0.162659
0.122710 -3.087034 -0.149206
0.107571 -3.669486 -0.083095
0.160845 -4.023014 -0.162334
0.145844 -3.032539 -0.093530
0.472508 -3.820125 -0.055673
0.927327 -2.307822 -0.287100
1.108328 -1.705040 -0.225057
1.176615 -1.798892 -0.236814
1.057998 -2.173707 -0.264412
1.221690 -1.879644 -0.222818
1.238966 -1.966145 -0.273546
-0.092360 -3.288880 -0.007258
0.797134 -4.241529 -0.005214
1.013122 -4.539205 0.057340
1.144452 -2.541123 -1.362130
-1.250513 1.755359 -0.578807
-0.772251 2.413264 -0.671068
-0.454527 2.505080 -0.688009
-0.440834 0.534656 -0.702576
1.498786 -2.186268 -0.610346
-0.689317 -1.511752 -0.340821
-0.284363 -2.483165 -0.250977
1.438166 -2.831523 -0.388905
-0.923951 2.287932 -0.156839
-0.719904 -0.915162 -0.149984
-0.685619 -1.500091 -0.163678
-0.399027 -2.170122 -0.103169
-0.276536 -2.563856 -0.160631
-0.207388 -2.810073 -0.242957
0.086159 -2.982792 -0.069092
-0.077716 -3.437700 -0.120805
-0.009476 -4.071710 0.000838
0.210627 -3.936147 -0.013739
1.096877 -1.709834 -0.228861
0.977848 -2.175891 -0.124437
0.414027 -3.850111 -0.025519
1.428717 -0.703909 -0.310082
1.472646 -0.948946 -0.232689
1.204008 -1.942327 -0.303380
1.792573 -1.949421 -0.251230
-0.159699 -3.166747 0.031048
-0.943368 2.356285 -0.675485
-1.135444 1.862443 -0.584999
-0.341240 2.581370 -0.641155
-0.567215 1.965330 -0.637699
-0.622569 -0.062495 -0.626973
1.597026 -2.052454 -0.568324
1.699975 -3.570988 -0.635648
-0.670629 -1.432442 -0.254343
-0.641393 -1.521437 -0.348952
-0.721323 -0.843166 -0.155871
-0.687325 -1.377228 -0.121870
-0.210536 -2.565796 0.013317
1.012268 -1.617656 -0.230931
-0.094516 -3.277613 -0.070858
1.177026 -1.761504 -0.194841
0.146155 -2.962886 -0.048334
-0.001423 -3.484813 -0.100588
1.205127 -1.921400 -0.263567
1.719348 -1.699743 -0.091658
0.073229 -4.020457 0.001525
1.806617 -1.933907 -0.186835
1.360779 -3.042197 -0.263620
0.815073 -3.265498 -1.403049
-0.733531 2.436204 -0.670112
-0.485077 2.377517 -0.705158
-0.729737 1.941088 -0.619967
-1.006974 1.831633 -0.587084
-0.349047 1.916511 -0.624036
-0.723907 -0.007017 -0.632473
-0.972556 -0.068297 -0.611745
-0.445167 -0.022329 -0.650218
-0.552304 -1.755852 -0.552660
-0.555751 -1.904877 -0.486137
-0.930857 1.866659 -0.562529
0.587266 0.662538 -0.535943
-0.625818 -1.371758 -0.277547
1.294465 -1.993806 -0.317426
0.476722 -3.819221 -0.421301
0.675038 -4.198308 -0.245074
-0.590876 2.477826 -0.192195
-0.804744 1.910560 -0.136970
0.911608 0.198092 -0.129137
-0.614935 -0.857921 -0.167915
1.062257 0.076672 -0.128908
-1.949020 -2.149944 0.062064
-2.385655 -2.359047 0.083052
-0.604576 -1.387823 -0.113310
-0.572271 -1.517741 -0.218050
1.161485 -0.939957 -0.093290
-0.346993 -2.125022 -0.115161
1.270938 -1.931871 -0.257458
0.160172 -2.993389 -0.058579
0.296992 0.839297 -0.651567
0.078821 0.691157 -0.580102
0.491565 0.661992 -0.618266
0.427620 0.669582 -0.633610
-0.210275 -0.406388 -0.650849
0.164115 -0.507793 -0.650452
2.677518 -0.190973 -0.779015
-0.579740 -1.605561 -0.523138
-0.523084 -1.828356 -0.525612
1.588639 -2.233357 -0.573463
-0.534907 -0.572291 -0.305281
-0.604905 -1.416088 -0.268698
1.625238 -0.951454 -0.351750
-0.572458 -1.631233 -0.415619
-0.504788 -1.852763 -0.430685
0.819134 -3.656635 -0.473743
-0.631118 -0.947928 -0.089486
1.739333 -0.289554 -0.141514
1.502404 -0.310847 -0.134399
1.930362 -0.614279 -0.132411
-0.626736 -1.437607 -0.161365
1.951083 -1.029112 -0.117703
1.968264 -1.204360 -0.112685
-0.245309 -2.198871 -0.056188
0.968912 -2.265054 -0.247142
-0.132001 -2.614754 -0.005787
-0.036880 -3.313095 -0.105950
0.819509 -3.908850 -0.250445
-1.223653 1.722607 -0.664906
0.442153 0.875371 -0.669968
-0.332795 -0.362513 -0.654871
0.025403 -0.368932 -0.684601
-0.605633 -1.847463 -0.526499
1.630322 -2.139715 -0.641619
-0.173370 2.443479 -0.564296
-0.843654 2.315619 -0.548190
-1.038615 1.760623 -0.487318
-1.310561 1.624275 -0.476762
-1.935628 1.152364 -0.525925
0.146355 0.707920 -0.624767
0.350860 0.602562 -0.624471
0.495934 -0.096853 -0.399456
-0.640532 -1.665544 -0.384924
-0.558847 -1.930225 -0.430575
0.525248 -3.896467 -0.336541
-0.797694 2.282736 -0.319743
-0.407469 1.873745 -0.312367
0.403091 0.564783 -0.264147
0.200336 0.530084 -0.236066
-0.702922 -1.007405 -0.141176
-1.986603 -1.733124 0.044058
-0.671122 -1.501031 -0.135300
-0.629115 -1.613512 -0.110907
1.085052 -1.719438 -0.317717
-0.362554 -2.226013 -0.051166
-0.333050 -2.254628 -0.043957
0.956007 -2.271091 -0.231897
-0.195482 -2.657690 -0.031935
0.199727 -3.084978 -0.047226
0.188739 -3.123676 -0.088342
0.009012 -3.479831 -0.077925
0.206669 0.673520 -0.606419
-0.024893 0.609070 -0.590076
-0.018256 -0.366177 -0.662484
-0.297650 -0.324971 -0.662797
0.193246 -0.437847 -0.667734
-0.553207 -1.759233 -0.543603
-0.605532 -1.573488 -0.457265
-0.532536 -1.779331 -0.459205
1.668575 -1.187513 -0.417784
0.253210 -2.982199 -0.452741
-0.864918 2.322733 -0.278645
-0.487369 1.963710 -0.280453
-0.513485 -0.767007 -0.138193
-0.656164 -1.074072 -0.177219
-0.642792 -1.384399 -0.128325
1.063671 -1.140697 -0.243545
1.130353 -2.228627 -0.204841
0.283897 -3.093433 -0.077359
0.015432 -3.220796 -0.082265
0.056911 -3.364085 -0.115239
-0.986654 1.953397 -0.712395
-0.656733 1.776838 -0.695105
-1.211521 1.679715 -0.652199
0.504280 0.994658 -0.673665
1.060807 0.626395 -0.664064
0.325300 0.545797 -0.630810
0.256768 -0.248181 -0.675564
0.059085 -0.189167 -0.670438
-0.148154 -0.140809 -0.667743
-0.671481 -1.595946 -0.504953
0.303004 0.596000 -0.544100
-0.675126 -0.943887 -0.293737
1.534886 -0.891054 -0.383485
-0.721903 -1.402575 -0.342799
-0.684914 -1.513153 -0.386003
-0.626123 -1.695534 -0.438945
0.233950 -3.018793 -0.405070
0.485829 -3.071694 -0.391113
0.275075 -4.028897 -0.283413
0.733516 1.432515 -0.311768
-0.705007 -0.905753 -0.192841
-0.714229 -1.068528 -0.166513
1.526696 -1.008704 -0.221701
-0.726205 -1.348942 -0.204499
1.649897 -1.242906 -0.217557
1.049598 -1.681790 -0.241459
-0.456426 -1.918950 -0.023468
1.101460 -2.271564 -0.191832
0.909052 -2.271065 -0.175124
1.810527 -2.362347 -0.040296
-0.094215 -3.049497 -0.203923
1.991773 -2.852348 -0.039683
0.233128 -3.120416 -0.058047
-0.046046 -3.180201 -0.094190
2.224492 -4.340236 -0.042376
0.044514 2.066088 -0.710104
-0.987515 2.200853 -0.733831
-0.636008 1.884923 -0.682767
-0.753423 1.881339 -0.709153
1.548660 0.900118 -0.747301
4.288105 -0.426388 -0.634495
-0.605027 -0.750503 -0.591833
-0.784411 -0.789175 -0.609918
-0.764850 -1.112992 -0.512196
0.779130 1.610998 -0.616422
0.500526 -0.047599 -0.423305
-0.655836 -0.776778 -0.249215
-0.755662 -1.122997 -0.334720
1.199547 -1.709408 -0.237927
-0.746081 -1.194257 -0.307081
0.201909 -2.885825 -0.378642
-0.627385 2.501043 -0.148974
-0.840721 2.419762 -0.323657
-0.914836 2.406923 -0.146618
-1.058066 1.815253 -0.119668
1.631111 -0.973818 -0.211100
1.676414 -1.140909 -0.167382
1.007126 -1.073989 -0.195067
-0.654157 -0.870667 -0.145419
-0.671849 -0.914244 -0.055011
-0.776982 -1.010800 -0.109723
1.123706 -1.644214 -0.164903
-0.449901 -1.675357 -0.012286
0.216514 -2.955752 -0.012108
-0.163593 -2.877629 -0.073204
0.195439 -4.030367 0.138119
-0.738993 -1.144627 0.045461
-0.697497 -1.205001 0.049179
1.097890 3.032330 -0.731146
-0.247719 2.517864 -0.684476
-0.259899 1.429547 -0.710707
0.584644 1.059450 -0.688602
1.207228 0.700166 -0.703222
1.337198 0.499461 -0.694383
0.399296 0.621727 -0.641770
4.407457 -0.496395 -0.641535
-0.815614 -0.434442 -0.613323
-0.463015 -0.743569 -0.617159
-0.747947 -1.096976 -0.516043
0.326430 0.686020 -0.573800
1.028420 -0.103828 -0.495036
0.530478 -0.063453 -0.466050
0.513722 -0.097251 -0.475880
1.650250 -1.062588 -0.320795
-0.894593 -0.689241 -0.494385
1.813713 -1.327095 -0.317491
-0.781996 -1.066258 -0.365530
-0.740978 -1.193697 -0.338400
-0.481332 -1.761834 -0.213790
0.470404 -3.028553 -0.339397
0.307139 -2.975976 -0.283082
-0.161036 -2.762468 -0.236910
-0.988263 2.326374 -0.250497
-0.637644 1.996505 -0.214685
1.489113 -0.823707 -0.193988
1.681959 -1.082619 -0.202115
1.044145 -1.095432 -0.183707
-0.612739 -0.953057 -0.046192
-0.764184 -1.024232 -0.132569
1.065636 -1.598242 -0.117627
-0.430070 -1.809562 -0.190441
1.032702 -2.220622 -0.102824
0.282773 -2.995771 0.016050
-0.134695 -2.828677 -0.070209
0.399356 -3.113656 -0.042890
0.268010 -3.077924 -0.018112
0.368668 -3.994292 0.122882
0.883987 -4.184999 0.126022
-0.562236 2.510005 -0.143177
-1.229017 1.723162 -0.101482
-0.772142 -1.040778 0.015262
-0.437345 -1.719154 0.040013
-0.773363 1.737805 -0.688840
1.248214 0.774536 -0.733673
0.683903 -0.281901 -0.668858
-0.792392 -0.240471 -0.620313
-0.886963 -1.041286 -0.522739
0.470658 -0.041810 -0.466525
1.615946 -1.120011 -0.359386
1.504661 -0.915060 -0.362485
1.766094 -1.325191 -0.367542
-0.855420 -1.045453 -0.357963
-0.837806 -1.170946 -0.324283
-0.508185 -1.907785 -0.226502
0.247360 -2.975279 -0.414130
-0.159607 -2.831015 -0.247469
-0.173693 -2.794733 -0.302400
0.532287 -3.069129 -0.398241
-0.575776 2.455966 -0.149946
-0.835232 2.269586 -0.140444
-1.122018 2.262411 -0.204121
0.016473 0.513180 -0.218737
1.583629 -0.990407 -0.237822
-0.608510 -0.886280 -0.031971
1.614451 -1.168044 -0.172717
-0.730387 -1.018073 -0.181448
-0.812050 -1.060059 -0.076253
-0.495024 -1.768308 -0.159904
1.034167 -2.186292 -0.099662
-0.364395 -2.038220 -0.032757
-0.144964 -2.850086 -0.075687
0.480037 -3.131835 -0.101029
0.252849 -3.082310 -0.009677
0.687432 -3.838366 0.060434
-0.747471 -1.127362 0.032847
-0.817329 -1.126371 0.049809
-0.498812 -1.709339 0.040459
-0.282544 1.723514 -0.753092
1.350924 0.867015 -0.747960
0.298918 0.959679 -0.615062
1.309374 0.737506 -0.731839
1.269543 0.277655 -0.616559
-0.474290 -0.075707 -0.680113
-0.789424 -0.099616 -0.668421
-1.114213 -0.230177 -0.631695
-0.689675 -0.517289 -0.673768
-0.893983 -0.892061 -0.527157
0.476853 0.016905 -0.456069
1.655745 -1.186926 -0.315470
-0.686587 -0.847003 -0.416538
-0.917052 -0.793024 -0.388704
0.981561 -1.328173 -0.483203
-0.855700 -0.958785 -0.380431
0.944169 -1.476955 -0.456505
-0.578510 -1.662539 -0.249083
-0.248848 -2.713475 -0.347716
-0.262715 -2.653999 -0.297477
0.206219 -2.894715 -0.445077
0.522361 -3.809161 -0.213745
-0.617972 2.482285 -0.150573
-0.921015 2.340657 -0.210777
-1.104037 2.301563 -0.242822
-1.064670 2.005626 -0.127222
-1.231474 1.720099 -0.114285
-1.464969 1.659701 -0.110088
0.007674 0.585773 -0.294834
1.541119 -0.907269 -0.218448
1.637191 -1.157950 -0.201703
-0.626640 -0.707757 -0.065270
-0.706273 -0.961001 -0.127948
-0.529972 -1.612658 -0.098865
-0.600588 -1.548377 -0.171800
1.147583 -2.105504 -0.144419
1.098699 -2.029675 -0.191022
-0.501599 -1.747235 -0.081236
0.917096 -2.207241 -0.102530
-0.308388 -2.479751 -0.129467
-0.235305 -2.678194 -0.130711
-0.270697 -2.585254 -0.119814
-0.464808 -1.670629 0.011097
0.345716 -3.964059 0.087501
0.238537 -4.022833 0.087551
0.843073 -4.205091 0.090401
0.182267 -4.064234 0.093549
-0.163172 1.978227 -0.715297
0.903841 1.625718 -0.758802
1.524603 1.045554 -0.759240
-1.473988 1.574543 -0.595652
1.597713 0.875000 -0.751669
1.426462 1.015319 -0.750044
0.297860 0.399027 -0.696713
0.481435 0.021255 -0.619016
-0.322680 0.218152 -0.661779
-0.731961 0.187485 -0.644137
-0.887561 -0.277730 -0.652977
-1.001492 -0.356894 -0.651533
-0.620977 -0.726085 -0.595498
-1.336356 1.661825 -0.360763
0.345037 0.978808 -0.544133
1.169388 0.281805 -0.372632
0.534298 -0.005879 -0.399153
1.645833 -1.099670 -0.338908
-0.900795 -0.729491 -0.362839
-0.629440 -1.369741 -0.270516
1.597393 -2.087267 -0.528595
-0.345761 -2.315289 -0.333888
0.293299 -3.003749 -0.348719
-2.097327 1.924406 -0.235069
-1.817363 1.548887 -0.188579
0.406951 0.600650 -0.324936
0.051347 0.595047 -0.265314
1.292731 -0.123712 -0.268827
-0.892890 -0.691211 -0.061554
-0.559410 -1.384290 -0.024693
-0.646878 -1.300405 -0.117504
-0.580383 -1.449261 -0.050610
1.622465 -2.109420 -0.260939
1.160119 -2.101160 -0.209417
0.456643 -1.961475 -0.052526
1.037271 -2.158346 -0.135360
-0.384430 -2.155035 -0.142343
-0.313194 -2.370344 -0.144625
0.945561 -4.148391 0.033054
0.380686 -3.947665 0.049045
0.964798 -4.170122 0.041248
-0.527246 2.462974 -0.107719
-1.028039 2.337183 -0.091506
-1.104802 1.767576 -0.073595
-1.314075 1.695788 -0.065686
-0.892640 -0.688347 0.010096
0.723190 1.565043 -0.772769
-0.064164 1.800769 -0.736686
1.515960 0.769882 -0.766654
0.502230 -0.080727 -0.651050
-0.878151 0.099139 -0.665312
-1.044575 0.047963 -0.653068
-1.058347 -0.002791 -0.659500
-0.830709 -0.291198 -0.673191
1.546671 -2.203705 -0.598764
-1.795497 1.504004 -0.399108
-1.927389 1.119695 -0.451854
1.113322 0.344895 -0.374678
0.484145 -0.051433 -0.386979
0.518139 -0.212586 -0.358972
-1.027267 -0.531751 -0.475213
-0.469408 -2.166624 -0.332828
-0.525150 2.250818 -0.157941
-0.783054 2.342145 -0.155243
-0.921111 2.334169 -0.216948
-0.622758 2.028727 -0.192861
-1.019635 2.279381 -0.146838
-1.291612 1.676068 -0.116413
-1.823362 1.345335 -0.090380
1.126350 0.216926 -0.317044
1.073114 0.400924 -0.334033
0.043138 0.545440 -0.276542
1.298117 -0.294858 -0.267441
1.293091 -0.156135 -0.319225
0.507598 -0.015009 -0.221607
-0.980240 -0.501940 -0.046293
-0.622282 -0.954048 -0.033297
-0.591359 -1.053133 -0.032589
-0.784068 -1.111045 -0.118804
-0.686573 -1.305987 -0.035550
1.485737 -2.135684 -0.196658
1.025351 -2.206603 -0.139740
-0.439523 -2.227709 -0.165376
0.195906 -3.074599 -0.099027
0.991490 -4.153501 0.022403
0.818297 -4.193924 0.037182
-0.622515 -1.052747 -0.024599
0.926260 -4.226138 0.052168
0.560453 0.995129 -0.740597
0.374790 0.583421 -0.660912
0.312400 0.592059 -0.628397
-1.836978 0.717734 -0.657629
0.462385 -0.056331 -0.610223
-0.955934 0.191897 -0.693649
-1.081564 0.167009 -0.681473
-1.258489 0.037662 -0.670616
-1.333254 -0.040544 -0.667449
-1.050481 1.711133 -0.512130
-1.292738 1.576738 -0.402636
-1.895693 1.161750 -0.352511
-1.995155 1.067169 -0.510208
-2.183361 0.987683 -0.513823
-2.744547 1.152182 -0.496346
1.113513 0.285224 -0.414414
0.518075 -0.114847 -0.434784
0.469670 -0.019333 -0.426006
1.367373 -0.430454 -0.352404
0.513161 -0.224111 -0.386861
-1.089551 -0.401908 -0.488728
0.289402 -1.772514 -0.334695
-0.500330 -1.995862 -0.285823
-0.548028 -1.862861 -0.283759
-0.432745 -2.180311 -0.347000
-0.643826 2.343038 -0.154780
-0.855113 2.242289 -0.141639
-0.993241 2.202567 -0.150955
-1.778988 1.488099 -0.137978
2.063494 0.495112 -0.169853
-1.921687 1.035527 -0.159692
-2.664458 1.189515 -0.082604
0.215847 0.540480 -0.218786
0.020684 0.511701 -0.225275
1.143647 0.040280 -0.167315
1.305732 -0.221641 -0.233570
1.247927 -0.113904 -0.164856
0.541362 -0.098947 -0.262237
0.486018 -0.077061 -0.271746
-1.655394 0.202801 -0.059473
1.375605 -0.452181 -0.129250
1.928432 -0.756342 -0.098267
0.816568 -0.830541 -0.290198
-0.663696 -0.974217 -0.062352
-0.618224 -1.054179 -0.027359
-0.699270 -1.110738 -0.070110
0.523476 -1.841423 -0.075950
1.302066 -2.088294 -0.105764
1.099304 -2.167214 -0.151621
-0.492592 -1.971421 -0.149280
-0.522563 -1.875379 -0.115324
-0.432262 -2.161009 -0.156740
0.249799 -3.100514 -0.107017
-1.093594 2.248325 -0.133896
-1.109013 1.659116 -0.108385
-1.982566 1.061819 -0.008830
-2.192179 1.002971 -0.016292
-2.747487 1.166590 0.003565
-2.994721 1.080106 0.017747
-3.126228 1.018569 -0.011385
-0.293490 -2.023913 -1.533186
-0.817583 0.913828 -0.688820
-0.996630 0.900305 -0.687160
-1.652151 0.676636 -0.691021
-3.319914 0.916866 -0.622810
-0.740368 0.446026 -0.674535
-0.952417 0.400660 -0.694993
1.600744 -1.400577 -0.564173
-0.585443 -1.785505 -0.510993
-0.535387 -1.905969 -0.555437
-1.298487 1.578900 -0.459045
-1.923748 1.233784 -0.577624
0.959137 0.633369 -0.408332
0.294988 0.615675 -0.524800
-1.906181 1.147992 -0.386752
1.108038 0.319932 -0.398089
0.322236 0.558811 -0.338416
1.160894 0.109591 -0.371770
-1.406455 0.228375 -0.480662
1.394536 -0.465542 -0.346934
1.359073 -0.363314 -0.349497
-1.077480 -0.402864 -0.383694
0.362136 -1.810586 -0.288811
-0.608195 -1.674581 -0.288989
-0.562706 -1.806052 -0.308391
-0.449755 -2.094892 -0.395864
0.026869 -3.431103 -0.279905
-0.996847 2.230932 -0.164027
-1.181298 2.148802 -0.165954
-0.428718 1.862473 -0.356596
-1.086754 1.706536 -0.360323
-1.217646 1.629892 -0.290259
-1.776737 1.471337 -0.141577
0.838534 0.905035 -0.230242
-1.908200 1.135684 -0.188521
1.087478 0.354776 -0.255927
0.314699 0.534984 -0.240256
0.061061 0.531341 -0.210327
-0.068013 0.527545 -0.273292
-3.745715 0.929338 -0.154823
1.531175 0.151420 -0.278821
1.219959 0.094770 -0.218976
1.225677 -0.103260 -0.180476
1.146066 -0.063053 -0.111188
1.299930 -0.327398 -0.189083
-0.756340 -1.247971 -0.209431
-0.789751 -1.202580 -0.258573
0.522143 -1.651672 -0.186902
-0.669376 -1.488262 -0.241732
0.500474 -1.713716 -0.187805
-0.567373 -1.772662 -0.144734
-0.610629 -1.657899 -0.120117
-0.536131 -1.856949 -0.154664
1.072896 -4.168694 0.101960
0.271574 -4.098621 0.081306
-0.801315 2.329218 -0.152616
-1.043771 2.213945 -0.146655
-1.941107 1.115303 -0.027704
-2.061332 1.032212 -0.037211
-2.347452 1.025933 -0.031073
-2.854572 1.116647 -0.039600
-3.134194 1.022436 -0.053859
-3.369967 0.913824 -0.059443
-3.584598 0.823215 -0.021707
-1.101383 -0.281317 -0.029477
-0.530477 -0.748536 -0.026860
7.094821 2.807277 -0.827008
1.485254 1.837590 -0.779902
0.006773 1.282935 -0.734682
-1.001542 0.949245 -0.699717
-2.846497 0.995906 -0.669034
-1.369241 0.696512 -0.648491
-1.573887 0.718329 -0.704853
-1.732279 0.647265 -0.671975
-3.430399 0.771432 -0.615212
0.384686 0.583524 -0.649272
0.242094 0.572772 -0.601736
-0.900792 0.517448 -0.709431
-1.011192 0.457980 -0.715778
-1.667955 0.453859 -0.614410
-1.752709 0.356291 -0.616464
-0.602199 -1.700006 -0.536384
-1.245541 2.139127 -0.454478
-0.337654 1.866562 -0.560285
-1.125691 1.673926 -0.542214
-1.395187 1.564255 -0.446440
-1.693994 1.456924 -0.597308
0.829741 0.928730 -0.405980
0.960431 0.659436 -0.394091
1.038930 0.455365 -0.372026
0.331407 0.534808 -0.392898
0.272936 0.579832 -0.521765
1.080612 0.248929 -0.349029
-1.100139 -0.376068 -0.467577
-1.034722 -0.571159 -0.394920
-1.001019 -0.668580 -0.411246
-0.686870 -1.477821 -0.291579
-0.611883 -1.708277 -0.349185
0.278972 -3.103840 -0.272307
0.193752 -4.067475 -0.326452
-1.042012 2.220763 -0.392452
-0.460658 1.825319 -0.377805
-0.577898 1.774314 -0.331492
-1.191034 1.675547 -0.304145
-1.249462 1.628114 -0.297653
0.826376 0.889879 -0.293244
-2.140307 0.939076 -0.340379
-3.472088 0.879801 -0.122117
-3.811331 0.888718 -0.177871
0.876498 0.732451 -0.236131
-3.869622 0.653847 -0.161562
-5.358042 0.632017 -0.210379
1.044872 0.460122 -0.269727
0.335101 0.543934 -0.259383
0.201341 0.528728 -0.212146
-0.079925 0.545391 -0.262201
-4.159052 0.548602 -0.126408
1.344233 0.334215 -0.305109
1.112522 0.245205 -0.313793
1.516430 0.075507 -0.258787
1.186177 -0.014332 -0.192881
-1.044411 -0.511735 -0.150358
-0.990563 -0.673830 -0.124139
-0.740185 -1.288026 -0.108790
-0.689821 -1.491813 -0.163813
-0.721770 -1.410600 -0.153909
2.033148 -1.641596 -0.057415
0.430636 -1.745466 -0.215059
-0.596817 -1.720756 -0.208018
0.415272 -1.965825 -0.089151
2.086763 -2.143389 -0.054562
0.267091 -3.121710 -0.103295
0.564798 -3.891749 0.011676
-1.125778 1.675779 -0.117341
-1.268374 1.608191 -0.115615
-2.723043 1.145814 -0.028371
-2.738746 1.136798 -0.050618
-2.057903 1.012161 -0.032362
-2.278205 0.958637 -0.041757
-2.828773 1.092405 -0.027439
-3.053082 1.021936 -0.027546
-3.315995 0.935009 -0.049704
-3.487248 0.866354 -0.042675
-3.891316 0.726736 -0.039007
-4.115779 0.703082 -0.028229
-4.891883 0.815292 -0.062582
-5.122934 0.735628 -0.025129
-5.268853 0.679839 -0.004622
-1.020760 -0.611524 -0.053817
-0.992135 -0.690746 -0.051096
-0.512719 2.396555 -0.759876
-1.043318 2.245361 -0.696815
-0.389483 2.399858 -0.798193
-1.119191 1.664749 -0.666149
-1.376226 1.551057 -0.663504
-2.486967 0.922729 -0.642677
-2.993928 0.718282 -0.624357
-3.057788 0.523264 -0.611762
-3.437028 0.340668 -0.580153
-0.355183 1.339774 -0.759309
-1.205119 0.847003 -0.705740
-1.612301 0.662717 -0.676652
-3.068273 0.318186 -0.593171
-3.437066 0.106718 -0.563881
-1.683033 0.447605 -0.645141
0.264639 0.847424 -0.696728
-1.874207 0.126678 -0.600739
0.386729 0.574217 -0.675310
-0.554491 -1.823976 -0.561291
-0.043066 -3.228274 -0.601026
-1.043118 2.227018 -0.582916
-1.160266 2.173693 -0.460261
-5.639783 0.424737 -0.465887
-1.134226 1.660957 -0.509783
-1.216070 1.618789 -0.624988
-1.482175 1.540374 -0.487859
-1.736225 1.453374 -0.506913
-3.177177 1.000613 -0.456052
-3.365356 0.842217 -0.458617
-0.324871 1.890219 -0.501261
-0.598890 1.772579 -0.481678
-1.893351 1.127154 -0.422662
0.970099 0.690273 -0.492773
-1.060671 -0.402055 -0.382034
-0.984898 -0.589244 -0.401204
-0.930879 -0.750674 -0.537516
1.426925 -0.570032 -0.427802
-0.760054 -1.223742 -0.431247
0.563150 -3.919690 -0.280582
-5.646776 0.622468 0.011608
-5.768403 0.375331 -0.168235
-6.575199 -0.098368 0.026423
-1.082112 1.682776 -0.288406
-1.307473 1.584895 -0.321102
-1.649586 1.469686 -0.337554
-2.725212 1.126005 -0.082146
-3.061793 1.063910 -0.069429
-3.238906 0.994935 -0.210612
-3.360172 0.889123 -0.090206
-3.804516 0.701679 -0.108067
-0.428006 1.827317 -0.396460
-1.871120 1.265494 -0.321619
0.898464 0.905191 -0.396258
-0.002746 0.507839 -0.316740
1.012683 0.714177 -0.384579
0.963863 0.672423 -0.321691
-1.042673 -0.419165 -0.121437
-0.981211 -0.569363 -0.152309
1.361578 -0.368749 -0.365246
1.391077 -0.520329 -0.282244
-0.727503 -1.298743 -0.220435
-0.684910 -1.457070 -0.279623
0.480822 -1.699556 -0.257374
0.555690 -1.895570 -0.132180
0.191629 -3.224778 -0.226081
-0.314102 2.509115 -0.189520
-5.042927 0.832690 0.124329
-5.720630 0.591685 0.135826
-6.126878 0.247052 0.158581
-3.714083 0.803300 -0.009798
-4.088948 0.646089 -0.020593
-3.948753 -0.204733 0.128496
-4.100391 -0.168775 0.099485
-4.370315 -0.170811 0.087899
-1.044466 -0.419673 -0.065607
-1.004507 -0.526468 -0.058487
1.120539 -2.235607 -0.057304
1.019193 -2.233451 -0.056893
-5.449214 0.439688 -0.535970
-4.183828 -0.202683 -0.526865
-1.033867 2.253809 -0.660238
-1.713859 1.479295 -0.585047
-4.059162 -0.421089 -0.466641
-0.309570 2.467466 -0.766525
-3.398763 0.060357 -0.579219
-1.247658 1.336253 -0.704263
-3.368157 -0.364886 -0.562859
-3.639161 -0.667795 -0.509364
-1.565196 0.801743 -0.680067
-1.851816 0.448349 -0.661896
-1.889255 0.293857 -0.652952
-2.059723 0.080610 -0.644574
-2.190076 -0.193028 -0.621974
-1.614437 0.017995 -0.688655
-2.155944 -0.387959 -0.614281
0.403353 0.911204 -0.744008
0.241050 0.612897 -0.696676
-1.088359 -0.327634 -0.599560
0.554576 0.162293 -0.736214
1.421831 -2.179749 -0.655734
-5.491716 0.584281 -0.189550
-5.787978 0.290673 -0.149965
-4.088647 0.566673 -0.430190
-0.930930 2.264257 -0.371552
-1.728400 1.467059 -0.533281
-0.037960 2.578973 -0.440324
-1.211939 1.637089 -0.558260
-1.467676 1.559789 -0.486627
-1.885302 1.206284 -0.477214
-2.064834 0.978341 -0.419780
-4.030048 -0.451740 -0.288005
-0.517174 1.814983 -0.400189
-1.035414 1.661049 -0.548932
-3.838399 -0.923578 -0.272242
0.280580 0.614798 -0.584426
-0.993339 -0.508136 -0.398147
-0.954041 -0.625150 -0.435335
1.061888 0.492949 -0.470503
0.580695 0.191536 -0.580410
1.119720 0.358814 -0.496369
1.411745 -0.523305 -0.474979
-5.433260 0.624461 -0.144334
-2.973180 1.078602 -0.019901
-3.851486 0.667333 -0.131456
-2.695927 1.159529 -0.032670
-3.988935 -0.036726 -0.045387
-4.062925 -0.304835 -0.032823
-4.531116 -0.645148 -0.012923
-1.057680 1.729447 -0.330275
-1.249552 1.635124 -0.282826
-1.544434 1.514217 -0.293426
-1.890574 1.135337 -0.239529
-1.948979 1.055361 -0.133175
-0.527742 1.830108 -0.354947
-3.647218 -0.763795 -0.024715
-1.087562 -0.271017 -0.173182
-1.077230 -0.317102 -0.188901
-0.964774 -0.587220 -0.214204
1.044653 0.560289 -0.379328
0.625972 0.125609 -0.249302
1.089738 0.445541 -0.342319
1.367851 -0.316382 -0.385078
0.841835 -0.711739 -0.346333
0.545468 -1.698543 -0.289189
0.572869 -1.883996 -0.214252
0.418087 -3.169908 -0.207093
0.798911 -4.110262 -0.284915
1.127595 -4.166516 -0.286884
1.006773 -4.255732 -0.272178
-6.560612 -0.107276 0.305760
-4.054292 -0.085461 0.055615
-3.941569 -0.223641 0.122083
-4.331890 -0.363884 0.066058
-3.893454 -0.362053 0.110397
-3.879404 -0.571635 0.124995
-4.141322 -0.621569 0.058466
-3.573991 -0.764925 0.038439
-1.059964 -0.251649 -0.075360
-1.055389 -0.305415 -0.062171
-1.051198 -0.360163 -0.061591
-0.847210 -0.864339 -0.067660
0.459043 -1.975094 -0.112331
-6.725499 -2.266396 -0.447676
-4.632620 -1.342397 -0.477538
-1.111230 2.209480 -0.685707
-3.168584 -0.101329 -0.608125
-3.495621 -0.565390 -0.581068
-2.080456 0.258514 -0.659555
-2.097468 -0.072904 -0.604061
-1.674826 0.166650 -0.685866
-2.119701 -0.456596 -0.568553
0.310145 0.921691 -0.644835
0.343773 0.595892 -0.672730
0.593340 0.195304 -0.630635
0.443237 0.040995 -0.613237
2.398546 -0.780651 -0.712816
2.315798 -0.973569 -0.686951
1.717414 -2.447211 -0.582792
-1.064548 2.220433 -0.616719
-1.733665 1.523265 -0.573058
-1.863920 1.290313 -0.519289
-1.942799 1.154447 -0.497891
-0.804621 2.372134 -0.417375
-0.925999 2.328477 -0.459155
-1.228588 1.686886 -0.549694
-1.406277 1.616673 -0.539228
-1.528132 1.546520 -0.533516
-1.960806 1.075943 -0.524092
-1.078414 1.711443 -0.530386
0.037341 2.632367 -0.604161
-0.405613 1.893047 -0.482713
-0.936111 -0.600717 -0.305253
0.322003 0.612168 -0.470849
-0.809651 -0.929736 -0.402309
-0.811017 -1.018854 -0.446089
0.966669 0.795222 -0.465989
-0.803798 -1.046758 -0.469293
1.058641 0.631892 -0.434655
0.619366 0.178434 -0.472584
0.481719 0.015616 -0.469460
0.532070 -0.119989 -0.391484
1.146673 0.350735 -0.446617
0.995898 -0.111755 -0.601682
1.096018 -1.488013 -0.433941
1.290062 -2.278599 -0.503935
-6.208566 0.129522 -0.168836
-3.009022 1.116595 -0.063916
-3.283370 1.007559 -0.053080
-4.094191 -0.121993 -0.142814
-4.510918 -0.653540 -0.069463
-4.034593 -0.331089 -0.113865
-1.767071 1.519713 -0.325066
-1.851821 1.294145 -0.267790
-1.997797 1.100860 -0.258763
-2.082288 1.060887 -0.310190
-3.573196 -0.646651 0.019614
-1.212059 1.698997 -0.299665
-1.398399 1.629863 -0.302630
-1.544928 1.597783 -0.322653
-1.856087 1.205466 -0.302966
-1.039837 1.750739 -0.333984
-0.341446 1.944066 -0.404090
-0.593510 1.857539 -0.379747
-2.257644 -0.344142 -0.049813
-0.813966 -0.842297 -0.050469
-0.821431 -0.916940 -0.044476
0.985829 0.821975 -0.366014
1.032542 0.665402 -0.276890
0.550711 -0.086328 -0.263139
1.125622 0.423469 -0.328040
1.106194 0.339994 -0.251971
1.409024 -0.487862 -0.360358
0.536317 -1.768959 -0.144112
-3.585889 -0.797041 0.052633
-3.904758 -1.147271 0.066074
-4.130046 -1.300132 0.122166
-3.561811 -0.872112 0.028430
-3.623837 -1.047995 0.129579
-3.761152 -1.171270 0.135011
-0.857061 -0.779467 -0.033548
-0.830053 -0.915192 -0.027872
0.451538 -1.907852 -0.024867
5.042505 0.601014 -4.214093
0.286489 -0.584182 -1.433157
-5.483115 0.509439 -0.542376
-2.727474 1.167992 -0.554533
-3.509355 -0.334764 -0.570142
-0.860705 2.321264 -0.633509
-0.963086 2.274219 -0.638483
-1.624765 1.443539 -0.690768
-3.427986 -0.734332 -0.562735
-1.180058 1.666011 -0.645952
-1.392461 1.582966 -0.649584
-2.121207 0.475845 -0.642663
-2.199716 0.284067 -0.636412
-2.333858 -0.064149 -0.631154
0.424465 2.739534 -0.743890
-1.816800 0.238423 -0.673996
-1.826149 0.158805 -0.673635
-2.362208 -0.344607 -0.600460
-2.326465 -0.468528 -0.599080
0.310809 0.637098 -0.669813
0.389864 0.611066 -0.676969
0.350084 0.580381 -0.663088
0.497333 0.067181 -0.678908
0.702036 0.205265 -0.733918
0.586224 -1.406237 -0.677440
-4.052355 -0.050155 -0.411460
-0.875871 2.324079 -0.369593
-0.985523 2.247493 -0.347012
-1.470805 1.591552 -0.466059
-1.653111 1.516486 -0.463500
-1.827533 1.262537 -0.437750
-1.974244 1.075309 -0.414860
-4.315641 -1.603122 -0.370849
-0.796464 2.314717 -0.437379
-1.120049 1.701455 -0.443327
-1.315402 1.616050 -0.455081
0.344765 2.715819 -0.494043
-0.327475 1.893797 -0.432833
-0.561362 1.813572 -0.413830
1.035082 0.675870 -0.473142
0.627625 0.204826 -0.543943
0.470694 0.038573 -0.539467
1.105659 0.583820 -0.433649
0.639164 0.136715 -0.454761
1.178051 0.370114 -0.469858
1.217703 -1.527956 -0.498214
1.324319 -1.898841 -0.535970
1.549644 -2.491202 -0.608860
-7.043278 -0.388369 0.039114
-6.523649 -0.019308 -0.069514
-6.210093 0.077665 0.017590
-4.945086 0.924385 -0.034664
-5.300379 0.783674 0.034497
-4.269231 -0.161231 -0.046298
-4.504884 -0.415721 0.017126
-3.232734 1.004199 -0.036978
-0.923132 2.268453 -0.337201
-1.482001 1.592483 -0.249140
-1.707741 1.509450 -0.251871
-1.810078 1.285774 -0.237844
-1.937879 1.114263 -0.207200
-3.589451 -0.702526 0.026109
-4.074081 -1.364224 0.042988
-4.168976 -1.482208 0.001859
-1.145240 1.686546 -0.259952
-1.310993 1.611944 -0.224761
-4.086082 -1.664770 0.048435
-0.953911 1.780766 -0.282647
-2.787987 -0.481091 -0.030436
-0.465554 1.854129 -0.349539
-0.993552 -0.160518 -0.059388
-0.942024 -0.155237 -0.063410
0.058123 0.583776 -0.242778
-0.817307 -0.869257 -0.231896
0.501850 0.040979 -0.311004
1.090259 0.546982 -0.270311
0.650591 0.136950 -0.356450
0.602606 0.094146 -0.313194
0.316992 -1.779780 -0.222232
1.040059 -4.210436 -0.118668
-3.906219 -0.541619 0.125255
-4.319534 -0.689122 0.201494
-3.780515 -0.560997 0.093264
-3.547032 -0.717833 0.091325
-3.876190 -1.216736 0.094420
-3.934264 -1.377398 0.067527
-3.488780 -0.887159 0.113494
-3.570243 -1.161733 0.126967
-3.800529 -1.318842 0.144862
-0.848442 -0.733220 -0.038849
-0.759525 -0.911606 -0.046476
-3.111611 0.108502 -0.563437
-3.302832 -0.269031 -0.538255
-3.696819 -0.599646 -0.535964
-1.506479 1.577790 -0.612013
-1.596821 1.505481 -0.568958
-2.213378 0.588870 -0.628597
-1.017743 1.743457 -0.626366
-1.114454 1.699005 -0.613967
-1.321041 1.581016 -0.582613
-2.402464 0.113051 -0.611538
-3.511244 -0.992719 -0.523860
-3.412465 -1.183375 -0.522241
-2.358781 -0.021716 -0.612067
-2.423335 -0.239629 -0.597950
0.593456 0.147031 -0.640670
0.457142 -1.350281 -0.662847
1.756246 -2.445103 -0.637987
-2.700302 1.157677 -0.311430
-4.017303 -0.147538 -0.362530
-3.991489 -0.480049 -0.311552
-4.242353 -1.373503 -0.232758
-0.981201 2.274244 -0.445444
-1.499800 1.580972 -0.426785
-1.671854 1.524666 -0.435157
-1.834511 1.247208 -0.380008
-1.977711 1.068923 -0.361869
-1.009866 1.741415 -0.512619
-1.173952 1.671227 -0.449994
-1.334565 1.592800 -0.406568
-0.544944 1.828813 -0.420659
-0.332459 1.878919 -0.544797
-0.494741 1.836150 -0.383888
0.325702 0.649989 -0.514878
0.631641 0.167166 -0.455602
0.512796 0.031252 -0.474441
1.082364 0.594360 -0.485441
1.164756 -1.545472 -0.494892
2.034216 -0.912278 -0.667361
1.388245 -1.482456 -0.535657
0.297145 -2.967219 -0.450161
1.574290 -2.640189 -0.616152
0.908923 -3.686397 -0.411816
-4.705071 -0.338139 0.041823
-3.944374 -0.000251 0.024331
-1.747978 1.509375 -0.183864
-0.758932 2.326801 -0.207502
-0.959596 2.264907 -0.245922
-1.474849 1.594292 -0.201720
-1.638646 1.530275 -0.222220
-1.842497 1.218059 -0.197355
-1.929492 1.097296 -0.178642
-2.134599 1.029045 -0.218287
-4.135980 -1.552530 0.066573
-0.631365 2.400056 -0.135150
-1.150503 1.665152 -0.262936
-1.317926 1.602888 -0.223112
-2.642521 -0.283298 0.014001
-4.064377 -1.800924 0.050341
-0.482705 1.952597 -0.333296
-2.629357 -0.421981 0.015437
-2.780481 -0.643498 0.023332
-0.412651 1.870897 -0.330976
0.142767 1.943209 -0.148416
1.026100 0.664024 -0.354193
0.523197 0.032085 -0.316349
0.337615 -1.802732 -0.218629
1.678394 -1.038189 -0.268835
-4.208465 -0.485117 0.125137
-3.962173 -0.509604 0.152603
-3.624076 -0.665194 0.108769
-4.118228 -1.337674 0.248412
-3.538184 -0.800836 0.109470
-3.942788 -1.228751 0.137859
-3.973690 -1.377790 0.182919
-3.524361 -1.286213 0.171781
-3.815737 -1.401271 0.144411
-3.867061 -1.476630 0.131010
-3.468794 -1.513554 0.165909
-0.057181 -0.472207 -1.437480
-4.618850 -0.093097 -0.482184
-5.575805 -1.818960 -0.326776
-2.137340 1.891190 -0.583453
-2.659348 1.170496 -0.547973
-3.775622 -0.412720 -0.518629
-1.579599 1.543834 -0.651380
-1.741088 1.487108 -0.643595
-1.849621 1.282161 -0.558971
-2.642460 0.250521 -0.605728
-3.582042 -0.768385 -0.491966
-1.375441 1.589026 -0.670475
-2.601637 0.120294 -0.603530
-2.643950 -0.087251 -0.579677
-1.703196 -0.402570 -0.539243
0.289739 0.702541 -0.632930
0.534538 0.153635 -0.674190
0.505274 0.028566 -0.614884
0.369803 -1.281421 -0.619790
1.018477 -1.798841 -0.621593
-2.898986 1.104257 -0.305741
-3.181655 0.999827 -0.400170
-4.050101 -0.215792 -0.317786
-2.646376 1.185623 -0.303148
-3.980654 -0.393773 -0.298913
-1.565130 1.560035 -0.435099
-1.750147 1.483773 -0.441968
-1.870584 1.224117 -0.377313
-2.016617 1.054977 -0.412935
-0.762790 2.394099 -0.502316
-0.775179 2.378652 -0.499915
-1.065604 1.743886 -0.460912
-1.247191 1.651592 -0.475039
-1.429148 1.604210 -0.484462
-0.738437 2.047402 -0.552665
-0.570048 1.853188 -0.424513
-2.346653 -0.279450 -0.274263
-1.795963 -0.447942 -0.310288
0.544499 0.116970 -0.418940
0.484759 0.046446 -0.359818
0.598705 0.148312 -0.409192
0.570850 -1.568975 -0.332082
1.333927 -1.475869 -0.460052
1.226358 -1.668557 -0.439887
1.872294 -1.292637 -0.563390
1.654826 -2.431718 -0.513629
-6.983581 -0.659845 0.109775
-4.517911 -0.448681 0.049115
-2.908855 1.098390 -0.177249
-2.117313 1.905385 -0.323459
-2.587044 1.209272 -0.233041
-0.853025 2.349301 -0.209187
-1.564780 1.576465 -0.223329
-1.757400 1.479248 -0.245557
-1.869548 1.209952 -0.200414
-2.035475 1.047708 -0.184451
-1.058172 1.761525 -0.231332
-1.246965 1.661367 -0.249238
-1.397996 1.604626 -0.303939
-0.523548 1.999283 -0.372022
-3.863514 -2.123869 0.149781
-3.781948 -2.428362 0.158542
-1.761135 -0.410673 -0.103362
-0.605701 -0.506495 -0.139314
0.457997 0.109526 -0.230198
-4.312762 -0.242389 0.117510
-4.237827 -0.413056 0.141449
-3.850160 -0.404933 0.187128
-4.053009 -0.574062 0.187011
-4.158064 -0.634958 0.161788
-3.810229 -0.526781 0.142100
-3.830564 -0.549969 0.202740
-3.546457 -0.711513 0.123810
-3.562947 -0.802480 0.143800
-3.702860 -1.135548 0.192549
-3.918862 -1.251458 0.172999
-3.541049 -1.184438 0.221114
-3.783400 -1.444518 0.204926
-3.963197 -1.568537 0.159332
-3.431971 -1.471649 0.209844
-3.790282 -2.033965 0.166151
-3.360959 -1.709219 0.242146
-3.651170 -1.940003 0.209013
-3.833079 -2.103311 0.175362
-3.780693 -2.380442 0.174837
-3.626350 -2.251520 0.181617
-1.522734 -0.301431 0.021419
-1.811422 -0.426254 0.021862
-6.937319 -0.275416 -0.403160
-5.057132 -1.044170 -0.441745
-2.799524 1.157422 -0.557338
-2.752068 1.151717 -0.586752
-3.741254 -0.167344 -0.534060
-3.556150 -0.684389 -0.510166
-1.583992 1.522175 -0.671166
-2.683293 0.170939 -0.644721
-1.286650 1.624470 -0.688039
-1.898987 -0.479406 -0.514350
1.988158 3.006336 -0.984638
2.258862 3.006863 -0.942356
0.772202 -0.463102 -0.714320
0.139447 -1.476879 -0.609478
0.029172 -1.639364 -0.605015
0.420351 -1.256210 -0.653345
2.688595 -0.996610 -0.696599
1.707528 -2.379562 -0.573542
-5.635175 0.482489 -0.329463
-5.973380 0.190108 -0.344851
-2.746304 1.204809 -0.459269
-2.991257 1.085089 -0.441583
-4.054152 -0.191344 -0.350932
-2.066695 1.898688 -0.510390
-2.691847 1.213944 -0.345886
-4.998007 -2.090954 -0.319538
-1.615114 1.556788 -0.447356
-1.824360 1.385713 -0.393512
-1.943833 1.132086 -0.375763
-2.069338 1.053706 -0.354668
-0.746229 2.416972 -0.491988
-1.120874 1.718223 -0.520876
-1.314988 1.632602 -0.482483
-1.051453 1.764311 -0.578800
-2.592698 -0.263838 -0.328876
-1.834188 -0.440384 -0.379198
-1.434523 -0.285910 -0.410638
-1.767266 -0.431638 -0.478854
0.774041 1.504545 -0.478321
0.498517 0.108770 -0.553720
0.653496 0.190901 -0.488826
1.383331 -1.490069 -0.448991
1.264610 -1.701438 -0.425855
0.253609 -3.734136 -0.385555
1.644775 -2.424858 -0.470138
-4.713139 -0.284103 0.060544
-2.767900 1.192385 -0.239530
-3.072134 1.077531 -0.275708
-2.062609 1.938155 -0.301566
-2.722868 1.211355 -0.247959
-1.666613 1.566618 -0.275377
-1.922767 1.150228 -0.214587
-0.769854 2.377769 -0.341011
-1.130246 1.725801 -0.334694
-1.327082 1.634148 -0.313688
-1.496679 1.599142 -0.303304
-1.041649 1.770706 -0.334417
-1.830183 -0.410767 -0.139294
0.031472 1.408107 -0.356402
-0.081925 0.754994 -0.346220
-0.606716 -0.493653 -0.175013
-4.303956 -0.168518 0.111742
-4.316118 -0.342292 0.088770
-3.890935 -0.161548 0.130050
-4.068182 -0.348140 0.134281
-4.184064 -0.560483 0.109663
-3.803966 -0.311567 0.141167
-3.842895 -0.477625 0.157075
-3.581161 -0.568561 0.102396
-3.528710 -0.744306 0.120075
-3.577433 -1.027251 0.189322
-3.695669 -1.079624 0.163860
-3.862406 -1.439150 0.145964
-4.068437 -1.656298 0.131103
-3.493152 -1.205483 0.195250
-3.541574 -1.293844 0.178377
-3.675677 -1.589574 0.127936
-3.404838 -1.509278 0.206906
-3.456964 -1.717113 0.204500
-3.717941 -1.929111 0.156250
-3.860972 -2.126991 0.151234
-3.492559 -2.041441 0.208317
-3.657087 -2.242507 0.162388
-1.825995 -0.407852 -0.006062
-3.139187 -1.936419 0.123114
-1.669880 -0.336646 -0.008198
-3.087716 -2.372204 0.251072
-3.405715 -2.798944 0.181985
2.582480 3.685087 -4.740730
-4.827714 0.572374 -0.488670
-3.559425 -1.713866 -0.451478
-3.403544 -1.854712 -0.451656
-3.356735 0.804879 -0.579656
-3.218009 -2.432559 -0.413313
-3.033797 0.035074 -0.551335
-2.992689 -0.300087 -0.535918
-2.861809 1.116390 -0.526271
-2.896235 -0.251848 -0.545997
-2.930897 -0.398458 -0.533485
-2.797984 -0.590454 -0.533317
-2.698725 -1.114447 -0.511031
-2.706860 1.188328 -0.494820
-2.624703 -0.774913 -0.488295
-2.428401 -0.426318 -0.579616
-2.291680 -0.566593 -0.584051
-1.691948 1.460562 -0.577774
-1.376199 1.570285 -0.604379
-1.429072 1.518998 -0.572256
-1.451728 -0.325318 -0.566596
-1.193147 1.618966 -0.603141
0.930616 0.283867 -0.759272
1.536943 -1.514300 -0.653971
2.257104 3.131273 -0.918144
2.348459 2.824530 -0.906987
-4.345481 0.622935 -0.377899
-3.923186 -2.270005 -0.177251
-3.251508 -2.558974 -0.117203
-3.239625 -2.577755 -0.166487
-2.824381 1.156528 -0.267912
-2.535783 1.245101 -0.260914
-2.649250 1.194784 -0.342666
-2.477096 1.223185 -0.350704
-1.907057 1.927465 -0.419401
-1.892087 1.042773 -0.276673
-1.811293 -0.461573 -0.361410
-1.631403 1.476026 -0.471410
-1.544974 -0.362913 -0.368773
-1.341760 1.574178 -0.471233
-1.243751 -0.271987 -0.480250
-1.162430 1.626568 -0.428088
-1.181654 -0.264477 -0.297441
-1.015621 1.694688 -0.462461
-0.597510 1.929727 -0.419960
-0.520594 1.771517 -0.368236
0.829736 1.337130 -0.517074
1.482241 0.129289 -0.496432
1.606920 -0.848142 -0.470750
-6.996080 -0.382058 0.240514
-4.388898 -0.382537 0.146515
-4.367217 -0.717647 -0.054130
-3.947989 -0.152868 -0.046332
-3.453754 -3.468315 0.157782
-2.656253 1.203156 -0.213876
-1.880097 1.057635 -0.171351
-1.826892 -0.449050 -0.113682
-1.531944 -0.358970 -0.168079
-1.273187 -0.278416 -0.128615
-1.152605 1.644163 -0.258458
-1.141513 -0.225346 -0.107043
-0.982031 1.716157 -0.262042
-0.657135 2.094828 -0.343439
-0.599830 -0.597688 -0.075188
-0.029751 0.652919 -0.288792
3.076317 2.846437 -0.477098
-3.475698 -3.029891 0.302156
-3.492251 -3.125950 0.173860
-3.119302 -2.411049 0.231444
-3.055222 -2.646066 0.229772
-3.270383 -3.033885 0.204361
-1.767569 -0.423495 0.027597
-1.271045 -0.277752 -0.018024
-1.163057 -0.235776 -0.022811
-0.624144 -0.769795 -0.018492
-4.636292 -1.201679 -0.363622
-4.665483 0.544490 -0.460233
-3.126594 -1.900596 -0.431282
-3.139633 -2.386504 -0.418384
-2.951166 -1.976117 -0.432332
-2.722155 -2.480639 -0.418045
-2.893650 -0.441769 -0.506906
-2.831629 -0.657885 -0.497356
-2.479609 -2.522475 -0.423186
-2.954356 1.085189 -0.497960
-2.575092 -0.884423 -0.460577
-2.467661 -1.238930 -0.484475
-2.640995 1.178925 -0.490566
-2.297287 -0.669587 -0.556273
-2.211429 -1.333770 -0.491080
-2.490391 1.221893 -0.517948
-2.212848 -0.711552 -0.556473
-1.410391 1.552304 -0.570484
-1.236436 -0.274284 -0.503893
-1.200455 1.601647 -0.631582
0.564352 1.597089 -0.781878
0.790275 1.301498 -0.786931
0.972321 0.770206 -0.762085
1.115944 0.385960 -0.765804
1.827962 3.128654 -0.825194
2.332417 3.097919 -0.882328
2.377332 2.848307 -0.902433
-6.930120 -0.186985 -0.072155
-6.931337 -0.368226 -0.055584
-6.769781 -0.075012 0.004293
-6.017953 0.235273 -0.075225
-5.752398 0.323268 -0.018767
-5.687476 0.569731 -0.064466
-3.536776 -2.704216 -0.219360
-3.203046 -2.589601 -0.211909
-3.168727 0.991799 -0.285132
-2.973738 1.089438 -0.302487
-2.691669 1.161894 -0.288927
-2.485547 1.230690 -0.279304
-1.796437 -0.467679 -0.250993
-1.579200 -0.383273 -0.305367
-1.650095 1.490219 -0.488575
-1.656982 1.475232 -0.337864
-1.372264 -0.320330 -0.349031
-1.479018 1.538917 -0.414918
-1.576361 1.495440 -0.402498
-1.176969 -0.141219 -0.317374
-1.155678 -0.232096 -0.432155
-1.311169 1.581626 -0.450652
-0.951439 1.697178 -0.453077
-0.571958 1.927016 -0.370686
-6.889035 -0.171756 0.145574
-3.929295 -0.174691 -0.054861
-3.175943 -4.244843 0.116655
-2.896606 1.114511 -0.110792
-2.662780 1.178582 -0.115439
-2.510201 1.229147 -0.143395
-1.792497 -0.470454 -0.104250
-1.527299 -0.355238 -0.184986
-1.380018 -0.319057 -0.060916
-1.596075 2.251839 -0.057522
-1.430236 1.560729 -0.170569
-1.135995 -0.222705 -0.064318
-1.201010 1.609907 -0.157116
-1.101143 1.655400 -0.240890
-0.738494 2.702805 -0.140911
-0.622758 1.982297 -0.330197
-0.452210 2.895203 -0.172509
-0.049650 0.687416 -0.306598
-0.238409 2.878910 -0.191186
0.264560 2.876554 -0.236957
0.599541 2.921335 -0.270673
-3.322330 -2.927480 0.224406
-3.145928 -3.041687 0.210779
-3.053147 -3.779658 0.221287
-3.054042 -2.384646 0.242838
-2.972829 -2.789465 0.256509
-2.925524 -2.896606 0.234004
-2.833167 -3.224595 0.277896
-2.749851 -3.368695 0.199247
-1.380211 -0.322340 0.019033
-5.743548 0.301367 -0.381343
-5.018800 -1.110622 -0.417917
-5.089955 0.556536 -0.492344
-4.856063 0.479924 -0.487267
-3.012518 -2.529015 -0.443271
-3.029554 -3.029688 -0.412271
-3.035389 -0.726688 -0.516129
-2.877693 -2.436260 -0.436046
-3.141312 1.031880 -0.510013
-2.797260 -0.983116 -0.487414
-2.740609 -1.113403 -0.511723
-2.271971 -3.317148 -0.454925
-2.903814 1.095245 -0.471058
-2.686193 -0.455861 -0.557844
-2.599189 -0.639349 -0.556493
-2.501733 -0.744367 -0.570973
-2.463813 -1.335470 -0.491389
-2.252735 -2.625660 -0.452504
-2.650945 1.166496 -0.524856
-2.409971 -0.771399 -0.564308
-2.253448 -1.314561 -0.475615
-2.468377 1.236423 -0.523734
-1.703183 -0.411641 -0.493047
-1.619143 1.498693 -0.580962
-1.519351 1.534399 -0.568016
-1.276909 1.612703 -0.634404
0.847599 0.512735 -0.751526
0.894022 0.315845 -0.749113
2.159539 0.430473 -0.777805
2.291067 3.275690 -0.898426
2.379601 2.923151 -0.858185
-6.923722 -0.219996 -0.119519
-6.799743 -0.115445 -0.043232
-5.697050 0.538507 -0.076079
-4.371224 -0.739156 -0.148310
-3.984920 -0.069573 -0.261637
-3.390707 -2.608814 -0.236586
-3.236428 -4.721551 -0.198888
-3.373816 -2.142992 -0.202241
-3.142932 1.039255 -0.303140
-2.883338 1.109211 -0.302575
-2.685701 1.169864 -0.292962
-2.400833 -0.745102 -0.335541
-2.481047 1.233534 -0.345335
-1.784178 -0.431295 -0.404222
-1.602621 -0.390829 -0.406176
-1.674209 1.487005 -0.463621
-1.418443 -0.332412 -0.297079
-1.438525 1.565252 -0.377501
-1.270654 1.604079 -0.435662
-1.040678 1.698108 -0.464712
-0.590112 1.934355 -0.379695
0.526127 -0.008496 -0.475975
0.952459 1.579207 -0.504306
0.882259 1.329312 -0.464692
-4.381082 -0.688130 -0.062716
-3.956675 -0.190103 -0.058290
-3.087992 1.059386 -0.116397
-2.842902 1.125965 -0.116263
-2.672410 1.176066 -0.139544
-2.453727 1.226241 -0.169388
-1.815162 -0.455203 -0.189335
-1.612902 -0.385039 -0.065584
-1.714134 2.280648 -0.059569
-1.650169 1.506469 -0.189415
-1.412916 -0.321506 -0.064610
-1.460621 1.559326 -0.169422
-1.159132 -0.204579 -0.178638
-1.214763 1.609705 -0.234238
-0.924587 2.850045 -0.131354
-0.700633 2.888950 -0.149949
-0.459819 2.918676 -0.169257
0.244404 2.797337 -0.226133
-3.657197 -3.496683 0.197300
-3.385443 -3.025580 0.182704
-3.350202 -3.525185 0.174620
-3.140874 -2.993255 0.223650
-3.151074 -3.142898 0.174645
-3.051357 -3.732450 0.187792
-3.010151 -2.627841 0.233408
-2.878759 -2.977098 0.194431
-2.889472 -3.287416 0.289910
-2.726723 -3.363086 0.181717
-2.575866 -4.492002 0.220025
-2.421170 -5.745254 0.306026
-2.574538 -4.016348 0.251685
-1.570581 -0.388850 0.013751
-5.309405 0.581582 -0.461636
-3.265753 -2.427442 -0.386335
-3.350903 -0.854000 -0.490468
-3.111323 -2.575563 -0.436041
-2.977299 -2.927266 -0.453369
-3.117714 -1.102351 -0.481579
-2.990415 -1.241322 -0.475725
-2.924585 -1.439721 -0.469341
-3.124374 1.003042 -0.525765
-2.779773 -0.905204 -0.547512
-2.818377 -1.536381 -0.485519
-2.962270 1.052705 -0.488717
-2.522514 -1.474407 -0.453713
-2.695039 1.134607 -0.504438
-2.493162 1.214553 -0.507942
-2.586720 1.172815 -0.515297
-1.563682 1.504621 -0.604097
-0.015067 1.377776 -0.722374
0.488294 0.401765 -0.717081
0.555392 0.113096 -0.714657
0.558660 -0.185046 -0.700876
2.012613 0.345115 -0.750995
1.917529 2.828514 -0.868484
2.242054 3.350037 -0.746802
3.049238 2.937141 -0.772659
-4.392636 -0.813585 -0.105049
-3.957795 -0.299437 -0.313321
-3.327264 -2.096847 -0.342734
-3.150298 0.998165 -0.276312
-2.956266 1.055986 -0.277437
-2.716360 1.129092 -0.318654
-2.502699 1.216216 -0.365865
-2.570224 1.165064 -0.441909
-2.140363 0.987423 -0.322645
-1.858199 -0.492266 -0.361143
-1.691724 -0.439771 -0.408952
-1.715866 -0.449812 -0.256780
-1.680152 1.445899 -0.347578
-1.490534 1.541970 -0.426419
-1.284188 1.604592 -0.463140
-1.156508 1.623440 -0.514553
-0.639967 1.917191 -0.319450
0.853239 1.545910 -0.403944
1.176799 2.956241 -0.604626
-4.404449 -0.755020 -0.001132
-4.028774 -0.068531 -0.064546
-3.974441 -0.243563 -0.051365
-3.911311 -0.414940 -0.032685
-3.522668 -3.396588 0.155031
-3.372161 -3.813588 0.140601
-3.199474 -4.326182 0.124478
-3.149560 -4.535206 0.040125
-3.701998 -0.669424 -0.030466
-3.178057 0.978187 -0.111109
-2.964414 1.060614 -0.105371
-2.671807 1.169233 -0.157413
-2.697038 1.128096 -0.155128
-2.561749 1.168961 -0.119521
-1.228356 -4.905919 -0.047630
-1.848426 -0.491469 -0.078311
-1.193282 -4.565407 -0.035076
-2.018606 1.020388 -0.186728
-1.753422 -0.456471 -0.220680
-0.803999 -4.747035 -0.048679
-1.675228 1.474514 -0.174824
-0.749331 -4.527535 -0.054538
-1.549006 1.517938 -0.195296
-1.164303 -0.235772 -0.191501
0.613260 -0.173715 -0.235675
0.803027 1.333488 -0.275788
1.467012 -0.513279 -0.157590
-3.348285 -2.962453 0.213669
-3.299200 -1.881846 0.179847
-3.330121 -3.001666 0.221874
-3.207210 -3.041914 0.184723
-3.054698 -3.813871 0.215497
-2.992653 -3.997832 0.182462
-3.111963 -2.384709 0.209796
-3.049655 -2.864391 0.208533
-2.886972 -3.118377 0.214130
-2.527543 -4.469527 0.206156
-2.227071 -5.679278 0.249691
-1.528835 -4.813324 0.176275
-1.852612 -0.495247 0.034389
-1.110065 -4.948968 0.139474
-0.811586 -4.773156 0.115451
-1.314504 0.447564 -1.267854
-1.338132 0.361444 -1.230274
-5.078120 0.115660 -0.465533
-4.993322 0.609631 -0.489515
-4.965609 0.354989 -0.476622
-3.990013 0.088317 -0.507373
-3.717450 -2.278649 -0.435378
-3.558464 -0.791545 -0.492091
-3.381536 -2.594196 -0.386511
-3.274925 -1.206296 -0.494376
-3.185979 -0.652593 -0.534765
-3.094905 -0.820706 -0.530382
-3.042017 -1.459319 -0.486223
-2.915151 -1.479331 -0.480449
-3.171916 0.985591 -0.464754
-2.994010 -0.903884 -0.536913
-2.921479 1.090651 -0.460257
-3.012470 1.044474 -0.461892
-2.419844 1.261027 -0.474695
0.913130 1.536700 -0.742924
-6.878648 -0.181570 -0.170703
-6.116779 0.118393 -0.130482
-5.827774 0.295407 -0.172281
-5.694791 0.354040 -0.128051
-4.424891 -0.689087 -0.118059
-4.434299 -0.714236 -0.115810
-3.974988 -0.239761 -0.282397
-2.348435 -5.104279 -0.230140
-3.190490 0.967589 -0.259483
-2.866699 1.100318 -0.387707
-2.981177 1.050976 -0.328623
-2.756653 1.129261 -0.395369
-2.754069 1.100006 -0.422332
-2.456092 1.234509 -0.393515
-2.349905 1.128311 -0.355281
-2.205055 1.062292 -0.304309
-2.115825 0.944406 -0.320862
-1.761531 -0.924967 -0.431680
-1.566414 1.497969 -0.385633
0.622209 0.072081 -0.529477
0.637986 -0.146455 -0.519465
1.111763 -0.716134 -0.587315
3.143925 2.795160 -0.596426
-5.689335 0.659683 0.165578
-5.210828 0.808993 0.138270
-4.446014 -0.653099 -0.052699
-4.009572 -0.045383 -0.074347
-3.960168 -0.263704 -0.047186
-3.458207 -3.484936 0.152286
-3.361907 -3.773239 0.139001
-3.275309 -3.954180 0.157376
-3.347446 0.806879 -0.066098
-3.191997 0.953729 -0.068188
-2.037503 -4.934872 0.093372
-2.881634 1.109762 -0.179326
-3.006800 1.051668 -0.102354
-1.867014 -4.883998 0.105959
-1.612133 -4.845649 0.080859
-2.351647 1.153092 -0.178971
-1.314488 -5.057972 0.043299
-2.174691 1.044765 -0.143710
-1.746583 -0.918343 -0.066467
-1.135296 -4.933876 0.084243
-1.759985 -0.371940 -0.190015
-1.002466 -4.845441 0.019258
-1.376668 -0.293274 -0.199959
-0.742379 -4.539505 -0.001139
-1.529677 1.533050 -0.209970
-1.208715 -0.258043 -0.140366
1.419915 -0.419755 -0.135162
1.530958 -0.715992 -0.141889
-3.593313 -2.197572 0.183640
-3.240785 -3.038648 0.195347
-2.929778 -4.163488 0.213747
-3.323892 -1.681557 0.198442
-3.249483 -1.861184 0.198119
-3.088693 -2.441577 0.210405
-2.995563 -2.907534 0.190829
-2.903290 -2.974842 0.213212
-2.820444 -3.277952 0.227254
-2.479131 -4.316909 0.256556
-2.320752 -5.693281 0.277995
-2.093987 -5.628360 0.301069
-1.632355 -4.831831 0.178154
-1.277820 -4.763534 0.204883
-1.248640 -5.299539 0.221044
-1.138607 -4.842866 0.169228
-1.385931 -1.937068 0.052925
-1.251095 -2.321215 0.100031
-0.891650 -4.771181 0.135138
-0.638033 -4.495034 0.127612
-0.680494 -4.663470 0.189875
-0.546987 -4.462831 0.058549
-1.849173 0.889372 -1.383194
-3.381261 -4.762464 -0.327299
-2.416377 -5.138820 -0.391916
-2.096693 -4.724990 -0.379866
-1.367340 -4.970554 -0.382367
-6.142741 0.208235 -0.288875
-4.761331 -1.130240 -0.418897
-4.422744 -1.729161 -0.401494
-2.452651 -3.625911 -0.419719
-4.805365 -0.879087 -0.421379
-1.485222 -4.308195 -0.439182
-2.830041 -2.147898 -0.447781
-2.255073 -2.742651 -0.466006
-2.704532 -1.484466 -0.499390
-1.664332 -2.600802 -0.495206
-2.590765 -1.487915 -0.482668
-2.400239 -1.585520 -0.507423
-1.886438 -0.559332 -0.481455
-3.131017 1.008583 -0.492233
-3.000496 1.038998 -0.513571
-1.648130 -0.430520 -0.531382
-2.896159 1.071942 -0.510822
-2.661080 1.181051 -0.539164
-0.854309 1.206861 -0.663627
-2.708357 -4.045105 -0.310992
-1.816129 -4.567712 -0.325589
-1.715883 -4.495972 -0.311912
-1.360259 -4.562969 -0.339496
-5.643738 0.383807 -0.260796
-1.325490 -3.917354 -0.308818
-4.459825 -0.622969 -0.095701
-1.246708 -3.894490 -0.302331
-0.710526 -4.385720 -0.377314
-5.310432 0.681474 -0.239475
-3.992960 -0.171315 -0.221000
-3.968031 -0.349064 -0.197321
-2.369299 -1.330821 -0.238634
-3.238324 0.887415 -0.282017
-3.216911 0.847183 -0.421378
-1.854874 -0.755038 -0.287001
-3.146650 1.000061 -0.305126
-3.014431 1.047231 -0.287209
-1.679465 -0.423052 -0.391161
-1.627301 -0.426549 -0.432088
-1.529347 -0.386541 -0.408073
-2.573487 1.180673 -0.360723
-2.374442 1.121225 -0.361731
-2.382576 1.167593 -0.348295
-2.118523 1.008743 -0.363791
-0.704688 1.938016 -0.477631
0.159874 1.287552 -0.499902
-0.051733 1.944792 -0.558544
-2.132087 -4.966822 0.092098
-1.789937 -4.876492 0.108591
-1.407609 -5.093755 0.055625
-1.203125 -4.635132 0.008185
-4.339426 -0.809348 0.036280
-0.809191 -4.721423 -0.012212
-0.508090 -4.540281 -0.030205
-4.961074 0.883975 0.051544
-4.737160 0.475083 0.136515
-4.001457 -0.139663 -0.065070
-3.952202 -0.341386 -0.030075
-3.733889 -0.609074 -0.025761
-3.689639 -0.697289 -0.032503
-2.011770 -1.910411 0.064514
-1.799850 -2.055091 0.054577
-1.670458 -1.958914 0.044767
-1.777886 -0.926762 -0.037980
-1.893119 -0.637397 0.027243
-1.852897 -0.736158 -0.074389
-3.079644 1.038456 -0.126287
-1.637117 -0.398786 -0.041495
-1.608595 -0.390673 0.009495
-2.981910 1.095715 -0.133807
-2.840710 1.092683 -0.061416
-1.460669 -0.359305 -0.061921
-2.578910 1.185046 -0.126909
-2.391846 1.143281 -0.144183
-2.224512 1.005881 -0.040724
-1.281448 -0.313336 -0.010273
-2.382681 1.188577 -0.197267
-2.126728 1.022388 -0.169668
1.418181 -0.396891 -0.173939
-0.603191 1.862839 -0.340609
0.834724 1.520074 -0.199674
-2.306542 -5.678713 0.316375
-1.887711 -4.898254 0.210207
-1.649014 -4.830895 0.194530
-1.369943 -5.142827 0.186966
-1.333613 -4.802852 0.243457
-1.180929 -4.955585 0.197778
-1.047319 -4.648598 0.143997
-0.953523 -4.845474 0.207916
-0.737911 -4.632228 0.135034
-0.688481 -4.504056 0.187852
-1.031616 -3.161024 0.110001
-1.060703 -3.036701 0.127694
-1.387927 -2.057404 0.118007
-1.575191 -1.499876 0.095570
-1.881485 -0.502587 0.054941
-1.865251 -0.710097 0.049975
-1.763053 -0.445878 0.045057
-1.642607 -0.421019 0.034282
-1.568133 -0.366430 0.028585
-4.449822 -3.798091 -0.269263
-3.025781 -2.478540 -0.436608
-2.869619 -2.593906 -0.459331
-3.165518 -2.356521 -0.416432
-1.887669 -1.338431 -0.572029
-1.778320 -1.299156 -0.573512
-1.713775 -1.231926 -0.599216
-2.479917 1.246287 -0.589482
-1.446868 1.547133 -0.651072
-2.023307 -4.811913 -0.268465
-1.512172 -4.795848 -0.221186
-1.253717 -5.053320 -0.321707
-1.879303 -4.616329 -0.165428
-1.715955 -4.652503 -0.272927
-2.384076 -4.449945 -0.233223
-1.265554 -4.498690 -0.254250
-2.691022 -4.052423 -0.201668
-0.678053 -4.287319 -0.345963
-1.270466 -3.976691 -0.261360
-0.999055 -3.867311 -0.275719
-2.877379 -3.591506 -0.232352
-2.895025 -2.995808 -0.132611
-3.077173 -2.859484 -0.123127
-1.626501 -1.347382 -0.333477
-4.454646 -0.679024 -0.084272
-2.124342 -0.955793 -0.326185
-1.805874 -0.824445 -0.368848
-1.762704 -0.906783 -0.313237
-3.931262 -0.376934 -0.225816
-1.837407 -0.714249 -0.351062
-3.955724 -0.287622 -0.178766
-1.767890 -0.452055 -0.398614
-1.603272 -0.390294 -0.332855
-5.010709 0.843850 -0.225394
-3.462762 0.777479 -0.263121
-3.321946 0.811931 -0.287915
-3.222390 0.959569 -0.355913
-3.056585 1.035082 -0.357612
-2.193987 1.006644 -0.343061
-2.093165 1.003814 -0.364384
2.166844 0.532207 -0.854271
-2.939688 1.080652 -0.425177
-2.785578 1.124143 -0.370945
-2.569628 1.210458 -0.368811
-2.263595 1.040165 -0.378424
-2.081844 1.034943 -0.407266
-1.075987 -4.848677 0.107920
-0.751768 -4.720948 0.085812
-3.606333 -0.898647 -0.054774
-1.728118 -1.030675 -0.117145
-3.684940 -0.686713 -0.068877
-1.801840 -0.799301 -0.119669
-1.758543 -0.893022 -0.122141
-3.926511 -0.395209 -0.074834
-1.848071 -0.672677 -0.219111
-1.853177 -0.470948 -0.209313
-1.633914 -0.398057 -0.182379
-3.990243 0.597871 -0.082073
-3.486900 0.768712 -0.106885
-3.303159 0.834403 -0.181837
-3.184528 0.993409 -0.103323
-3.028757 1.048063 -0.164018
-2.160895 1.011343 -0.180283
-2.915659 1.093357 -0.190371
-2.775254 1.135989 -0.219118
-2.504223 1.205793 -0.227378
-2.264419 1.055784 -0.186224
-2.069456 1.025582 -0.228944
0.117689 1.368762 -0.250041
0.835577 1.614503 -0.334248
1.039860 3.012349 -0.434184
-1.791850 -0.819727 0.011597
-1.883885 -0.606692 0.025228
-1.729822 -0.413447 -0.013406
-1.663615 -0.396856 -0.021459
0.706857 -0.209280 -0.099582
0.624562 -0.004024 -0.118890
0.880436 -0.014710 -0.200788
1.233785 -0.007464 -0.254771
0.545068 0.212957 -0.104045
0.624431 0.244674 -0.124639
0.902646 0.205655 -0.224254
1.228149 0.272824 -0.270611
0.528013 0.476772 -0.122872
0.605662 0.405009 -0.147711
0.881845 0.422827 -0.181345
1.156447 0.456169 -0.276536
0.019230 0.694310 -0.128563
0.112937 0.637624 -0.117633
0.482092 0.634568 -0.138633
0.763528 0.705883 -0.224902
1.111564 0.537257 -0.279559
0.203817 1.282202 -0.146524
0.506372 1.400453 -0.231244
-3.165686 0.895301 -1.437999
-2.061906 -4.663666 -0.388455
-2.374636 -4.523035 -0.359234
-2.796829 -2.497101 -0.452490
-2.496796 -2.540071 -0.471494
-2.194256 -2.501739 -0.485028
-4.978895 -2.737281 -0.192687
-3.076080 -2.404938 -0.433416
-2.941255 -2.469437 -0.446273
-1.645707 -1.272418 -0.491162
-1.810353 -0.746447 -0.530044
-3.011670 1.060135 -0.513458
-1.290507 -4.115148 -0.389011
-0.720562 -3.984738 -0.433107
-2.880043 -3.611426 -0.250419
-4.228933 -1.963370 -0.042126
-4.148316 -1.501640 -0.012503
-1.709342 -1.079365 -0.329957
-1.796171 -0.862399 -0.364588
-1.755179 -0.914970 -0.390334
-1.813556 -0.697200 -0.350103
-3.268990 0.835724 -0.239426
-3.143034 1.018416 -0.295180
-2.314948 1.128716 -0.387104
-2.092182 1.027980 -0.391284
-5.020283 0.813040 -0.143537
-4.575176 0.961394 -0.116680
-3.149130 1.034160 -0.354367
-2.892894 1.115767 -0.338980
-2.524069 1.222629 -0.398982
-0.606295 1.815045 -0.605874
-1.178550 -4.835717 0.078970
-3.063924 -2.857028 0.116169
-3.951286 -1.897441 0.024806
-1.685737 -1.068798 -0.138404
-1.800909 -0.786858 -0.154021
-1.749261 -0.916508 -0.135093
-3.564842 -0.944238 -0.004854
-3.890461 -0.280281 0.028704
-2.042842 0.979443 -0.204259
0.530834 1.444119 -0.307444
-3.388028 0.824692 0.048905
-3.296158 0.874494 -0.099336
-3.091365 1.027194 -0.081900
-2.260839 1.101753 -0.184592
-2.104192 1.034243 -0.203845
-4.609391 0.973060 0.059486
-2.938796 1.097206 -0.159155
-2.854430 1.128817 -0.131771
-2.607143 1.199221 -0.177583
-2.441843 1.242225 -0.246415
-1.516921 1.520592 -0.245821
1.078151 2.979102 -0.429369
1.961474 3.222385 -0.524282
0.725077 0.013545 -0.165887
1.002116 0.055627 -0.255696
0.649901 0.150504 -0.146130
0.930056 0.310578 -0.213949
1.177698 0.341875 -0.302761
0.457266 0.478217 -0.125361
0.663918 0.426107 -0.168149
0.916339 0.552690 -0.264342
1.047337 0.576589 -0.296308
0.100481 0.597623 -0.113775
0.605543 0.693110 -0.187654
0.806606 0.777602 -0.270728
-0.110532 0.773710 -0.192207
0.040027 0.705859 -0.205067
0.207291 1.316990 -0.166520
0.537395 1.451958 -0.262116
0.095851 2.041963 -0.221329
-0.031148 2.585067 -0.221876
0.134018 2.660387 -0.304388
0.486986 2.775359 -0.268554
1.845763 3.041430 -0.467580
0.709919 2.854036 -0.296607
0.798277 2.891702 -0.367529
1.271336 3.042965 -0.415309
1.655742 3.187223 -0.411056
2.206832 3.370550 -0.447044
2.298652 3.426114 -0.365772
-2.093150 -4.545463 -0.400661
-1.258674 -4.410382 -0.440173
-3.267537 -4.744032 -0.285075
-1.160649 -3.888065 -0.396194
-0.816476 -3.987591 -0.436921
-2.597380 -3.760070 -0.349881
-2.871981 -3.580080 -0.287579
-4.310605 -3.191888 -0.319323
-2.751407 -2.443945 -0.457807
-2.479324 -2.483615 -0.470192
-2.954307 -2.338153 -0.449173
-1.694028 -1.135508 -0.504251
-1.796666 -1.088508 -0.542410
-1.769181 -0.871573 -0.555871
-0.951029 -3.220445 -0.356363
-2.929843 -2.943546 -0.240961
-3.888455 -2.197694 -0.034756
-1.595337 -1.365524 -0.235768
-1.661071 -1.175367 -0.390061
-4.125919 -1.475200 -0.130232
-1.718088 -0.994892 -0.365373
-1.762718 -0.835525 -0.384595
-3.292893 0.821501 -0.375812
-2.235366 1.051039 -0.487150
-2.011693 1.016774 -0.526298
-3.216212 0.986851 -0.396052
-3.050446 1.046076 -0.419928
-2.812387 1.124197 -0.450792
-2.530018 1.210134 -0.384050
-2.446572 1.219726 -0.499326
-5.079124 0.809399 -0.254580
-3.046693 -2.832102 0.077094
-3.376121 -1.912610 -0.027517
-1.545933 -1.450858 -0.227450
-1.630128 -1.211633 -0.157132
-1.720228 -0.991284 -0.069520
-1.709054 -1.017435 -0.153777
-1.772284 -0.816533 -0.226237
1.121224 0.349027 -0.292053
-4.408583 -0.441116 0.168759
-3.863677 -0.390006 -0.042089
1.011923 0.582062 -0.290236
1.112398 0.557750 -0.472177
-4.562779 -0.290903 0.168374
0.886244 0.805678 -0.286679
1.072136 0.865282 -0.337803
-5.084873 0.335252 0.159310
-3.260176 0.819513 -0.168089
-2.101094 1.020242 -0.252628
-3.074978 1.038503 -0.198416
-2.781903 1.126971 -0.230395
-2.547605 1.209269 -0.239367
-2.323794 1.142421 -0.257754
-5.194690 0.811117 0.129108
-5.001181 0.937701 0.104684
-4.787475 1.030677 0.081534
2.509904 2.763825 -0.618212
0.469695 2.756865 -0.358484
-1.756225 -0.929774 0.015330
0.575066 0.289881 -0.139216
0.751367 0.276714 -0.165849
0.939372 0.310258 -0.219209
0.475315 0.494070 -0.141599
0.621817 0.483430 -0.169622
0.866004 0.507806 -0.226521
-0.090057 0.645765 -0.162124
0.185531 0.615907 -0.130262
0.469138 0.632412 -0.163831
0.535567 0.747900 -0.222907
0.789166 0.736807 -0.236016
0.226575 1.254678 -0.168716
0.501802 1.426073 -0.262461
0.105289 2.043371 -0.255202
0.324042 2.703043 -0.277409
0.391559 2.725350 -0.303271
0.588366 2.796112 -0.303076
0.993335 2.930147 -0.297499
1.204067 2.999167 -0.417799
1.361877 3.059856 -0.356614
1.908543 3.085667 -0.463516
3.031420 3.280411 -0.357940
1.893411 3.231821 -0.434002
-2.962346 0.636882 -1.323778
-1.313702 -4.384883 -0.453227
-0.981205 -3.829549 -0.488844
-0.885763 -3.462435 -0.463134
-1.567115 -1.584894 -0.578198
-1.662959 -1.220502 -0.612908
-1.744672 -1.015448 -0.527973
-3.037803 -2.928008 -0.253541
-1.590167 -1.421561 -0.446072
-4.095597 -1.638791 -0.217908
-1.660445 -1.175235 -0.361479
-4.146779 -1.439330 -0.083145
-1.739650 -0.962007 -0.338672
-4.136034 -1.287033 -0.127076
-1.878262 -0.545111 -0.384676
-3.879747 -0.386618 -0.151330
-2.225142 1.054490 -0.536835
-1.994308 1.036310 -0.588256
-3.245356 0.960709 -0.374778
-3.072368 1.050659 -0.410933
-2.833214 1.117727 -0.439341
-2.606861 1.195483 -0.467494
-2.434862 1.215211 -0.547795
-5.016376 0.848457 -0.277652
-4.523614 1.010839 -0.182970
-1.306935 1.593103 -0.561261
-1.346555 -5.028934 0.008653
-2.022486 -4.935387 0.035529
-0.989769 -3.039958 0.037314
-3.961454 -1.926548 0.036217
-1.642200 -1.189386 -0.136097
-4.126692 -1.430803 0.065080
-1.729005 -0.989298 -0.065742
-1.699356 -1.042912 -0.126316
-1.793894 -0.752845 -0.161418
1.199062 0.310384 -0.359671
-3.888221 -0.405536 -0.012239
-3.869377 -0.373200 -0.031565
1.119593 0.569310 -0.365628
0.832171 0.722852 -0.326389
1.033642 0.782310 -0.374439
-3.889363 0.627880 -0.119079
-3.326436 0.821849 -0.165467
-2.204521 1.043845 -0.173030
-2.075406 1.039505 -0.329012
0.501460 1.395728 -0.349257
-3.225259 0.971756 -0.158960
-3.025445 1.079212 -0.202767
-2.785140 1.148278 -0.242361
-2.551523 1.207936 -0.274233
-2.306857 1.155527 -0.287937
-5.126425 0.807358 0.014849
0.078062 2.025029 -0.360454
1.910023 2.940615 -0.607229
1.940814 3.231646 -0.604971
0.721177 0.231536 -0.200300
0.928468 0.217923 -0.246278
1.123008 0.272060 -0.317877
0.500995 0.433937 -0.179033
0.607911 0.493256 -0.213453
0.866139 0.451995 -0.257339
-0.039691 0.588477 -0.201684
0.446923 0.657386 -0.199631
0.792482 0.681811 -0.267159
-0.105241 0.764001 -0.206063
0.227677 1.248973 -0.214960
0.554464 1.378354 -0.288498
0.517130 2.768706 -0.329253
0.724341 2.835318 -0.326319
0.826709 2.868354 -0.310840
1.214382 2.997096 -0.400725
1.540947 3.109399 -0.387796
1.665220 3.150482 -0.382754
2.080380 3.243735 -0.527797
-3.009707 0.698500 -1.361578
-2.090087 -5.254174 -0.351057
-1.869614 -4.557201 -0.338494
-2.436477 -3.099642 -0.453217
-2.156126 -3.113914 -0.475976
-1.780763 -3.063215 -0.505637
-2.961597 -2.968551 -0.410579
-2.756985 -2.948343 -0.420914
-2.479356 -2.952202 -0.454423
-3.051502 -2.837553 -0.403077
-1.682608 -1.127996 -0.541559
-1.716977 -1.018780 -0.533316
-3.102312 1.035471 -0.501166
-2.795254 1.091015 -0.518834
-1.353985 -5.071475 -0.356395
-2.036159 -4.885127 -0.281156
-1.490465 -4.815646 -0.241995
-1.186365 -4.731147 -0.261684
-1.809759 -4.613970 -0.246336
-3.317843 -4.732981 -0.151451
-2.434867 -4.455739 -0.165240
-2.892145 -3.559720 -0.097656
-1.643015 -1.174343 -0.361603
-4.098539 -1.487134 -0.051651
-1.708328 -1.038240 -0.259281
-1.731050 -0.941114 -0.409625
-1.755721 -0.806462 -0.321108
-3.225432 0.846067 -0.267752
-2.073207 1.029603 -0.383676
-3.173008 1.022954 -0.218534
-2.997257 1.071391 -0.287864
-2.818729 1.138235 -0.332047
-2.591809 1.195540 -0.365538
-2.354760 1.199346 -0.391721
2.148520 3.298768 -1.068876
-1.298990 -5.011035 0.103825
-1.003373 -4.882986 0.058888
-0.724930 -4.724725 0.014394
-0.563070 -4.526058 -0.087916
-0.395850 -4.449182 -0.127806
-3.339168 -1.914004 -0.005924
-1.580389 -1.345365 -0.212029
-1.618922 -1.182991 -0.149071
-1.706184 -0.986777 -0.113968
-1.681902 -1.030270 -0.169452
-1.768367 -0.702001 -0.142026
1.193536 0.492255 -0.439422
-3.839923 -0.387753 -0.015302
-3.346380 0.819507 -0.079528
-3.287163 0.860810 -0.117725
-2.246920 1.081717 -0.155656
-3.152496 1.013125 -0.076600
-2.978017 1.076074 -0.116487
-2.809759 1.132091 -0.162715
-2.586578 1.203447 -0.195447
-2.382325 1.296893 -0.211594
1.413323 3.060524 -0.517853
1.919542 2.999976 -0.584396
0.796959 0.132083 -0.246630
1.004606 0.181101 -0.300206
0.781626 0.364552 -0.253573
0.919679 0.349840 -0.288675
0.658294 0.569353 -0.248906
0.829262 0.631492 -0.295125
1.354542 0.611708 -0.230741
-0.063847 0.679331 -0.219415
0.688249 0.815704 -0.274502
0.783398 0.717176 -0.286772
-0.070919 0.816879 -0.207582
0.356751 1.312258 -0.260944
0.660778 1.404652 -0.339828
0.219043 1.360848 -0.224640
0.362244 2.708696 -0.290769
0.558609 2.780528 -0.404734
0.713413 2.830037 -0.347413
0.998182 2.932853 -0.328264
1.281338 3.020568 -0.485553
1.504797 3.097336 -0.395480
1.904243 3.057220 -0.546636
1.937985 3.246542 -0.459645
-2.960259 0.637211 -1.230299
-2.294616 -5.116762 -0.274013
-1.310825 -5.074420 -0.352062
-1.819426 -4.554335 -0.317181
-2.491191 -3.087536 -0.433120
-2.121252 -3.083958 -0.456457
-1.748131 -3.030839 -0.483125
-3.009814 -2.926813 -0.391868
-2.762800 -2.953233 -0.406287
-3.011513 -2.792814 -0.383603
-1.661148 -1.100098 -0.499334
-1.698403 -0.990916 -0.491849
-3.193188 1.013045 -0.452384
-2.981752 1.086523 -0.486164
-2.777731 1.130263 -0.513686
2.063834 2.972152 -1.041119
-2.007703 -4.805919 -0.271608
-1.448006 -4.823089 -0.236267
-0.529642 -4.538389 -0.292674
-3.284471 -4.735005 -0.154360
-1.810976 -4.581116 -0.198518
-1.735838 -4.620762 -0.279682
-1.233718 -4.459445 -0.229908
-2.400033 -4.438711 -0.159676
-1.138604 -3.930953 -0.299921
-3.952672 -1.903773 -0.019616
-1.613976 -1.172770 -0.326167
-4.113651 -1.368560 -0.024188
-1.699960 -0.946993 -0.359206
-1.751148 -0.799362 -0.340241
-3.820194 -0.405442 -0.191187
-3.341553 0.810726 -0.235356
-2.073471 1.034142 -0.343526
-3.165733 1.033543 -0.226916
-2.939998 1.102667 -0.255471
-2.733620 1.163146 -0.297944
-2.526121 1.230122 -0.328972
-2.268188 1.130971 -0.315095
-5.037189 0.843276 0.001319
-4.604191 0.990219 -0.018968
-1.183621 -4.737524 0.132413
-0.677567 -4.454481 -0.042964
-3.343305 -3.491687 0.240824
-4.304554 -2.478404 0.328781
-3.312257 -1.880661 0.020066
-1.560220 -1.318915 -0.172054
-3.941792 -1.783548 0.141007
-1.604386 -1.141213 -0.109987
-4.064388 -1.389826 0.065843
-1.692981 -0.955802 -0.080330
-1.672437 -1.004456 -0.111072
-1.792936 -0.593776 -0.193132
-3.836774 -0.367507 0.021864
1.055984 0.790057 -0.331018
-3.338260 0.859330 -0.118387
-3.208676 0.819930 -0.048398
-2.202042 1.059754 -0.108412
-2.057304 1.062721 -0.139811
0.645389 1.459643 -0.302430
-3.157391 1.034865 -0.070244
-2.952593 1.084226 -0.058516
-2.746167 1.158883 -0.129700
-2.456216 1.244356 -0.166138
-2.246370 1.152066 -0.134671
0.777820 2.858791 -0.438024
1.534018 3.099481 -0.550138
2.051836 3.277125 -0.505580
0.878044 0.172547 -0.193754
1.020410 0.219288 -0.237159
0.814659 0.401015 -0.193712
0.947987 0.383135 -0.193748
0.694275 0.606443 -0.189279
0.846286 0.669467 -0.231782
1.367874 0.650958 -0.162137
0.024820 0.603826 -0.174328
1.279935 0.924939 -0.167710
-0.060851 0.775279 -0.176946
0.239697 1.390467 -0.190016
0.649277 1.427399 -0.270174
0.124051 2.024856 -0.261392
0.490777 2.766696 -0.322016
0.732290 2.847058 -0.247536
0.906288 2.906694 -0.211959
1.235913 3.014998 -0.399545
1.448042 3.080402 -0.336179
2.043339 3.148186 -0.434185
1.622995 3.153372 -0.344853
2.487574 3.445695 -0.377251
-2.963660 0.589535 -1.299037
-2.335181 -5.091124 -0.237463
-2.066823 -4.627571 -0.247721
-1.276654 -4.272225 -0.350837
-1.156273 -3.848510 -0.353311
-2.651836 -3.114845 -0.403432
-2.468487 -3.134179 -0.410041
-2.084142 -3.179009 -0.434246
-2.966035 -2.966988 -0.391241
-2.829177 -3.057362 -0.393727
-3.106736 -2.815124 -0.368838
-2.359532 -2.041985 -0.484289
-2.684382 -2.022267 -0.467977
-1.906594 -1.691109 -0.534384
-1.833144 -1.641868 -0.542146
-1.663040 -1.142670 -0.567136
-1.759484 -0.950790 -0.526359
-1.711217 -0.996251 -0.528071
-3.033165 1.045726 -0.582736
-2.597776 1.155623 -0.618693
-2.234731 -5.096292 -0.183696
-1.318820 -5.070141 -0.146270
-2.035532 -4.720124 -0.107656
-1.970887 -4.664507 -0.177471
-1.702610 -4.530967 -0.188386
-2.499425 -4.369348 -0.180712
-2.807331 -4.065712 -0.111782
-2.590974 -4.043046 -0.096485
-3.863384 -2.149595 -0.002473
-3.960472 -1.884319 -0.119374
-1.629925 -1.209635 -0.357503
-4.135213 -1.401844 -0.099257
-1.706352 -1.003775 -0.367935
-1.807336 -0.721688 -0.365234
-1.753786 -0.854216 -0.476787
-3.853523 -0.426337 -0.232786
-3.225611 0.820905 -0.245800
-2.218721 1.086298 -0.391604
-1.989456 1.026875 -0.426224
-3.208553 1.008669 -0.371257
-3.081413 1.053180 -0.338610
-2.831306 1.129934 -0.379035
-2.594459 1.210505 -0.403587
-2.358818 1.196692 -0.420057
-5.132415 0.808091 -0.120505
-4.521243 1.008989 -0.190328
1.403592 3.039474 -0.947660
-0.638926 -4.450471 0.015316
-0.812628 -3.542280 -0.015401
-3.989971 -1.858106 0.007279
-3.344672 -1.907794 -0.014043
-3.285840 -1.912285 -0.009395
-1.588905 -1.336420 -0.189134
-4.175077 -1.643468 0.053118
-3.984743 -1.563824 0.154618
-1.624326 -1.185169 -0.141582
-1.718926 -0.984995 -0.117444
-1.688378 -1.048683 -0.150498
-1.792608 -0.701919 -0.145410
1.149710 0.333201 -0.302355
-3.857142 -0.375218 -0.063951
1.019637 0.570310 -0.303876
0.839317 0.779071 -0.300753
-4.830883 -0.114849 0.164376
-3.371563 0.839648 -0.148974
-3.278095 0.845170 -0.186847
-2.228333 1.061458 -0.192227
-3.224900 0.943913 -0.160340
-3.048022 1.065279 -0.178422
-2.770559 1.150427 -0.206387
-2.513230 1.233769 -0.264822
-2.321156 1.179387 -0.251744
-4.670464 0.949077 -0.134513
0.582258 2.787706 -0.459950
1.297970 3.022182 -0.553527
1.869216 3.022361 -0.619942
0.692904 0.132749 -0.165312
0.967217 0.190062 -0.215925
0.657150 0.353699 -0.177958
0.930837 0.339331 -0.230918
0.579377 0.566313 -0.186877
0.843038 0.568795 -0.240166
-0.050773 0.619826 -0.202808
0.817786 0.731485 -0.266909
-0.115109 0.800385 -0.212665
0.178714 1.369551 -0.206307
0.519620 1.441383 -0.305466
-0.521771 1.802481 -0.238947
0.378054 2.733534 -0.388670
0.655075 2.825198 -0.287306
0.977771 2.926018 -0.432089
1.376774 3.067037 -0.351384
3.071556 3.210593 -0.382819
1.553968 3.139812 -0.321367
1.863298 3.224526 -0.516105
2.433471 3.423605 -0.437561
-2.110420 -5.184839 -0.277558
-1.389784 -5.039721 -0.394647
-2.367276 -4.908635 -0.311051
-3.264314 -4.760693 -0.259643
-2.275713 -2.821389 -0.448500
-2.019476 -2.834517 -0.471021
-2.984338 -2.693494 -0.407171
-2.837934 -2.762773 -0.419399
-2.483756 -1.934992 -0.491895
-1.626320 -1.206737 -0.521062
-1.723752 -0.946076 -0.541871
-1.775974 -0.849525 -0.538287
-1.746724 -0.858606 -0.508410
-3.203894 0.992257 -0.561576
-3.045385 1.028043 -0.558635
-2.864223 1.109399 -0.580331
-2.589765 1.162569 -0.598860
-1.522624 -4.766384 -0.281509
-1.865551 -4.643452 -0.252389
-1.296868 -4.480234 -0.276552
-1.278854 -4.497972 -0.313113
-0.722103 -4.351264 -0.285342
-3.821653 -2.282710 -0.053735
-1.567846 -1.344851 -0.386225
-1.611122 -1.220979 -0.344295
-4.130250 -1.420279 -0.013051
-1.754042 -0.947519 -0.436338
-1.704992 -0.984258 -0.378575
-1.756757 -0.799876 -0.329779
-3.838904 -0.397283 -0.105013
-3.361778 0.813904 -0.280742
-3.215372 0.880985 -0.267509
-2.194809 1.062294 -0.551027
-2.063195 1.027055 -0.431421
-3.183459 0.956951 -0.289030
-3.000469 1.058233 -0.325286
-2.802946 1.132036 -0.345759
-2.580107 1.194096 -0.385815
-2.267253 1.103016 -0.376532
-5.068952 0.831591 -0.175228
-0.912476 -4.672658 0.086950
-0.660222 -4.470205 0.066602
-0.362660 -4.478560 0.040615
-3.258631 -3.832167 0.209002
-1.607308 -1.204722 -0.166684
-4.093689 -1.430972 0.069530
-3.370767 -1.417771 -0.029296
-1.683419 -1.035394 -0.138057
-1.792851 -0.613356 -0.211801
1.179146 0.358876 -0.328821
-3.845415 -0.373628 -0.058182
0.992584 0.524246 -0.313252
1.159851 0.638059 -0.345357
0.821966 0.727018 -0.313207
-5.843384 0.283944 0.095989
-3.283195 0.860138 -0.095936
-2.048782 1.042689 -0.225450
0.563809 1.418612 -0.336094
-3.154972 1.027512 -0.094318
-2.989260 1.072221 -0.098488
-2.725269 1.131964 -0.129552
-2.468542 1.205355 -0.175361
-2.260649 1.134827 -0.208662
-4.804162 0.911841 -0.018362
0.111627 2.007382 -0.330129
0.495064 2.735919 -0.415891
1.293244 3.006393 -0.524509
1.434286 3.029016 -0.539336
1.919627 2.983500 -0.583887
1.963014 3.205418 -0.567748
0.706773 0.266991 -0.187400
0.974624 0.298305 -0.246709
0.527364 0.481963 -0.170150
0.587089 0.428617 -0.191630
0.883074 0.524404 -0.269345
-0.057478 0.621115 -0.182804
0.497809 0.632104 -0.195820
0.812434 0.737253 -0.272162
0.278849 1.273734 -0.221450
0.238789 1.323759 -0.187475
0.426585 1.368936 -0.275882
0.463693 2.739727 -0.268544
0.781715 2.840147 -0.285196
0.987489 2.905300 -0.344140
1.585667 3.106981 -0.344919
1.793845 3.177058 -0.477686
1.896002 3.208331 -0.401077
2.117734 3.287836 -0.416004
-1.447789 -5.194055 -0.353302
-1.201397 -4.833588 -0.345137
-2.098968 -4.643606 -0.331842
-1.526000 -4.558199 -0.376285
-2.939261 -2.528543 -0.369718
-2.802025 -2.584539 -0.381053
-1.544498 -1.396253 -0.558552
-1.602953 -1.216856 -0.479677
-1.734318 -0.917916 -0.513747
-1.754937 -0.835827 -0.486033
-1.742286 -0.841105 -0.492239
2.202400 0.620215 -0.997748
-1.641633 1.455376 -0.613439
-1.223550 -3.884384 -0.274009
-0.960192 -3.834198 -0.296894
-0.735220 -3.696637 -0.312984
-2.918993 -2.931297 -0.098125
-3.906957 -1.934259 0.002790
-1.598364 -1.205819 -0.292374
-4.114686 -1.409667 0.017403
-1.669252 -1.015042 -0.362653
-1.796894 -0.640249 -0.434812
-1.736145 -0.794416 -0.322790
-3.441836 0.768076 -0.262127
-3.230665 0.862878 -0.381014
-2.153835 1.048256 -0.418610
-2.093318 1.043703 -0.427282
-3.171854 1.003881 -0.219885
-3.016413 1.056212 -0.322622
-2.787487 1.116353 -0.381458
-2.616128 1.186830 -0.363043
-2.391107 1.266111 -0.295471
-4.965538 0.853430 -0.105899
-1.276145 -5.015644 0.188929
-1.194034 -4.802234 0.177144
-3.098915 -4.273948 0.233551
-3.900173 -1.925270 0.157784
-1.578659 -1.206647 -0.114474
-1.698171 -0.908393 -0.108239
-1.651505 -1.034681 -0.098000
-1.744360 -0.752475 -0.135176
-3.826664 -0.366896 -0.034795
0.849264 0.693938 -0.314029
-5.809343 0.301087 0.191654
-3.352451 0.826551 -0.070426
-2.142893 1.048590 -0.236965
-2.020976 1.043104 -0.227537
0.601655 1.434071 -0.333388
-3.159251 0.976375 -0.087370
-2.974044 1.084715 -0.151929
-2.757910 1.143778 -0.125317
-2.469894 1.225992 -0.178142
-2.232790 1.128024 -0.207469
0.123013 2.052213 -0.324916
0.148900 2.633819 -0.370278
0.381412 2.724950 -0.391366
0.788927 2.865795 -0.441840
1.624188 3.151417 -0.533766
1.938669 3.222969 -0.572987
-1.156530 -4.737188 0.207931
-0.884737 -4.581445 0.175109
-1.720952 -0.858469 0.051427
0.764612 0.249041 -0.175851
1.007645 0.296104 -0.238716
0.536987 0.476294 -0.177087
0.929963 0.510336 -0.292703
-0.031161 0.622465 -0.209656
0.433161 0.627802 -0.179518
0.852014 0.746064 -0.299308
1.247154 0.944644 -0.212634
-0.101765 0.771662 -0.208574
0.278965 1.228243 -0.200641
0.588135 1.424111 -0.287492
0.669861 1.446667 -0.334637
3.116634 3.139731 -0.437565
0.518967 2.772557 -0.350872
0.711638 2.835591 -0.339795
0.907208 2.905140 -0.282389
1.219443 3.011431 -0.433853
1.526474 3.111671 -0.411088
1.958868 3.141468 -0.558884
2.094170 3.296135 -0.452527
3.031746 3.459013 -0.500789
-2.497961 -4.198402 -0.406742
-1.290640 -3.985806 -0.405699
-0.717172 -3.938702 -0.459231
-1.155833 -3.641322 -0.513997
-2.787166 -3.638643 -0.292373
-4.439209 -3.472556 -0.210431
-2.418056 -2.504648 -0.480071
-2.138502 -2.469291 -0.492788
-1.701128 -1.409729 -0.583847
-1.627750 -1.275576 -0.566135
-1.824497 -0.985109 -0.532493
-1.779031 -0.840396 -0.550343
-3.058796 -2.834283 -0.207666
-1.593272 -1.372599 -0.464344
-1.643306 -1.221826 -0.407838
-4.132500 -1.442762 -0.131102
-1.699656 -1.016973 -0.399477
-1.766115 -0.805171 -0.387496
-3.211730 0.839083 -0.347413
-2.158905 1.030687 -0.501380
-2.089890 1.025476 -0.420554
-5.410480 0.533416 -0.271447
-3.052198 1.043039 -0.423552
-2.829859 1.124975 -0.452788
-2.568620 1.195069 -0.483879
-4.983300 0.847393 -0.222215
-1.274769 -4.998352 -0.049335
-2.985332 -2.898770 0.075903
-3.744859 -2.370433 0.092441
-3.840673 -2.211832 0.078075
-3.945787 -1.912662 0.028826
-3.308718 -1.900818 -0.037293
-1.611598 -1.222265 -0.163505
-4.129727 -1.425945 0.040615
-3.357596 -1.414296 0.048421
-1.676859 -1.056296 -0.156941
-1.779793 -0.732210 -0.135423
1.096621 0.436477 -0.335623
-4.433886 -0.485358 0.179103
-3.864311 -0.424676 -0.018561
1.001688 0.674476 -0.334205
-4.940712 -0.134136 0.193562
-5.168077 0.295768 0.178928
-5.038036 0.453351 0.156375
-3.291429 0.821880 -0.172862
-2.014363 1.029780 -0.303614
-3.380739 0.857879 -0.032916
-3.181143 0.989982 -0.187271
-3.021467 1.057478 -0.203795
-2.749050 1.145048 -0.240742
-2.472533 1.255230 -0.285587
-2.231990 1.093255 -0.281377
-5.282101 0.776953 0.149864
-5.132541 0.938468 0.125433
0.963529 0.186599 -0.238041
0.577797 0.257809 -0.175710
0.630894 0.308396 -0.198532
0.892379 0.410393 -0.253146
0.461250 0.572375 -0.180057
0.636453 0.583202 -0.218234
0.841299 0.642789 -0.275110
-0.064311 0.641553 -0.208721
0.194211 0.608540 -0.242605
-0.068548 0.930506 -0.240373
0.400736 1.316740 -0.251916
0.222539 1.336686 -0.269893
0.566335 1.438972 -0.305748
0.362182 2.726720 -0.332075
0.759752 2.853653 -0.338577
0.985429 2.926329 -0.410049
1.510419 3.107695 -0.442415
1.544774 3.124733 -0.340725
2.047184 3.015934 -0.494461
1.584551 3.130690 -0.462074
1.909661 3.242020 -0.488811
2.978176 3.446990 -0.419115
-1.269889 -4.139835 -0.388540
-1.062422 -3.902224 -0.406642
-0.744318 -3.966124 -0.424590
-0.885366 -3.669680 -0.450094
-2.145140 -2.434984 -0.455050
-6.265059 -2.974511 -0.106075
-1.408854 -1.848231 -0.538936
-1.749710 -1.005822 -0.508606
-1.674067 -1.118368 -0.487981
-1.759281 -0.855790 -0.533277
-2.913479 -2.925913 -0.187422
-3.042152 -2.850215 -0.191123
-1.467638 -1.617579 -0.240414
-1.622213 -1.206419 -0.324890
-4.050138 -1.489974 -0.097505
-1.743045 -0.916890 -0.414746
-1.682298 -1.014238 -0.344103
-4.132522 -1.346963 -0.100766
-1.739464 -0.826266 -0.375033
-3.553359 0.766432 -0.393308
-2.212569 1.044107 -0.531579
-1.996758 1.029410 -0.562365
-3.185801 0.932707 -0.404975
-3.045053 1.058268 -0.423763
-2.798451 1.139572 -0.458365
-2.521022 1.194251 -0.506919
-2.221474 1.076272 -0.527031
-4.506247 1.030243 -0.213633
-2.433129 1.276418 -0.487994
-1.306895 1.585613 -0.643961
-1.304360 -4.979455 0.091050
-3.840190 -2.194052 0.101576
-3.933878 -1.861225 0.068243
-1.605644 -1.204247 -0.132897
-4.113531 -1.411697 0.085345
-3.342903 -1.400714 0.071447
-1.709580 -0.958936 -0.045662
-1.657067 -1.070621 -0.130259
-3.846557 -0.349338 -0.019431
1.138114 0.640094 -0.342531
-4.227498 -0.228852 0.175014
-0.103429 0.631286 -0.222675
1.074437 0.894583 -0.348807
-3.278769 0.821441 -0.161293
-2.152213 1.076458 -0.185136
-2.081074 1.043858 -0.312111
-3.196891 0.956107 -0.193813
-2.963552 1.087344 -0.214728
-2.748571 1.152518 -0.238711
-2.495804 1.227266 -0.290635
-2.266018 1.132398 -0.287622
-4.549483 0.982662 -0.020771
1.137047 2.974654 -0.518822
2.030453 2.987974 -0.612955
1.557970 3.103736 -0.585166
2.055949 3.256074 -0.608704
0.647409 0.300874 -0.173586
0.941699 0.318639 -0.231936
0.525027 0.530139 -0.175932
0.577930 0.463965 -0.183971
0.888963 0.592036 -0.270223
-0.074309 0.670155 -0.163879
0.174208 0.622711 -0.162455
0.485899 0.664808 -0.189252
0.801353 0.781365 -0.258366
0.247250 1.292438 -0.200858
0.253145 1.349961 -0.229278
0.414759 1.399789 -0.306239
0.339537 2.724994 -0.341457
0.602207 2.798987 -0.280325
0.946778 2.917550 -0.373432
1.223121 3.018102 -0.387829
1.785076 3.204411 -0.444569
1.808055 3.209874 -0.484576
2.083579 3.245209 -0.450013
-2.892880 0.427521 -1.274353
-1.891957 -4.568995 -0.413932
-1.644280 -4.490709 -0.430073
-2.405497 -4.454803 -0.357642
-1.246644 -4.222022 -0.376019
-0.733938 -4.120965 -0.427013
-1.026951 -3.920552 -0.482309
-0.808084 -3.837968 -0.527864
-2.697561 -2.817316 -0.432425
-2.284986 -2.885212 -0.462203
-2.003876 -2.848295 -0.477226
-3.168352 -2.567649 -0.399261
-1.786971 -1.892211 -0.551511
-1.456435 -1.695731 -0.592327
-4.042194 -1.684957 -0.335015
-3.144536 1.022546 -0.512366
-2.943137 1.069072 -0.531665
-2.712072 1.131827 -0.571718
-2.475716 1.218621 -0.603011
-1.132418 -3.842691 -0.353654
-2.830352 -2.956183 -0.161436
-1.420527 -1.742275 -0.260648
-3.851696 -2.106951 -0.068073
-1.493672 -1.575526 -0.382023
-3.929748 -1.908816 -0.045773
-1.562203 -1.362985 -0.337878
-1.535775 -1.409900 -0.420498
-3.352176 -1.422545 -0.127188
-3.138273 0.979248 -0.348927
-2.153363 1.051003 -0.538073
-4.986014 0.862834 -0.193469
-3.151793 1.010897 -0.253417
-2.950709 1.074407 -0.347537
-2.674283 1.160956 -0.309664
-3.096362 -4.425735 0.148769
-3.774962 -2.189384 0.102292
-1.471475 -1.569760 -0.165068
-3.920662 -1.886351 0.102366
-1.541799 -1.400107 -0.124988
-1.516583 -1.433203 -0.193053
-3.324234 -1.405274 0.000320
-1.813061 -0.708227 -0.112145
-4.830925 0.539043 0.193957
-3.052665 1.026482 -0.161312
-2.126551 1.056458 -0.328712
-1.989789 1.049421 -0.291089
-5.018799 0.903105 0.181408
-2.786006 1.114490 -0.211471
-4.789106 1.006588 0.147488
-4.956435 1.441427 0.125485
1.952875 2.971168 -0.639297
1.485142 3.090157 -0.606000
-1.582956 -1.280755 0.004992
-1.791030 -0.630981 -0.005299
0.238024 1.311400 -0.248580
-1.605913 1.535915 -0.159450
1.095100 2.975262 -0.471729
1.330845 3.044984 -0.510495
1.926578 3.081378 -0.582926
2.026235 3.206512 -0.595776
1.917276 3.251707 -0.557654
-1.301261 -4.974384 -0.333633
-2.363041 -5.113997 -0.285177
-1.796637 -4.762466 -0.335232
-3.303150 -4.618191 -0.236225
-3.202624 -4.545785 -0.247561
-2.494383 -4.462242 -0.256099
-2.647909 -4.020756 -0.203887
-2.502524 -3.202285 -0.400824
-2.300221 -3.214429 -0.405211
-2.445967 -3.119576 -0.396543
-1.358564 -1.974079 -0.504944
-1.426460 -1.852973 -0.499483
-1.618415 -1.501561 -0.509831
-4.864708 -0.843191 -0.370967
-2.349937 1.272226 -0.645529
-1.544058 1.480436 -0.760822
-1.301502 -4.095640 -0.257059
-1.159463 -3.882609 -0.253887
-1.386657 -1.930800 -0.386025
-1.340442 -2.032309 -0.326085
-1.430833 -1.755997 -0.352440
-1.397654 -1.839389 -0.439265
-3.890479 -2.020712 -0.013037
-1.505995 -1.546559 -0.322632
-4.174795 -1.110934 -0.047356
-2.039224 0.998712 -0.407727
-3.009144 1.024310 -0.333545
-1.363644 -1.943785 -0.114666
-1.332380 -2.004831 -0.146446
-1.394430 -1.845507 -0.119592
-1.635889 -1.203711 -0.083226
-1.693103 -1.089356 -0.053432
-3.482666 -0.939115 -0.000782
1.008047 -4.790319 -4.924233
-1.244034 -3.961798 -2.702489
-2.619416 -0.228036 -1.188178
-1.325878 -4.842861 -0.415382
-2.101429 -4.712512 -0.364658
-1.815741 -4.555792 -0.406356
-1.638552 -4.578583 -0.363858
-2.270711 -4.570328 -0.386650
-3.132680 -4.343856 -0.348552
-2.644824 -4.022068 -0.298814
-2.537076 -2.824607 -0.446601
-1.414137 -1.922943 -0.471079
-1.428966 -1.827230 -0.480534
-1.406645 -1.890243 -0.479297
-3.887658 -1.084057 -0.451499
-5.079250 -0.851082 -0.407964
-1.551718 1.534174 -0.635707
-0.943838 -3.869684 -0.330600
-1.173669 -3.852402 -0.305753
-1.357753 -1.988711 -0.310758
-1.442079 -1.753274 -0.354175
-1.380903 -1.896699 -0.310368
-3.929295 -2.038637 -0.108488
-1.477750 -1.653461 -0.231083
-2.039480 1.004607 -0.354105
-3.032403 1.023735 -0.277127
-2.933597 1.040603 -0.253525
-2.190149 1.056527 -0.487976
-1.108782 1.605155 -0.546921
-0.660174 -4.498472 0.121235
-1.297771 -2.186231 -0.158975
-1.339602 -2.009222 -0.089087
-3.873596 -2.202273 0.078367
-1.412290 -1.844086 -0.090235
-1.659536 -1.240355 -0.049499
-1.715982 -1.107836 -0.031569
-3.645296 -1.047050 -0.001483
-3.543155 -0.981653 -0.006585
-3.377579 0.789871 -0.166232
-5.126699 0.792088 0.131019
-1.689125 -1.133322 0.041111
-2.166125 -3.877226 -0.430928
-1.799549 -3.872033 -0.445164
-2.686998 -3.755012 -0.408185
-2.437774 -3.768529 -0.414859
-2.744325 -3.654195 -0.404099
-1.595698 -2.470759 -0.519958
-1.392762 -1.937501 -0.464475
-1.422652 -1.810675 -0.491537
-5.469202 -1.154857 -0.365191
-1.356960 -5.082003 -0.162223
-2.367282 -5.145672 -0.184233
-2.171524 -5.084774 -0.136945
-1.913237 -4.646756 -0.143196
-1.712863 -4.588864 -0.120211
-2.402552 -4.454442 -0.097204
-1.675403 -4.481486 -0.171559
-2.568856 -4.003642 -0.070612
-1.283914 -2.201646 -0.307098
-1.380240 -1.960276 -0.274541
-1.351750 -2.004252 -0.335266
-1.438306 -1.775807 -0.359117
-1.388154 -1.883512 -0.292256
-1.700094 -1.134342 -0.246684
-2.277201 1.103083 -0.445538
-2.463519 1.252520 -0.475823
-0.665670 -4.670742 0.072719
-0.450311 -4.528824 0.008184
-1.368644 -1.929372 -0.112267
-1.331946 -2.031190 -0.097242
-1.403518 -1.849343 -0.072877
-1.481694 -1.601703 -0.090685
-1.675801 -1.204693 -0.079376
-1.777719 -1.110222 0.034230
-1.718619 -1.105612 -0.014182
-1.949901 0.997225 -0.201365
-3.099133 0.996776 -0.124485
-2.857246 1.101531 -0.186327
-4.237687 1.102850 0.109919
-1.656199 1.508983 -0.096433
-2.157472 -5.087808 -0.264578
-2.194045 -3.689496 -0.443745
-2.025067 -3.701229 -0.452016
-2.661635 -3.505883 -0.407254
-2.519357 -3.626004 -0.429893
-2.962047 -3.441256 -0.411392
-2.157757 -2.755001 -0.481920
-1.339250 -2.077339 -0.477482
-1.447822 -1.764857 -0.482271
-5.359656 -1.275077 -0.370595
-2.226704 -5.103613 -0.212479
-1.471447 -4.837109 -0.213931
-1.180759 -4.920686 -0.235336
-1.960352 -4.679897 -0.210816
-1.738438 -4.576403 -0.211516
-2.449525 -4.478599 -0.160400
-2.613726 -4.042535 -0.126673
-2.862647 -3.529921 -0.090846
-1.389630 -1.965124 -0.346906
-1.336702 -2.078391 -0.281227
-1.427297 -1.825736 -0.302881
-1.402564 -1.868143 -0.377760
-1.479317 -1.655924 -0.279762
-1.702707 -1.147096 -0.231914
-4.220907 -1.208081 -0.105499
-4.197306 -1.179634 -0.052304
-2.255837 1.083118 -0.397482
-2.201059 0.983245 -0.480630
-2.440930 1.249511 -0.427794
-0.932885 -4.828087 0.103050
-0.702056 -4.709579 0.066393
-0.517858 -4.511353 0.030824
-3.057870 -4.472518 0.189609
-1.340187 -2.042470 -0.127191
-0.019421 -1.734076 -0.075804
-1.402686 -1.865714 0.008876
-3.229541 -1.976652 -0.050902
-1.644322 -1.251660 -0.046791
-1.713469 -1.135137 0.013393
-3.147277 0.992607 -0.174433
-2.827204 1.105790 -0.206579
-1.709270 -1.173780 0.050393
-1.342917 1.575880 -0.101308
-2.375404 -5.150644 -0.250923
-1.356759 -5.105251 -0.305384
-1.971957 -3.827018 -0.445322
-1.634958 -3.821513 -0.466432
-2.602578 -3.684395 -0.410915
-2.375406 -3.759325 -0.422424
-2.137080 -3.806755 -0.435131
-1.316504 -2.170839 -0.443974
-1.269937 -2.289515 -0.460593
-1.374437 -1.982984 -0.492466
-1.414801 -1.884210 -0.442772
-2.136330 0.456234 -0.578426
-4.247642 0.647804 -0.414136
-2.192119 -5.122027 -0.207681
-1.189734 -4.951697 -0.233623
-1.468048 -4.865442 -0.210496
-1.961634 -4.713515 -0.178277
-1.722618 -4.587621 -0.202376
-0.565954 -4.493313 -0.246072
-2.397221 -4.508194 -0.152240
-2.547507 -4.271525 -0.146986
-2.666347 -4.018508 -0.132973
-0.880028 -3.461458 -0.263105
-2.939003 -3.589671 -0.084420
-1.298154 -2.230386 -0.280691
-1.278438 -2.251396 -0.305302
-1.354993 -2.040652 -0.308483
-3.242675 -2.052314 -0.043975
-1.667151 -1.273346 -0.204306
-4.250960 -1.025884 -0.091851
-2.155118 1.000510 -0.385597
-2.930165 1.010385 -0.225812
-2.903891 1.049226 -0.392482
-2.563246 1.142925 -0.337506
-1.495068 1.483757 -0.510311
-1.247060 1.536498 -0.538961
-2.371198 1.490483 -0.475706
-0.669352 -4.694778 0.104880
-0.478203 -4.541872 0.070099
-0.994684 -3.057215 -0.163736
-1.294750 -2.199673 -0.113784
-1.245499 -2.332155 -0.091837
-1.340514 -2.091589 -0.025112
-1.642352 -1.313560 -0.074554
-4.151670 -1.290460 0.019923
-3.044766 0.959953 -0.112092
-2.672378 1.083093 -0.160526
-1.309242 1.541903 -0.126449
-1.075844 1.611802 -0.150077
-0.984257 -4.596806 0.157333
-1.644240 -1.321498 0.055119
-2.244930 -5.116194 -0.312186
-1.304479 -5.096363 -0.314323
-1.956137 -3.722734 -0.443588
-1.671143 -3.681765 -0.448464
-2.510418 -3.617704 -0.423306
-2.383165 -3.686227 -0.435671
-1.240269 -2.371965 -0.478986
-1.342853 -2.069730 -0.462510
-5.381213 -1.551011 -0.304678
-2.171818 0.483776 -0.593155
-2.045227 -4.699174 -0.245147
-1.838677 -4.630866 -0.241517
-1.670581 -4.573236 -0.272511
-0.565589 -4.394662 -0.295528
-2.498490 -4.414037 -0.225157
-2.726483 -4.048154 -0.179263
-3.115532 -2.671259 -0.082714
-1.238591 -2.375264 -0.314667
-1.299202 -2.177362 -0.326435
-1.556578 -1.527564 -0.203657
-4.115215 -1.518799 -0.030073
-1.827949 -0.698426 -0.230873
-2.205360 1.044423 -0.366445
-3.048853 1.036208 -0.310703
-2.823951 1.125591 -0.384347
-2.616677 1.162824 -0.357465
-2.395369 1.260513 -0.344365
-1.527909 1.529446 -0.469052
-1.474415 -4.796300 0.003664
-1.155433 -2.585643 -0.080403
-1.232134 -2.371841 -0.100638
-1.279901 -2.270957 -0.110039
-1.530022 -1.633374 -0.110944
-1.641574 -1.474481 0.053717
-1.577593 -1.509799 -0.003938
-3.356665 -1.495305 0.011247
-3.582238 -1.099137 0.008625
-1.818820 -0.680282 -0.074737
-3.082764 0.997458 -0.161185
-1.432884 1.548665 -0.098144
-1.619530 -1.549711 0.065059
-1.545522 -1.566132 0.056536
-2.316539 -5.105947 -0.258738
-1.977955 -3.992590 -0.437656
-2.630615 -3.717127 -0.397799
-1.102569 -2.835661 -0.532467
-1.136866 -2.683861 -0.475830
-1.272987 -2.349914 -0.471099
-4.425533 -1.563783 -0.421498
-3.168978 0.224286 -0.564758
-2.383356 0.647214 -0.622223
-2.107164 0.730859 -0.642879
-1.818052 0.797348 -0.665497
-1.444932 -5.108993 -0.252331
-1.253695 -4.928013 -0.242105
-1.715767 -4.497088 -0.202599
-1.182317 -2.628605 -0.316236
-1.223087 -2.470466 -0.343719
-1.279422 -2.303864 -0.297413
-3.659251 0.748192 -0.326520
-3.456334 0.823659 -0.325598
-3.251895 0.890262 -0.324320
-2.000082 1.027952 -0.324877
-1.784064 1.109069 -0.340168
-3.082126 1.046714 -0.339474
-2.659664 1.167652 -0.346218
-2.436332 1.225980 -0.394411
-2.213223 1.100546 -0.333785
-0.416817 -4.558950 0.103079
-1.100113 -4.404155 0.008856
-0.929745 -3.382093 -0.050719
-1.168254 -2.638884 -0.123631
-3.728826 -2.723796 0.000579
-3.115739 -2.667830 0.002228
-1.206660 -2.528386 -0.017515
-1.453061 -1.865371 -0.061644
-1.504729 -1.740217 -0.046391
-1.724521 -0.926318 -0.124232
-1.762194 -0.787907 -0.103005
-1.509933 -1.722398 0.050246
-2.514536 -5.185454 -0.255174
-3.784234 -3.951980 -0.267569
-1.141143 -3.799239 -0.470486
-0.910174 -3.683431 -0.438424
-1.121382 -3.369621 -0.521347
-1.114857 -2.803247 -0.429808
-2.250701 0.391985 -0.600056
-3.333366 0.779413 -0.506655
-1.504001 -4.787066 -0.064501
-2.723871 -4.087543 -0.148575
-3.434230 -3.571192 -0.113863
-3.730678 -2.690456 -0.098561
-3.091214 -2.735770 -0.117203
-2.987899 -2.862970 -0.116560
-2.869552 -2.964177 -0.268356
-0.938083 -3.318546 -0.391215
-3.112577 -2.636299 -0.154539
-1.084551 -2.834094 -0.291959
-1.043398 -2.923212 -0.235155
-4.349867 -0.821637 -0.194291
-1.674767 -1.083145 -0.218953
-1.641510 -1.198209 -0.285163
-2.303493 1.177532 -0.360610
-2.060439 1.036092 -0.335081
-1.832654 1.102163 -0.339323
-2.911184 -3.401241 -0.027869
-3.685091 -2.738437 0.059108
-3.044417 -2.827629 0.016373
-2.849612 -2.945267 0.008808
-3.767479 -2.383130 0.002514
-3.688515 -2.483596 0.056461
-3.106745 -2.664393 -0.002960
-1.010821 -3.033939 -0.009688
-1.081084 -2.818951 0.008239
-1.036817 -2.936636 -0.000263
-1.136939 -2.669341 -0.160535
-1.335943 -2.190238 -0.044111
-1.388589 -2.075921 0.032607
-1.582727 -1.355200 -0.131969
-1.679559 -1.050724 -0.080746
-1.626482 -1.240052 -0.111136
-3.918312 -0.029560 0.053085
-4.488038 1.014465 0.016096
-2.703892 1.144261 -0.036727
-2.538301 1.172509 -0.044386
-2.144871 1.052650 -0.032708
-2.405547 1.280494 -0.058950
-0.800555 -3.648732 0.172795
-1.081547 -2.816345 0.105325
-1.048729 -2.948918 0.108852
-1.382665 -2.085911 0.076929
-1.525715 -4.125392 -0.393560
-1.042193 -3.573408 -0.460409
-0.924629 -3.488908 -0.477257
-0.971181 -3.254671 -0.405904
-3.462146 -1.968259 -0.444049
-4.524191 -1.476648 -0.421357
-2.756649 0.218522 -0.590580
-2.569225 0.305693 -0.598917
-2.373076 0.390138 -0.609586
-2.174589 0.534673 -0.638434
-0.919150 -3.457539 -0.281793
-0.983397 -3.216922 -0.208173
-0.938305 -3.345789 -0.245379
-3.041882 -2.857859 -0.110074
-2.865754 -2.969161 -0.154705
-1.010354 -3.085357 -0.263484
-3.102999 -2.737194 -0.107563
-1.211197 -2.527857 -0.300235
-1.539019 -1.531831 -0.296419
-1.586224 -1.335504 -0.197944
-2.959435 1.062853 -0.331921
-2.708968 1.142061 -0.333186
-2.172747 1.041383 -0.308577
-1.918865 1.022344 -0.303076
-2.459360 1.254918 -0.341181
-1.192090 -4.916346 -0.014615
-1.541292 -4.825817 0.082954
-3.312558 -3.841573 0.115152
-3.484491 -3.409579 0.114452
-2.871371 -3.381582 0.038363
-0.885879 -3.482669 -0.079617
-0.980116 -3.208545 0.038687
-0.924104 -3.342551 0.001516
-3.038570 -2.854520 0.058870
-2.878853 -2.932512 0.056304
-1.039438 -3.056328 0.091578
-1.252449 -2.428204 0.045517
-1.274202 -2.359000 0.079408
-3.738446 -1.512648 0.161029
-1.503475 -1.673757 -0.092136
-1.574694 -1.421701 -0.097709
-1.546081 -1.495657 -0.103341
-1.617065 -1.246343 -0.075262
-4.528527 1.008593 0.047675
-3.292295 0.946847 0.005981
-3.323542 1.260701 -0.021245
-3.024721 1.042739 -0.011439
-2.797806 1.102362 -0.033867
-2.545953 1.180323 -0.043039
-0.963512 -3.229527 0.149318
-0.997432 -3.116118 0.142870
-3.073497 -5.571059 -0.234298
-1.495805 -4.388202 -0.397069
-1.538785 -3.967346 -0.432001
-1.064146 -3.870763 -0.467342
-0.940149 -3.803985 -0.492178
-0.884912 -3.611986 -0.464936
-0.914521 -3.390335 -0.397539
-4.588702 -1.973652 -0.335365
-4.428720 -2.140812 -0.349047
-2.699154 -0.178995 -0.547592
-2.514303 -0.107741 -0.557499
-2.796918 1.127124 -0.535291
-1.941574 1.005885 -0.592254
-2.521797 1.211107 -0.574454
-2.387647 -5.102621 -0.125780
-1.082118 -4.811036 -0.143255
-0.890323 -4.744847 -0.155614
-2.619486 -4.496581 -0.066455
-1.837635 -4.558754 -0.117569
-1.073554 -3.880792 -0.203043
-0.782092 -3.919124 -0.332273
-3.492006 -3.345394 -0.058575
-3.374828 -3.474813 0.009478
-0.850160 -3.547528 -0.263693
-0.934982 -3.335019 -0.261668
-2.886258 -2.973841 -0.194874
-2.865882 -2.983299 -0.246308
-1.001588 -3.091250 -0.236044
-1.122510 -2.771708 -0.289373
-1.087288 -2.809780 -0.206048
-1.465286 -1.692061 -0.249654
-1.540538 -1.519124 -0.265056
-1.488179 -1.674324 -0.377592
-3.241970 0.890013 -0.319974
-3.007231 1.068630 -0.338597
-2.734717 1.153659 -0.347456
-2.153543 1.063443 -0.339602
-1.876058 1.065980 -0.344597
-2.459105 1.243282 -0.359824
-3.364902 -3.684363 0.098893
-1.045620 -3.898072 -0.080436
-0.751143 -3.822698 0.010955
-3.477570 -3.322694 0.174839
-0.878729 -3.477977 0.096498
-0.834805 -3.572923 -0.018330
-0.901465 -3.373699 0.013352
-0.877027 -3.441865 -0.086143
-1.018881 -2.963347 0.036749
-1.057547 -2.914991 -0.145863
-3.145955 -2.336337 -0.004237
-1.167431 -2.566265 0.082736
-1.257542 -2.248544 -0.066873
-1.370918 -1.978676 -0.110773
-1.420040 -1.794975 -0.100005
-1.477022 -1.607595 -0.109703
-3.167545 1.135561 0.022841
-2.909529 1.101980 -0.006456
-2.723821 1.133504 -0.025803
-2.590552 1.209015 -0.036743
-2.450992 1.227556 -0.052267
-0.828903 -3.531946 0.122225
-0.916559 -3.324009 0.116138
-0.861009 -3.450456 0.117649
-1.100229 -2.724786 0.087283
-1.122738 -2.676973 0.086648
-1.858593 -1.844679 -1.204697
-3.591569 -4.846371 -0.296162
-3.650702 -4.662270 -0.291435
-2.216225 -4.537769 -0.356047
-1.438800 -4.338105 -0.391931
-1.059411 -3.871509 -0.446079
-0.916035 -3.376662 -0.368944
-0.878880 -3.482211 -0.407184
-4.913900 -1.873084 -0.405672
-4.581987 -1.900426 -0.413179
-2.894440 -0.035872 -0.551037
-2.681185 1.102037 -0.618778
-2.398213 1.159140 -0.646618
-1.085753 -4.850388 -0.161804
-3.171307 -4.365945 0.027422
-1.867891 -4.564101 -0.141009
-1.053524 -3.853106 -0.164285
-3.483861 -3.393005 -0.045631
-0.806025 -3.681334 -0.248286
-0.914301 -3.380534 -0.214547
-0.872561 -3.497175 -0.209900
-1.023390 -3.067356 -0.272727
-1.024556 -3.008718 -0.287383
-1.304640 -2.305594 -0.191286
-1.272863 -2.433190 -0.158064
-1.374583 -1.937860 -0.259036
-2.900894 1.105192 -0.283317
-2.622507 1.199188 -0.285509
-1.511136 -4.755226 0.127255
-1.128485 -4.872955 0.163715
-0.938979 -4.796490 0.200605
-0.673791 -4.446529 0.172266
-3.409378 -3.600379 0.101570
-0.752412 -3.825692 -0.031604
-3.481056 -3.354924 0.103427
-0.821735 -3.615952 0.015208
-0.890620 -3.410295 0.022663
-0.855312 -3.528384 0.022081
-1.000320 -3.110576 0.001818
-1.071524 -2.793378 0.059471
-1.074231 -2.841242 -0.125499
-1.097493 -2.730592 0.088552
-3.174232 -2.205428 -0.041124
-1.225840 -2.327385 -0.055876
-1.328485 -2.074971 0.003016
-1.397047 -1.829574 -0.089962
-1.438844 -1.643150 -0.142268
-2.881360 1.154159 -0.006937
-2.592232 1.226623 -0.038829
-0.809861 -3.617950 0.144901
-0.898480 -3.416941 0.156175
-1.046791 -2.831961 0.125515
-1.092105 -2.728362 0.124323
-1.850231 -1.858238 -1.283709
-0.706499 -3.950014 -0.441655
-0.827572 -3.643972 -0.374734
-0.899834 -3.506413 -0.392629
-4.952505 -2.047183 -0.382956
-2.711114 -1.489841 -0.520849
-3.221753 -4.764464 0.102976
-1.839256 -4.570443 -0.101193
-1.509449 -4.777535 -0.158932
-1.066238 -3.875802 -0.134991
-0.746704 -3.862153 -0.113941
-3.490101 -3.387846 -0.027098
-0.783422 -3.724848 -0.177081
-0.902314 -3.444851 -0.296416
-0.862584 -3.506397 -0.230137
-0.983378 -3.215719 -0.280040
-1.047938 -2.978316 -0.275614
-1.140766 -2.706438 -0.279836
-1.381574 -1.968551 -0.274250
-2.903647 1.093944 -0.319938
-1.487193 -4.815861 0.106517
-1.154196 -4.929217 0.035610
-3.094721 -4.483671 0.106557
-0.940292 -4.791613 0.146611
-0.755964 -4.496202 -0.053791
-3.407368 -3.642233 0.110250
-0.749811 -3.844166 -0.039407
-0.619469 -4.078545 -0.079512
-3.477168 -3.390867 0.107595
-0.803304 -3.636708 0.023798
-0.879215 -3.444778 0.066254
-0.858951 -3.509046 -0.036761
-0.973761 -3.139380 -0.008407
-1.019351 -2.981278 0.024806
-1.103874 -2.750702 0.024247
-3.176852 -2.321328 -0.012390
-1.239374 -2.366103 -0.100061
-1.325439 -2.163755 -0.092780
-1.393815 -1.899595 -0.110481
-1.493602 -1.606893 -0.094620
-1.473790 -1.668373 -0.194847
-3.055924 1.088861 -0.062988
-2.024030 1.020481 -0.307687
-2.624131 1.182141 -0.327772
-2.333926 1.236582 -0.333000
-0.779253 -3.681178 0.143232
-0.905932 -3.380176 0.141216
-0.841012 -3.546789 0.134202
-1.073657 -2.812272 0.093266
-1.104447 -2.711825 0.089941
-1.886746 -1.758670 -1.303561
-0.948431 -3.884661 -0.383203
-0.728687 -3.886310 -0.460743
-0.836150 -3.608498 -0.396718
-1.148784 -2.719042 -0.426782
-5.004702 -1.985404 -0.320860
-2.094859 1.015923 -0.589989
-2.409000 1.242011 -0.638317
-2.097173 -5.174479 -0.029295
-1.038198 -4.842489 -0.182496
-1.765491 -4.579069 -0.125505
-2.530866 -4.366679 -0.216281
-1.074382 -3.844452 -0.124865
-3.451353 -3.484883 -0.001521
-0.806070 -3.629217 -0.195705
-0.895871 -3.411931 -0.288406
-0.867111 -3.461211 -0.184561
-0.975792 -3.133370 -0.134387
-1.098093 -2.775642 -0.200285
-1.053826 -2.973952 -0.368756
-1.133260 -2.696907 -0.268195
-1.317142 -2.333243 -0.269606
-1.369322 -2.008598 -0.185950
-1.421512 -1.856471 -0.207781
-1.557973 -1.439835 -0.188368
-0.827642 -4.701016 -0.036384
-4.166142 -4.154645 0.333504
-0.720700 -4.428756 0.077417
-4.278066 -3.996973 0.336125
-0.736001 -3.833277 -0.029645
-0.579759 -3.994871 0.081627
-3.439996 -3.463166 0.128026
-0.800709 -3.630068 0.011628
-0.885702 -3.404772 -0.020469
-0.855071 -3.481998 0.079044
-0.939622 -3.248402 -0.101131
-1.094692 -2.821303 -0.003765
-1.011747 -3.009175 -0.057951
-1.141128 -2.677055 0.059203
-1.210040 -2.473217 -0.106142
-1.405244 -1.879503 -0.048249
-1.472263 -1.684182 -0.057500
-3.131048 1.042984 -0.153700
-2.857746 1.140009 -0.155788
-2.656060 1.197832 -0.085898
-2.451149 1.219978 -0.023591
-2.263551 1.083032 -0.144356
-0.812872 -3.591369 0.150147
-0.888189 -3.407029 0.145435
-0.833645 -3.492081 0.148508
-3.058831 -4.277642 -0.277897
-2.459451 -4.415817 -0.204066
-1.496712 -4.102938 -0.390483
-0.999190 -3.923064 -0.403602
-0.704065 -3.902598 -0.446831
-2.370563 -0.892597 -0.560260
-4.218365 0.676009 -0.427233
-3.454374 0.953958 -0.630300
-3.167314 1.021715 -0.632550
-2.006939 1.029522 -0.626165
-2.888507 1.106643 -0.642287
-2.609218 1.203177 -0.657860
-0.958863 -4.796735 -0.205325
-1.117010 -3.852262 -0.105038
-0.747715 -3.920110 -0.329175
-3.471957 -3.389779 0.033583
-0.823772 -3.600030 -0.207376
-0.903257 -3.363036 -0.236397
-0.870195 -3.473174 -0.253292
-2.833689 -2.999104 -0.109913
-0.992624 -3.122825 -0.251076
-1.091609 -2.792290 -0.256026
-1.049146 -2.929006 -0.264369
-1.126686 -2.738455 -0.323545
-1.272277 -2.358668 -0.260181
-1.351185 -2.023945 -0.201341
-1.398521 -1.869068 -0.244211
-1.501361 -1.610171 -0.336354
-1.452367 -1.736791 -0.312457
-2.373023 1.397822 -0.570357
-1.157575 -4.906713 0.039449
-0.908208 -4.806236 0.197372
-0.465355 -4.244365 0.029826
-1.020965 -3.889507 -0.056983
-3.423647 -3.450659 0.186937
-3.324629 -3.538968 0.235472
-0.796591 -3.638769 0.027130
-0.871041 -3.443421 -0.024697
-0.855097 -3.505556 -0.097335
-0.947784 -3.204351 -0.140211
-1.008913 -2.977700 -0.061109
-1.104583 -2.726250 0.062601
-3.192099 -2.336867 0.019276
-1.318329 -2.101328 -0.037098
-1.380451 -1.883049 -0.066357
-1.502356 -1.547402 -0.087573
-1.443432 -1.701621 -0.126060
-3.047011 1.104700 -0.017056
-2.756150 1.149836 -0.050303
-2.732482 1.136907 -0.184748
-2.477560 1.258931 -0.087760
-0.459364 -4.229593 0.142993
-0.830365 -3.534103 0.125743
-0.877696 -3.404378 0.133298
-0.833566 -3.508981 0.136217
-1.029578 -2.904528 0.094795
-1.100963 -2.676537 0.089803
-7.162108 -0.081477 -3.317363
-1.859738 -1.788333 -1.387888
-3.944496 -5.006361 -0.176512
-2.033073 -4.858728 -0.261332
-0.977972 -3.979436 -0.405416
-1.059271 -2.999827 -0.367272
-1.120745 -2.787509 -0.391793
-2.374836 -1.590512 -0.491203
-3.820457 0.817708 -0.610210
-3.244261 0.978774 -0.600454
-2.967797 1.083346 -0.604682
-2.695192 1.173001 -0.587161
-2.398318 1.210685 -0.598846
-1.159196 -4.899182 -0.116740
-1.480863 -4.791660 -0.087964
-0.918658 -4.772197 -0.142728
-3.119497 -4.376565 0.081653
-3.473677 -3.478253 -0.012943
-1.203449 -3.804796 -0.155930
-0.791612 -3.651352 -0.140207
-3.476435 -3.426659 -0.022052
-0.887310 -3.401286 -0.191212
-0.854691 -3.510767 -0.196139
-0.957360 -3.227358 -0.180226
-1.052489 -2.968135 -0.259924
-1.113966 -2.770059 -0.206927
-1.198174 -2.510725 -0.116191
-1.395696 -1.951835 -0.181693
-1.472923 -1.775560 -0.249529
-2.071268 1.010870 -0.563519
-1.466550 -4.795640 0.192088
-1.146109 -4.875673 0.103815
-0.919401 -4.732514 0.083584
-0.445205 -4.269631 0.020287
-0.588194 -4.014736 0.073570
-3.420131 -3.565564 0.138111
-3.325453 -3.612795 0.215105
-0.759099 -3.713800 0.079731
-3.482132 -3.382517 0.103343
-0.889339 -3.402279 0.022540
-0.841035 -3.528242 0.084095
-0.950113 -3.212778 -0.016610
-1.025183 -2.961803 0.001655
-1.149693 -2.622195 0.014090
-1.323810 -2.167395 0.016912
-1.386254 -1.941162 -0.023718
-1.463019 -1.751713 -0.063514
-1.547277 -1.494528 -0.148607
-3.098560 1.030762 -0.056580
-0.882827 -3.406824 0.197124
-0.808587 -3.553182 0.204973
-1.080400 -2.739792 0.150395
-0.308381 -6.370169 -2.308965
-1.872114 -2.006625 -1.323919
-2.503799 -4.869404 -0.302226
-1.177160 -4.562342 -0.308522
-1.303297 -3.830267 -0.352002
-3.752413 0.730445 -0.413111
-2.704522 1.176717 -0.550091
-2.405734 1.281507 -0.593558
-2.233161 -5.012584 -0.045306
-1.244530 -4.915008 -0.140710
-1.012944 -4.826598 -0.171071
-1.958905 -4.605914 -0.127783
-1.884553 -4.607354 -0.012000
-0.958847 -4.776367 -0.039677
-0.943705 -4.780759 -0.185099
-0.737372 -4.444179 -0.089994
-0.451160 -4.169932 -0.335739
-1.009425 -3.865154 -0.135521
-0.743690 -3.823295 -0.162269
-0.796205 -3.689763 -0.241472
-0.924180 -3.400481 -0.208209
-0.852074 -3.517165 -0.154083
-2.871220 -2.968622 -0.170523
-0.971363 -3.220548 -0.240007
-1.036297 -2.936915 -0.152174
-1.133904 -2.691533 -0.159237
-1.276902 -2.264151 -0.162575
-1.340306 -2.088682 -0.224641
-1.431630 -1.802304 -0.316061
-3.216417 1.009866 -0.432093
-2.926487 1.107857 -0.439233
-2.631640 1.205446 -0.448650
-2.310704 1.135486 -0.436280
-2.003060 1.050451 -0.424105
-1.498133 -4.797547 0.141889
-1.219517 -4.923542 0.067471
-1.111086 -4.891096 0.103040
-3.110482 -4.470391 0.166726
-3.147142 -4.339363 0.203579
-0.470152 -4.472359 0.027855
-0.459364 -4.180934 0.047511
-0.741259 -3.805137 0.055924
-0.570682 -4.002155 0.120969
-0.786687 -3.686060 0.025717
-0.910757 -3.359153 -0.015863
-0.970568 -3.119287 -0.020302
-1.067175 -2.866596 0.021641
-1.028230 -2.936805 0.033640
-3.227558 -2.368739 0.029211
-3.153800 -2.315300 0.023067
-1.330688 -2.092453 -0.044887
-1.389344 -1.875739 -0.074909
-3.072548 1.066917 -0.020519
-2.817079 1.133696 -0.054558
-2.533851 1.226928 -0.077106
-0.704540 -3.850457 0.142672
-0.790235 -3.641364 0.147711
-0.880301 -3.452894 0.160683
-1.068409 -2.836927 0.114611
-1.023712 -2.940498 0.113443
-3.469599 -5.749898 -0.295318
-2.144457 -5.064244 -0.295878
-0.746833 -3.868023 -0.369418
-2.817304 -0.866249 -0.522482
-2.051185 -0.488434 -0.555860
-3.456229 0.795659 -0.596179
-3.149644 0.897812 -0.620948
-4.148615 -5.934230 0.011635
-2.283821 -5.142443 -0.089823
-1.187256 -4.965696 -0.148770
-1.057528 -4.872936 -0.238644
-1.969510 -4.621252 -0.161812
-1.815277 -4.605872 -0.136072
-0.877197 -4.769198 -0.267008
-0.760667 -4.692430 -0.078737
-3.174309 -4.356571 -0.096870
-0.503111 -4.405363 -0.096357
-0.721983 -3.871772 -0.185759
-0.841728 -3.639664 -0.152766
-0.795938 -3.730831 -0.210949
-0.893534 -3.428816 -0.163597
-0.980792 -3.222412 -0.172106
-1.103395 -3.066949 -0.200167
-1.363087 -2.196977 -0.286827
-1.433565 -1.991115 -0.261304
-3.986538 0.601047 -0.390458
-3.397558 0.863912 -0.379888
-3.113010 1.041772 -0.384287
-2.797116 1.154987 -0.380981
-2.449116 1.084826 -0.359742
-1.983311 -4.978127 0.117298
-1.150512 -4.900630 0.034363
-1.060718 -4.880888 -0.027559
-3.065135 -4.578209 0.059209
-0.874266 -4.782113 -0.047857
-0.841169 -4.689610 -0.041157
-3.160714 -4.414705 0.070697
-2.346670 -4.444843 0.091642
-0.422605 -4.426494 0.030942
-3.196051 -4.271133 0.124867
-0.446984 -4.206897 0.096935
-0.643286 -3.962923 0.018678
-0.839075 -3.629634 -0.041947
-0.757424 -3.808120 0.030217
-1.095291 -3.351489 0.064578
-0.897246 -3.505535 -0.012395
-0.959165 -3.237532 0.082469
-1.003153 -3.074732 -0.039732
-1.210708 -2.644616 -0.017658
-3.266337 -2.443096 -0.042500
-1.306023 -2.347178 -0.090282
-1.242609 -2.523850 -0.038794
-1.344031 -2.216152 -0.059164
-3.126113 1.035326 -0.014867
-2.237643 0.987240 -0.071501
-0.429188 -4.262230 0.173955
-0.654258 -3.928001 0.170146
-0.836680 -3.628520 0.157540
-0.785460 -3.747176 0.163254
-0.892489 -3.373113 0.144260
-0.947516 -3.234130 0.140829
-1.428284 -2.650725 -1.132553
-3.691553 -5.563085 -0.282073
-3.360224 -5.825392 -0.273538
-2.240098 -5.121637 -0.296731
-1.370372 -4.860091 -0.398298
-0.842545 -3.369655 -0.392753
-1.283771 -2.372058 -0.361322
-1.811260 -0.948005 -0.433333
-2.028894 -0.693738 -0.500172
-4.103142 -6.015675 0.042487
-2.291502 -5.143066 -0.074988
-2.106311 -5.094474 -0.020937
-1.967432 -4.927060 0.000797
-3.236910 -4.135992 -0.043388
-1.833510 -4.580093 -0.245431
-1.736890 -4.597560 -0.243702
-1.153159 -4.916165 -0.070795
-1.065537 -4.857740 -0.153870
-1.761643 -4.536572 -0.229862
-0.857849 -4.719660 -0.147867
-0.428907 -4.318505 -0.150544
-0.814252 -3.658602 -0.191154
-0.954983 -3.394259 -0.117224
-1.090634 -3.036868 -0.160054
-1.015065 -3.175343 -0.144921
-1.110304 -2.809302 -0.201318
-1.202036 -2.572465 -0.260268
-1.307396 -2.262913 -0.184257
-1.997199 -0.163821 -0.182351
-2.774344 1.171547 -0.358798
-2.418815 1.106420 -0.335543
-4.328148 -6.163535 0.364519
-3.126986 -4.433407 0.102040
-3.079536 -4.552946 0.071722
-1.950076 -4.922878 0.160202
-3.225474 -4.128289 0.070554
-3.181702 -4.269389 0.100752
-2.333724 -4.459440 0.051748
-1.469597 -4.801788 0.101307
-1.170742 -4.862339 0.087382
-1.032441 -4.860700 0.106921
-3.303656 -3.968543 0.064907
-1.242779 -4.708613 0.120787
-0.929912 -4.751704 0.124775
-0.733761 -4.675599 0.189048
-0.743911 -4.500586 0.057934
-0.608315 -4.639424 0.169470
-0.436511 -4.316849 0.073405
-0.623396 -3.948240 0.041653
-0.446420 -4.175509 0.115460
-0.772564 -3.798396 0.062750
-0.884425 -3.400230 0.084961
-0.839272 -3.486063 0.137021
-0.948739 -3.181634 -0.017776
-1.153969 -2.689045 -0.012355
-1.109146 -2.804471 0.012096
-1.205683 -2.529703 -0.033424
-4.473141 0.973155 0.075314
-0.649270 -4.689276 0.207803
-0.647258 -4.453677 0.200789
-0.443005 -4.347044 0.191715
-0.423781 -4.146103 0.186254
-0.760890 -3.734634 0.188430
-0.715711 -3.838193 0.190182
-0.834623 -3.471147 0.178167
-1.408195 -5.400481 -0.890216
-3.489558 -5.882921 -0.280779
-3.559402 -5.710509 -0.271793
-3.433844 -5.783563 -0.278362
-3.743434 -5.433408 -0.280026
-1.835935 -0.911781 -0.422408
-4.292334 -5.618791 0.004331
-2.430577 -5.205749 -0.078349
-2.328637 -5.144782 -0.042054
-2.148972 -5.136175 -0.143127
-3.120038 -4.477291 -0.042558
-3.070169 -4.552203 0.015067
-1.300211 -5.132602 -0.265563
-3.249618 -4.132711 -0.029243
-1.159425 -4.916292 -0.180022
-1.097183 -4.745056 -0.270126
-1.005558 -4.822974 -0.182858
-0.977668 -4.615071 -0.279977
-0.527656 -4.570069 -0.334377
-0.652175 -4.054453 -0.217292
-0.462823 -4.269660 -0.183024
-0.828004 -3.672903 -0.245595
-1.010553 -3.141824 -0.169151
-1.163136 -2.781104 -0.309673
-1.100208 -2.959850 -0.284501
-1.197768 -2.614976 -0.214923
-3.034204 -4.730361 0.107239
-3.111057 -4.488343 0.111672
-3.047430 -4.532561 0.176217
-3.180433 -4.087401 0.164846
-3.164067 -4.245393 0.137172
-1.129707 -4.921525 0.074387
-1.025691 -4.890198 0.166400
-1.117612 -4.722862 0.103552
-0.940196 -4.812015 0.062578
-0.941632 -4.570348 0.158475
-0.707159 -4.503120 0.104718
-0.647047 -4.663090 0.120760
-0.644990 -4.458729 0.140900
-0.427961 -4.340395 0.045279
-0.627767 -4.004893 0.024979
-0.430496 -4.196959 0.024853
-0.780070 -3.728946 0.047660
-0.642021 -3.919999 0.067003
-0.903810 -3.449170 0.041197
-1.005429 -3.145964 -0.040556
-0.957652 -3.270980 0.010753
-1.067705 -2.915707 -0.077858
-1.179942 -2.597826 0.012236
-4.531901 0.987172 0.170678
-4.431199 1.000956 0.161282
-1.223599 -4.756883 0.204635
-0.831721 -4.771568 0.174312
-0.954727 -4.591454 0.166201
-0.674128 -4.465897 0.175892
-0.447165 -4.336991 0.138320
-0.410505 -4.178823 0.137641
-0.733855 -3.801009 0.148145
-3.586611 -5.783627 -0.264801
-3.695392 -5.588744 -0.277500
-2.774766 -5.327181 -0.343787
-0.950290 -4.527757 -0.379953
-1.587915 -2.627479 -0.399312
-1.225354 -2.537754 -0.497660
-4.891640 -5.769492 -0.034458
-4.108552 -6.036307 0.035094
-4.182788 -5.837682 0.026572
-3.056353 -4.694424 -0.097681
-2.486693 -5.141982 -0.040594
-2.403620 -5.122025 -0.039234
-2.140850 -5.304485 -0.028990
-3.118520 -4.454325 -0.044480
-2.120415 -5.095882 -0.220656
-1.433509 -5.326039 -0.295124
-3.282977 -4.013036 -0.012715
-3.214722 -4.117724 -0.001035
-1.203474 -4.888250 -0.139214
-1.018893 -4.772274 -0.188279
-0.731177 -4.314589 -0.323616
-0.745999 -4.058634 -0.170737
-0.609010 -4.045746 -0.179431
-0.497925 -4.301551 -0.353029
-0.942401 -3.310616 -0.225724
-1.052291 -3.001874 -0.292149
-1.189908 -2.677646 -0.209820
-1.078879 -2.858426 -0.294233
-4.234859 -6.048290 0.340194
-0.999239 -6.035698 0.160846
-3.155194 -4.283764 0.104839
-3.093422 -4.471563 0.120083
-3.267721 -3.956227 0.066070
-3.187142 -4.097946 0.111011
-3.364843 -3.756587 0.062430
-3.327205 -3.758938 0.033236
-1.177918 -4.898602 0.094582
-1.151566 -4.929952 0.032094
-0.960441 -4.761111 0.054033
-0.976298 -4.540933 0.132830
-0.768606 -4.555710 0.029651
-0.635420 -4.606325 0.086794
-0.694830 -4.450456 0.115031
-0.406632 -4.374035 -0.006415
-0.482740 -4.125646 0.018789
-0.439210 -4.309978 0.028037
-0.847709 -3.649115 -0.012302
-0.752034 -3.784611 -0.000571
-0.930507 -3.322251 -0.049858
-0.870992 -3.498369 -0.043975
-1.046300 -2.971141 -0.103044
-0.979930 -3.171916 -0.078146
-1.163850 -2.634104 -0.048628
-1.239063 -2.429053 -0.051968
-4.035160 0.694641 0.029121
-3.840474 1.184567 -0.002595
-3.471527 1.284956 -0.021045
-3.036758 1.089436 -0.028219
-0.752547 -4.690978 0.162432
-0.685592 -4.440514 0.149119
-0.511189 -4.315361 0.119235
-0.449494 -4.147839 0.100676
-0.433630 -4.261458 0.131006
0.110303 -2.388406 -2.695963
-2.880760 -5.069564 -0.394567
-2.005289 -0.795000 -0.580167
-1.864485 -0.556066 -0.570543
-1.143418 -2.759737 -0.442440
-1.043005 -2.908832 -0.399044
-0.842358 -3.623118 -0.459585
-5.278844 -5.350451 -0.035336
-3.285265 -4.000193 -0.101176
-3.118895 -4.465729 -0.098935
-3.078122 -4.684566 -0.110766
-2.525025 -5.151585 -0.148223
-2.361051 -5.104483 -0.086946
-2.340798 -5.094156 -0.069681
-2.149392 -5.100263 -0.162755
-1.291786 -2.251733 -0.313030
-1.145489 -2.660785 -0.207378
-1.046232 -2.899521 -0.275350
-0.981432 -3.167450 -0.222059
-0.908184 -3.385391 -0.279206
-0.839183 -3.616057 -0.250939
-4.194367 -6.002209 0.237968
-4.733482 -4.048620 0.218319
-3.363764 -3.730462 0.004694
-3.196697 -4.226818 0.051309
-3.127770 -4.421475 0.066567
-3.101605 -4.677106 0.095002
-3.239684 -3.965491 0.041740
-3.158208 -4.143780 0.066823
-3.000252 -4.508017 0.196016
-2.767958 -4.447253 0.192972
-2.184689 -6.263993 0.173039
-2.249776 -5.346970 -0.046225
-0.954548 -4.765913 0.012410
-0.767760 -4.682931 -0.013610
-1.205004 -2.518435 -0.021997
-0.964725 -3.200153 -0.065805
-0.903107 -3.397387 -0.076098
-0.818865 -3.645573 -0.056547
-0.750688 -3.828621 -0.018834
-0.617527 -4.049005 -0.097245
-0.500065 -4.152206 -0.099788
-0.457216 -4.327247 0.034141
-4.216349 -0.559744 -0.377826
-3.070008 1.050975 -0.494695
-2.723019 1.173252 -0.506392
-2.345860 1.055954 -0.488431
-1.993497 1.078712 -0.491074
-1.939240 -0.913974 -0.540705
-3.040148 -5.131302 -0.357276
-1.152213 -2.771680 -0.405839
-1.012549 -3.061558 -0.349838
-3.243232 -2.334180 -0.083656
-4.267581 -5.618668 -0.021011
-2.754029 -5.308987 -0.089176
-2.437775 -5.163918 -0.039338
-2.078757 -5.201632 -0.190842
-1.057267 -2.953549 -0.221768
-0.990365 -3.171340 -0.093305
-0.948615 -3.369768 -0.278667
-0.896424 -3.522337 -0.263508
-0.839410 -3.622767 -0.221119
-1.190314 -4.949801 -0.074527
-0.656286 -4.056588 -0.222248
-0.688364 -4.354646 -0.265206
-0.914976 -4.763429 -0.125351
-1.038423 -4.823359 -0.096963
-0.486921 -3.978541 -0.086843
-0.436292 -4.248023 -0.077241
-4.711126 -5.306585 0.265783
-4.525540 -5.709277 0.256896
-3.410506 -3.693140 0.063852
-3.221888 -4.017606 0.105498
-4.169596 -6.069379 0.259668
-3.160880 -4.109700 0.145026
-3.154335 -4.319959 0.087037
-3.110536 -4.464695 0.089383
-2.656308 -3.849473 0.040678
-3.075373 -4.574071 0.108662
-3.590152 -5.797686 0.250106
-2.223366 -5.070280 0.004772
-2.161994 -5.111732 -0.000639
-1.012396 -3.131642 -0.029529
-0.990404 -3.188577 0.070549
-0.946070 -3.307623 -0.019423
-0.897667 -3.520867 -0.046988
-0.820361 -3.643579 0.019638
-0.747579 -3.814482 -0.026201
-1.175345 -4.919939 0.113166
-0.642525 -3.970906 -0.041060
-0.760772 -4.505925 0.015365
-0.871355 -4.741782 0.040568
-0.987064 -4.803057 0.073750
-0.471081 -4.252350 0.036779
-4.980446 -6.079602 0.370693
-4.322531 -5.654657 0.344534
-4.219299 -6.110089 0.315581
-4.284083 -6.137804 0.374463
-3.512206 -0.994181 -0.469485
-1.862584 -0.643576 -0.522638
-2.101297 -0.686861 -0.506664
-2.502988 -0.892918 -0.503686
-1.798229 -0.846117 -0.473322
-2.348426 -2.250965 -0.457579
-2.628744 -2.276700 -0.459391
-3.213534 -3.083323 -0.409371
-3.281706 -3.170373 -0.408900
-1.164974 -2.754724 -0.321859
-3.136764 -3.778525 -0.363347
-3.263362 -3.878737 -0.415408
-1.044454 -3.017106 -0.340283
-0.972804 -3.270974 -0.311294
-0.818010 -3.715356 -0.385384
-4.235304 0.977607 -0.203436
-2.630867 1.213078 -0.211247
-2.710268 1.181953 -0.234208
-3.027252 1.083766 -0.201089
-3.385608 0.854024 -0.197398
-2.250239 1.068764 -0.218695
-3.432032 -1.488795 -0.319167
-3.128143 -3.075311 -0.196038
-1.183076 -2.574941 -0.183493
-1.165366 -2.626120 -0.107376
-1.049675 -2.934594 -0.174929
-0.997401 -3.142405 -0.127959
-0.978836 -3.238841 -0.173776
-3.152554 -4.416975 -0.079277
-0.924194 -3.386745 -0.222427
-3.118267 -4.502993 -0.073835
-0.820700 -3.708346 -0.194259
-0.689068 -3.977207 -0.046285
-0.628046 -4.049398 -0.075073
-2.301514 -5.074422 -0.067359
-2.548020 -5.184941 -0.122896
-0.823261 -4.547095 -0.037031
-0.944259 -4.771028 -0.152038
-1.074824 -4.834003 -0.134064
-1.220236 -4.938323 -0.080011
-3.296515 0.846103 -0.149441
-3.641155 0.741472 -0.126914
-3.978695 0.615402 -0.103829
-1.899194 -0.199766 -0.128299
-3.432166 -3.652213 0.054992
-1.125819 -2.742269 -0.031371
-3.299636 -3.967806 0.054893
-1.051841 -2.974627 0.000620
-3.227081 -4.086118 0.099022
-0.997094 -3.149167 0.029339
-0.996369 -3.206606 -0.029163
-3.163942 -4.323721 0.076297
-3.081032 -4.490487 0.125497
-3.080673 -4.706217 0.101218
-3.083959 -4.709754 0.075283
-0.714813 -3.890203 0.014214
-0.827327 -4.064082 0.000671
-0.447134 -4.137083 0.098409
-0.621202 -4.033751 0.132163
-0.475294 -4.303795 0.053429
-0.774962 -4.502250 0.085118
-0.924339 -4.761997 0.057679
-1.070381 -4.850742 0.105749
-1.207144 -4.942464 0.127573
-5.900308 -4.376959 0.234693
-4.747702 -4.117490 0.215316
-3.046379 -4.308473 0.217987
-2.773124 -4.353619 0.243859
-3.030088 -4.487959 0.226456
-4.363306 -5.619408 0.312173
-4.638232 -5.591931 0.262796
-4.335363 -5.674067 0.280303
-4.203441 -6.070502 0.302768
-4.416962 -6.130120 0.321261
-3.545657 -5.852173 0.294472
-1.970446 -5.409818 -1.203997
-4.317142 1.113378 -0.493322
-1.910643 -0.364463 -0.473186
-1.086872 -2.828772 -0.340306
-1.021826 -2.971712 -0.307529
-2.721620 -3.088659 -0.444473
-2.861213 -3.153675 -0.463825
-0.821321 -3.668834 -0.343981
-0.872504 -3.558682 -0.352320
-0.800592 -3.746668 -0.335448
-0.484333 -4.561955 -0.350669
-0.918953 -4.746642 -0.241306
-2.817540 1.128986 -0.317364
-3.169862 1.020033 -0.344117
-3.482279 0.800757 -0.360897
-3.817741 0.688758 -0.389993
-3.970421 -0.478260 -0.320144
-1.693381 -1.084370 -0.346961
-1.539047 -1.516655 -0.274148
-1.223691 -2.463050 -0.140448
-1.114307 -2.786126 -0.127955
-0.996422 -3.121968 -0.176429
-1.043332 -3.010916 -0.116547
-0.941164 -3.332266 -0.133141
-0.835643 -3.660796 -0.179485
-0.876135 -3.552747 -0.123331
-0.790702 -3.745969 -0.133730
-0.647741 -4.110090 -0.171353
-0.657959 -4.408774 -0.200911
-0.689718 -4.403625 -0.225135
-3.266305 -4.074821 -0.106103
-1.209380 -4.900747 -0.118398
-1.234852 -4.952136 -0.009739
-2.388600 -5.138336 -0.045537
-4.098352 -1.648577 0.046175
-1.148711 -2.669913 0.077861
-1.103625 -2.790837 0.095359
-1.003690 -3.159171 0.066437
-1.037362 -2.993121 -0.004522
-0.942455 -3.339992 0.066811
-0.821185 -3.663274 0.077696
-0.874529 -3.545048 0.034655
-0.754872 -3.823372 0.058194
-3.376050 -3.648375 0.049476
-3.287754 -3.856019 0.133289
-3.415736 -3.682366 0.062589
-3.103104 -4.136602 0.165425
-3.244783 -4.105125 0.013125
-0.801310 -4.666355 0.128580
-3.123935 -4.379585 0.030144
-3.208184 -4.243713 -0.019473
-0.926104 -4.785496 0.144187
-1.069589 -4.843130 0.133175
-3.095492 -4.530793 0.036211
-1.223824 -4.953973 0.078189
-2.839998 -4.183648 0.205939
-3.140418 -4.180174 0.178430
-3.092362 -4.373055 0.184200
-3.039799 -4.534888 0.188528
-4.364910 -5.555993 0.173765
-4.450287 -5.671015 0.185345
-1.656456 -1.201500 -0.433417
-1.104443 -2.808908 -0.402060
-2.201072 -2.582824 -0.467041
-2.486086 -2.681099 -0.467686
-2.617800 -2.636878 -0.466986
-1.016317 -3.099966 -0.346041
-1.048023 -3.011348 -0.341529
-2.862293 -2.776141 -0.442912
-0.955789 -3.287246 -0.297089
-2.507814 -3.065889 -0.469980
-2.670650 -3.126233 -0.489044
-0.857169 -3.621292 -0.371226
-0.888085 -3.573947 -0.334655
-0.806872 -3.760931 -0.335241
-2.428417 1.274036 -0.319067
-1.895905 1.012267 -0.244650
-3.129891 1.002298 -0.361643
-4.260811 1.093163 -0.499891
-4.342828 1.064842 -0.500484
-3.444733 0.802267 -0.377349
-3.778830 0.689892 -0.403988
-1.513989 -1.592152 -0.354056
-1.183499 -2.582471 -0.164837
-3.301578 -2.196559 -0.400429
-1.088810 -2.849900 -0.188993
-1.018683 -3.086406 -0.142134
-0.956203 -3.320796 -0.132810
-0.849147 -3.663053 -0.147146
-0.891055 -3.536007 -0.132705
-0.820707 -3.744795 -0.110712
-3.295991 -4.033990 -0.088632
-0.985403 -4.783492 -0.056230
-1.073061 -4.855549 -0.225447
-1.242898 -4.976839 -0.035354
-2.005014 -5.129887 -0.026314
-2.134275 -5.118783 -0.179148
-2.449827 -5.166100 -0.030082
-2.263315 1.075060 -0.244091
-2.667496 1.173259 -0.164533
-3.017552 1.032335 -0.164339
-1.188927 -2.543623 0.004899
-1.114734 -2.815936 0.018823
-1.034595 -3.037405 0.027426
-0.965458 -3.300931 0.063933
-0.836863 -3.634048 0.083003
-0.903210 -3.479518 0.021558
-0.788711 -3.793103 0.059791
-3.334320 -3.789408 0.093263
-3.425308 -3.699192 0.025997
-3.187827 -4.144005 0.115457
-3.249409 -4.074405 0.051369
-3.157108 -4.311988 0.084854
-3.237695 -4.198314 -0.006268
-0.910870 -4.777503 0.128145
-1.102197 -4.865923 0.109221
-3.115787 -4.516111 -0.016116
-3.062256 -4.406575 0.201071
-2.998125 -4.475856 0.208141
-3.053669 -4.485054 0.199886
-5.881858 -4.410844 0.150848
-4.400795 -5.504382 0.237974
-2.029184 -5.257897 -1.078910
-1.926936 -0.748960 -0.513938
-1.725950 -1.105490 -0.439401
-1.582121 -1.495966 -0.358642
-1.237627 -2.495385 -0.310361
-1.309273 -2.459495 -0.446345
-1.879222 -2.283807 -0.446032
-1.148296 -2.763675 -0.379690
-2.249440 -2.537861 -0.444014
-2.649601 -2.592664 -0.445126
-1.083958 -2.903611 -0.352267
-1.106632 -2.842211 -0.366410
-1.013966 -3.179631 -0.324550
-0.889347 -3.536971 -0.337109
-0.942274 -3.402311 -0.332628
-3.356606 -3.170690 -0.359785
-0.823322 -3.710458 -0.326271
-0.758530 -3.870833 -0.298530
-0.908207 -4.572106 -0.251136
-1.202878 -4.989756 -0.298317
-2.235096 -5.115014 -0.310442
-4.174241 -0.659124 -0.442616
-1.167235 -2.683685 -0.201819
-1.063109 -2.963465 -0.129162
-1.105282 -2.850602 -0.155128
-1.006424 -3.186652 -0.107510
-0.899353 -3.518472 -0.100231
-0.939469 -3.393911 -0.097540
-0.830933 -3.726419 -0.106110
-0.780311 -3.854640 -0.120325
-3.244430 -4.178498 -0.071868
-3.265251 -4.092980 -0.080183
-3.111219 -4.529366 -0.053746
-1.030835 -4.850286 -0.084139
-1.169414 -4.941441 -0.091043
-2.090498 -5.100374 -0.025430
-2.229346 -5.127872 -0.066021
-2.358654 -5.172540 -0.051799
-2.458339 -5.221515 -0.036956
-2.521067 1.173459 -0.055085
-2.090269 0.965348 -0.014326
-2.378980 1.068587 -0.040096
-2.831846 1.092599 -0.100122
-3.170117 0.974091 -0.119878
-3.439530 0.773826 -0.139473
-3.502453 0.744670 -0.125591
-4.332897 1.054822 -0.215542
-3.820775 0.617856 -0.150966
-1.974029 -0.341046 0.104299
-1.232331 -2.505988 0.014174
-1.181355 -2.629888 0.033970
-1.070217 -2.935205 0.065364
-1.000694 -3.191886 0.093832
-0.880135 -3.512952 0.110539
-0.947451 -3.355916 0.112842
-0.819903 -3.697777 0.092852
-3.304274 -3.871144 0.150253
-0.801086 -4.542233 0.036919
-3.191748 -4.207366 0.098801
-3.273074 -4.115720 -0.041193
-0.709186 -4.686585 0.159372
-0.906973 -4.768269 0.136844
-3.107857 -4.480525 0.088157
-0.983965 -4.851100 0.138622
-1.168523 -4.932681 0.125570
-3.085978 -4.612447 -0.048373
-2.024350 -4.971277 0.019726
-3.173344 -4.260050 0.200617
-3.016055 -4.452383 0.214921
-3.134948 -4.402541 0.207190
-5.870689 -4.471337 0.190832
-5.768491 -4.711740 0.192559
-2.164707 -4.989878 -1.010725
-2.521146 1.208280 -0.575888
-1.896606 -0.891071 -0.507013
-1.360811 -2.353617 -0.449264
-1.186160 -2.629770 -0.400391
-1.133814 -2.789240 -0.341307
-2.329798 -2.437962 -0.438315
-2.884005 -2.443113 -0.451123
-1.062932 -3.014760 -0.322702
-3.145233 -2.608650 -0.404715
-1.002801 -3.251431 -0.275144
-0.861697 -3.601848 -0.270094
-0.751084 -3.865866 -0.285302
-0.773696 -3.806341 -0.263748
-0.915956 -4.774353 -0.219293
-1.205732 -4.755068 -0.305731
-3.723571 -0.984292 -0.381898
-1.332752 -2.222059 -0.264560
-1.218415 -2.532066 -0.172448
-1.316161 -2.410312 -0.158847
-1.076688 -2.924608 -0.117277
-1.121431 -2.819008 -0.131241
-1.039874 -3.053506 -0.133434
-1.103643 -2.946476 -0.046324
-0.915815 -3.434905 -0.131246
-0.965041 -3.303437 -0.121820
-0.853344 -3.611114 -0.118660
-0.779404 -3.795857 -0.145541
-0.595622 -4.469169 -0.114831
-0.786853 -4.561141 -0.009769
-1.792424 -4.557711 -0.130381
-3.217049 -4.239691 -0.052181
-1.063105 -4.877244 -0.061082
-1.498926 -4.801934 -0.033304
-1.848934 -4.611138 -0.143784
-1.201955 -4.968193 -0.025236
-2.197078 -5.117816 -0.103125
-2.398688 -5.209870 0.011629
-2.517490 -5.238720 -0.012095
-2.520597 1.226362 -0.054245
-2.029130 1.034977 -0.017695
-2.715622 1.127570 -0.077437
-2.853591 1.101665 -0.055066
-3.042171 1.025603 -0.099286
-3.173992 0.969146 -0.055178
-3.333313 0.814682 -0.113491
-3.566311 0.738945 -0.103952
-3.795575 0.703313 -0.054896
-3.668542 -1.100777 -0.049563
-1.334221 -2.185587 -0.031766
-1.224466 -2.477138 0.018497
-1.262163 -2.496466 0.063423
-1.131648 -2.773908 0.050697
-1.040597 -3.058680 0.073379
-0.899806 -3.411427 0.070344
-0.955159 -3.283844 0.084286
-0.861062 -3.581169 0.110921
-2.870132 -3.109680 0.032514
-0.805022 -3.755403 0.016641
-0.743693 -4.500341 0.162045
-3.242907 -4.010823 0.208243
-0.777493 -4.650208 0.102249
-1.001426 -4.609442 0.193747
-3.107661 -4.246984 0.208471
-3.198013 -4.153658 0.107642
-0.922303 -4.826976 0.187486
-1.047348 -4.885398 0.134364
-1.513262 -4.808958 0.074765
-3.148893 -4.430468 0.123816
-3.190584 -4.301425 0.114131
-1.173917 -4.942567 0.081965
-1.999128 -4.952356 0.052412
-3.108485 -4.565878 0.133749
-3.770996 -1.735437 0.145547
-3.626437 -2.133109 0.174948
-3.118236 -3.971207 0.213216
-3.202368 -4.218833 0.229250
-5.807046 -4.614301 0.257108
-2.529391 1.229765 -0.459921
-3.692156 0.710422 -0.508798
-4.057412 -0.128682 -0.489045
-1.960279 -0.617414 -0.501127
-4.336383 -0.594905 -0.444914
-3.690040 -1.401857 -0.460981
-3.830440 -1.516293 -0.456980
-1.253931 -2.431597 -0.363439
-3.008420 -2.111033 -0.455789
-1.198458 -2.616328 -0.330528
-2.727373 -2.449850 -0.462372
-3.312182 -2.289770 -0.440718
-2.793004 -2.501831 -0.456993
-1.158496 -4.920641 -0.242226
-2.239195 -5.109621 -0.321338
-2.405716 -5.124900 -0.347881
-1.886569 1.070995 -0.389715
-4.380926 -0.626352 -0.386306
-3.804372 -0.930707 -0.341485
-1.427357 -1.965539 -0.249768
-1.307340 -2.176252 -0.209062
-1.343343 -2.130111 -0.187329
-1.245147 -2.434103 -0.163936
-1.147097 -2.736937 -0.133733
-1.188022 -2.617724 -0.172323
-1.089990 -2.929988 -0.165310
-0.977127 -3.264108 -0.160709
-1.054601 -3.159787 -0.151883
-0.916028 -3.450347 -0.213239
-3.594126 -3.248728 -0.238624
-0.656018 -4.065440 -0.027593
-1.136443 -3.850771 -0.117608
-0.602256 -4.455194 -0.119633
-1.078973 -4.859617 -0.077509
-1.912266 -4.599524 -0.153301
-3.170022 -4.395348 -0.094964
-1.090297 -4.874208 -0.071665
-1.142933 -4.914546 -0.062208
-2.237426 -5.055670 -0.066048
-2.061292 1.023834 0.043899
-2.310107 1.093756 -0.012022
-2.636903 1.191629 -0.030271
-2.698337 1.172978 -0.007837
-2.932101 1.026354 -0.035679
-3.003033 1.080645 -0.027716
-3.385066 0.811481 -0.046006
-4.399204 1.074517 -0.138952
-3.947807 -0.539166 0.030929
-1.411555 -1.893487 -0.049247
-1.314185 -2.208060 0.001846
-1.343624 -2.076092 -0.010592
-1.244076 -2.429250 0.021308
-3.197509 -1.985097 0.102634
-1.136461 -2.751504 0.053938
-1.189750 -2.625224 0.036931
-3.169852 -2.376926 0.024447
-1.063656 -2.938687 0.029891
-0.971714 -3.224073 0.037483
-1.036236 -3.130540 0.077880
-2.901584 -2.991512 -0.000204
-3.571595 -3.036511 0.149995
-3.543166 -3.222276 0.149285
-3.859640 -3.150638 0.025033
-3.467286 -3.396986 0.156623
-0.492118 -4.266638 0.079373
-0.748651 -4.473857 0.146155
-0.913967 -4.747336 0.120235
-1.296056 -4.739940 0.121750
-1.136166 -4.857605 0.125461
-1.532394 -4.769914 0.044996
-2.020418 -4.876818 0.125277
-3.558261 -2.228024 0.197131
-2.276415 -4.302008 -1.027886
-2.979124 1.002496 -0.538660
-3.811862 0.657713 -0.540345
-4.400421 0.554939 -0.550970
-1.574684 -1.625899 -0.534626
-1.786441 -1.544385 -0.527282
-4.005374 -1.122834 -0.464704
-1.430927 -1.899497 -0.451394
-1.347698 -2.131156 -0.411491
-1.374935 -2.040161 -0.435666
-3.035496 -1.815816 -0.469902
-2.603702 -2.110386 -0.500192
-3.214593 -2.058479 -0.377431
-3.352330 -2.091115 -0.398772
-3.547326 -2.246163 -0.407348
-1.046282 -3.265074 -0.390618
-0.887378 -3.572077 -0.329363
-0.822629 -3.631518 -0.412593
-2.017772 -4.602140 -0.257780
-2.559556 1.205510 -0.501427
-2.847204 1.099720 -0.500451
-1.570117 -1.503684 -0.360697
-1.422211 -1.848941 -0.245978
-1.330606 -2.156394 -0.237879
-1.370444 -2.022638 -0.232024
-1.278584 -2.342761 -0.242206
-1.174769 -2.622563 -0.183311
-1.040436 -3.024842 -0.247462
-1.106403 -2.902217 -0.205087
-1.016633 -3.148606 -0.251610
-0.865755 -3.542558 -0.259873
-0.751487 -3.859523 -0.256916
-0.669652 -4.015005 -0.094710
-3.491943 -3.460354 -0.078070
-1.325016 -4.090412 -0.202283
-1.821467 -4.561332 -0.150206
-1.112945 -4.877532 -0.115780
-1.824203 1.120087 -0.041162
-2.117901 1.034709 -0.046979
-2.424308 1.281191 -0.071076
-2.714342 1.164379 -0.076492
-2.996206 1.062236 -0.081735
-3.136225 1.001688 -0.044392
-3.253275 0.892731 -0.083277
-3.415178 0.913070 -0.034600
-4.270863 1.099056 -0.111841
-4.326065 1.104940 -0.142171
-4.379869 -0.554043 0.066506
-1.493018 -1.672089 -0.072187
-1.424124 -1.835723 -0.060928
-1.332533 -2.112358 -0.028342
-1.366020 -2.001434 -0.041275
-1.266551 -2.328539 -0.027764
-1.149198 -2.648874 -0.002930
-1.252251 -2.508279 -0.028316
-1.031289 -2.972911 -0.018866
-1.095762 -2.831475 0.000132
-3.193713 -2.364685 -0.012019
-3.277602 -2.424038 -0.013785
-3.027093 -2.849574 0.008139
-3.595009 -3.005961 0.177511
-0.725013 -3.880816 -0.036107
-3.504604 -3.199452 0.182934
-3.413443 -3.431121 0.188360
-3.471709 -3.383246 0.131593
-0.479344 -4.321838 0.020090
-3.371455 -3.607859 0.162823
-0.782823 -4.686259 0.096315
-1.502951 -4.778103 0.098105
-3.082843 -4.526678 0.135316
-3.424760 -1.536007 0.196103
-3.296778 -3.415440 0.221144
-1.858107 1.067453 -0.541930
-2.443040 1.238735 -0.595255
-2.729151 1.134682 -0.593015
-3.267685 0.915576 -0.593294
-3.917966 0.642319 -0.491523
-4.286186 0.729217 -0.521237
-4.196946 -0.959312 -0.464320
-1.442359 -1.796919 -0.460945
-2.717237 -1.584879 -0.491091
-1.375811 -2.020077 -0.409312
-1.419375 -1.915268 -0.429571
-3.050100 -1.677360 -0.459885
-3.261330 -1.717903 -0.459005
-2.846906 -2.015214 -0.490525
-3.463314 -1.882213 -0.426802
-1.029781 -3.093723 -0.339457
-0.882785 -3.438904 -0.364834
-0.869795 -3.585461 -0.374140
-1.760409 -4.550563 -0.255312
-3.946255 -0.282876 -0.344933
-1.553902 -1.523914 -0.302668
-3.748032 -0.889224 -0.239922
-1.450884 -1.729146 -0.249118
-1.357712 -2.054290 -0.246433
-1.400383 -1.899342 -0.211524
-1.302177 -2.238669 -0.240361
-1.186024 -2.556966 -0.183046
-1.245080 -2.418045 -0.133052
-1.071149 -2.926880 -0.234482
-1.112084 -2.833953 -0.227216
-1.034792 -3.035291 -0.266938
-1.127435 -2.949104 -0.263380
-3.050541 -2.778905 -0.126561
-0.892655 -3.438886 -0.305956
-3.014378 -2.852595 -0.107210
-0.820016 -3.624228 -0.176981
-0.751015 -3.816592 -0.273581
-3.442652 -3.467818 -0.037778
-1.287757 -4.135953 -0.211899
-3.468717 -3.515765 -0.057979
-0.787614 -4.682581 -0.045881
-1.769516 -4.551758 -0.108159
-1.132588 -4.872346 -0.175106
-1.835628 -4.610297 -0.063966
-1.857764 1.077203 -0.047286
-2.140195 1.047577 -0.041992
-2.600152 1.184518 -0.143835
-2.939733 1.073601 -0.088609
-3.154392 1.014975 -0.157577
-4.430729 1.069246 -0.201459
-3.390392 0.819330 -0.156093
-4.473106 1.046504 -0.230740
-1.600048 -1.285337 -0.156749
-1.480934 -1.615952 -0.088322
-1.356337 -2.022482 -0.017282
-1.397349 -1.892451 -0.033529
-1.288729 -2.224450 -0.003972
-1.164739 -2.543964 -0.001652
-1.249923 -2.509225 0.050168
-3.181054 -2.224529 -0.051041
-1.062258 -2.847091 -0.079610
-1.137448 -2.733681 0.015410
-3.197201 -2.366796 -0.013269
-3.067351 -2.706402 -0.012116
-3.086691 -2.726712 0.012225
-3.687817 -2.551076 0.129034
-3.558135 -2.898884 0.173995
-3.641978 -2.763405 0.150297
-0.767427 -3.714481 0.004095
-3.498002 -3.150875 0.167796
-0.782866 -3.780204 -0.041721
-3.439671 -3.412128 0.157719
-3.515643 -3.211024 0.187861
-0.963549 -4.567490 0.194864
-1.087516 -4.858939 0.038014
-1.478748 -4.801068 0.074205
-1.998171 -4.899316 0.091313
-3.918904 -1.038490 0.114362
-3.408373 -1.522949 0.148603
-3.537982 -2.168329 0.207235
-3.344965 -3.349020 0.221715
-1.908995 -0.274430 -0.592889
-1.638123 -1.546500 -0.539631
-1.442041 -1.843241 -0.479221
-3.985982 -1.125940 -0.466384
-1.378290 -2.057551 -0.425190
-1.412264 -1.959554 -0.442646
-2.585884 -1.639362 -0.491857
-3.030761 -1.698357 -0.487793
-1.328776 -2.196582 -0.437149
-3.100236 -1.787485 -0.467016
-3.302392 -1.854498 -0.438040
-1.269644 -2.442107 -0.387918
-3.293134 -2.080859 -0.364322
-2.669065 1.163132 -0.527573
-2.950051 1.082633 -0.529375
-4.751456 -0.340631 -0.334289
-1.602855 -1.335826 -0.403875
-1.479669 -1.688246 -0.275574
-1.368409 -2.030866 -0.232898
-1.415872 -1.896663 -0.253143
-1.310122 -2.225194 -0.244664
-1.198185 -2.533600 -0.164248
-1.260429 -2.429832 -0.288263
-1.085686 -2.918902 -0.259466
-1.144929 -2.804814 -0.162757
-1.028658 -3.038348 -0.242671
-0.910130 -3.422659 -0.189885
-3.036163 -2.836203 -0.125864
-0.810873 -3.632344 -0.253247
-3.448511 -3.457720 -0.057673
-1.144319 -4.880246 -0.137718
-1.802465 -4.618524 -0.055420
-2.498339 1.218971 -0.121881
-1.946843 1.075668 -0.078051
-2.230857 1.072899 -0.087519
-2.811540 1.153094 -0.114434
-3.080306 1.036481 -0.116271
-4.345379 1.094352 -0.144867
-4.393833 1.087572 -0.176602
-4.633305 0.997780 -0.100464
-5.184517 0.805109 -0.042059
-5.271037 0.770018 -0.009380
-3.895030 -0.026057 -0.003034
-1.534770 -1.501346 -0.110585
-1.442637 -1.787319 -0.054114
-1.364129 -2.004750 -0.036323
-1.409037 -1.872337 -0.049565
-3.493967 -1.561081 0.086543
-1.225323 -2.371699 -0.020407
-1.290881 -2.230501 -0.034378
-1.182849 -2.518181 0.008987
-1.061060 -2.900127 -0.073681
-1.124915 -2.723662 0.008420
-3.197277 -2.391271 0.008064
-1.050271 -2.974552 -0.070366
-3.079312 -2.706661 0.001300
-3.076356 -2.680435 -0.026405
-3.042031 -2.786645 0.015476
-3.635787 -2.705070 0.181865
-3.525364 -3.105783 0.198111
-3.414536 -3.429568 0.186778
-3.474337 -3.251892 0.199598
-3.395780 -3.576360 0.138938
-1.034744 -4.825825 0.100995
-1.478123 -4.759694 0.133450
-1.994857 -4.888202 0.138046
-3.396792 -1.529410 0.189052
-3.166999 -3.222207 0.242637
-3.109878 -3.322602 0.246652
-3.346404 -3.363832 0.239499
-3.856346 -3.149029 0.264193
-4.344158 1.066888 -0.536804
-3.955457 -0.026277 -0.508766
-1.797110 -1.036461 -0.533037
-1.486050 -1.687397 -0.400136
-3.033448 -1.279995 -0.480359
-2.357817 -1.843044 -0.475686
-3.649945 -1.455231 -0.452414
-1.304633 -2.333433 -0.420864
-2.896685 -1.915146 -0.488679
-3.034911 -1.928251 -0.474400
-1.265871 -2.466889 -0.411929
-1.053649 -3.038649 -0.384376
-0.842259 -3.702771 -0.288136
-1.302263 -4.377159 -0.266160
-1.777182 -4.534399 -0.226240
-1.676243 1.487972 -0.518185
-2.300564 1.147457 -0.425303
-2.008364 1.039689 -0.426180
-2.256425 1.107906 -0.406633
-2.896539 1.110534 -0.391595
-3.182156 1.018844 -0.368079
-3.931323 -0.455771 -0.422749
-4.164782 -0.507359 -0.335034
-4.399337 -0.579540 -0.337262
-1.449750 -1.761871 -0.261658
-1.369162 -2.033486 -0.266547
-1.410622 -1.911893 -0.319525
-1.306425 -2.241730 -0.248591
-1.206850 -2.536116 -0.193671
-1.080668 -2.890682 -0.183313
-1.190665 -2.759488 -0.175029
-1.032259 -3.058510 -0.187034
-0.901293 -3.453081 -0.261539
-3.027573 -2.854183 -0.189897
-0.823446 -3.636110 -0.125360
-0.645036 -4.035921 -0.106538
-1.147418 -3.838453 -0.088613
-3.613749 -3.207026 -0.241431
-1.904569 -4.603159 -0.107779
-2.506335 1.255460 -0.066754
-2.059768 0.965668 -0.046784
-2.204603 1.055851 -0.065359
-2.793050 1.158432 -0.049929
-2.942122 1.093746 -0.060210
-3.074224 1.068412 -0.033575
-3.602255 1.318182 -0.086706
-3.190735 1.003047 -0.061707
-3.850547 -0.049850 0.023180
-4.114524 -0.500103 0.013349
-4.419304 -0.482224 0.057693
-1.498109 -1.563946 -0.111847
-1.450006 -1.712007 -0.067687
-1.362150 -2.014471 -0.033621
-1.398135 -1.900420 -0.069757
-1.215674 -2.362914 -0.014494
-1.300468 -2.211644 -0.044619
-1.171764 -2.547399 0.004335
-0.265840 -2.991877 0.153706
-1.056662 -2.921551 -0.028433
-1.158481 -2.719877 0.016392
-3.242693 -2.395883 0.022050
-3.052509 -2.781690 -0.052671
-3.571012 -2.894826 0.193786
-3.667480 -2.788534 0.186786
-0.756433 -3.757078 0.061648
-3.559034 -3.097682 0.205324
-3.448994 -3.409091 0.158215
-3.511338 -3.253631 0.156858
-3.434532 -3.465035 0.155240
-0.746997 -4.439757 0.105565
-1.048977 -4.832123 0.133539
-3.964047 -0.960361 0.125825
-3.568300 -2.118608 0.222509
-3.187958 -3.213957 0.249469
-3.302449 -3.219136 0.238167
-3.115697 -3.308681 0.251717
-3.347821 -3.355479 0.250278
-2.491568 1.257883 -0.635773
-2.776953 1.139345 -0.606972
-4.773433 -0.363243 -0.517941
-1.594552 -1.427080 -0.440879
-1.508588 -1.574475 -0.406414
-2.566282 -1.320793 -0.502095
-1.409945 -1.948546 -0.453818
-2.346683 -1.773822 -0.478679
-4.163126 -1.168820 -0.471290
-2.602885 -1.774938 -0.478308
-2.818482 -1.801703 -0.499490
-3.014927 -1.835362 -0.501203
-3.664538 -1.523099 -0.461568
-1.310138 -2.326230 -0.391020
-1.164924 -2.735330 -0.390525
-1.073362 -2.948702 -0.374483
-1.105404 -2.857210 -0.406658
-1.058514 -4.578975 -0.269413
-1.583579 -1.404383 -0.219642
-3.671598 -0.909301 -0.384646
-1.491109 -1.590206 -0.207675
-1.394982 -1.944008 -0.275422
-1.433968 -1.821681 -0.252161
-1.353305 -2.083268 -0.248682
-1.231681 -2.470656 -0.206624
-1.296789 -2.292244 -0.227382
-3.318919 -1.975030 -0.281099
-1.159862 -2.705900 -0.219732
-1.086758 -2.916287 -0.168341
-0.933712 -3.357149 -0.288437
-3.064006 -2.742520 -0.086484
-0.876000 -3.518740 -0.180525
-0.849923 -3.664886 -0.119547
-3.608524 -3.202203 -0.225672
-1.073275 -4.813478 -0.103397
-1.853605 -4.582348 -0.211171
-2.214085 -5.038596 -0.018950
-1.878997 1.039175 -0.017669
-2.152931 1.037267 -0.008125
-4.378862 1.096875 -0.052310
-1.569298 -1.371174 -0.003839
-3.725159 -0.923085 -0.158538
-1.486559 -1.665949 0.023315
-1.390120 -1.922902 -0.021819
-1.422192 -1.828268 -0.026497
-1.343155 -2.093382 -0.047721
-1.199221 -2.484367 0.003326
-1.271060 -2.334861 0.013851
-1.166817 -2.640006 -0.006558
-3.173338 -2.298992 -0.004028
-1.085142 -2.825062 -0.004922
-3.132046 -2.603622 0.008075
-3.732586 -2.476264 0.114806
-3.059048 -2.716055 0.051809
-0.846862 -3.587514 0.001659
-3.593099 -2.823130 0.131073
-0.814182 -3.671014 0.080831
-3.525547 -3.154979 0.180566
-3.455379 -3.409133 0.094270
-1.021235 -4.603898 0.152032
-1.511745 -4.776890 0.163594
-2.048637 -4.893008 0.174303
-1.925007 1.032018 0.009419
-3.037100 1.068653 0.011583
-3.077775 1.083454 0.004695
-4.045568 -0.655762 0.134393
-3.492655 -1.541386 0.173824
-3.406687 -3.277626 0.211946
-2.428412 0.963442 -0.610948
-3.796822 -0.537832 -0.476905
-1.569949 -1.460046 -0.414020
-1.643035 -1.301900 -0.462396
-4.435844 -0.755827 -0.471201
-1.471471 -1.799851 -0.410150
-3.235105 -1.376649 -0.454377
-3.476568 -1.329549 -0.463274
-1.389314 -2.087736 -0.436013
-3.475431 -1.516398 -0.411745
-1.227036 -2.627896 -0.351398
-1.143566 -2.807696 -0.364322
-1.167012 -2.751592 -0.371540
-1.025784 -3.147886 -0.372111
-0.979233 -3.282002 -0.354768
-1.291713 -4.742728 -0.367940
-4.381073 1.110771 -0.404000
-4.440464 0.669916 -0.414823
-3.961641 -0.050355 -0.198882
-1.620160 -1.277170 -0.245008
-1.558645 -1.440801 -0.182413
-1.633383 -1.334738 -0.341287
-1.451501 -1.806489 -0.184845
-1.491191 -1.703669 -0.225774
-1.424693 -1.939604 -0.243454
-1.249998 -2.365131 -0.146565
-1.317434 -2.286266 -0.224744
-1.161078 -2.653653 -0.111174
-1.134783 -2.804457 -0.231337
-1.166352 -2.731029 -0.221219
-1.025945 -3.159287 -0.289811
-3.145320 -2.612478 -0.122590
-3.797881 -2.455657 -0.115942
-0.968239 -3.302085 -0.176213
-0.889342 -3.553731 -0.159860
-3.541815 -3.364888 -0.076570
-3.475857 -3.547327 -0.060263
-1.218347 -4.881189 -0.097647
-2.018813 -4.636075 -0.059657
-1.648469 1.485273 -0.120129
-1.988531 1.017923 -0.011782
-2.247155 1.107685 -0.022384
-2.520644 1.208889 -0.034445
-4.253474 1.169746 0.011325
-5.335296 0.810993 -0.056237
-1.617065 -1.236552 -0.047289
-1.560257 -1.466876 -0.015400
-1.652913 -1.273365 -0.129343
-1.444444 -1.797729 -0.007149
-1.491312 -1.670021 -0.015993
-1.406692 -1.949810 -0.034430
-1.274458 -2.302291 0.000280
-1.334154 -2.193221 -0.003644
-1.237814 -2.486549 -0.013767
-1.379025 -2.369595 0.071497
-3.223244 -2.315442 -0.021923
-3.792807 -2.324970 0.038985
-3.807902 -2.354237 0.074064
-0.954743 -3.342145 -0.017621
-3.676697 -2.839169 0.148251
-0.899563 -3.491957 0.030795
-3.588273 -3.050735 0.168121
-3.522777 -3.364098 0.113466
-0.306384 -4.630492 0.193726
-4.131538 -0.333278 0.137480
-4.005350 -0.768018 0.151143
-6.619632 -2.210718 0.219298
-3.431030 -2.992623 0.205727
-3.613293 -3.000561 0.191206
-2.031138 0.965106 -0.601985
-2.549376 1.088839 -0.597586
-2.816388 1.087455 -0.587366
-4.315214 -0.567387 -0.399182
-4.716352 -0.511377 -0.451141
-5.384412 -0.698938 -0.402474
-1.606360 -1.311997 -0.402548
-1.649516 -1.206328 -0.460268
-2.547992 -1.062479 -0.499055
-4.721138 -0.964306 -0.419206
-1.555617 -1.547605 -0.455491
-3.440623 -1.300281 -0.462315
-1.514038 -1.741361 -0.384705
-3.593457 -1.529136 -0.384544
-3.709689 -1.607025 -0.393820
-1.236126 -2.533531 -0.365875
-1.136269 -2.819519 -0.367515
-1.066588 -2.996535 -0.386420
-0.990261 -3.198852 -0.371626
-0.994501 -3.189501 -0.409880
-0.853972 -3.677234 -0.375857
-1.640219 -4.842472 -0.381076
-3.289575 0.782962 -0.191065
-4.694554 0.961295 -0.405155
-1.722132 -0.966465 -0.187274
-1.642791 -1.196969 -0.225713
-1.551035 -1.509893 -0.251244
-1.497106 -1.687365 -0.222199
-3.406034 -1.522418 -0.346937
-1.355206 -2.073754 -0.207080
-1.227850 -2.548559 -0.308496
-1.123683 -2.848769 -0.270123
-3.759929 -2.565574 -0.106456
-1.059534 -3.013987 -0.210183
-1.003323 -3.215719 -0.190683
-0.898184 -3.496447 -0.150044
-3.500843 -3.454556 -0.071973
-3.428942 -3.625951 -0.072617
-1.826738 -4.598049 -0.114190
-1.909349 -5.241902 -0.065318
-2.668223 -5.249783 -0.013653
-2.337654 1.331143 -0.000893
-1.579843 -1.317322 0.005066
-1.641122 -1.189484 -0.075357
-1.548416 -1.491149 -0.025701
-4.138564 -1.352982 -0.104146
-1.475328 -1.729991 -0.031162
-1.356122 -2.042949 -0.047177
-1.406283 -1.935734 0.039831
-1.300250 -2.250374 -0.001249
-1.421170 -2.185751 0.052618
-1.254808 -2.396073 -0.048670
-3.229014 -2.380824 0.012189
-3.783042 -2.385941 0.091689
-3.693850 -2.662472 0.151461
-3.818994 -2.522567 -0.060501
-1.038413 -3.029804 -0.015843
-3.639304 -2.866272 0.163209
-3.737384 -2.709933 0.112507
-0.958371 -3.292832 -0.037493
-1.006872 -3.167184 -0.028978
-3.579225 -3.073350 0.185908
-0.997466 -3.458603 0.096793
-2.752065 -3.302856 0.033550
-0.059695 -3.952541 0.132275
-3.480235 -3.480963 0.115916
-1.329023 -5.060443 0.218337
-4.070841 -0.532758 0.187298
-3.982900 -0.879076 0.135835
-3.926378 -0.930300 0.184729
-3.522431 -2.822131 0.198751
-3.567469 -2.984273 0.204300
4.651308 -7.384305 -5.464632
-2.277226 0.638005 -0.638511
-1.850416 0.580143 -0.669152
-2.493081 0.615925 -0.616204
-1.750334 0.297410 -0.648443
-2.742328 -1.048848 -0.523822
-4.662839 -0.894990 -0.421177
-1.612291 -1.298723 -0.475621
-3.083089 -1.133168 -0.498536
-3.388651 -1.208731 -0.483837
-1.571830 -1.477650 -0.440967
-3.630558 -1.493372 -0.406564
-3.770695 -1.557276 -0.423976
-3.886292 -1.784291 -0.408653
-1.326068 -2.308222 -0.472712
-1.117285 -2.804028 -0.407357
-1.023036 -3.147120 -0.447918
-1.037032 -3.043535 -0.448859
-1.400069 -4.891930 -0.388784
-1.324386 -5.099837 -0.307098
-1.465586 1.536953 -0.410658
-1.802059 1.083214 -0.320142
-3.237159 0.886322 -0.399967
-3.784632 0.647069 -0.418455
-1.765522 -0.886903 -0.339850
-1.640548 -1.133332 -0.288601
-1.711257 -0.962627 -0.336172
-1.601852 -1.296353 -0.277840
-1.541549 -1.507250 -0.277093
-3.404935 -1.522819 -0.252396
-1.390612 -1.864843 -0.186734
-1.464884 -1.816317 -0.326262
-1.302995 -2.077075 -0.212165
-1.467685 -1.944095 -0.297756
-1.274533 -2.262923 -0.252814
-1.183578 -2.607524 -0.290109
-1.112986 -2.778448 -0.255268
-3.111996 -2.595634 -0.272244
-3.749457 -2.669210 -0.060507
-1.055036 -2.970587 -0.231502
-1.677345 -4.501484 -0.183756
-3.325406 1.257906 -0.015681
-2.667919 1.139090 -0.047999
-2.911857 1.090664 -0.050218
-3.144541 1.006576 -0.051151
-3.406912 0.869693 -0.019710
-3.706331 0.828855 0.021288
-3.799425 0.693326 -0.052548
-3.926923 0.721376 0.034820
-1.630783 -1.119249 -0.098691
-1.696975 -0.955941 -0.125269
-1.588944 -1.298927 -0.075242
-4.172695 -1.184833 0.014162
-1.536188 -1.476195 -0.055757
-1.399860 -1.870736 -0.074214
-1.452667 -1.748395 -0.058852
-1.349237 -2.035933 -0.043059
-1.452355 -1.930125 -0.084012
-1.323030 -2.185677 -0.068862
-3.783266 -2.370624 0.055414
-1.094720 -2.847086 -0.030901
-3.713708 -2.609393 0.139864
-0.973576 -3.146372 -0.072053
-1.035388 -3.013403 -0.081793
-3.607268 -2.882097 0.185657
-3.513918 -3.171486 0.201014
-2.883648 -3.382715 0.044204
-3.373686 -3.667456 0.011880
-3.628719 -2.731280 0.212477
-3.489082 -2.973619 0.229886
-3.562911 -2.856312 0.223723
-1.263957 -4.742270 0.228897
-2.347137 -3.405720 -1.190070
-1.737618 0.638607 -0.671495
-2.126719 0.745756 -0.652898
-2.329540 0.727336 -0.628817
-2.532524 0.747336 -0.618626
-4.784780 0.919508 -0.485872
-1.942145 0.601883 -0.634449
-1.792681 -0.815340 -0.548816
-2.784269 -0.793876 -0.534978
-4.334357 -0.614824 -0.414313
-1.750093 -0.946214 -0.491133
-3.154557 -0.902891 -0.507490
-3.428692 -0.928652 -0.509979
-5.122960 -0.901170 -0.393423
-3.661669 -1.137681 -0.451180
-3.845199 -1.387954 -0.437908
-1.320387 -2.278035 -0.512479
-1.226096 -2.525327 -0.441164
-1.116909 -2.846853 -0.485113
-1.034306 -3.067886 -0.384750
-2.160059 -5.160419 -0.253854
-2.595909 -5.227818 -0.222875
-1.300615 1.557112 -0.444131
-1.379881 1.537730 -0.479839
-1.586543 1.479153 -0.401582
-2.119325 1.016505 -0.289667
-1.787492 -0.745654 -0.335484
-1.707231 -1.067154 -0.312600
-1.734087 -0.970583 -0.284663
-1.665839 -1.203887 -0.300367
-1.531086 -1.501863 -0.239516
-1.479275 -1.708520 -0.178278
-1.550138 -1.698396 -0.287708
-1.408094 -2.009410 -0.279447
-1.286657 -2.373283 -0.327225
-1.327235 -2.274941 -0.269952
-1.239986 -2.483208 -0.276505
-1.160404 -2.694144 -0.230477
-1.037233 -3.068286 -0.211613
-1.679206 -4.472146 -0.232247
-2.372915 -5.127281 -0.229749
-2.725288 1.122850 -0.050097
-2.949843 1.019807 -0.134306
-3.115657 1.030667 -0.054365
-3.295105 0.871347 -0.051973
-4.794263 0.959450 -0.040090
-1.769329 -0.749193 -0.129917
-1.701088 -1.031136 -0.084785
-1.737210 -0.938046 -0.101145
-1.658673 -1.183462 -0.083928
-1.492696 -1.561569 -0.150899
-1.533094 -1.506466 -0.087887
-1.454591 -1.741745 -0.066991
-1.565605 -1.731843 -0.079944
-1.409023 -1.913191 -0.110000
-1.263599 -2.352282 -0.129796
-1.212351 -2.515561 -0.096250
-1.143683 -2.711349 -0.046976
-3.045658 -2.714870 0.093136
-3.088921 -2.632126 0.095433
-3.745176 -2.578766 0.058683
-2.959391 -2.881290 -0.023838
-3.681295 -2.764503 0.130452
-1.514463 -4.839250 -0.005162
-4.045469 -0.656607 0.167170
-2.085194 -3.080203 -1.120418
-2.961588 0.900062 -0.637752
-2.164295 0.756906 -0.648224
-2.353594 0.778741 -0.636998
-2.547207 0.824903 -0.635604
-1.814849 0.601546 -0.647094
-1.974671 0.563098 -0.637127
-1.573620 0.393014 -0.637277
-1.676170 0.435255 -0.623182
-4.700591 -0.642838 -0.476294
-2.314208 -0.407466 -0.572125
-3.108729 -0.742489 -0.537043
-3.234864 -0.799868 -0.524401
-1.853450 -0.656754 -0.512579
-3.764383 -1.097069 -0.513497
-5.069530 -1.357100 -0.372114
-1.761852 -0.948708 -0.455486
-3.237910 -1.222432 -0.524613
-3.386324 -1.313711 -0.523526
-3.950529 -1.420647 -0.453581
-5.334387 -1.525330 -0.401748
-1.420444 -1.952789 -0.419344
-1.372615 -2.090572 -0.432946
-1.304262 -2.292544 -0.457822
-1.240437 -4.753288 -0.307083
-1.338946 -5.148233 -0.332168
-1.405172 1.556948 -0.463127
-1.640629 1.485849 -0.418752
-2.360060 1.262787 -0.322051
-2.789202 1.116860 -0.271874
-2.995055 1.057846 -0.251438
-1.828194 -0.670644 -0.281698
-1.767008 -0.891797 -0.282464
-4.147952 -1.415639 -0.138506
-1.697914 -1.119779 -0.239003
-1.532960 -1.511776 -0.261497
-1.440481 -1.834721 -0.232646
-1.384018 -2.062564 -0.346798
-1.262534 -2.395216 -0.251564
-1.175192 -2.583313 -0.259381
-1.228072 -2.510868 -0.274386
-1.130092 -2.740247 -0.219949
-1.050003 -2.985516 -0.205320
-1.721626 -4.560862 -0.228406
-1.898025 -4.659102 -0.219039
-2.277683 -5.135475 -0.236731
-4.362851 1.073455 -0.015525
-4.609259 0.985408 -0.023507
-1.530869 1.514549 -0.076751
-4.862684 0.891767 -0.032177
-1.873184 1.067534 -0.038523
-2.088201 1.005455 -0.021865
-1.820977 -0.672406 -0.113617
-1.764809 -0.870790 -0.080575
-1.695120 -1.099455 -0.099165
-1.595413 -1.374848 -0.089836
-3.972159 -1.923712 0.064356
-1.558630 -1.523658 -0.101512
-1.364880 -1.943544 -0.090185
-1.359527 -2.093401 -0.020332
-3.121059 -2.566680 -0.065526
-1.242502 -2.357827 0.032189
-1.281077 -2.318974 -0.063530
-3.100132 -2.642619 0.012710
-3.619920 -2.912084 0.138739
-1.224250 -2.471192 -0.128221
-3.564203 -3.071661 0.151467
-0.720441 -4.648838 0.166747
-0.309556 2.395955 -0.642211
-2.836280 1.132905 -0.581581
-2.069995 0.982524 -0.619729
-2.441509 1.113455 -0.608680
-2.502596 0.940334 -0.592607
-1.818281 0.852226 -0.624470
-2.061771 0.852641 -0.610156
-1.495619 0.619747 -0.631460
-1.311413 0.480921 -0.633252
-4.926008 -0.491653 -0.403575
-5.447678 -0.526638 -0.386817
-3.295104 -0.499716 -0.508051
-3.607537 -0.657652 -0.467904
-3.895817 -0.791347 -0.482268
-1.832762 -0.638292 -0.479421
-3.346385 -0.913552 -0.521979
-3.512453 -1.014077 -0.506694
-4.091729 -0.984880 -0.444281
-4.148631 -1.098632 -0.441087
-1.526159 -1.690216 -0.489310
-1.466172 -1.837392 -0.478529
-1.376569 -2.097382 -0.501428
-1.420770 -1.999523 -0.476239
-1.823985 -4.542360 -0.330657
-1.300298 -4.766488 -0.432331
-2.437968 -5.128226 -0.336688
-1.445773 -5.090418 -0.448228
-2.177446 -5.312603 -0.384888
-0.985088 1.659641 -0.464815
-1.276239 1.592452 -0.416450
-1.549842 1.505975 -0.371085
-4.762636 0.962841 -0.314008
-1.879508 1.059013 -0.278317
-1.816727 -0.655151 -0.290809
-4.228068 -1.002808 -0.133515
-1.766019 -0.844998 -0.279714
-5.352119 -1.445333 -0.299755
-1.668900 -1.109478 -0.269318
-3.373823 -1.417243 -0.178013
-4.395614 -1.496143 -0.101717
-1.508196 -1.660869 -0.341293
-3.978975 -1.930602 -0.135266
-1.483411 -1.803203 -0.325047
-1.354807 -2.160085 -0.276487
-1.430715 -1.997691 -0.330165
-1.313098 -2.295763 -0.278954
-1.252132 -2.508758 -0.260127
-1.092043 -2.989175 -0.306449
-1.265366 -3.871235 -0.341300
-2.622463 -4.125417 -0.194558
-1.810606 -4.532414 -0.329583
-2.020415 -4.623700 -0.315886
-4.318896 1.162111 0.010945
-1.439717 1.555751 -0.058389
-4.918846 0.963800 0.086137
-1.787097 1.117699 -0.015399
-2.001679 1.026019 0.007206
-3.456143 0.864129 0.036382
-1.808773 -0.636921 -0.094865
-3.564653 -0.930210 -0.012651
-3.623347 -0.999583 -0.009731
-4.174613 -1.133387 -0.083933
-1.760486 -0.844365 -0.101904
-4.115088 -1.366032 -0.009190
-6.669938 -1.839125 0.218245
-1.641344 -1.139993 -0.098581
-3.349519 -1.435034 -0.051935
-4.016852 -1.604319 0.115482
-1.620204 -1.259157 -0.150930
-4.012248 -1.858895 -0.020649
-3.936927 -2.005444 0.081474
-1.428256 -1.764671 -0.042734
-1.457408 -1.794695 -0.101393
-1.377934 -2.060110 -0.076430
-1.433285 -1.986781 -0.033121
-1.317051 -2.244994 -0.139419
-1.233069 -2.452148 -0.128998
-6.640509 -1.980055 0.250631
-3.632965 -1.792644 0.173482
-3.971579 -1.867083 0.161131
-1.323744 -4.761689 0.179187
-0.495436 2.364812 -0.662998
-2.536833 1.077595 -0.610903
-2.727676 1.157753 -0.617469
-2.134134 0.900477 -0.620278
-2.355893 1.020659 -0.613908
-1.720238 0.700799 -0.623146
-1.567679 0.636094 -0.636089
-3.651519 -0.657695 -0.433152
-3.831113 -0.720276 -0.463919
-4.093061 -0.990460 -0.433357
-1.586243 -1.542447 -0.479057
-1.482822 -1.776232 -0.456613
-1.515814 -1.703578 -0.470737
-1.451768 -1.886361 -0.478764
-1.600349 -4.532048 -0.319924
-1.805012 -4.619804 -0.302096
-1.246299 -4.842323 -0.401738
-2.113336 -5.210155 -0.377474
-1.195186 1.594366 -0.469122
-1.432212 1.544317 -0.427171
-1.720410 1.353062 -0.365203
-2.003241 1.014558 -0.287082
-1.863777 -0.610444 -0.284421
-1.829293 -0.747175 -0.316901
-1.702760 -1.054295 -0.240252
-1.695642 -1.201921 -0.298485
-1.563869 -1.563296 -0.314644
-3.966179 -1.975551 -0.103742
-1.524849 -1.675091 -0.326339
-1.389409 -2.041063 -0.286421
-1.335134 -2.199781 -0.255673
-1.337081 -4.070664 -0.315707
-2.018843 -4.685785 -0.283789
-1.592796 1.477513 -0.077916
-4.301773 1.112512 0.017846
-2.278510 1.104085 -0.000285
-2.114782 0.981479 -0.011472
-4.391883 -0.646860 0.095259
-1.879611 -0.572712 -0.097339
-3.588374 -0.877709 -0.043553
-1.825387 -0.711824 -0.117352
-3.576414 -1.014650 -0.023856
-4.185887 -1.299188 -0.065467
-1.689968 -1.044573 -0.108317
-4.115439 -1.424908 0.017464
-1.699381 -1.145554 -0.160911
-4.018081 -1.708786 0.129849
-4.044525 -1.704562 0.151654
-1.560150 -1.558127 -0.102098
-3.956547 -1.916736 0.087250
-4.008313 -1.873600 0.059361
-1.463884 -1.740379 -0.018727
-1.505930 -1.679655 -0.120275
-3.780366 -2.131516 0.150562
-1.416910 -1.937340 -0.049115
-1.347303 -2.152478 -0.126460
-0.652314 -4.681242 0.146833
-0.995060 -4.559400 0.162076
-1.240830 -5.005138 0.016344
-3.689790 -1.725284 0.178836
-3.656074 -1.860706 0.182601
-3.905144 -1.918026 0.174214
-3.611379 -2.034225 0.184909
1.601695 3.069484 -0.803720
-2.671885 1.129723 -0.618249
-0.148117 1.308664 -0.778185
-2.125201 0.930538 -0.628685
-2.349842 1.023696 -0.622341
-1.908933 0.838010 -0.640826
-3.650240 -0.598929 -0.416602
-1.890306 -0.575391 -0.537411
-3.713467 -0.733551 -0.402895
-1.815856 -0.801476 -0.523856
-1.780034 -0.933789 -0.486872
-1.632421 -1.286222 -0.479456
-1.659889 -1.269158 -0.477333
-1.585660 -1.436243 -0.481197
-1.513731 -1.643942 -0.509190
-1.392771 -1.977590 -0.444443
-2.688838 -3.553917 -0.423264
-2.936485 -3.563503 -0.407716
-1.179055 -4.871377 -0.382467
0.937183 2.874762 -0.466795
-1.140356 1.645154 -0.543420
-1.415428 1.580096 -0.491297
-2.486765 1.262496 -0.307472
-4.873500 0.927765 -0.338875
-3.294312 0.819604 -0.224430
-3.500480 0.811555 -0.288484
-1.874364 -0.581401 -0.324135
-1.806694 -0.783509 -0.326941
-1.773494 -0.879143 -0.242444
-1.632421 -1.279873 -0.317443
-1.576508 -1.442133 -0.277050
-4.004308 -1.891053 -0.152961
-1.496933 -1.684509 -0.238088
-1.395626 -1.921628 -0.266221
-1.368143 -2.065940 -0.379785
-2.744298 -3.971040 -0.128063
-2.537177 -4.338286 -0.176584
-1.563287 -4.567277 -0.305353
-2.039271 -4.667224 -0.254919
-2.239384 -5.071461 -0.267317
-4.520646 1.058619 0.058137
-5.115672 0.876957 0.053558
-5.334066 0.770592 0.075258
-1.963092 1.020588 -0.254306
-3.241537 0.874367 -0.167177
-4.247428 -0.807296 0.087736
-1.799606 -0.705674 -0.096797
-4.224597 -1.096480 0.052944
-1.734923 -0.903357 -0.179862
-4.139299 -1.324494 0.040320
-4.189187 -1.280466 -0.018730
-4.061696 -1.445349 0.119636
-4.196644 -1.525894 0.151325
-1.542784 -1.479881 -0.106096
-3.962431 -1.795481 0.111219
-4.276833 -1.889418 -0.029622
-1.485476 -1.662677 -0.102462
-3.975441 -1.959533 0.009189
-1.388564 -1.944821 -0.094015
-3.851562 -2.268046 0.012775
-6.846266 -0.616420 0.224696
-4.057591 -1.405048 0.153115
-3.715435 -1.610783 0.176994
-3.797056 -1.686810 0.168990
-1.547570 1.449593 -0.698806
-1.003118 0.971057 -0.714074
-1.125243 1.128020 -0.714910
-3.045341 1.028581 -0.509847
-3.269205 0.224235 -0.534743
-3.453417 0.147858 -0.525877
-3.675594 0.119172 -0.505810
-3.852952 -0.010740 -0.492478
-3.490135 -0.282298 -0.521076
-3.646787 -0.364083 -0.529154
-1.900591 -0.585422 -0.542637
-1.808931 -0.839926 -0.482779
-1.754759 -0.991484 -0.477005
-1.618018 -1.336386 -0.469278
-4.212185 -1.486440 -0.354480
-1.559360 -1.521198 -0.483425
-1.471835 -1.756304 -0.512775
-1.431403 -1.899224 -0.490272
-2.075066 -3.605164 -0.449780
-2.404605 -3.794900 -0.432787
-3.146877 -3.796807 -0.360675
-1.140078 -4.878834 -0.297703
-1.352013 -5.111321 -0.275535
-2.435920 1.237517 -0.498776
-2.774127 1.109913 -0.429507
-1.976159 1.009141 -0.514787
-2.130416 0.991504 -0.467631
-3.145658 0.947222 -0.447206
-3.461338 0.769204 -0.377821
-3.988648 -0.474893 -0.307332
-4.151019 -0.517708 -0.332208
-1.805143 -0.807058 -0.358319
-1.754681 -0.960783 -0.382795
-4.223406 -1.216432 -0.126371
-1.624669 -1.318740 -0.339662
-4.123358 -1.435375 -0.094462
-1.562429 -1.487866 -0.302459
-1.497181 -1.702666 -0.306248
-1.381763 -1.999439 -0.265740
-1.421677 -1.903543 -0.332114
-1.778607 -4.618009 -0.191539
-2.015176 -4.693124 -0.164439
-2.178192 -5.114864 -0.135932
-1.201960 1.534474 -0.277519
-3.158483 0.985627 -0.152923
-5.158350 0.825420 0.101008
-5.393584 0.729568 0.113093
-3.418228 0.756960 -0.105057
-1.857903 -0.579704 -0.172904
-1.780795 -0.758483 -0.142229
-1.702806 -0.892643 -0.156342
-4.128352 -1.106640 0.036306
-4.226297 -1.143802 -0.005856
-4.139721 -1.371989 0.034417
-4.195743 -1.342873 -0.030169
-1.522660 -1.523764 -0.116348
-4.053168 -1.528953 0.063450
-4.185472 -1.563653 -0.025220
-1.458494 -1.709080 -0.073594
-3.903648 -1.895524 0.125873
-3.970678 -1.906274 0.041438
-1.416071 -1.862352 -0.072167
-3.931434 -2.081872 -0.006453
-3.057924 -3.434155 0.012629
-4.912594 0.890831 0.090045
-5.163435 0.796316 0.131156
-3.789260 -1.357104 0.178234
-3.996784 -1.424199 0.177473
-3.644918 -1.687800 0.181134
-3.803994 -1.488382 0.184669
-3.999200 -1.518983 0.182485
-3.649897 -1.818478 0.191045
-3.669176 -1.739639 0.183783
-2.644047 -2.445727 -1.161670
-2.637527 -2.522945 -1.344967
0.245234 1.601468 -0.798180
-1.329473 1.233556 -0.684720
-1.495090 1.284245 -0.668751
-1.219673 1.053437 -0.672906
-3.208680 0.974914 -0.501212
-2.259668 0.380123 -0.596266
-3.449766 0.116413 -0.522648
-3.670275 0.091013 -0.508889
-3.937175 -0.036114 -0.495719
-3.819539 -0.492264 -0.514094
-4.358605 -0.580595 -0.394404
-1.834225 -0.768148 -0.492000
-1.766474 -0.941405 -0.480521
-1.624822 -1.297200 -0.465232
-1.562008 -1.468325 -0.476150
-1.477626 -1.664095 -0.508281
-2.364273 -3.828095 -0.453280
-1.307064 -5.018100 -0.351755
-2.153747 -5.074384 -0.322923
0.030278 2.013184 -0.588633
-0.606223 2.082974 -0.497348
-0.488336 1.799842 -0.491461
-1.147934 1.653295 -0.382205
-1.431981 1.573091 -0.334879
-2.460299 1.260806 -0.501297
-2.798641 1.114869 -0.432270
-2.000153 1.026628 -0.513406
-2.165726 1.028242 -0.487683
-2.990158 1.001518 -0.431824
-3.179008 1.003248 -0.466395
-3.999311 -0.482125 -0.329957
-4.168309 -0.524096 -0.360354
-1.821317 -0.757750 -0.362976
-1.757721 -0.943296 -0.346974
-4.270563 -1.111241 -0.145306
-1.623363 -1.297228 -0.371179
-4.152461 -1.380728 -0.120856
-1.561243 -1.458890 -0.304075
-1.488036 -1.682036 -0.308424
-3.980362 -1.969274 -0.112385
-1.396661 -1.946504 -0.350906
-1.417579 -1.907766 -0.310351
-3.881645 -2.149113 -0.101196
-3.957358 -2.039333 -0.095197
-1.296441 -2.217966 -0.213207
-1.750856 -4.572525 -0.200751
-1.115819 -4.818184 -0.299616
-1.979002 -4.679247 -0.177260
-1.313740 -5.077693 -0.282725
-2.176413 -5.086769 -0.176150
-2.447789 -5.174137 -0.151967
1.782158 3.209857 -0.388567
0.958401 2.928487 -0.306966
0.283886 2.671979 -0.240611
-2.154355 1.004903 -0.238638
-3.056564 1.023116 -0.203003
-3.267293 0.872775 -0.157947
-3.494891 0.775947 -0.101690
-3.583011 0.732367 -0.160869
-1.863051 -0.564574 -0.130225
-1.790466 -0.759811 -0.141961
-4.205667 -0.985064 0.027104
-4.244138 -0.958034 0.059974
-1.788724 -0.853249 -0.186843
-4.162651 -1.165068 0.044935
-4.225079 -1.186052 0.022271
-4.123919 -1.371679 0.047842
-1.523996 -1.511540 -0.115663
-4.056567 -1.532420 0.081770
-1.460303 -1.695571 -0.087401
-3.975904 -1.880915 0.044507
-1.387583 -1.878552 -0.145777
-3.897036 -2.077781 -0.073635
-3.966288 -2.018499 0.061503
-1.341111 -2.078585 -0.115422
-6.513565 -2.401059 0.235647
-5.300497 0.733294 0.114757
-5.343545 0.729308 0.131410
-5.611660 0.647861 0.136203
-3.914639 -1.412935 0.163881
-3.973638 -1.402516 0.155970
-3.994191 -1.514269 0.164650
-3.618531 -1.787088 0.162761
-3.678914 -1.734878 0.159641
-6.494715 -2.475934 0.291343
-2.641347 -2.423747 -1.127773
-1.534521 1.254356 -0.714724
-1.630244 1.196309 -0.692991
-1.487676 1.077850 -0.691635
-1.980181 1.029786 -0.584383
-3.213004 0.974152 -0.536464
-1.150803 0.841825 -0.715538
-4.001051 -0.071692 -0.487243
-3.671391 -0.389565 -0.512819
-4.376219 -0.583216 -0.398966
-1.805485 -0.825827 -0.492776
-4.557924 -0.807670 -0.408397
-1.764933 -0.943802 -0.484998
-1.639647 -1.281149 -0.469066
-1.553474 -1.520388 -0.477014
-1.466571 -1.717103 -0.537143
-1.431423 -1.861986 -0.529192
-1.254650 -2.362787 -0.455315
-3.094599 -3.670270 -0.300985
-1.996137 -3.771187 -0.455203
-2.173694 -3.838449 -0.436019
-2.356058 -3.912200 -0.420269
-0.605917 2.065033 -0.584857
0.003079 1.965873 -0.678281
-0.483848 1.791115 -0.577315
-1.140144 1.649020 -0.454834
-1.423579 1.568762 -0.402792
-2.599087 1.162658 -0.442069
-2.970241 1.020385 -0.457038
-3.249343 0.894404 -0.422325
-3.875384 -0.483934 -0.369330
-1.865712 -0.596521 -0.283413
-4.179106 -0.528033 -0.363300
-1.822525 -0.751923 -0.368284
-1.720081 -0.869504 -0.245973
-1.757300 -0.962106 -0.442460
-1.627424 -1.291760 -0.393182
-4.172599 -1.367872 -0.087676
-1.561474 -1.455740 -0.329453
-4.135704 -1.507157 -0.077120
-1.484502 -1.674497 -0.305971
-3.995429 -1.936386 -0.082313
-1.385359 -1.957878 -0.345605
-3.876668 -2.143575 -0.087154
-3.917604 -2.116782 -0.072049
-1.289132 -2.167358 -0.193274
-1.750076 -4.580747 -0.156645
-1.120377 -4.817494 -0.257892
-1.980857 -4.672945 -0.128547
-1.317389 -5.077417 -0.235601
-2.175315 -5.104903 -0.119343
-2.448271 -5.178603 -0.090178
1.757625 3.191801 -0.432891
0.955430 2.895761 -0.419544
0.303092 2.666473 -0.340779
-1.318650 1.627779 -0.135284
-2.974293 1.020478 -0.238140
-3.252480 0.896095 -0.212595
-3.483534 0.770023 -0.162760
-3.722327 0.676314 -0.201312
-1.859793 -0.562588 -0.151823
-1.796708 -0.757943 -0.168220
-1.792773 -0.856353 -0.210852
-4.179321 -1.111151 0.089242
-4.206822 -1.210840 0.055077
-4.109480 -1.366670 0.120483
-4.195000 -1.350169 -0.053460
-0.962343 -1.373949 0.002583
-1.522433 -1.512902 -0.126084
-4.043079 -1.560363 0.141287
-4.233118 -1.586315 -0.054191
-1.465712 -1.695960 -0.107511
-3.989498 -1.881757 0.082451
-1.370351 -1.948236 -0.150671
-3.911745 -2.074498 0.093370
-3.840917 -2.324656 0.098128
-0.345612 -2.396964 0.002699
-0.375074 -2.603079 0.010013
-1.217092 -4.850576 0.146635
-5.326123 0.746897 0.136212
-5.601045 0.653939 0.153943
-4.202489 -0.196297 0.173840
-6.918825 -0.556999 0.299201
-3.843894 -1.404716 0.182073
-3.964542 -1.404410 0.178386
-3.976481 -1.509657 0.188036
-3.636532 -1.719760 0.183655
-3.658615 -1.809652 0.180482
-0.232037 2.361991 -0.853870
-1.840784 1.133604 -0.662464
-1.604759 1.091356 -0.683910
-1.678655 1.074297 -0.676764
-1.996577 1.024584 -0.588971
-2.198147 0.997604 -0.558105
-3.170413 0.944099 -0.508622
-1.211088 0.746672 -0.702361
-3.794279 0.037932 -0.506919
-3.969875 -0.107091 -0.491886
-1.811766 -0.828183 -0.476993
-1.763266 -0.978842 -0.467211
-1.576779 -1.484711 -0.492677
-1.477475 -1.732269 -0.520670
-1.987497 -3.903573 -0.457046
-2.171851 -3.981621 -0.439953
-2.364760 -4.050139 -0.422948
-0.622148 1.983205 -0.593510
-0.436765 1.799030 -0.605635
-1.103153 1.666292 -0.480185
-1.395418 1.579432 -0.424778
-2.984765 1.012856 -0.322289
-3.268238 0.907428 -0.303925
-3.401234 0.790177 -0.421539
-3.584673 0.727423 -0.224882
-4.369610 0.550849 -0.221267
-4.009603 -0.492988 -0.352686
-1.883137 -0.606393 -0.263778
-1.823457 -0.789498 -0.379665
-1.770560 -0.947367 -0.392104
-4.261037 -1.201134 -0.124963
-1.635288 -1.294946 -0.403467
-4.175407 -1.403723 -0.104681
-1.572285 -1.459043 -0.298611
-4.109066 -1.542924 -0.119761
-1.436832 -1.804706 -0.336088
-1.479886 -1.740211 -0.282898
-3.966222 -1.943363 -0.092192
-1.382881 -2.018420 -0.373982
-3.949807 -2.097708 -0.110810
-1.449449 -4.839618 -0.184323
-1.775139 -4.655504 -0.134795
-1.126286 -4.923592 -0.233673
-1.970011 -4.960749 -0.118046
-2.220319 -5.127439 -0.093642
-1.553772 1.543795 -0.113248
-4.190903 1.048940 0.039699
-1.955036 1.013410 -0.053995
-2.994057 1.040318 -0.199064
-3.291846 0.838283 -0.197319
-4.736318 0.945119 -0.046725
-5.036414 0.814815 0.091950
-5.281857 0.735841 0.107797
-5.362395 0.727488 0.063355
-3.530118 0.730835 -0.128591
-5.556923 0.650177 0.125294
-5.636104 0.621948 0.084894
-1.866787 -0.587963 -0.112623
-4.949631 -0.563941 0.143901
-1.810161 -0.765534 -0.143797
-4.261443 -0.969071 0.105006
-1.748775 -0.868882 -0.163619
-4.197969 -1.127780 0.110095
-4.241727 -1.241131 -0.082744
-4.142867 -1.374797 0.053777
-1.527854 -1.524049 -0.107297
-4.061316 -1.569722 0.135765
-1.415995 -1.814710 -0.130922
-1.479334 -1.695645 -0.120138
-3.979280 -1.895399 0.114487
-1.382269 -1.910855 -0.157643
-3.859344 -2.136153 0.079011
-3.983824 -2.000554 0.058765
-1.308997 -2.187733 -0.154718
-0.712339 -4.437174 -0.060803
-2.115521 1.027754 -0.037547
-5.487156 0.688483 0.160632
-4.224322 -0.196734 0.164241
-3.962363 -1.459165 0.182862
-4.022920 -1.536349 0.183590
-6.497518 -2.449399 0.356303
-2.737639 -2.129410 -1.092000
1.868839 3.161578 -0.928770
1.007301 2.909890 -0.802003
1.004161 1.577768 -0.779402
-1.532545 1.082533 -0.677690
-2.862830 1.066968 -0.498553
-1.372239 0.972106 -0.691655
-3.032651 1.021866 -0.511560
-2.743226 0.594941 -0.588405
-2.853776 0.595788 -0.574976
-3.671032 0.690616 -0.434615
-3.974577 0.120153 -0.490951
-3.963805 -0.028955 -0.443473
-1.694344 -1.146176 -0.469531
-1.628109 -1.318951 -0.488118
-1.556313 -1.572870 -0.500071
-1.422705 -4.021825 -0.497845
-3.142250 -4.665603 -0.340847
-3.165511 -4.729312 -0.343773
-0.622580 2.056955 -0.591619
-0.529298 1.772650 -0.580945
-1.199220 1.609921 -0.444853
-2.895249 1.104756 -0.252358
-2.043606 0.986322 -0.276615
-3.131972 0.991310 -0.329436
-3.332649 0.805056 -0.372194
-3.653400 0.701328 -0.240737
-1.876009 -0.628491 -0.422159
-1.795104 -0.806753 -0.399611
-1.826837 -0.770227 -0.409592
-1.701082 -1.121885 -0.393364
-1.627202 -1.300682 -0.315383
-4.194078 -1.311095 -0.108932
-1.517080 -1.672030 -0.328596
-1.558992 -1.496378 -0.253202
-4.132565 -1.509175 -0.116373
-1.463958 -1.773455 -0.349640
-2.864525 -3.624005 -0.233849
-1.208119 -4.992555 -0.125518
-2.782477 1.113185 -0.233991
-2.208885 1.019782 -0.244033
-2.996391 1.029408 -0.203412
-3.168299 0.939589 -0.173550
-5.057486 0.838075 0.111001
-3.444599 0.791226 -0.152215
-5.412963 0.716879 0.126215
-5.703693 0.617714 0.147813
-3.887954 -0.431548 -0.091740
-1.838074 -0.599749 -0.104077
-3.851903 -0.461321 0.005225
-3.581687 -1.025462 -0.007243
-4.193945 -1.115036 0.096133
-1.615259 -1.311304 -0.144811
-4.135057 -1.310672 0.109510
-1.512104 -1.542786 -0.086957
-1.541720 -1.487805 -0.124151
-3.998456 -1.687212 0.158548
-4.084685 -1.508208 0.075860
-1.453872 -1.806178 -0.171357
-3.965614 -1.771437 0.151865
-3.259068 -1.965758 -0.047959
-3.870198 -2.104031 0.067607
-1.778642 -5.148591 -0.051317
-2.054842 -5.296974 -0.018546
-5.501037 0.685886 0.191692
-5.778536 0.586382 0.200626
-3.908694 -1.363068 0.178885
-4.047890 -1.369011 0.184054
-3.982731 -1.509676 0.183495
2.046736 2.962526 -0.950878
0.754357 2.865006 -0.753263
0.064877 0.431796 -0.672915
-0.779669 0.720998 -0.703015
-0.872898 0.877953 -0.706410
-0.964844 1.044382 -0.716462
-0.559540 0.240495 -0.696514
-0.693884 0.394385 -0.689520
-0.598489 0.071562 -0.674050
-0.673764 0.248777 -0.685772
-2.649728 0.674492 -0.619075
-2.818045 0.708560 -0.599937
-1.908118 -0.502275 -0.546955
-2.861087 0.686310 -0.610815
-3.065516 0.783902 -0.605763
-3.230242 0.719285 -0.582383
-1.520139 -1.548483 -0.451877
-1.601956 -1.331611 -0.419530
-0.850676 -3.755522 -0.460115
-1.043072 -3.909794 -0.448659
-0.993577 -4.313265 -0.422745
-4.473455 -2.112679 -0.364646
-5.192530 -2.643505 -0.285540
2.306600 3.416625 -0.821306
1.221572 3.025256 -0.701047
0.303538 1.051117 -0.573482
-0.226897 0.669276 -0.418644
-2.053303 1.001094 -0.343316
-2.156631 0.992869 -0.498436
-2.305240 1.070503 -0.339504
-2.772662 1.109410 -0.502426
-3.055848 0.994832 -0.480724
-3.048056 1.040118 -0.390484
-1.795498 -0.659174 -0.227921
-1.842983 -0.538815 -0.223560
-3.184036 0.983463 -0.465323
-1.648998 -1.205838 -0.324648
-1.729148 -1.013268 -0.302092
-1.772855 -0.799202 -0.288165
-1.552405 -1.434865 -0.215235
-1.594470 -1.316964 -0.266152
-4.187208 -1.349736 -0.142355
-3.975763 -1.905324 -0.093240
-4.107107 -1.637780 -0.204795
-3.873899 -2.220155 -0.106350
0.923380 0.612736 -0.189516
-2.202752 1.051604 -0.250399
-2.791412 1.111653 -0.252546
-2.892517 1.111295 -0.123131
-1.808871 -0.627366 -0.093809
-1.853821 -0.526345 -0.084241
-3.206784 0.971198 -0.170177
-1.633346 -1.205806 -0.077975
-1.721466 -0.999067 -0.103240
-1.753381 -0.794502 -0.086037
-3.402151 0.804115 -0.180813
-1.173989 -1.867178 0.096613
-1.549178 -1.422866 -0.083852
-1.601422 -1.300365 -0.087960
-4.508114 0.956310 -0.197837
-4.951252 0.821461 -0.124722
-3.321678 -1.942921 -0.024557
-4.145316 -1.457480 0.050858
-4.182045 -1.304868 0.011283
-3.937755 -1.928911 0.073558
-3.845085 -2.197011 0.061194
-3.570036 0.815085 0.040617
-3.743978 1.130132 0.077732
-4.389110 1.064477 0.114149
-4.485689 1.029896 0.076611
-4.622248 0.958230 0.109841
-4.867050 0.884936 0.114586
-4.163299 -0.109109 0.119415
-0.088860 2.445002 -0.816558
-0.379563 2.418940 -0.733289
0.056275 1.976710 -0.711609
0.243962 0.634657 -0.631884
-1.599909 1.258130 -0.690590
-1.327239 0.951214 -0.686409
-1.192093 0.812243 -0.693564
-0.959261 0.400363 -0.680616
-3.169337 0.616788 -0.593733
-3.333117 0.734562 -0.569026
-3.391984 0.599832 -0.588369
-3.588266 0.584168 -0.589293
-3.712226 0.469796 -0.568430
-4.805320 0.826939 -0.529013
-1.740880 -1.008112 -0.522408
-1.808226 -0.995518 -0.481931
-1.609130 -1.312533 -0.517817
-2.854469 -2.480258 -0.442157
-3.888695 -2.704364 -0.382983
-0.630553 1.968621 -0.592659
-0.517622 1.789620 -0.605778
-1.115067 1.671914 -0.477941
-0.066478 0.719889 -0.572983
-1.972469 1.046478 -0.360966
-2.117060 1.032641 -0.351158
-2.299874 1.112987 -0.334578
-2.574987 1.205661 -0.388029
-2.714978 1.130518 -0.394416
-2.984497 1.084429 -0.375238
-3.185423 0.966721 -0.399657
-3.386512 0.794912 -0.369954
-3.714024 0.701942 -0.343834
-5.019357 0.833235 -0.278302
-1.805668 -0.675886 -0.255588
-1.915928 -0.594547 -0.207935
-1.781205 -0.887351 -0.321794
-1.578617 -1.394586 -0.357477
-1.639757 -1.271691 -0.345621
-1.389121 -1.910523 -0.178687
-3.931491 -1.909606 -0.092937
-3.860285 -2.203640 -0.110263
-6.263936 -3.435975 -0.119958
1.863667 3.001503 -0.488930
1.419208 3.094507 -0.449446
0.679311 2.828221 -0.360053
0.549851 2.791287 -0.372697
0.056040 2.610632 -0.293937
-2.182544 1.028488 -0.157169
-2.297209 1.108492 -0.227764
-2.737190 1.148891 -0.194004
-2.984580 1.076961 -0.185870
-3.290665 0.867673 -0.188393
-3.532741 0.779560 -0.135075
-4.515081 1.024185 -0.068697
-1.809155 -0.683651 -0.092191
-1.862464 -0.558525 -0.118042
-1.755339 -0.838738 -0.152333
-3.897792 -0.446988 -0.061580
-3.624810 -1.022511 0.005554
-3.371536 -1.377100 0.027912
-4.119458 -1.453932 -0.022128
-3.345518 -1.927088 -0.023810
-3.974263 -1.899663 -0.004002
-4.234457 -1.943535 -0.068365
-3.773572 -2.305214 0.060308
-2.797895 1.120252 -0.019686
-4.233905 1.143070 0.113570
-4.380795 1.073119 0.130115
-4.573077 1.019421 0.122105
-4.874359 0.908704 0.136708
-5.143432 0.811153 0.157483
-5.433321 0.720780 0.086926
-4.015529 -0.043158 0.129270
-5.753113 0.610818 0.097245
-5.646417 0.335448 0.103388
-0.360744 2.223183 -0.814148
1.185708 0.497094 -0.749188
-1.315874 1.388905 -0.721427
-1.623986 1.511233 -0.687952
0.708302 0.513608 -0.749249
-1.165058 1.115797 -0.701981
-1.269351 1.232546 -0.704839
0.778239 0.275646 -0.731640
-1.998218 1.019059 -0.551084
-3.204145 0.913472 -0.655724
-3.303100 0.861869 -0.620812
-3.417121 0.849258 -0.631341
-3.610441 0.818908 -0.628378
-1.749068 -1.030927 -0.467304
-3.998602 -0.146453 -0.462328
-1.753125 -1.231395 -0.468202
-2.331299 -4.312771 -0.317023
-0.412886 1.851583 -0.565254
-0.609206 1.970337 -0.549703
-0.650767 2.019059 -0.582443
-1.999264 1.023606 -0.341224
-2.214580 1.024205 -0.410620
-2.693341 1.147427 -0.406947
-2.801581 1.114248 -0.408362
-2.994520 1.062731 -0.406105
-3.241200 0.969673 -0.398210
-3.610800 0.739626 -0.404190
-1.876060 -0.621365 -0.297128
-1.728739 -1.060771 -0.280731
-1.619919 -1.342034 -0.280013
-1.669354 -1.211429 -0.262215
-3.932217 -0.422958 -0.197055
-4.022212 -1.862928 -0.140876
1.700840 3.196104 -0.423241
1.502121 3.123639 -0.412302
0.808397 2.889304 -0.341245
0.662938 2.836810 -0.344224
0.131333 2.642404 -0.278577
-2.211731 1.050058 -0.197755
-2.416836 1.184162 -0.224258
-2.636244 1.197414 -0.219886
-2.759568 1.151080 -0.206983
-2.956727 1.078440 -0.197503
-3.257019 0.936762 -0.203818
-3.379901 0.836539 -0.158501
-3.546814 0.779037 -0.098620
-4.733577 0.905602 -0.065480
-1.572096 -1.415960 -0.055005
-1.668556 -1.203725 -0.129355
-5.815184 0.265752 0.039469
-1.040477 -2.891982 0.018652
-3.990797 -1.826325 0.026697
-3.191268 -4.093171 0.170223
-4.062263 0.933031 0.026724
-4.310060 1.084969 0.070023
-4.445177 1.056454 0.076729
-4.677914 0.957842 0.089119
-4.826546 0.909303 0.096831
-5.036377 0.845667 0.094541
-5.308951 0.755427 0.105911
-5.543074 0.673699 0.095859
-5.785722 0.321838 0.044530
-6.009655 0.353923 0.080558
-6.200325 0.179959 0.054796
-3.410000 -1.390367 -1.279157
0.921130 1.449239 -0.796472
0.793713 1.462543 -0.791919
1.188115 0.535739 -0.768754
1.113096 0.582665 -0.763608
1.082834 -0.273687 -0.664876
0.229576 0.612403 -0.582255
0.617059 -0.193435 -0.644460
-0.977278 1.007518 -0.693972
-1.169264 1.231296 -0.685421
-1.250446 1.360405 -0.694612
-0.892035 0.889376 -0.698630
-2.628559 1.188505 -0.574537
-2.831708 1.112666 -0.600443
-2.941348 1.103088 -0.596498
-3.106914 1.042565 -0.577494
-0.777681 -3.865136 -0.321332
-4.450087 -1.822100 -0.386948
-4.675756 -1.780146 -0.411025
-0.642211 2.012677 -0.550929
-2.094092 0.998568 -0.394164
-2.236521 1.024225 -0.387773
-2.316653 1.065235 -0.396127
-2.599184 1.198326 -0.392611
-2.812231 1.096842 -0.375581
-2.964995 1.071083 -0.372240
-1.564825 -0.400447 -0.309017
-3.153601 1.001455 -0.355528
-1.717958 -0.437622 -0.257760
-3.303733 0.849895 -0.342117
-1.873563 -0.723013 -0.383382
-1.190440 -2.605776 -0.213436
1.749582 3.195225 -0.440526
1.519025 3.118376 -0.473031
0.599699 2.780580 -0.385512
-1.959862 1.036242 -0.254109
-2.063593 1.009615 -0.159676
-2.408639 1.227185 -0.210263
-2.197280 1.020036 -0.183434
-2.339725 1.091101 -0.188174
-2.676722 1.162688 -0.170457
-2.793468 1.119524 -0.185468
-2.945856 1.082762 -0.175369
-3.123273 1.026164 -0.115396
-3.325620 0.826759 -0.155860
-3.460702 0.850563 -0.025921
-3.555288 0.819391 -0.024167
-3.949531 -0.374239 -0.075979
-5.137926 0.784858 -0.124642
-3.606056 -0.982156 -0.036228
-3.759985 -0.602257 -0.035661
-3.934084 -0.451168 -0.066579
-3.416056 -1.897502 -0.032996
-2.982966 1.089387 -0.026316
-3.122751 1.033484 -0.006378
-3.449052 0.829958 0.008242
-4.441869 1.035430 0.086011
-4.637756 0.964926 0.099074
-4.894782 0.895699 0.076712
-5.077361 0.838652 0.041086
-5.267631 0.769804 0.106536
-5.543133 0.678753 0.082672
-5.721029 0.607276 0.114067
-5.914319 0.548435 0.125930
-6.100606 0.169941 0.096489
-6.453712 -0.015028 0.109720
0.905878 1.551615 -0.714622
1.295973 0.568266 -0.748166
1.220559 0.371840 -0.735733
1.526676 -0.590076 -0.702587
1.048638 -0.267294 -0.628952
0.648984 -0.175247 -0.608047
-0.804404 1.195930 -0.681831
-0.929409 1.380591 -0.680842
-0.608393 0.723882 -0.674376
-2.477782 1.258580 -0.644177
-1.496939 -0.371024 -0.504447
-2.729743 1.104480 -0.551611
-1.576648 -0.383528 -0.500605
-2.901063 1.087667 -0.555779
-3.108740 1.000768 -0.547645
-1.445914 -2.133209 -0.491801
-1.003554 -3.073355 -0.319326
-0.718354 -4.017457 -0.328258
-1.258596 -4.403521 -0.320983
-4.643814 -1.265104 -0.384066
-4.876634 -0.977615 -0.395556
-4.840517 -1.166680 -0.404423
-2.187287 -5.047702 -0.336501
3.119709 2.899295 -0.554583
1.825613 3.190608 -0.509387
0.314780 1.054540 -0.564595
-0.332403 1.865637 -0.514523
0.283606 0.623070 -0.537314
-0.561026 1.925879 -0.483444
-1.373106 1.580838 -0.399594
-1.543863 1.522600 -0.326365
-1.978179 1.040164 -0.415668
-2.074744 1.006455 -0.386982
-2.213995 1.048735 -0.380768
-2.458466 1.229996 -0.367634
-1.376406 -0.323534 -0.318338
-2.607148 1.191899 -0.377646
-2.731746 1.145728 -0.350169
-1.655176 -0.396294 -0.228752
-2.907543 1.100384 -0.310131
-1.876790 -0.601436 -0.387785
-3.143153 1.007742 -0.297664
-3.221944 0.843924 -0.272987
-3.971369 -0.143835 -0.209203
-3.949873 -2.050081 -0.080755
1.945236 3.148224 -0.475508
-1.930469 1.056389 -0.172414
-1.244561 -0.263142 -0.060827
-2.052404 1.005962 -0.083313
-2.250977 1.059765 -0.126247
-2.442986 1.231468 -0.161790
-1.349739 -0.317924 -0.168611
-2.616928 1.187327 -0.110809
-2.716732 1.158009 -0.108454
-2.898322 1.111642 -0.085177
-3.133668 1.014245 -0.084868
-3.295660 0.854034 -0.124969
-3.518708 0.862714 0.005818
-4.731834 0.939257 -0.041241
-3.642589 -0.702269 -0.031367
-3.695036 -0.623431 -0.032076
-3.917259 -0.338926 -0.051366
-4.387499 -0.652647 -0.084776
-1.139441 -4.918540 0.229688
-2.612406 1.197763 0.006030
-2.726290 1.159652 0.012392
-2.914583 1.105481 0.021950
-3.149831 1.031085 0.027954
-3.382867 0.869705 0.033041
-4.602021 0.988206 0.147318
-5.008219 0.876100 0.129804
-5.253569 0.793144 0.151750
-5.494692 0.702319 0.122756
-3.496566 -0.569756 -1.196954
0.100069 1.966311 -0.769506
0.327203 1.120885 -0.733495
0.194702 1.288979 -0.713933
0.431219 0.119657 -0.724579
0.421944 0.317386 -0.722965
0.087190 0.536291 -0.654966
-0.029439 0.635123 -0.608400
-0.058149 0.805094 -0.609382
0.368178 -0.072120 -0.711215
0.035967 0.471188 -0.620031
-1.622957 1.493744 -0.568096
-1.390612 -0.333412 -0.499700
-2.477161 1.241647 -0.560167
-1.605568 -0.379128 -0.449452
-2.596310 1.188195 -0.528831
-3.058990 1.025112 -0.510434
-1.617067 -2.297703 -0.473010
-1.790926 -2.357676 -0.466348
-1.337386 -4.463762 -0.332021
-1.658961 -4.543363 -0.315130
-4.087821 -1.826267 -0.385227
-2.145675 -5.265466 -0.252302
-4.503520 -1.464559 -0.369454
-4.787036 -1.198859 -0.373029
-4.937597 -1.056415 -0.380154
3.132630 2.755887 -0.572879
1.231342 0.251817 -0.335640
1.485167 -0.550682 -0.370296
-1.132104 1.631424 -0.498300
-1.493203 1.552274 -0.372174
-1.602106 1.511526 -0.344373
-1.977988 1.018905 -0.422095
-1.965829 1.039121 -0.405746
-1.258371 -0.295159 -0.317991
-1.360295 -0.310237 -0.269741
-2.195093 1.031697 -0.419512
-2.411177 1.197876 -0.356222
-1.566084 -0.370551 -0.331426
-2.588551 1.194393 -0.364333
-1.772654 -0.476178 -0.183820
-2.829180 1.062574 -0.344272
-2.835650 1.110805 -0.329658
-3.101333 1.016819 -0.358451
-3.234519 0.965720 -0.359576
-3.989832 -0.247451 -0.191730
-4.414543 -0.741996 -0.107616
-4.273156 -1.732926 -0.034932
-4.281960 -2.029349 -0.051627
2.347374 2.813555 -0.496144
1.162272 0.497430 -0.328203
-0.617766 1.867653 -0.331345
0.815592 -0.684059 -0.027379
-1.366885 1.563342 -0.161833
-1.567931 1.521861 -0.126656
-1.158135 -0.255970 -0.138712
-1.396785 -0.324082 -0.130455
-2.222750 1.061878 -0.183470
-2.412230 1.215682 -0.175715
-1.617952 -0.370949 -0.141122
-2.610582 1.190982 -0.169834
-2.688694 1.184619 -0.131250
-1.786532 -0.428217 -0.143357
-2.775635 1.094007 -0.113915
-2.810299 1.134938 -0.081839
-3.076673 1.033965 -0.093122
-3.222306 0.931353 -0.107967
-3.482562 0.863743 0.010631
-4.003465 -0.052557 -0.068046
-3.962586 -0.252668 -0.067815
-2.779342 -3.335101 0.254549
-3.560765 -2.141333 0.190502
-3.208497 -2.984522 0.238223
-2.408710 1.210042 0.003853
-2.551515 1.195812 0.007702
-2.704603 1.184924 0.002492
-2.870482 1.103162 0.026584
-3.071522 1.045045 0.038456
-3.410886 0.867343 0.054684
3.147780 2.708357 -0.929140
2.429134 2.800023 -0.823145
2.346759 2.844080 -0.888958
1.914955 2.802181 -0.876474
1.967657 0.316793 -0.637189
0.024043 1.969964 -0.741012
1.981769 -1.408462 -0.628299
0.263499 1.217540 -0.727633
0.158352 1.407933 -0.730866
0.181467 0.999830 -0.689735
0.236039 0.302496 -0.694196
-0.074148 0.716136 -0.608767
-0.146507 0.805320 -0.601172
0.133910 -0.028705 -0.675610
0.196732 0.133117 -0.687728
-0.127012 0.605131 -0.582689
-1.491135 1.443483 -0.626106
-1.114405 -0.252928 -0.546743
-1.324038 -0.334509 -0.477097
-1.499256 -0.384100 -0.434539
-2.679322 1.124423 -0.468701
-2.965499 1.042853 -0.459701
-3.041225 1.012603 -0.472886
-1.355409 -2.351634 -0.500524
-1.542390 -2.430908 -0.495608
-1.043792 -3.907407 -0.303130
-3.969688 -1.880100 -0.374392
-2.096498 -5.254424 -0.236697
-4.599296 -1.257201 -0.329052
-4.896057 -1.197240 -0.350582
1.523674 3.056910 -0.708407
1.710222 0.250344 -0.588368
0.876662 1.392754 -0.453565
1.177376 -0.452337 -0.523624
0.720722 0.069291 -0.429345
-0.630237 1.967952 -0.404100
-1.328187 1.556568 -0.407415
-1.555572 1.488526 -0.431267
-1.127390 -0.254719 -0.287275
-1.892691 1.055758 -0.456909
-1.352352 -0.338161 -0.312710
-2.426521 1.231094 -0.313673
-1.574167 -0.395928 -0.320091
-2.640498 1.137320 -0.301900
-2.844939 1.075365 -0.306525
-3.128610 0.978072 -0.322595
-3.968269 -0.173591 -0.252101
-3.959277 -0.199055 -0.166832
-3.989229 -1.919414 -0.017771
-4.197081 -1.854694 -0.006276
3.184700 2.720615 -0.349846
0.639232 1.092777 -0.113598
0.091673 1.961789 -0.356301
-1.313552 1.582639 -0.285695
-1.522126 1.504694 -0.238871
-1.164442 -0.271618 -0.088161
-1.282622 -0.303977 -0.107442
-1.467047 -0.338182 -0.062799
-2.078741 0.960145 -0.172965
-2.444955 1.250591 -0.093988
-2.594976 1.185156 -0.055541
-2.794804 1.106373 -0.051157
-3.158695 0.973557 -0.069527
-3.377440 0.845205 0.084100
-1.784992 -2.003546 0.127484
-3.925210 -0.181889 0.014926
-3.939274 -0.142355 0.015987
-3.927406 -0.313254 -0.039468
-2.923711 -3.002696 0.260973
-6.940754 -0.370357 0.257937
-2.581517 1.194719 0.045064
-2.774501 1.141525 0.051837
-2.964848 1.046039 0.061643
-3.083863 1.014909 0.075678
2.323601 3.366767 -0.819889
2.324900 3.048872 -0.886523
1.847062 3.158444 -0.822199
1.860103 3.104287 -0.804052
2.015450 0.351609 -0.708464
1.807439 0.289302 -0.669566
2.171018 -1.021285 -0.716886
0.064833 1.908016 -0.769770
0.254784 1.205265 -0.754636
0.077494 1.536065 -0.745494
0.086388 1.708588 -0.750713
1.687250 -1.458426 -0.632529
1.109982 -0.345806 -0.576661
0.101293 0.993827 -0.696167
0.092959 0.370156 -0.692459
-1.531653 1.533770 -0.589502
-1.131637 -0.248847 -0.532268
-1.303861 -0.298086 -0.498395
-1.737343 -0.437970 -0.554910
-1.836367 -0.468962 -0.505233
-3.292469 -0.766139 -0.500201
-3.583425 -0.522794 -0.496281
-1.529503 -4.754063 -0.307854
-4.031723 -1.824137 -0.419202
-4.367512 -1.419135 -0.382964
-4.582099 -1.318637 -0.386677
-0.592045 1.937856 -0.392744
-1.460542 1.555859 -0.414331
-1.576059 1.520284 -0.462403
-1.183203 -0.248813 -0.337434
-1.362547 -0.308180 -0.386253
-2.494728 1.233254 -0.372182
-1.656363 -0.404902 -0.349154
-1.722242 -0.429156 -0.377362
-2.626428 1.177784 -0.358764
-1.809273 -0.453977 -0.348603
-2.945683 1.058599 -0.373362
-3.117607 1.009420 -0.369435
-3.901693 -0.279711 -0.347487
-3.945895 -2.067228 -0.067845
-6.094526 0.129488 -0.160833
-6.853122 -0.273174 -0.161545
-6.902901 -0.624276 -0.131723
3.196593 2.762282 -0.308649
1.125240 -0.364290 -0.111448
0.063324 -0.421003 -0.049244
-1.289451 1.595217 -0.250072
-0.013509 -0.670567 -0.031003
-1.292925 1.595440 -0.182472
-1.467029 1.554417 -0.208516
-1.583781 1.490647 -0.248118
-0.359801 -0.938465 0.000863
-0.561197 -0.969671 0.011914
-1.157274 -0.237278 -0.135677
-2.037962 0.937561 -0.126058
-1.297083 -0.255856 -0.218453
-2.137902 0.969445 -0.101445
-2.446112 1.258019 -0.099393
-1.724636 -0.428128 -0.174822
-2.611461 1.193295 -0.221856
-1.785316 -0.480080 -0.177293
-1.809026 -0.471712 -0.119515
-2.950110 1.085314 -0.031475
-3.112019 1.025600 -0.046296
-3.684762 -0.590405 -0.049625
-3.974055 -0.099119 -0.118527
-4.141140 -1.635659 -0.036961
-6.868268 -0.693094 0.026196
-6.972846 -0.354708 0.029446
-2.450526 1.248859 -0.004325
-2.926558 1.085210 0.020045
-3.068308 1.052604 0.027496
-3.158911 1.022320 0.027466
3.185141 2.678104 -0.775749
2.372637 2.965731 -0.862536
1.946775 2.830446 -0.858079
2.022376 1.638131 -0.823343
1.517995 0.152305 -0.662898
0.050747 1.686584 -0.733740
-0.024165 1.933034 -0.745154
1.269920 -0.516664 -0.655557
0.139926 1.152764 -0.723799
0.105035 0.965269 -0.693386
1.377663 -2.038651 -0.495264
0.398825 -1.071525 -0.639950
-1.353750 1.569641 -0.604237
-1.549714 1.501533 -0.580547
-1.086203 -0.252847 -0.494898
-1.233293 -0.284587 -0.490733
-1.555662 -0.402440 -0.522120
-1.715803 -0.465150 -0.529961
-1.856483 -0.515831 -0.539974
-1.862547 -0.511428 -0.515340
-3.916278 -0.047330 -0.497163
-4.529222 -1.865097 -0.394185
-5.669438 0.395201 -0.347270
9.256852 4.692671 -1.043414
6.829782 3.133578 -0.776024
1.679835 3.072564 -0.679317
-0.554561 1.902584 -0.386747
-1.242258 1.579763 -0.413199
-1.500669 1.517239 -0.461331
-1.641839 1.466120 -0.449359
-1.100996 -0.260079 -0.438912
-1.170318 -0.276781 -0.370769
-1.518952 -0.388563 -0.347344
-2.489202 1.201352 -0.335563
-1.692688 -0.428949 -0.330069
-2.998154 1.036265 -0.249221
-3.156749 0.990832 -0.271695
-4.364375 -0.799104 -0.112438
-4.990971 -0.236935 -0.294649
-5.602089 0.544795 -0.209319
-5.823755 0.276155 -0.195425
-6.934120 -0.168173 -0.222057
-6.942000 -0.522511 -0.190377
-0.607541 1.986913 -0.343169
-1.274822 1.571432 -0.186578
-1.392053 1.540129 -0.211563
-0.622611 -0.586799 -0.190647
-1.080315 -0.238136 -0.214233
-2.548960 1.195223 -0.206616
-1.694214 -0.442231 -0.143983
-1.817456 -0.468790 -0.032262
-2.782033 1.138508 0.016218
-1.867795 -0.475621 -0.151543
-2.948101 1.053546 -0.051273
-3.141474 1.008904 -0.109514
-2.903834 1.071766 0.034563
9.376133 4.364975 -1.259430
2.389558 2.987107 -0.888236
1.436365 0.103890 -0.705587
1.339686 -0.894961 -0.773667
0.216052 1.631532 -0.746341
0.157911 0.868054 -0.697582
-0.044981 0.736596 -0.628414
0.594154 -1.860981 -0.645655
-1.107084 1.636880 -0.590006
-1.373618 1.551417 -0.586895
-1.130959 -0.260542 -0.522966
-1.217577 -0.289070 -0.547017
-1.552029 -0.401389 -0.584102
-1.681442 -0.438388 -0.571341
-3.858097 0.427213 -0.492088
-4.357456 0.543016 -0.462407
-4.209691 0.017697 -0.472346
-4.279244 0.278442 -0.463020
-6.902499 -0.202105 -0.232446
-6.963654 -0.824157 -0.207703
-6.917573 -0.588422 -0.248906
-6.937963 -0.433510 -0.219820
6.758304 3.410405 -0.843240
0.701175 0.054605 -0.555735
-0.156625 0.811969 -0.350809
-0.596834 1.963857 -0.454904
-0.593667 2.021489 -0.455121
-1.191117 1.603139 -0.452093
-1.360529 1.562209 -0.444287
-1.093798 -0.252540 -0.460972
-1.526088 1.512995 -0.497917
-1.204746 -0.288264 -0.442014
-1.547576 -0.399106 -0.389409
-1.738444 -0.459672 -0.353675
-2.918464 1.052800 -0.237933
-3.010235 1.029973 -0.286117
-3.971777 -0.136996 -0.126115
-4.080587 -0.589949 -0.161449
-4.946620 -0.300038 -0.165621
-6.548839 -0.076982 -0.146261
-6.918837 -0.518191 -0.130644
6.607763 3.451574 -0.617387
-1.018650 1.679552 -0.171914
-1.073069 1.638823 -0.297715
-1.056606 -0.213649 -0.219753
-1.739189 -0.459211 -0.152449
-2.807087 0.366073 -1.305234
9.016785 4.018204 -1.240111
2.322406 2.999629 -0.895411
2.026559 2.294967 -0.862863
1.727321 1.849717 -0.712647
1.867759 -1.041365 -0.711716
0.314582 1.691403 -0.745313
1.112989 -0.878972 -0.562185
1.266176 -2.002780 -0.633587
0.179669 0.624997 -0.604516
0.966277 -2.094073 -0.589305
0.549260 -1.996247 -0.518880
0.451993 -2.313151 -0.526463
-1.000094 1.678688 -0.592055
-1.191183 1.599581 -0.581877
-1.375028 1.538460 -0.588968
-1.386289 -0.355582 -0.504109
-1.566101 -0.435533 -0.522758
-1.755473 -0.499248 -0.487523
-1.839222 -0.501675 -0.483098
-4.105794 0.241106 -0.451143
-4.291571 0.388083 -0.474039
-4.449003 -3.592586 -0.264644
-6.113157 0.036971 -0.293901
-6.905761 -0.608281 -0.302718
-6.901813 -0.348892 -0.231288
-6.888871 -0.218407 -0.323098
-6.945347 -0.808155 -0.243532
9.249840 4.775885 -1.141572
-0.551242 1.796326 -0.357838
-0.583401 1.994551 -0.388791
-1.030126 1.657659 -0.466968
-1.022288 1.676245 -0.373605
-1.205027 1.586354 -0.494201
-1.053937 -0.221436 -0.379119
-1.360303 -0.334412 -0.380437
-1.548581 -0.400261 -0.281119
-1.729673 -0.467148 -0.252955
-1.798483 -0.476730 -0.250473
-4.484200 -1.302675 -0.202007
-4.986709 -0.240194 -0.226172
-6.123257 0.134210 -0.187279
-5.506960 -6.561336 0.162527
0.522749 -0.023530 -0.180747
-0.578613 1.979817 -0.206047
-0.927317 1.711753 -0.194037
-0.913647 1.726922 -0.278021
-0.527778 -0.566661 -0.154729
-1.647201 1.396956 -0.079314
-1.585330 -0.408880 -0.108069
-1.552984 -0.383765 -0.066115
-1.727226 -0.460668 -0.079890
-1.764112 -0.455064 -0.043680
-2.706590 1.132309 -0.077819
-2.873216 1.090044 -0.105948
-3.271194 -3.789468 0.201762
3.029701 2.944236 -0.972183
2.355860 3.004035 -0.857583
1.358528 -0.878199 -0.660924
0.918539 -1.909268 -0.569556
0.554112 0.896916 -0.733238
0.306312 1.096216 -0.697168
0.326725 1.212741 -0.689785
0.337644 -2.511727 -0.520924
0.116581 -2.706302 -0.506250
-0.609902 2.080564 -0.767409
-1.040912 1.747319 -0.604825
-1.092699 -0.179731 -0.575882
-1.237520 -0.235617 -0.547749
-1.585536 -0.357434 -0.540412
-1.778672 -0.391522 -0.480318
-3.854735 0.339495 -0.489308
-4.026990 0.657423 -0.503769
-6.909156 -0.623635 -0.229076
-6.926863 -0.188497 -0.287881
6.883921 2.981903 -0.833151
3.167014 2.679902 -0.641211
2.321552 3.016781 -0.618941
0.659896 0.181797 -0.459008
0.496897 0.032972 -0.490993
-0.572009 1.935928 -0.423694
-0.653238 2.111314 -0.407862
-0.958356 1.781219 -0.478123
-1.155514 -0.193180 -0.346591
-1.099756 -0.174985 -0.352263
-1.158833 1.758178 -0.500813
-1.265811 -0.203227 -0.368189
-1.626911 -0.343257 -0.405531
-1.813643 -0.416598 -0.276372
-1.975247 1.965271 -0.402574
-4.004112 -0.077120 -0.178875
-4.877267 -0.201809 -0.222107
6.669358 3.436514 -0.646006
3.168151 2.792446 -0.385737
0.995586 -2.226156 0.040244
-0.176461 0.784768 -0.305905
-0.191890 0.941409 -0.288231
-0.584166 2.038474 -0.283824
-1.109368 -0.150229 -0.168317
-1.474726 1.540890 -0.115585
-1.620752 1.484918 -0.194736
-1.828824 -0.436803 -0.143167
-1.956756 1.974798 -0.135937
-3.348045 0.915244 -0.120271
-3.534092 -3.082084 0.246761
-6.904623 -0.441979 0.241742
-1.961954 1.983766 -0.054741
-2.773796 0.885720 -1.456703
9.252249 3.376739 -1.207147
2.491698 2.757797 -0.902169
1.565206 -1.515588 -0.657870
1.336289 -0.677849 -0.697178
0.923247 -2.010570 -0.573861
0.870644 -0.986264 -0.658170
0.626329 -1.176646 -0.649528
0.592655 0.926993 -0.755325
0.385073 1.251363 -0.740730
0.481696 -2.313974 -0.529465
0.363654 1.103974 -0.697918
0.351855 1.179687 -0.671196
-0.493381 1.824595 -0.689453
-0.466875 2.031784 -0.780671
-0.471618 2.122386 -0.770265
-0.886610 1.792771 -0.657193
-1.125665 -0.205255 -0.563259
-1.501138 -0.335317 -0.525046
-1.738406 -0.376497 -0.510024
-2.922760 -2.898886 -0.280945
-3.851607 0.408882 -0.514562
-3.954779 0.571678 -0.523385
-6.101338 0.235284 -0.316251
-6.945946 -0.320722 -0.338183
-6.906681 -0.249853 -0.316186
-7.096728 -0.788519 -0.322542
-7.018806 -0.700234 -0.334618
6.057334 3.429508 -0.852489
-0.558233 2.011295 -0.467497
-0.915736 1.784685 -0.477794
-1.096778 -0.178710 -0.376756
-1.040795 -0.157828 -0.396133
-1.418761 -0.269372 -0.431029
-1.609023 -0.349360 -0.291103
-1.796774 -0.416338 -0.279312
-2.002546 1.937670 -0.379803
-3.959139 -0.148884 -0.199187
-3.946218 0.069240 -0.188556
-6.105240 0.288275 -0.269723
0.162562 1.380616 -0.260481
0.136832 1.384723 -0.227797
-0.150475 0.875518 -0.310342
-0.135804 0.945797 -0.282382
-0.519456 1.879625 -0.364973
-0.545417 1.991768 -0.343688
-0.563389 -0.454012 -0.189434
-1.340887 1.572217 -0.164163
-1.349311 1.599651 -0.149669
-1.501362 1.519488 -0.185682
-1.599636 -0.626142 0.049195
-1.694192 -0.373588 -0.190774
-1.813381 -0.393359 -0.149265
-2.847311 -1.208405 0.112217
-3.085470 -1.196589 0.116558
-3.896713 -1.811196 0.166254
-3.902344 -1.096535 0.122514
-4.061821 -1.586103 0.154672
-1.424543 1.500698 -0.066594
-2.666464 0.939100 -1.443656
2.440365 2.924116 -0.831431
1.788659 2.437746 -0.861910
1.602132 -1.455513 -0.705610
0.951495 -1.918680 -0.622996
1.083897 -1.300205 -0.602616
0.774376 1.295948 -0.763941
0.827599 -1.058484 -0.665960
0.333495 1.137768 -0.641365
0.320998 1.793688 -0.753058
0.258639 -2.161930 -0.641182
0.206718 0.682712 -0.612684
-0.282052 1.990967 -0.746344
-0.374150 2.239503 -0.770863
-1.075809 -0.161722 -0.564100
-1.401611 -0.276446 -0.489730
-1.616567 -0.328378 -0.514849
-1.742548 -0.342692 -0.484904
-3.659307 0.361063 -0.521321
-3.875876 0.773274 -0.528721
-6.342153 -0.125100 -0.394375
-6.902103 -0.515666 -0.297060
-6.916899 -0.102249 -0.316583
-6.980959 -0.184747 -0.343137
6.970301 2.854791 -0.856350
6.794395 3.418864 -0.854493
3.177875 2.841443 -0.624553
0.688267 0.163246 -0.498829
0.161647 1.411958 -0.381808
-0.525615 1.901984 -0.460285
-0.536882 1.996173 -0.481175
-0.577965 2.067329 -0.442828
-0.605632 2.178731 -0.475283
-1.351433 -0.256752 -0.413420
-1.530305 -0.284020 -0.297042
-1.747007 -0.374982 -0.287038
-3.923871 0.114399 -0.203748
-3.964135 -0.121350 -0.220457
0.868682 1.480786 -0.322814
0.624395 0.105618 -0.223841
-0.130951 0.935558 -0.278107
-0.126533 0.977687 -0.225037
-0.457465 1.883394 -0.324400
-0.523011 2.010496 -0.264194
-0.557384 -0.471353 -0.207073
-0.570508 2.071203 -0.319543
-0.597740 2.191989 -0.327330
-1.269426 1.933052 -0.078128
-1.416246 1.560558 -0.176868
-1.645678 -0.340649 -0.167403
-1.679940 1.225248 -0.111888
-1.629961 1.406913 -0.096018
-1.691120 -0.350919 -0.154460
-2.117386 -1.277704 0.068925
-2.525108 -1.259833 0.079273
-2.710682 -1.189798 0.080354
-3.239822 -1.206350 0.091191
-6.951476 -0.236490 0.243040
-0.481012 2.476851 -0.135043
-1.308790 1.585588 -0.053830
-2.347155 0.977150 -1.227884
3.167281 2.735447 -0.943730
2.979849 3.009006 -0.919352
1.160839 -1.585509 -0.619429
1.150716 -2.522644 -0.695172
0.918485 -1.060619 -0.694134
0.324374 1.128459 -0.698203
0.391096 1.276004 -0.709215
0.151254 1.867763 -0.743877
-1.174807 -0.242120 -0.556386
-1.336217 -0.273972 -0.574908
-3.502343 0.249316 -0.490583
-3.600346 0.406428 -0.489297
-3.649967 0.581473 -0.481383
-3.817490 0.741837 -0.496265
-4.648763 -1.084832 -0.277257
-6.890255 -0.685283 -0.269245
-6.922071 -0.196769 -0.273786
6.716286 3.563095 -0.873591
0.815878 1.437912 -0.449387
-0.361075 1.882088 -0.447316
-0.397110 1.868101 -0.420713
-0.606287 2.054836 -0.385618
-0.639039 2.387954 -0.457491
-1.367127 -0.284998 -0.298607
-1.581453 -0.362942 -0.318435
-1.733613 -0.407238 -0.350544
-3.977654 -0.152219 -0.190131
-4.866064 -0.248745 -0.216079
0.866670 1.385475 -0.269489
0.648705 -1.642305 -0.261730
0.186564 1.142328 -0.327293
0.020502 1.068489 -0.259141
0.127097 1.385981 -0.313581
-0.120558 0.987167 -0.263165
-0.388207 2.083841 -0.202331
-0.387538 1.857008 -0.295932
-0.543559 2.047780 -0.241625
-0.603951 2.403495 -0.282514
-1.300442 1.554731 -0.113476
-1.320262 -0.576691 0.025677
-1.397618 -0.300973 -0.185596
-1.696263 -0.410277 -0.182519
-1.482356 -0.338316 -0.128144
-2.705149 -1.018317 0.087967
-3.348623 -1.115831 0.108101
-3.630713 -1.059876 0.113341
-3.591300 0.784152 -0.124900
-0.527924 2.423664 -0.095162
-0.491774 2.459486 -0.095069
-1.222281 1.521295 -0.037874
2.081900 1.796930 -0.842869
1.985448 2.226112 -0.835852
0.642090 0.899277 -0.735206
0.331241 2.172163 -0.764966
0.265963 1.095210 -0.662865
-3.104923 -2.563952 -0.264233
-3.322431 0.098770 -0.497385
-3.504179 0.821809 -0.462491
-3.671868 0.591066 -0.501004
-6.138584 0.069643 -0.189778
-6.904122 -0.600794 -0.274365
-6.919934 -0.212583 -0.313324
1.240291 -1.314795 -0.545918
0.815078 2.889164 -0.691484
0.806563 1.432491 -0.414490
0.188306 1.171286 -0.362628
-0.322924 1.894171 -0.419007
-0.446403 1.858845 -0.488115
-0.651081 2.127727 -0.393071
-0.668368 2.378881 -0.496008
-0.826467 2.329274 -0.466184
-1.206676 -0.238499 -0.369343
-1.466192 -0.329426 -0.399059
-1.402922 -0.291946 -0.353039
-1.659224 -0.387507 -0.269215
-1.750801 1.274298 -0.315672
-1.893049 1.105647 -0.379971
-3.974339 -0.173485 -0.167400
-4.888059 -0.262828 -0.183538
0.874037 1.272258 -0.331557
0.870747 1.431628 -0.321633
0.703395 2.856571 -0.220884
0.173966 1.142920 -0.338048
0.225086 2.688720 -0.328001
-0.080235 2.595121 -0.241519
-0.654048 2.383597 -0.274100
-0.883256 2.165813 -0.198150
-0.822975 2.327932 -0.235296
-0.969602 1.661961 -0.141437
-0.909602 1.740257 -0.148577
-1.192624 -0.236640 -0.184569
-1.181229 1.599415 -0.135634
-1.394476 -0.278322 -0.134423
-1.799668 1.164491 -0.071922
-1.737869 1.346161 -0.162767
-1.737530 1.435940 -0.199093
-3.288400 0.875650 -0.109473
-4.157869 -0.378627 0.169086
-4.218244 -0.128946 0.178312
-6.922851 -0.431613 0.300920
-0.582074 2.413687 -0.100542
-0.821418 2.320240 -0.078320
-1.060821 1.585988 -0.050182
1.991165 1.451864 -0.832037
1.913386 1.087613 -0.815756
0.583862 1.923187 -0.766297
0.521889 2.357509 -0.781463
0.184970 2.069405 -0.783482
-1.136055 -0.192848 -0.476877
-3.244266 0.073205 -0.501953
-6.610307 -2.324470 -0.250926
-6.923229 -0.480033 -0.193045
-6.910156 -0.067848 -0.234706
0.802172 -1.950364 -0.474640
0.222920 2.695592 -0.475067
-0.655203 2.402169 -0.475191
-0.871899 2.285840 -0.450369
-0.811301 2.344656 -0.467239
-0.983547 2.285973 -0.472592
-0.917508 2.311151 -0.458182
-1.138175 -0.185969 -0.347104
-1.360060 -0.250978 -0.306012
-1.738658 1.304348 -0.352838
-1.606589 1.563137 -0.373052
-1.710015 -0.364087 -0.339140
-3.964692 -0.132616 -0.134400
-4.251698 -0.565741 -0.158594
-4.938349 -0.205137 -0.135447
-6.120579 0.207588 -0.119185
-6.905168 -0.482853 0.098878
0.945357 1.279265 -0.368186
1.109705 1.550647 -0.328842
0.370092 2.749948 -0.290092
0.185930 2.691596 -0.302528
-0.052564 2.592056 -0.264852
0.035624 2.640295 -0.356939
-0.141679 1.026663 -0.196827
-0.154875 2.560921 -0.178323
-0.546462 2.347911 -0.118943
-0.814181 1.716363 -0.159490
-0.776577 2.251681 -0.288758
-0.761943 2.365661 -0.247186
-0.862732 1.721829 -0.172587
-0.940810 2.267415 -0.218718
-0.920277 2.321006 -0.213728
-1.070908 -0.175273 -0.100416
-1.327044 -0.218208 0.021217
-1.261237 -0.200360 -0.156286
-1.776119 1.224372 -0.161847
-1.701548 1.380012 -0.152744
-1.691701 1.539289 -0.191826
-1.806714 1.191789 -0.173177
-4.138135 -0.232835 0.180532
-4.308211 -0.103778 0.177962
-6.911533 -0.451574 0.337365
0.233051 2.710559 -0.154783
-0.044939 2.604709 -0.139849
-0.221026 2.538661 -0.118912
-0.536594 2.428424 -0.093894
-0.749286 2.317131 -0.069236
-0.767818 2.354754 -0.090418
-0.932746 2.297566 -0.065348
-0.896338 2.321540 -0.090779
1.972885 2.041462 -0.844320
1.787887 1.075830 -0.794794
1.867552 1.196791 -0.804431
1.759720 0.898933 -0.790501
0.385044 2.706398 -0.793403
0.183325 2.737433 -0.746400
-0.837805 2.283952 -0.640980
-0.471662 -0.338675 -0.631766
-0.412183 -1.639877 -0.584998
-1.051406 -0.183574 -0.482418
-2.779007 -0.540564 -0.498481
-6.929371 -0.539544 -0.167168
9.349836 4.424418 -1.164157
3.160443 2.752273 -0.703875
2.346076 2.915613 -0.578781
2.299132 3.105535 -0.712570
0.838030 2.853423 -0.487636
0.706674 2.829953 -0.645023
0.963864 1.140706 -0.471949
0.427443 2.746723 -0.626301
0.161676 2.656891 -0.537589
0.008586 2.152864 -0.539434
-0.012836 2.601322 -0.433577
-0.793763 2.342211 -0.444784
-0.864787 2.240716 -0.429074
-0.922993 2.293319 -0.442824
-1.135462 -0.171271 -0.327948
-1.726326 1.438714 -0.307078
-1.856274 1.131392 -0.336613
-4.126163 -1.670720 -0.151129
-4.206324 -1.321961 -0.129008
-4.260428 -0.974672 -0.108143
-4.408013 -0.695222 -0.091332
-6.957575 -0.412711 -0.033854
-7.045355 -0.950756 -0.049827
6.609321 3.482043 -0.618621
1.824069 3.114126 -0.280347
1.159070 2.991785 -0.468646
1.375801 -0.020688 -0.152402
1.131364 1.516283 -0.325834
1.012290 1.592799 -0.349528
0.979017 1.133750 -0.318636
0.918334 1.307763 -0.322384
0.488310 2.768070 -0.338434
0.203531 2.668600 -0.283477
-0.051766 2.501045 -0.289984
-0.013176 2.599542 -0.280821
0.520572 -0.401615 -0.072948
0.057324 1.183459 -0.165321
-0.184184 2.542361 -0.235217
-0.450336 1.922564 -0.284905
-0.499328 1.906275 -0.283048
-0.788385 2.252468 -0.199832
-0.777627 2.355348 -0.162176
-0.947611 2.233434 -0.128968
-0.915425 2.307769 -0.222332
-1.364171 1.624088 -0.158918
-0.965558 -0.252740 -0.114145
-1.448781 1.597902 -0.118933
-1.227300 -0.199531 -0.145355
-1.778925 1.224673 -0.158574
-1.713017 1.438019 -0.150247
0.159146 2.664354 -0.155009
-0.003737 2.598763 -0.143850
-0.207922 2.525678 -0.121910
-0.498441 2.445744 -0.106511
-0.717909 2.372843 -0.093684
-0.982207 2.241263 -0.072412
-0.932171 2.304036 -0.077331
9.286147 3.215573 -1.230228
2.028499 2.162929 -0.888919
1.964047 2.499009 -0.903364
1.887977 2.756342 -0.916182
1.952554 2.030536 -0.877159
2.001782 1.516075 -0.852339
0.533045 2.596992 -0.857109
0.036766 2.606574 -0.726239
-2.364560 -0.782278 -0.526746
-2.464172 -0.579031 -0.507949
-3.185156 0.081322 -0.535435
3.120713 2.839335 -0.790872
2.997727 3.024823 -0.755483
2.350660 2.972806 -0.671867
2.296259 3.156735 -0.650674
0.864312 2.877346 -0.767456
0.812913 2.887666 -0.594699
0.535282 2.784748 -0.687617
1.126593 1.486455 -0.499163
0.318654 2.703927 -0.620782
1.121977 0.768417 -0.472728
0.890127 1.342955 -0.469108
0.840056 1.596584 -0.572127
0.160148 2.648142 -0.608356
-0.057654 2.570891 -0.549700
-0.207138 2.534319 -0.479865
-0.858004 2.263186 -0.479517
-0.941047 2.258184 -0.520939
-1.742757 1.385431 -0.474630
-1.053700 -0.213239 -0.384815
-1.771019 1.201312 -0.369125
6.658429 3.486380 -0.639656
6.447866 2.078024 -0.626964
1.009560 2.973416 -0.494483
2.114122 0.742117 -0.222516
0.941570 2.914128 -0.530787
0.598821 2.818505 -0.453849
1.088377 1.506749 -0.346468
0.322050 2.704579 -0.434354
1.050921 0.892231 -0.358229
0.975357 1.085101 -0.319570
0.896027 1.380957 -0.326325
0.847200 1.624561 -0.332545
0.142412 2.640357 -0.395589
-0.063518 2.584342 -0.373698
1.120504 0.098941 -0.118208
-0.230793 2.528528 -0.334774
-0.838807 3.666251 -0.263373
-0.427419 1.881749 -0.320661
-0.492482 1.915272 -0.345283
-0.782057 2.246499 -0.246749
-0.831375 2.314436 -0.285852
-0.957087 2.153754 -0.158468
-0.922740 2.280715 -0.258946
-1.736044 1.328259 -0.189885
-3.346931 -1.952260 0.018291
-3.932823 -2.062778 0.051908
-0.121434 2.552872 -0.197935
-0.251105 2.517316 -0.189004
-0.523153 2.399658 -0.156898
-0.577498 2.423790 -0.167537
-0.669641 2.355504 -0.146519
-0.779525 2.335278 -0.156161
-0.923306 2.277280 -0.140692
0.891439 2.660938 -0.869782
0.837893 2.769509 -0.869046
0.490338 2.780128 -0.743153
-1.203983 -0.200325 -0.467074
-1.747196 1.512926 -0.505808
-3.987157 0.045320 -0.343971
-7.113115 -0.779790 -0.120453
3.147229 2.780617 -0.778868
1.384066 3.061295 -0.764005
1.134884 1.462166 -0.523307
1.109653 1.547148 -0.512281
0.965729 2.923945 -0.651328
0.936315 1.185728 -0.482855
0.901622 1.298061 -0.457976
0.963144 1.649509 -0.475428
0.766127 2.865882 -0.613078
0.525770 2.780852 -0.572090
0.286881 2.702239 -0.577264
0.010892 2.602869 -0.586856
0.097202 2.655522 -0.509333
-0.211854 2.534004 -0.537298
-0.334774 2.488826 -0.571065
-0.800928 -0.862090 -0.304534
-1.012387 1.745199 -0.312919
-0.984672 -0.207968 -0.197271
-1.015694 -0.133229 -0.272923
-1.178677 1.667667 -0.353506
-1.732048 1.381356 -0.368280
-1.742906 1.391794 -0.263339
1.076678 0.821607 -0.367157
1.143522 1.459591 -0.327153
1.120654 1.523057 -0.328021
1.072540 2.974179 -0.397142
1.142481 2.997503 -0.454762
1.047561 0.918132 -0.373810
0.978100 1.105868 -0.340481
0.921315 1.399607 -0.323754
0.947308 1.649035 -0.325000
0.764589 2.864766 -0.364092
0.540850 2.788951 -0.337579
0.182921 2.612697 -0.449009
0.288859 2.707214 -0.340215
0.030501 2.586305 -0.318824
0.136246 2.671100 -0.338912
-0.036363 1.126308 -0.261541
-0.180864 2.510744 -0.284437
-0.964656 2.215320 -0.219138
-1.072756 1.718607 -0.195659
-1.729878 1.432908 -0.150999
-1.762925 1.215871 -0.168572
-3.918911 -2.101126 0.153036
-3.987162 -0.100294 0.035199
-4.343215 -0.652739 0.122688
3.159590 2.740331 -0.406532
0.531537 2.789465 -0.224226
0.326612 2.721134 -0.201657
0.054440 2.618002 -0.168697
0.140029 2.674279 -0.193268
-0.184486 2.563954 -0.168729
-0.415450 2.434947 -0.121401
9.276026 3.371630 -1.274879
2.394767 1.939868 -0.847618
1.124116 2.836188 -0.845384
1.072327 2.867125 -0.870886
0.825696 0.228110 -0.570395
-0.031472 2.587071 -0.682104
-1.110457 -0.174568 -0.470030
-4.101686 -0.259486 -0.365906
-4.001042 -2.318340 -0.149501
-4.255295 -1.520524 -0.182503
-6.858580 -0.530241 -0.204651
3.138386 2.977894 -0.719441
1.508985 3.132380 -0.708998
1.192374 3.028319 -0.704574
1.185909 1.500041 -0.441183
0.978638 2.961232 -0.585177
0.864553 0.241283 -0.487057
0.727729 2.864841 -0.577468
0.387220 2.736012 -0.673595
0.499886 2.791278 -0.559612
0.240896 2.687265 -0.551051
0.357543 2.750252 -0.519015
0.029232 2.628271 -0.535077
-0.268203 2.412601 -0.500787
-0.218104 2.529524 -0.492824
-0.835937 1.809640 -0.386301
-0.875394 2.017669 -0.342144
-0.940698 2.192069 -0.372863
-0.919136 -0.214028 -0.242153
-1.191080 -0.184792 -0.182671
-1.696300 1.438702 -0.334837
-6.824763 -0.623075 0.091771
1.439437 3.127916 -0.450073
1.942572 -4.907352 0.225945
1.258601 3.057474 -0.417008
1.096684 0.914429 -0.330566
1.175901 1.489815 -0.255273
0.984250 2.970317 -0.353030
1.031249 1.021358 -0.159159
1.025581 1.103065 -0.277708
0.926030 1.440873 -0.359033
0.766864 2.890890 -0.317948
0.811260 0.214542 -0.190169
0.403880 2.749605 -0.431829
0.526209 2.812284 -0.310710
0.261731 2.703919 -0.296621
0.342612 2.765466 -0.360519
0.086221 2.619689 -0.319067
-0.204707 2.422918 -0.296008
-0.190046 2.566683 -0.281339
-0.894387 1.821682 -0.193099
-0.867586 2.072344 -0.218772
-0.923685 2.190106 -0.210959
-1.698364 1.320250 -0.188576
3.195422 2.876433 -0.352577
0.747359 2.885829 -0.212157
0.457799 2.765092 -0.175715
0.564906 2.816684 -0.195285
0.309738 2.724056 -0.170583
0.093318 2.666207 -0.177173
-0.129613 2.601657 -0.156826
9.362506 3.007891 -1.242324
9.313337 3.192859 -1.302503
3.646789 2.607696 -0.963637
3.725550 2.382308 -0.975308
3.627887 1.682622 -0.946718
3.186869 2.705081 -0.859321
3.517392 1.466937 -0.923607
2.173889 2.139738 -0.881296
1.243253 3.037562 -0.744684
0.866519 2.917769 -0.807388
0.749902 2.862942 -0.716129
0.432846 0.810020 -0.706415
0.688322 0.173170 -0.691673
0.340088 0.794849 -0.707038
-1.322807 -0.018713 -0.608888
-1.790510 0.284048 -0.599068
-2.222074 0.703402 -0.597174
-3.992506 -0.150392 -0.387144
-4.772004 -0.075099 -0.472523
-4.316153 -1.484116 -0.366656
-4.860113 -0.113169 -0.416249
6.887070 3.044468 -0.902578
6.779916 3.493160 -0.888303
7.292868 2.197917 -0.972017
6.679807 1.749392 -0.763421
4.660511 0.796374 -0.693794
3.161807 2.852930 -0.818847
2.447129 2.843306 -0.658866
1.894869 3.229501 -0.708111
1.507521 3.116624 -0.592062
1.233128 3.022715 -0.585043
1.724839 1.897797 -0.489208
1.017087 2.949662 -0.580406
0.843075 2.885309 -0.612775
0.713064 2.854751 -0.593977
0.556526 2.727540 -0.528364
0.526706 2.796271 -0.553029
0.315151 2.713565 -0.552408
1.017858 1.071652 -0.434865
0.213110 2.524648 -0.460300
0.077130 2.630917 -0.521485
-0.157893 2.562513 -0.496040
0.784313 0.224260 -0.448427
0.653934 0.124948 -0.576869
-1.651974 -0.375225 -0.307646
-3.965736 0.050518 -0.313194
-3.947229 -0.209491 -0.332427
-6.905362 -0.438793 -0.031092
1.609488 3.146003 -0.372097
1.324440 3.048146 -0.342279
1.742593 1.914334 -0.443308
1.032751 2.953950 -0.410892
0.825809 2.876160 -0.415813
0.714526 2.860651 -0.364574
0.674014 2.806971 -0.397193
0.555551 2.810572 -0.326917
0.311445 2.722989 -0.304164
0.066853 2.630029 -0.278621
-0.141865 2.557984 -0.266401
0.801288 0.186961 -0.243930
0.783246 -0.044803 -0.125060
-0.701561 2.382730 -0.137916
-0.893531 2.138884 -0.285144
-0.819539 1.901627 -0.248805
-0.879921 2.029939 -0.270871
0.372103 -0.693871 -0.096550
-0.001546 -0.777954 -0.083709
-0.216648 -0.882979 -0.076170
-6.849307 -0.566418 0.189589
0.485618 2.807386 -0.187728
0.334821 2.741853 -0.177774
-0.195977 2.566674 -0.139989
-0.417927 2.452808 -0.114165
-0.450245 2.472634 -0.114608
-0.603670 2.411805 -0.112233
2.644694 6.746097 -4.482965
-0.539473 1.267869 -1.399684
-0.532156 1.203968 -1.341642
9.296729 3.303607 -1.320943
7.404119 2.156985 -1.123013
3.456163 2.583420 -0.958586
3.211409 2.661601 -0.863725
3.173179 2.853670 -0.858841
3.394115 1.511654 -0.943554
3.348473 1.321504 -0.946751
2.254281 2.180764 -0.888372
1.623920 3.068267 -0.864027
0.982270 2.971797 -0.783737
-1.241559 -0.170332 -0.641058
-1.765488 0.147659 -0.617358
-1.900170 0.303471 -0.606036
-1.975370 0.497534 -0.587060
-3.984669 -0.087438 -0.459853
-6.887085 -0.519960 -0.206711
-6.635328 -2.275526 -0.306014
6.069446 3.371680 -0.991005
4.050662 1.015630 -0.691330
2.500468 2.768496 -0.684155
2.109095 3.288298 -0.719420
1.909601 2.967679 -0.547333
1.787110 3.182228 -0.561391
1.560962 3.099257 -0.607037
1.759757 1.883184 -0.583719
1.247741 3.000926 -0.607484
1.032403 2.931121 -0.599229
0.795944 2.861533 -0.566141
0.679866 2.839190 -0.572646
0.560033 2.731647 -0.471997
0.523614 2.784275 -0.543464
1.277331 1.133612 -0.440733
1.279614 1.167193 -0.464817
0.337154 2.624356 -0.432003
0.285855 2.681254 -0.492287
0.057830 2.622004 -0.533092
-0.168299 2.554222 -0.478174
0.823849 0.247170 -0.514051
-0.311726 2.456377 -0.463085
1.216012 -0.742448 -0.478116
0.647419 0.151662 -0.562753
-1.653335 1.483361 -0.360583
-1.661631 1.518385 -0.329087
-1.844452 1.179291 -0.502791
-1.581164 -0.330194 -0.287073
-3.993070 0.002868 -0.267110
-3.741047 -0.699328 -0.353908
-3.911510 -0.290714 -0.229081
6.884394 3.108908 -0.797771
6.051907 3.354321 -0.735593
1.898011 2.999883 -0.439194
1.563804 3.108088 -0.375207
1.298910 3.013318 -0.413708
1.749581 1.888064 -0.368280
1.023015 2.910838 -0.405313
0.803812 2.873042 -0.352166
0.687831 2.837569 -0.293483
0.614299 2.742688 -0.320545
0.545065 2.784141 -0.281654
0.312950 2.701682 -0.253504
0.202038 2.540823 -0.313679
0.081712 2.627323 -0.244506
-0.161038 2.550167 -0.249315
0.875625 0.241067 -0.362051
-0.323507 2.506166 -0.138898
0.648104 0.157095 -0.360890
-0.826468 1.929252 -0.299436
0.918664 -2.393739 -0.155861
0.612687 -1.813183 -0.141607
-1.663133 1.570176 -0.278319
-1.369897 -0.252903 -0.015860
0.675280 2.837149 -0.185417
0.681398 2.777485 -0.168907
0.623457 2.814850 -0.183710
0.168034 2.663850 -0.163915
-0.198090 2.519328 -0.119810
-0.317295 2.485225 -0.106419
-0.450928 1.302448 -1.429535
9.365179 2.983637 -1.320539
9.423128 2.749908 -1.249861
3.914464 2.152772 -0.999182
4.252644 1.231686 -0.882935
3.844774 1.714867 -0.969923
4.298681 -0.279394 -0.850172
4.170324 0.133769 -0.830162
3.945603 0.809922 -0.802797
3.541988 1.076383 -0.918435
4.456207 -0.772942 -0.877712
3.408735 0.914414 -0.899556
2.453906 2.317158 -0.933658
0.434753 1.189753 -0.710265
0.377221 0.783979 -0.672719
0.590980 0.168211 -0.615242
-1.522585 0.527164 -0.623785
-1.770674 0.826308 -0.625449
-4.015164 0.071756 -0.414062
7.392838 2.124288 -0.990911
6.939134 2.896377 -0.928669
6.894519 2.988816 -0.969453
6.813108 3.315931 -0.922531
6.769359 3.407001 -0.976404
4.243763 1.059804 -0.621753
3.176539 2.790666 -0.829310
3.111719 2.878858 -0.810942
2.414685 2.990068 -0.674302
1.964453 3.218057 -0.663268
1.906336 3.006870 -0.633697
1.444572 3.062358 -0.721770
1.169443 2.982646 -0.694279
0.937258 2.911513 -0.659620
0.728310 2.847967 -0.632397
0.518778 2.776329 -0.583801
0.394537 2.747345 -0.591630
0.228463 2.670710 -0.627593
0.049043 2.619123 -0.589156
-0.244825 2.531524 -0.541052
0.775948 0.249770 -0.454763
0.427392 0.900077 -0.404795
1.081833 -0.783536 -0.374549
0.639487 0.142778 -0.339586
-1.681418 1.466825 -0.421865
-1.564987 -0.307244 -0.304976
-3.956815 0.170216 -0.294863
4.417539 0.701954 -0.322762
1.949501 2.975109 -0.413956
1.876320 3.214308 -0.443591
1.927799 2.981184 -0.440529
1.594714 3.113782 -0.418792
1.463812 3.070812 -0.465868
1.208866 2.991993 -0.493962
0.958212 2.925040 -0.422293
0.768313 2.857784 -0.393260
0.510263 2.757906 -0.412139
0.416232 2.777049 -0.468352
0.231042 2.693142 -0.360158
0.969438 1.046471 -0.301978
0.071763 2.644026 -0.362764
-0.241346 2.519267 -0.354526
0.400027 0.971424 -0.249217
-0.152464 1.973294 -0.349334
-0.427730 2.479353 -0.335694
-0.845475 1.935733 -0.315484
-0.842669 2.054531 -0.219506
-0.617521 -1.253755 0.013296
-1.291535 -0.167491 -0.011119
0.416137 2.724080 -0.254423
0.176540 2.681530 -0.233356
-0.003298 2.616741 -0.217264
-0.211555 2.552449 -0.197892
-0.363013 1.611156 -1.507494
9.998836 0.990131 -1.188920
9.377253 2.927381 -1.283666
9.191838 3.500784 -1.314768
4.356495 2.113958 -1.024483
4.356784 2.357676 -1.031390
4.139422 1.425644 -0.974840
4.335746 -0.416556 -0.893240
4.197642 0.030856 -0.862927
4.339602 -0.817427 -0.903561
3.537566 0.652516 -0.895285
3.420156 0.482756 -0.890812
2.457250 2.621815 -0.946628
1.234583 3.008920 -0.806095
0.760622 0.206284 -0.645683
0.416590 1.165905 -0.670779
0.414067 0.804129 -0.738484
-1.074610 0.599283 -0.676295
-0.150776 -2.922192 -0.534214
-1.583484 1.132930 -0.678392
-3.456058 -1.405164 -0.480840
-3.960042 -0.362668 -0.429392
-4.017797 -0.025685 -0.474497
7.404207 2.295302 -1.000095
7.788298 0.645439 -0.918674
7.252568 2.117730 -0.890380
6.792337 3.375359 -0.884431
7.416268 1.174189 -0.839640
6.917380 2.920011 -0.844274
6.692769 1.626787 -0.789944
6.665471 1.718451 -0.821460
6.244998 2.500267 -0.797990
4.535556 0.764795 -0.605670
3.156507 2.762352 -0.831881
3.132947 2.908989 -0.744054
1.772385 3.149863 -0.600714
1.506757 3.088352 -0.746723
1.222032 3.006850 -0.699601
1.056048 2.953763 -0.629966
0.801291 2.853600 -0.611383
0.512329 2.765136 -0.618718
0.340951 2.712951 -0.613398
0.761116 0.247093 -0.508310
0.429556 1.171761 -0.558461
0.129685 2.590408 -0.544798
0.329084 1.269738 -0.442600
0.231647 1.435727 -0.602641
-0.062546 2.578512 -0.556501
-0.375268 2.484945 -0.454541
-1.779805 1.236082 -0.380093
6.863140 3.092016 -0.731387
6.811742 3.282618 -0.799358
4.272506 -0.029626 -0.287076
3.153948 2.769102 -0.537277
2.005502 3.247115 -0.503284
1.914397 2.970415 -0.470712
1.775313 3.132607 -0.533997
1.509910 3.084742 -0.507988
1.283210 3.030675 -0.440847
1.058391 2.947667 -0.410524
0.796037 2.843340 -0.415727
0.610502 2.768935 -0.423951
0.281477 2.702149 -0.366900
0.889555 0.073867 -0.127262
0.535784 0.954829 -0.298683
0.137444 2.617198 -0.393040
0.457421 0.961914 -0.308813
0.352118 0.966007 -0.301421
0.189943 1.172019 -0.309955
-0.156392 2.204563 -0.417676
-0.182619 2.541227 -0.365158
0.408014 -0.014093 -0.111383
0.225948 0.878514 -0.206521
-0.282053 2.127240 -0.294860
-0.273708 2.435969 -0.398626
-0.568829 2.445634 -0.376130
-0.660319 -1.193185 -0.030070
-0.970869 -0.706682 -0.054035
0.381584 2.734634 -0.245834
-0.101157 1.906237 -1.492801
6.701324 1.551881 -1.028741
4.522350 -1.106513 -0.763668
4.326084 -0.468308 -0.853861
3.669997 2.351371 -0.989983
3.770448 2.545439 -1.022374
4.722737 -2.608188 -0.753616
4.523383 -1.622703 -0.769515
4.157115 0.137393 -0.756867
3.522990 1.823830 -0.957203
3.568258 2.023852 -0.974053
3.380868 1.506113 -0.938595
3.432888 1.668446 -0.940979
3.480544 1.891562 -0.960615
4.172926 -2.559691 -0.694149
3.199649 1.222143 -0.919075
1.827386 2.888353 -0.912393
0.444524 1.289530 -0.748888
-1.234847 0.733395 -0.707566
-1.614113 1.200655 -0.714573
-3.952486 0.197165 -0.495014
-4.806820 -0.042772 -0.429007
4.165417 1.029827 -0.711897
3.184743 2.740220 -0.693288
3.150344 2.883477 -0.665416
2.220413 3.310470 -0.848939
1.993258 3.257967 -0.731512
1.909068 3.003578 -0.655887
1.743548 3.173645 -0.720050
1.512142 3.113422 -0.702971
1.321067 3.048866 -0.704828
1.075497 2.954447 -0.611927
0.847514 2.862284 -0.624801
0.658119 2.826905 -0.559805
0.395372 2.682652 -0.538681
0.390720 1.224996 -0.549395
-0.145906 2.205451 -0.537741
-0.190609 2.334404 -0.502819
-0.475470 2.484765 -0.519905
-0.577816 2.449658 -0.575375
-0.318301 -2.284148 -0.389658
-3.982111 -0.130197 -0.416266
-7.032732 -0.716653 -0.164161
1.973106 3.251225 -0.577578
1.921148 2.985917 -0.506231
1.769789 3.182810 -0.517198
1.495500 3.114032 -0.521474
1.336792 3.061305 -0.487916
1.061470 2.929405 -0.393981
0.842512 2.854138 -0.430755
0.980163 1.428944 -0.318308
0.630277 2.806146 -0.413554
0.434310 2.783026 -0.451364
0.349262 1.268528 -0.393358
-0.001441 2.621372 -0.473045
0.287076 1.040225 -0.390387
-0.139024 2.192199 -0.450041
-0.196663 2.364010 -0.458431
-0.110756 2.608386 -0.428673
-0.272496 2.148607 -0.354894
-0.214650 2.366241 -0.477294
-0.266185 2.542912 -0.333294
-0.398499 2.084284 -0.396979
-0.563586 2.282098 -0.426193
-0.821101 1.960230 -0.364825
6.546111 1.903107 -1.028895
4.569915 -1.587620 -0.753674
4.220876 0.162455 -0.777713
4.285538 -2.515061 -0.730321
3.779241 2.371906 -1.019068
3.839262 2.744015 -1.047297
3.642271 1.941302 -0.985598
3.593018 2.093032 -0.991714
3.629510 2.426076 -1.010987
3.462139 1.785466 -0.959006
3.510137 1.939540 -0.968743
2.721988 2.544999 -0.985488
0.485399 0.861533 -0.786365
4.140235 1.080785 -0.723304
4.250238 1.244410 -0.728935
4.084310 0.559654 -0.738762
4.059441 0.841531 -0.720807
3.177507 2.770009 -0.688263
3.137972 2.911724 -0.682868
2.075591 3.317787 -0.849403
2.034337 0.445498 -0.551186
1.829732 3.143488 -0.810661
1.824428 3.235068 -0.752585
1.555323 3.149496 -0.736918
1.264001 3.016340 -0.608205
1.091361 2.887950 -0.604099
1.065564 2.940168 -0.648924
0.890919 2.876940 -0.658499
0.038508 2.538063 -0.539116
0.138823 2.666678 -0.605669
-0.170673 2.198390 -0.527677
-0.174272 2.586635 -0.540444
-0.035121 2.614297 -0.704040
-0.262921 2.367627 -0.571727
-1.732316 1.357939 -0.370204
-3.942775 0.131385 -0.423136
3.234282 0.714463 -0.264980
3.163795 1.003090 -0.286088
3.124197 2.948824 -0.601954
2.020985 3.304694 -0.522296
2.087966 0.475047 -0.374829
1.859521 3.147440 -0.627411
1.813342 3.246884 -0.542791
1.601895 3.169374 -0.511108
1.222249 2.931773 -0.521635
1.307590 3.018408 -0.420579
1.074708 2.902401 -0.453714
1.139310 2.966614 -0.490817
1.033305 1.229066 -0.391797
0.977966 1.500907 -0.332891
0.892476 2.875504 -0.446475
0.548275 2.816302 -0.438411
0.360755 2.747322 -0.434916
0.093004 2.661652 -0.436152
-0.195274 2.272455 -0.407077
-0.101835 2.610817 -0.374982
-0.811983 1.924149 -0.363095
-1.694046 1.429422 -0.141183
1.023599 2.872049 -0.333231
1.116995 2.987206 -0.334788
0.124281 2.516019 -1.540897
7.297691 1.458342 -1.228586
6.449191 1.863862 -1.155870
6.498507 1.968508 -1.120999
4.308864 -2.539026 -0.600438
4.578892 -1.586027 -0.662317
4.474478 -0.724072 -0.823086
4.370195 -0.505003 -0.816680
4.274232 -0.133532 -0.774596
4.216596 0.012581 -0.783503
3.480821 1.525936 -0.972034
3.556407 1.674790 -0.987571
3.128609 1.084936 -0.916142
3.296417 1.256822 -0.940914
2.956118 0.928246 -0.894709
3.072585 1.097864 -0.915018
3.043183 2.889434 -1.014183
2.670201 1.934713 -0.968859
2.373945 3.064430 -0.958345
1.935246 3.096641 -0.980991
-3.997104 -0.174994 -0.213151
-5.043659 -1.905320 -0.094956
7.890761 -0.388247 -0.714965
7.735687 0.191153 -0.763821
4.126213 0.321816 -0.740190
4.146427 0.639054 -0.751496
3.939903 1.052981 -0.733715
3.150767 2.728673 -0.946396
3.097726 2.819503 -0.808973
2.038077 0.457755 -0.470608
1.777199 0.382925 -0.466307
2.402029 2.936159 -0.932835
1.864314 3.191100 -0.771150
2.048785 3.290456 -0.933121
1.578650 3.158754 -0.684321
1.674676 3.167303 -0.791392
1.356796 3.040252 -0.669705
1.197490 2.961395 -0.653961
0.683902 2.778113 -0.585630
0.542680 2.776069 -0.615603
0.259778 2.708467 -0.637637
-0.152748 2.028452 -0.474671
-0.201631 2.149037 -0.509588
0.015613 2.634263 -0.570998
-0.250568 2.266930 -0.531426
-0.202454 2.560882 -0.543287
-3.434392 -1.330068 -0.111706
6.860068 2.828560 -0.825472
6.808774 3.156140 -0.825473
4.299947 -0.137300 -0.350364
4.135710 0.330061 -0.359545
3.174208 2.728387 -0.705061
3.084250 2.924461 -0.525057
1.932343 3.273122 -0.582265
1.530004 3.118346 -0.526154
1.638035 3.175388 -0.536154
1.267978 2.959774 -0.448592
1.383062 3.045925 -0.514289
1.142683 2.937169 -0.452630
0.951321 2.892365 -0.467365
0.500463 2.801728 -0.448810
0.202065 2.695511 -0.466518
0.034063 2.648551 -0.404591
-0.286317 2.127651 -0.324353
-0.289744 2.439855 -0.354570
-0.841092 1.923718 -0.325937
1.280782 2.966208 -0.363510
1.347966 3.004725 -0.371265
1.187679 2.910972 -0.351307
9.357623 2.825439 -1.355501
9.220290 3.354943 -1.410113
4.283356 -0.178513 -0.937204
4.185299 0.157435 -0.878174
4.145221 0.284913 -0.880925
3.795332 -0.402782 -0.880073
4.061466 0.638225 -0.844232
3.503658 1.711297 -0.985742
3.592238 1.997976 -0.995742
3.261739 1.341329 -0.955379
0.430109 1.250615 -0.716387
0.242726 2.704836 -0.722997
-0.149513 2.291806 -0.778982
7.841185 -0.105745 -0.796592
4.968925 -2.353016 -0.550481
3.950915 0.894702 -0.784517
3.138705 2.835283 -0.730531
3.083750 2.904479 -0.789287
2.327048 3.401918 -0.707033
1.741033 3.176051 -0.708679
1.871979 3.236587 -0.737875
1.591575 3.127840 -0.668793
0.978515 1.369241 -0.444963
1.354782 3.015700 -0.582592
1.401219 3.040821 -0.607936
0.316289 1.025413 -0.351023
0.757770 2.863688 -0.574004
0.360453 2.741898 -0.494399
0.488182 2.776428 -0.562244
0.080317 2.660924 -0.467225
-0.171639 2.064990 -0.500242
-0.186889 2.187795 -0.506285
0.016401 2.627749 -0.614626
-0.263238 2.358230 -0.470197
7.839627 -0.213191 -0.712135
7.224842 1.777805 -0.689310
4.134588 0.387667 -0.464008
4.158519 0.651109 -0.463048
3.178056 2.748688 -0.546128
3.171560 2.776526 -0.539738
3.125709 2.923131 -0.574653
2.328398 3.391765 -0.457005
1.860312 2.953420 -0.428530
1.855761 3.229843 -0.493520
1.541690 3.092511 -0.451999
0.956046 1.389773 -0.409388
1.311358 3.005908 -0.414650
1.397484 3.041543 -0.439874
1.040634 2.949522 -0.446789
0.702575 2.868939 -0.439448
0.880778 2.909795 -0.430284
0.385672 2.744011 -0.285784
0.506145 2.794562 -0.414755
0.263963 2.720303 -0.420110
-0.298875 2.183824 -0.355777
-0.792762 1.971795 -0.183021
1.566256 3.132214 -0.329671
8.286261 -0.575517 -1.028928
4.416310 -2.664919 -0.575029
4.177377 0.160787 -0.902156
3.925423 0.100568 -0.870639
3.960146 0.651230 -0.820701
4.238682 1.232285 -0.863695
2.843419 -1.506694 -0.674937
3.135256 -0.234749 -0.815678
3.567145 1.798117 -0.974516
7.777755 -0.135079 -0.768394
7.777070 0.451148 -0.867817
6.933486 0.331834 -0.774346
6.951357 2.826492 -0.956301
6.830159 3.170286 -0.990855
4.443144 -1.944760 -0.556343
4.635149 -1.605121 -0.557150
4.186761 1.198453 -0.821354
3.937984 0.912522 -0.795017
2.400352 -0.696508 -0.572393
3.189375 2.717480 -0.781626
3.159018 2.807481 -0.696552
3.130270 2.911909 -0.759936
2.331812 3.373499 -0.776757
2.249759 3.337371 -0.701052
1.795222 3.187693 -0.720825
1.876956 3.237494 -0.698042
1.221093 1.462282 -0.485914
1.612371 3.117710 -0.623305
0.979440 1.371131 -0.512010
0.955977 1.452288 -0.459735
0.897328 2.905864 -0.525963
1.000172 2.950868 -0.676551
0.704366 2.861741 -0.537974
0.479059 2.786365 -0.584310
0.555151 2.822451 -0.546184
0.286727 2.737510 -0.615205
-0.182088 2.318908 -0.417834
-0.010053 2.635375 -0.679568
7.345025 1.289983 -0.803055
6.508686 1.810393 -0.768705
4.142922 0.267526 -0.490360
4.343337 0.671477 -0.499916
3.184056 2.778730 -0.540034
3.161793 2.862184 -0.539304
2.378413 3.366235 -0.407727
2.397491 3.396468 -0.604222
2.288456 3.365288 -0.506617
1.776180 3.166640 -0.478318
1.937253 3.258667 -0.519939
1.204165 1.543504 -0.335169
1.611228 3.117004 -0.444029
0.713697 0.811909 -0.107532
0.979472 1.394081 -0.341975
0.956913 1.526793 -0.232977
1.220673 3.028011 -0.420695
0.952536 2.955134 -0.398956
1.083915 2.992240 -0.479478
0.263070 0.972626 -0.100345
0.736603 2.880221 -0.417177
0.399109 2.778390 -0.414361
0.568821 2.833171 -0.396627
0.232751 2.728983 -0.381426
-0.124615 2.103769 -0.392206
2.348783 3.375621 -0.390408
2.387928 3.391924 -0.385290
0.747392 2.950403 -1.632567
3.459420 -3.418482 -0.490232
4.412428 -0.721936 -0.795959
4.290975 -0.226635 -0.901233
4.162910 0.019125 -0.897460
4.100931 0.310188 -0.823748
2.868577 -1.551584 -0.711894
4.074141 0.420980 -0.849383
3.096592 -0.453012 -0.802879
3.336336 -0.371660 -0.820652
2.904090 -0.462223 -0.787326
3.200619 1.134319 -0.915899
2.736721 0.904711 -0.870312
3.454695 2.157924 -0.982079
3.136139 2.749066 -1.013244
3.104715 2.892148 -1.022370
-7.070204 -0.833760 -0.054632
9.567576 0.715314 -1.135888
7.787581 -0.135294 -0.759690
7.354073 1.316227 -0.864741
5.137710 -2.249085 -0.516125
3.854965 -3.290706 -0.494865
4.476122 -1.907867 -0.484616
6.530712 1.820481 -0.821222
4.100362 1.078837 -0.766062
3.926013 1.034795 -0.780195
2.038288 0.466987 -0.582716
3.184412 2.684935 -0.690780
3.147435 2.769295 -0.796685
3.118896 2.886804 -0.824221
1.399128 0.778815 -0.504331
2.199569 3.330586 -0.764455
2.300852 3.345611 -0.840919
0.929005 1.445066 -0.483222
1.114169 1.735950 -0.498736
1.819170 3.205324 -0.843142
0.995026 2.890188 -0.633219
1.218222 3.019742 -0.633852
0.822209 2.887608 -0.594549
0.397361 2.746018 -0.577806
0.517874 2.794893 -0.594473
-0.162386 2.228922 -0.439672
-0.174443 2.272738 -0.437623
0.134026 2.670156 -0.677822
-3.397092 -1.295116 -0.063110
4.452720 -0.753010 -0.466081
2.221972 0.502458 -0.433029
1.969496 0.436077 -0.369767
3.185771 2.686104 -0.651770
3.158086 2.782349 -0.548803
3.124418 2.901990 -0.548984
2.227448 3.334608 -0.491951
2.340344 3.395969 -0.469633
1.794694 3.184831 -0.570311
1.466240 3.084103 -0.469711
1.199433 3.014035 -0.457715
0.705419 2.852643 -0.414933
0.866365 2.912266 -0.422147
0.379621 2.757278 -0.439155
0.514563 2.810116 -0.410826
0.212549 2.702627 -0.434063
-0.489456 1.936076 -0.162347
-0.888415 2.049258 -0.157325
-0.882300 2.247451 -0.177264
-1.494196 2.437521 -0.170901
2.298622 3.336773 -0.375189
0.884351 2.934921 -1.729071
3.637863 -3.353857 -0.531025
4.652642 -1.588489 -0.793697
3.256349 -3.509221 -0.532905
4.406076 -0.692851 -0.735380
4.278889 -0.139604 -0.865484
4.230721 0.020082 -0.873241
3.871481 -0.238802 -0.850584
3.478148 -0.434906 -0.827130
4.092527 0.385703 -0.783076
2.990925 -0.534229 -0.801796
3.790784 2.433511 -0.983897
2.100514 3.327166 -0.864403
10.024976 0.935964 -1.123586
9.489727 0.495664 -1.026141
7.712719 0.198538 -0.721474
4.023328 -3.231294 -0.532242
6.668789 1.639049 -0.752387
4.504838 -1.660474 -0.493855
4.631069 -1.264197 -0.487576
4.283578 1.189737 -0.744702
3.911029 1.028280 -0.695541
4.150327 1.064280 -0.731170
2.095001 0.480003 -0.552567
3.174637 2.729196 -0.760136
1.386052 -0.017014 -0.594488
3.124269 2.861703 -0.752529
1.108296 1.445018 -0.507228
1.182026 1.551290 -0.489522
2.123977 3.191734 -0.622640
2.241499 3.341713 -0.727715
0.894916 1.481915 -0.516581
1.099565 1.702570 -0.635791
1.772039 3.094717 -0.593772
1.355377 3.064308 -0.659450
1.012359 2.937151 -0.622508
1.185125 2.994796 -0.644362
0.675464 2.844106 -0.619398
0.832472 2.890301 -0.594411
0.296155 2.695575 -0.673459
-0.172695 2.190434 -0.451300
0.191966 2.671993 -0.704140
-4.684586 -0.072199 -0.176599
7.862192 -0.337162 -0.685555
6.630629 0.979686 -0.676687
3.829186 -3.226430 -0.119509
4.365427 -0.435116 -0.456766
3.181068 2.734065 -0.570261
3.140323 2.856663 -0.512289
0.963695 1.447262 -0.396226
1.185683 1.557882 -0.360857
1.982232 2.863636 -0.392717
2.230612 3.350346 -0.478698
0.921273 1.436917 -0.371182
1.733328 3.126361 -0.468975
1.790088 3.179230 -0.510009
1.370879 3.064876 -0.483895
1.545650 3.113093 -0.488011
1.030667 2.952162 -0.408098
1.231133 3.027279 -0.447652
0.678372 2.865220 -0.423167
0.859366 2.903122 -0.407284
0.505678 2.786852 -0.369943
-1.734766 1.390280 -0.063479
-4.397471 -0.117605 0.056791
3.122464 2.914773 -0.371375
2.289336 3.341904 -0.349989
4.070910 -3.297965 -0.711948
4.642034 -2.434148 -0.679066
3.693213 -3.436050 -0.712227
5.572628 1.540692 -1.029839
4.196774 0.038051 -0.904580
3.801851 -0.107114 -0.875425
3.986524 0.029184 -0.887164
4.125611 0.222280 -0.893252
3.417859 -0.212968 -0.854053
3.607355 -0.097755 -0.856913
3.790026 0.029998 -0.867069
3.219588 -0.224938 -0.839686
3.263546 1.026668 -0.890643
3.738272 2.053133 -0.954908
3.831032 2.803536 -0.959671
3.417384 2.420042 -0.969629
3.433378 2.546651 -0.991431
7.838302 -0.208604 -0.795929
7.659550 0.323019 -0.772940
9.322590 4.443357 -1.234887
4.564440 -1.638509 -0.629676
4.570992 -1.136650 -0.594486
4.494882 -0.902233 -0.596623
6.746618 3.367885 -0.868704
4.316904 -0.325036 -0.537010
4.286380 1.181241 -0.778907
3.153228 2.662904 -0.846737
3.160554 2.733538 -0.737423
3.105952 2.875474 -0.746878
1.235060 1.296735 -0.502491
1.194003 1.496339 -0.506578
1.170696 1.533752 -0.487260
2.068488 3.187095 -0.613523
2.211476 3.300058 -0.659460
1.687827 3.113739 -0.602682
1.338515 3.025097 -0.626484
1.536902 3.100526 -0.601085
1.076213 2.940223 -0.599815
1.179134 2.978314 -0.520510
0.713305 2.834364 -0.628800
0.426645 2.743284 -0.570991
-6.933015 -0.457378 -0.006736
7.303717 1.322851 -0.725610
7.227345 1.640277 -0.617847
6.703199 1.078530 -0.670203
3.614747 -3.396691 -0.172342
3.986435 -3.242676 -0.175669
6.474532 1.853302 -0.667557
6.836842 3.040847 -0.828879
6.766159 3.326047 -0.835515
3.134776 2.677579 -0.497314
3.169843 2.754506 -0.474300
3.118879 2.879552 -0.475404
1.241073 1.294745 -0.374928
2.275404 3.255355 -0.473985
1.009428 1.473423 -0.310644
1.181127 1.561032 -0.339408
2.117022 3.256892 -0.476507
2.227523 3.329368 -0.460327
1.700570 3.142197 -0.460871
1.369417 3.048788 -0.432699
1.541741 3.110979 -0.444472
1.031971 2.935963 -0.394426
1.199885 2.989115 -0.432731
0.661768 2.811462 -0.380246
0.869344 2.903337 -0.386557
0.476502 2.762677 -0.407468
-0.019431 2.599825 -0.173715
-1.682238 1.289798 -0.052778
-1.717509 1.473049 -0.035720
3.186622 2.760331 -0.353242
3.146755 2.896858 -0.356831
2.246226 3.347373 -0.334540
3.910448 -3.353445 -0.612192
4.166762 -3.255013 -0.650529
4.336727 -3.221168 -0.666815
3.476693 -3.475392 -0.571831
3.651361 -3.391517 -0.593689
3.823007 -3.363137 -0.615907
4.528339 -2.643314 -0.667028
4.787361 -2.552384 -0.739345
4.684132 -1.634047 -0.714848
4.216220 -0.200276 -0.879616
6.629979 1.769775 -1.081042
3.180423 -0.482675 -0.808357
2.580896 -0.461614 -0.778240
2.820609 -0.367052 -0.788356
5.377506 2.098351 -1.084499
3.287097 0.896290 -0.888895
5.404027 2.425889 -1.106741
3.797919 1.787247 -0.969390
3.928026 1.994707 -0.971820
4.131327 2.176645 -1.004987
3.404924 1.881303 -0.980458
3.538580 2.080948 -0.999176
4.115040 2.442235 -1.011707
0.733604 1.581555 -0.793311
-0.589851 1.562360 -0.709391
1.606986 3.094888 -0.820361
4.135823 -3.202675 -0.542276
7.913719 -0.575414 -0.748278
4.441164 -2.631515 -0.600791
4.477334 -1.888313 -0.582761
4.711944 -1.639422 -0.594882
7.428993 1.122684 -0.829955
6.956053 2.065147 -1.012980
2.466399 -0.715094 -0.422186
2.680375 -0.771761 -0.425488
2.265064 -0.571946 -0.417489
6.343451 2.372244 -0.933849
9.303851 4.580767 -1.257791
1.505314 0.491843 -0.470115
1.409123 0.821010 -0.440654
1.327067 1.064588 -0.460082
1.300219 1.187879 -0.520228
3.166853 2.741959 -0.772753
3.167636 2.830763 -0.719991
3.114296 2.891839 -0.702798
3.137740 2.886910 -0.775778
2.143463 3.249787 -0.682309
2.279971 3.324921 -0.694620
1.201376 2.993018 -0.570724
1.352503 3.038117 -0.635850
1.626645 3.115395 -0.692200
1.765183 3.167615 -0.688283
0.451235 2.759638 -0.481194
0.651675 2.816502 -0.614082
0.848886 2.888637 -0.639959
1.069520 2.952521 -0.597926
-1.753933 1.405520 -0.408842
7.852408 -0.319306 -0.728993
7.842156 -0.229344 -0.736367
6.718139 1.558795 -0.747845
6.486752 1.870420 -0.700709
6.916138 2.798936 -0.727780
9.332471 4.570394 -0.978642
6.813616 3.113249 -0.741395
6.706526 3.395525 -0.692585
6.751960 3.444628 -0.745214
1.431535 0.921721 -0.327605
3.185416 2.763063 -0.526567
3.350019 2.719971 -0.550258
3.107223 2.852770 -0.561163
3.146864 2.909349 -0.525311
2.026593 2.962267 -0.365725
2.134350 3.271931 -0.534102
2.289200 3.340043 -0.554994
1.220297 2.993427 -0.454430
1.387984 3.053162 -0.448877
1.613980 3.132919 -0.491058
1.761703 3.183894 -0.530027
0.394222 2.735713 -0.414142
0.835052 2.896708 -0.477565
1.101651 2.962811 -0.420987
-0.837544 2.174075 -0.124262
4.736447 0.816439 -0.365698
4.279514 0.693029 -0.329206
4.475141 0.765536 -0.346005
6.680895 2.794833 -0.575703
9.336179 4.646078 -0.770703
6.433697 2.798770 -0.528684
6.641679 2.886874 -0.615588
6.950039 3.239247 -0.522136
9.143671 4.731798 -0.879754
6.173479 3.014729 -0.521198
6.539854 3.135419 -0.591419
6.104463 3.277173 -0.529660
6.488251 3.424445 -0.606904
3.227323 2.754198 -0.391932
3.168566 2.923113 -0.397373
9.436998 4.386443 -0.639931
4.164535 -3.270348 -0.643357
4.256619 -3.221323 -0.706716
3.784361 -3.399439 -0.638688
4.375572 -2.716259 -0.625653
3.064107 -2.606920 -0.628106
2.228697 -2.919304 -0.598329
9.342908 2.880372 -1.332557
3.917812 -0.114339 -0.874322
3.352196 -0.272044 -0.834930
3.529558 -0.207138 -0.840483
6.464313 1.772086 -1.096637
7.379784 2.297737 -1.165931
2.793740 -0.268875 -0.797769
2.994626 -0.240214 -0.812918
2.614188 -0.195844 -0.778245
2.842102 -0.203464 -0.804221
4.320995 1.220003 -0.963400
6.330807 2.605630 -1.113034
5.078466 2.055058 -1.051402
5.507966 2.288272 -1.091260
5.485027 2.631553 -1.108864
0.650817 -0.232625 -0.694064
3.728545 1.858931 -0.980693
3.847557 2.042102 -1.000945
3.919799 2.229934 -1.023292
3.875601 2.340490 -1.009837
1.094098 2.931086 -0.796676
1.267717 3.011205 -0.796343
0.025393 2.622107 -0.693053
3.716288 -3.308876 -0.487448
4.109229 -3.221814 -0.535768
4.371964 -2.789971 -0.570774
4.409150 -1.749158 -0.647508
4.605626 -1.644617 -0.598729
4.647675 -1.544752 -0.659340
4.432721 -0.801597 -0.547958
6.642809 1.697256 -1.011571
6.864574 1.981196 -1.061776
4.164661 0.638438 -0.641662
6.342156 2.294516 -1.040580
6.747464 3.271327 -0.992274
1.341732 0.986121 -0.471467
3.193829 2.686996 -0.765496
3.316011 2.675363 -0.806631
3.170563 2.776348 -0.809535
3.146172 2.878180 -0.791799
1.111013 1.719543 -0.512060
2.251698 3.228152 -0.697660
1.464558 3.067002 -0.761561
1.607656 3.106930 -0.725747
1.773173 3.175881 -0.725159
2.080515 3.273371 -0.692669
2.261866 3.334199 -0.698443
0.690213 2.814956 -0.601910
0.868474 2.905147 -0.588196
1.167894 2.988926 -0.628397
1.358507 3.046971 -0.602778
0.544488 2.802890 -0.585543
7.942025 -0.744523 -0.534508
3.814771 -3.279997 -0.118929
4.135067 -3.188627 -0.122827
7.889343 -0.556514 -0.621754
7.360252 1.231248 -0.689428
6.703708 1.091857 -0.655124
7.275228 1.505854 -0.618991
6.699473 1.677283 -0.639030
7.177845 1.917265 -0.652447
4.090846 0.599295 -0.482712
6.115321 2.275883 -0.598417
6.951323 2.614145 -0.639977
6.946747 2.716261 -0.697630
9.384668 4.441601 -0.906811
6.126955 2.452841 -0.593462
6.832609 2.925342 -0.690412
9.313586 4.651401 -0.952878
6.778171 3.198313 -0.696815
8.959425 4.760950 -1.050601
6.663895 3.397577 -0.688031
1.422812 0.902680 -0.358765
3.204760 2.714718 -0.544818
3.386272 2.717756 -0.519500
3.171586 2.812550 -0.514946
3.165651 2.893438 -0.524574
2.000901 2.954612 -0.488145
2.294937 3.330422 -0.504934
1.427545 3.064639 -0.406188
1.613192 3.125748 -0.488437
1.763446 3.187899 -0.537633
2.109548 3.289144 -0.544751
2.246674 3.340182 -0.529994
0.964026 2.932474 -0.394485
1.109645 2.981896 -0.392901
1.382216 3.061964 -0.480900
-1.711897 1.538496 -0.083024
6.431737 2.105249 -0.505338
6.668905 2.675792 -0.581023
7.117558 2.749959 -0.495891
9.386789 4.506127 -0.740682
6.402563 2.680537 -0.536113
6.577332 2.807013 -0.513337
6.965985 3.050980 -0.516941
6.533622 2.962768 -0.584077
6.632610 3.260471 -0.641115
6.934952 3.365488 -0.545346
6.141335 3.096425 -0.503013
6.402673 3.239625 -0.576703
6.078084 3.328513 -0.567586
4.635744 3.120765 -0.453523
3.151880 2.851963 -0.380454
3.152265 2.911627 -0.400740
-4.081365 -0.001688 -0.461337
4.101018 -3.284383 -0.685720
3.719033 -3.401135 -0.611279
3.320954 -3.421674 -0.562441
4.252011 -2.548744 -0.675723
4.584626 -2.448741 -0.700740
7.295841 1.365708 -1.189796
2.072187 -1.589244 -0.569478
7.106287 2.029577 -1.183917
3.353251 -0.185814 -0.836073
3.611651 -0.136846 -0.855692
3.859943 -0.046220 -0.873444
2.996653 -0.195993 -0.821564
3.201958 -0.171471 -0.830892
6.157490 1.822125 -1.122612
2.694997 -0.220950 -0.803221
5.022418 1.873994 -1.059654
5.390203 2.075738 -1.096525
3.183365 0.751702 -0.893587
3.619055 1.333876 -0.950325
3.963094 1.699053 -0.990702
4.047510 1.738740 -1.004920
0.945487 -0.048180 -0.722092
4.026215 1.901241 -1.014094
4.144323 2.087509 -1.025703
5.273778 2.905770 -1.135392
1.430971 3.072167 -0.818944
0.474455 2.752674 -0.725865
1.151964 2.959387 -0.792481
0.395840 2.741035 -0.726524
8.282528 -0.591176 -0.997178
4.545369 -1.629126 -0.694726
4.512675 -1.018261 -0.610620
7.420817 1.082189 -0.872611
4.453458 -0.815874 -0.657543
4.290246 -0.274126 -0.560702
2.629081 -1.052927 -0.537273
6.615903 1.755714 -1.077094
4.114965 0.594183 -0.628672
6.357027 2.302858 -1.057266
2.016507 0.455881 -0.427992
1.491416 0.551715 -0.461090
1.423723 0.837099 -0.438799
3.191132 2.716926 -0.788984
3.420678 2.708846 -0.813970
1.175940 1.491695 -0.512930
3.160034 2.818697 -0.785997
2.083644 3.159136 -0.803703
2.202132 3.304419 -0.712417
-0.091316 2.034266 -0.403431
1.417510 3.074367 -0.626415
1.692600 3.143818 -0.675001
1.938507 3.212441 -0.774473
2.083468 3.271168 -0.755856
-0.149922 2.148627 -0.470401
0.713075 2.853105 -0.701474
0.934803 2.919465 -0.634211
1.159202 2.994202 -0.637760
0.185951 2.678530 -0.450369
7.931238 -0.723944 -0.752693
7.414317 1.038486 -0.830939
6.626322 0.911096 -0.722675
7.347189 1.393754 -0.852660
6.100763 2.306824 -0.699003
6.948873 2.674644 -0.769655
6.934346 2.782905 -0.696192
6.092548 2.407442 -0.596855
6.847413 3.024246 -0.748585
9.136628 4.668003 -1.145753
9.314883 4.624504 -1.061203
6.776741 3.323099 -0.767166
8.530382 4.799441 -1.026110
8.860319 4.997843 -1.111974
1.268604 0.580362 -0.138334
1.540535 0.546601 -0.380476
3.674743 2.802401 -0.632904
3.204241 2.737527 -0.502855
3.505547 2.749045 -0.520262
1.150279 1.567789 -0.420178
3.150244 2.899047 -0.565580
1.066262 1.671466 -0.383431
2.074523 3.040467 -0.497746
2.189874 3.302185 -0.540993
2.318380 3.353630 -0.621763
1.426313 3.066181 -0.485564
1.689224 3.150406 -0.490476
1.995742 3.251376 -0.511379
2.095030 3.287504 -0.544047
0.736409 2.837994 -0.446291
0.979970 2.935896 -0.435786
1.196190 3.006613 -0.425390
1.332642 3.057529 -0.457699
-0.829048 1.966492 -0.119114
7.435242 1.960161 -0.633678
6.781805 1.899636 -0.585060
4.871508 0.803145 -0.388536
6.493541 1.931255 -0.494894
4.599443 0.764800 -0.368435
6.132682 2.240510 -0.566738
6.156122 2.491616 -0.583690
6.281083 2.710500 -0.522415
6.517847 2.745083 -0.565842
6.787183 2.859038 -0.647055
6.967113 3.261313 -0.535880
9.304716 4.694468 -0.839461
6.300632 2.974661 -0.547104
6.564456 3.060075 -0.610604
6.918096 3.486795 -0.525471
9.030979 4.732443 -0.905465
6.271720 3.237125 -0.569200
6.464042 3.298446 -0.606671
6.572439 3.410042 -0.665584
8.899666 5.047066 -0.846137
3.215567 2.765996 -0.405589
3.435069 2.738340 -0.416133
3.147509 2.931871 -0.411825
3.400715 -3.458380 -0.588293
3.767460 -3.357100 -0.626832
4.694650 -1.646922 -0.782102
3.935593 -1.862751 -0.756356
4.166050 -1.689530 -0.769079
2.777077 -2.007890 -0.659007
2.454873 -1.665820 -0.619984
4.041435 0.096978 -0.885927
6.671448 1.974140 -1.159798
7.408684 2.256147 -1.203941
3.361894 -0.132453 -0.832899
3.732509 -0.012615 -0.854387
3.873894 0.059323 -0.863259
3.092099 -0.118233 -0.812331
5.198059 2.057027 -1.069195
4.068754 1.606454 -1.001680
4.148925 1.712546 -0.991032
4.721319 2.088976 -0.983418
5.223479 2.340725 -1.097035
4.117659 1.776836 -1.005046
4.225613 1.984098 -1.031597
4.203762 2.153139 -1.032373
1.634277 3.146116 -0.819560
4.187879 -3.163425 -0.542180
3.822455 -3.261175 -0.492926
4.436539 -2.742479 -0.574355
4.495152 -0.908839 -0.653000
4.436210 -0.708324 -0.688213
4.286982 -0.208402 -0.589015
2.705640 -1.096096 -0.570854
4.151913 0.626268 -0.603284
6.329922 2.467529 -1.072564
7.594989 3.824196 -1.208804
4.013905 2.268469 -0.722309
3.533767 2.765300 -0.762834
3.736429 2.835402 -0.784976
4.030376 2.927969 -0.783181
1.209624 1.418493 -0.429531
3.169192 2.702127 -0.702581
1.177675 1.496989 -0.476627
2.038884 2.922103 -0.563609
1.952660 3.207097 -0.739643
2.207340 3.322091 -0.642373
1.222295 3.009698 -0.637751
1.428180 3.080229 -0.618056
1.647071 3.151411 -0.615147
0.536312 2.792114 -0.672360
0.685375 2.837641 -0.632618
0.987532 2.939141 -0.634127
0.022857 2.611171 -0.586151
4.070754 -3.210219 -0.219617
4.382214 -3.090609 -0.177745
7.948699 -0.670046 -0.576016
3.746821 -3.303270 -0.214643
6.744773 1.130162 -0.728028
7.353302 1.295497 -0.781672
6.690989 1.107245 -0.688051
7.258113 1.588879 -0.685809
6.651504 1.666125 -0.708732
7.187571 1.781090 -0.636289
4.526052 0.755487 -0.484550
6.753016 3.169242 -0.697968
6.813601 3.140267 -0.716401
8.973010 4.789003 -1.004606
6.659947 3.436412 -0.719095
4.332580 1.956857 -0.441097
4.603384 2.368845 -0.484407
8.960059 5.365476 -1.095929
4.705652 2.702022 -0.510163
3.360716 2.718731 -0.400613
3.559927 2.783085 -0.488565
3.757750 2.859614 -0.503788
1.222708 1.443516 -0.325926
3.194133 2.766308 -0.459287
1.187958 1.555380 -0.327624
3.136956 2.910458 -0.441894
2.010897 2.947456 -0.499052
2.054414 2.982539 -0.457003
1.952288 3.252708 -0.571109
2.214383 3.319450 -0.475592
1.235551 3.026901 -0.407303
1.463153 3.096621 -0.423414
1.687496 3.173808 -0.426106
0.854867 2.900620 -0.397989
1.096825 2.988366 -0.428355
6.931769 1.766741 -0.554350
6.833217 2.069930 -0.602948
6.442049 2.052128 -0.474584
6.136790 2.227489 -0.566221
6.098490 2.288662 -0.568724
6.831646 2.908981 -0.670659
6.247185 2.796058 -0.526220
6.771012 3.124667 -0.677501
6.943741 3.305094 -0.550283
9.007563 4.791749 -0.880672
6.202210 3.039914 -0.543169
6.257003 3.056284 -0.549120
6.624935 3.375319 -0.683158
6.884974 3.524584 -0.556703
8.900352 4.914984 -0.879840
6.269643 3.331108 -0.570150
6.480015 3.491801 -0.678514
8.877038 5.168900 -0.963164
8.975878 5.403227 -0.852947
8.596212 5.375904 -0.951728
4.602649 3.172256 -0.477314
3.397681 2.739530 -0.386547
3.529454 2.776738 -0.408431
4.114367 2.965783 -0.414956
3.162713 2.793143 -0.374624
3.129164 2.995466 -0.387248
9.011372 4.818666 -0.710564
3.800298 -3.277223 -0.559771
4.543207 -1.649659 -0.774769
3.722795 -1.823830 -0.759715
7.088307 1.501339 -1.145325
2.095039 -1.619354 -0.652901
2.363425 -1.453447 -0.632103
5.873277 0.914986 -1.067202
6.688292 1.748824 -1.190300
7.136525 2.103740 -1.194277
1.921093 -1.361395 -0.632682
3.547549 -0.152041 -0.851572
3.835835 -0.060273 -0.870890
3.973242 0.008390 -0.879945
4.099042 0.095801 -0.886214
7.407663 2.412758 -1.267070
3.250325 -0.174236 -0.826953
3.395700 -0.158670 -0.835255
4.252752 1.592356 -1.039152
5.187602 2.191763 -1.075982
4.268138 1.712889 -1.010304
4.350492 1.930555 -1.046238
2.138063 3.297844 -0.818247
4.464503 -0.790736 -0.669339
4.258165 -0.111306 -0.594154
6.538960 1.810676 -1.048769
7.046753 2.068778 -1.118086
7.371274 2.415577 -1.200244
4.246250 0.645312 -0.605835
4.533122 0.752425 -0.633101
4.273522 2.285533 -0.788370
3.200781 2.634539 -0.627109
3.346176 2.684764 -0.763894
3.572302 2.767713 -0.778319
3.728158 2.832463 -0.762493
1.233239 1.442920 -0.437845
3.161484 2.701121 -0.644937
3.101604 3.015247 -0.695047
2.056354 2.980461 -0.544143
2.045871 3.279735 -0.625455
0.866116 2.869541 -0.600479
0.967003 2.933097 -0.613875
1.219391 3.004816 -0.621358
1.528624 3.118345 -0.615019
4.847447 -2.988789 -0.346246
4.143225 -3.179031 -0.296428
4.456367 -3.079270 -0.298500
4.539186 -3.016374 -0.361380
7.899940 -0.634909 -0.638613
7.907781 -0.486363 -0.678021
3.799182 -3.283743 -0.275152
7.449337 1.088743 -0.721241
7.360162 1.285166 -0.679383
7.245719 1.613045 -0.683771
7.238093 1.737382 -0.712498
7.153964 2.043780 -0.722976
6.778508 1.919013 -0.655630
7.038781 2.218175 -0.695014
4.314055 0.655418 -0.551345
4.448769 0.753517 -0.436561
4.127319 0.627206 -0.459313
6.145096 2.233942 -0.634972
6.824008 3.000559 -0.708115
4.715583 1.681818 -0.460574
6.791437 3.204398 -0.709511
6.811210 3.192838 -0.763705
7.638115 3.858908 -0.890370
5.104059 2.277988 -0.535291
6.533729 3.399672 -0.699063
8.892620 4.889143 -1.038280
8.940270 5.264307 -1.044648
8.869720 5.450340 -1.125371
7.287163 4.948367 -0.938865
7.824573 5.122812 -0.935543
3.933823 2.890412 -0.614732
1.270357 1.329411 -0.305095
3.379131 2.705635 -0.493993
3.595862 2.781235 -0.500684
3.792133 2.855312 -0.572444
1.197528 1.555853 -0.315691
1.258429 1.572048 -0.228751
3.041039 2.868005 -0.481101
3.218326 2.768352 -0.374452
2.603168 2.776256 -0.346418
2.895989 2.793114 -0.536219
3.118781 3.016701 -0.525459
2.000681 2.980459 -0.499153
2.072251 3.010674 -0.427014
1.771186 3.180997 -0.413181
2.077611 3.294956 -0.455748
2.215693 3.310337 -0.461302
1.122314 2.992463 -0.436624
1.409747 3.066162 -0.372167
1.474232 3.095708 -0.420321
1.662796 3.172379 -0.431832
7.142640 1.728964 -0.640447
7.080807 2.037602 -0.646941
6.547608 1.810177 -0.501562
6.563288 1.879928 -0.557160
6.831030 2.097942 -0.638998
6.466411 2.054897 -0.523189
6.136446 2.258000 -0.583734
6.283162 2.686158 -0.534062
6.618352 2.849286 -0.623693
6.233662 2.832205 -0.531556
6.546681 3.111786 -0.635369
6.968450 3.282151 -0.535389
8.937797 4.849089 -0.851637
6.177742 3.072381 -0.542175
6.404750 3.335830 -0.583660
6.469627 3.374162 -0.646581
8.884054 4.977776 -0.836964
6.106873 3.273709 -0.531893
8.977263 5.423279 -0.924707
8.526175 5.334723 -0.901816
7.499743 5.013206 -0.800225
4.589500 3.276568 -0.444848
3.389364 2.731020 -0.378788
3.596771 2.792016 -0.395449
3.177256 2.827828 -0.368439
4.443452 -1.733469 -0.832097
4.695868 -1.631837 -0.847411
3.657301 -1.562615 -0.801091
2.426705 -1.537790 -0.711133
2.501503 -1.513703 -0.729708
2.840889 -1.571728 -0.749077
1.874682 -1.257362 -0.696183
2.697174 -1.099312 -0.654084
2.359249 -0.813770 -0.621351
3.186163 -0.124106 -0.834160
2.717129 -0.029252 -0.808110
7.409466 1.433407 -1.191553
4.190468 1.219073 -0.991611
4.907656 1.192019 -0.996258
4.963511 1.489107 -1.009501
1.147048 0.916778 -0.741634
-1.158744 1.736801 -0.573598
-0.625620 1.857533 -0.615123
-0.906716 2.012729 -0.572747
-0.957687 2.137079 -0.657760
1.571660 3.123973 -0.763860
1.991888 3.265807 -0.811721
2.219788 3.327477 -0.818236
8.269563 -0.493233 -1.023974
6.911433 0.313963 -0.940888
7.644505 0.500762 -0.934938
9.893035 0.919371 -1.285871
4.114343 0.622226 -0.699253
4.625504 0.811385 -0.688088
1.517556 0.543458 -0.474006
6.625915 1.759497 -1.043797
1.444841 0.713104 -0.432224
1.397861 0.895023 -0.390873
3.333230 2.687850 -0.719089
3.558356 2.746785 -0.742939
3.716659 2.817346 -0.806537
2.632466 2.750281 -0.675088
2.790046 2.800236 -0.673837
3.059609 2.895752 -0.636243
0.573661 2.789192 -0.543853
1.025935 2.931221 -0.577999
1.206024 3.004323 -0.590806
1.477642 3.099861 -0.568284
1.689294 3.172045 -0.598818
2.015741 3.274862 -0.718457
2.119551 3.302483 -0.626531
4.103982 -3.170985 -0.346751
7.908881 -0.484863 -0.646627
7.732505 -0.037917 -0.642219
7.426910 1.061688 -0.682659
4.079245 0.588052 -0.552511
7.343194 1.376112 -0.690158
7.227795 1.675606 -0.692237
7.166835 1.960447 -0.699190
1.479315 0.666521 -0.258724
7.091302 2.238737 -0.703585
6.140713 2.374290 -0.591326
6.933852 2.779544 -0.708943
1.866019 1.910027 -0.377037
6.852870 3.066441 -0.704567
6.776829 3.311402 -0.711016
2.849939 2.735154 -0.465508
3.174372 2.817425 -0.504034
3.372711 2.700685 -0.509243
3.614473 2.784960 -0.527075
3.838080 2.863142 -0.557926
4.106862 2.942573 -0.484706
2.630412 2.745953 -0.429098
2.792958 2.795603 -0.420738
3.066289 2.905769 -0.477620
2.063371 2.981960 -0.476871
9.066452 4.734150 -0.977638
0.871785 2.925000 -0.211145
1.018927 3.028507 -0.231685
1.510488 3.121913 -0.447583
1.649806 3.159751 -0.494976
2.139987 3.303957 -0.509872
8.969776 4.787882 -0.988746
8.897395 5.163879 -0.972636
7.624940 5.050187 -0.841945
7.781548 5.096805 -0.913842
8.120848 5.204057 -0.896093
8.982761 5.336411 -1.028474
0.588380 3.836044 -0.262362
6.959580 0.318235 -0.506509
7.266344 0.454579 -0.545924
6.884750 0.578001 -0.449836
7.320704 0.580281 -0.586707
7.311571 1.073777 -0.593916
6.755539 1.184805 -0.482148
7.163886 1.263658 -0.600008
7.222136 1.386381 -0.609158
6.699688 1.454275 -0.495910
7.078565 1.577555 -0.606272
7.139501 1.684371 -0.624236
6.676071 1.713706 -0.510348
7.268690 1.981304 -0.655998
6.493163 1.901609 -0.541827
6.542429 1.969649 -0.518088
6.137374 2.406543 -0.509751
6.503080 2.707349 -0.546645
6.621119 2.732278 -0.588416
6.413959 2.940598 -0.549720
6.595354 3.006027 -0.602597
6.189883 3.157020 -0.538321
6.355726 3.205784 -0.557994
6.569693 3.254700 -0.636220
3.781951 2.866159 -0.398784
4.589627 3.141042 -0.451774
6.065673 3.388597 -0.542477
6.179844 3.338943 -0.554119
6.430246 3.468696 -0.622426
4.609328 3.231634 -0.460395
8.967193 4.797827 -0.924851
8.920521 5.199872 -0.838801
6.935641 4.832346 -0.712183
7.394128 4.989366 -0.701174
7.629642 5.059424 -0.681718
8.076927 5.194527 -0.779247
8.953378 5.419952 -0.850920
4.319105 -1.584149 -0.852884
4.593740 -1.597448 -0.854456
2.860034 -1.557866 -0.752761
2.010275 -1.277728 -0.722713
1.940353 -1.056772 -0.716405
2.740268 -1.093822 -0.723778
2.323985 -0.704977 -0.647187
3.533704 0.230012 -0.888389
6.289557 0.591374 -1.071656
3.963610 0.655549 -0.853082
3.738338 0.762173 -0.941798
3.900771 0.850380 -0.959786
3.894173 0.982684 -0.898771
0.165734 2.432624 -0.762926
1.434205 3.058648 -0.742595
8.044014 -0.366309 -0.916453
8.298605 -0.452045 -1.081200
4.242367 0.628675 -0.648816
4.618255 0.736990 -0.669262
1.475800 0.713296 -0.459868
1.399120 0.934876 -0.450768
4.320081 1.127866 -0.821022
3.269835 2.606751 -0.690275
-0.501130 2.450916 -0.457159
-0.082321 2.586380 -0.453179
2.599365 2.715090 -0.640014
2.757266 2.761760 -0.645780
2.978072 2.836527 -0.672618
3.165175 2.819347 -0.764041
1.107582 2.922641 -0.516733
1.326689 3.019363 -0.572184
1.508399 3.060109 -0.710923
3.094669 3.008347 -0.834392
1.726405 3.145648 -0.680700
1.994644 3.234076 -0.724295
2.167995 3.292650 -0.685188
7.807805 5.082848 -1.272526
3.981430 -3.232110 -0.391234
4.326406 -3.145606 -0.405863
4.438635 -3.098083 -0.316787
4.824161 -2.988096 -0.443507
4.610617 -2.874775 -0.418363
4.950171 -2.447620 -0.477960
4.578081 -1.864963 -0.320948
7.863057 -0.291723 -0.801520
7.927683 -0.444456 -0.742111
7.795448 -0.085961 -0.705937
7.687104 0.313940 -0.714156
1.540958 0.502088 -0.277139
1.597991 0.428041 -0.333671
4.340252 0.655427 -0.493882
4.630682 0.754438 -0.544440
6.631778 0.927298 -0.653229
1.512650 0.788728 -0.277497
6.681032 1.163640 -0.648851
1.441439 0.992595 -0.305851
7.368578 1.375841 -0.725318
1.336450 1.098592 -0.351962
7.262425 1.682198 -0.726145
7.187257 2.002903 -0.720825
3.326653 2.676375 -0.529563
3.435052 2.676009 -0.422505
0.377850 2.747206 -0.161981
2.624453 2.739066 -0.394260
2.779546 2.783404 -0.485246
2.997843 2.845760 -0.504234
3.200251 2.761991 -0.511261
3.559150 2.750469 -0.565440
3.741260 2.814830 -0.636504
4.000563 2.908479 -0.525988
6.869645 3.022519 -0.727103
0.686716 2.817554 -0.187804
1.454543 3.042614 -0.421474
1.680606 3.087718 -0.455145
2.083382 2.968987 -0.471319
3.133640 2.996321 -0.537575
6.795223 3.290192 -0.723423
1.625896 3.123130 -0.477026
1.745048 3.128616 -0.489156
2.019213 3.248970 -0.498419
2.201645 3.305968 -0.499283
6.801251 3.605462 -0.728810
6.849657 4.816713 -0.783043
7.933449 5.162396 -0.890027
8.933281 5.242872 -0.975885
7.568333 -0.244170 -0.544994
7.997529 -0.111868 -0.451469
7.469398 0.043402 -0.544095
7.012157 0.263554 -0.494603
7.242452 0.450153 -0.554191
6.938695 0.561338 -0.494023
6.704470 1.163277 -0.510104
7.148502 1.170224 -0.574068
6.956869 1.383748 -0.547808
7.127709 1.414667 -0.594262
6.653834 1.457488 -0.468799
6.904319 1.650929 -0.559002
7.141617 1.655234 -0.624183
6.541737 1.851418 -0.540255
6.961545 1.743410 -0.581157
6.504994 1.962835 -0.485997
6.800573 2.086689 -0.573228
6.140905 2.357111 -0.564706
7.077182 2.220368 -0.653312
6.260931 2.789099 -0.512450
6.554207 2.845974 -0.586248
2.702491 2.747424 -0.322013
6.258080 3.118279 -0.542253
6.517164 3.078888 -0.598826
6.845672 3.034344 -0.683831
6.097591 3.368295 -0.564971
6.272855 3.250851 -0.566747
6.455243 3.405621 -0.615070
6.749419 3.299046 -0.691062
6.485415 3.480150 -0.680109
7.015136 4.868638 -0.764871
7.098680 4.896202 -0.705908
7.427454 5.012064 -0.665812
7.564180 5.052888 -0.707022
8.150341 5.230647 -0.891220
8.287741 5.280810 -0.809650
8.885957 5.140045 -0.811306
8.929114 5.487341 -0.790346
2.848732 2.624691 -1.613775
2.821841 2.675237 -1.784995
3.936056 -3.327844 -0.719509
4.258575 -3.224112 -0.766075
4.431920 -1.868209 -0.839407
2.600780 -1.479260 -0.719049
2.802050 -1.536782 -0.732133
3.010866 -1.556469 -0.742873
1.945510 -1.291558 -0.680238
2.024579 -1.272028 -0.692063
1.710597 -1.009910 -0.671326
1.862200 -1.142359 -0.681159
2.471907 -0.893439 -0.606916
2.547003 -0.801804 -0.616253
9.792053 -0.219880 -1.302402
3.611441 0.025291 -0.861267
4.018229 0.147082 -0.896508
6.242283 0.648503 -1.086339
4.027922 0.672006 -0.934026
0.177618 2.126362 -0.716193
1.625847 3.096969 -0.745114
4.379222 -2.734171 -0.649506
8.565640 -0.321556 -1.107577
1.576249 0.387531 -0.416506
4.083689 0.573292 -0.756180
4.242495 0.614503 -0.638122
1.487307 0.611998 -0.408877
1.425130 0.839572 -0.402739
-0.189487 2.196366 -0.401757
3.358213 2.695608 -0.711739
2.648414 2.728320 -0.601062
2.806571 2.796754 -0.628991
3.164194 2.779938 -0.702753
3.885185 2.872656 -0.694280
3.956508 2.903375 -0.696021
0.922221 2.875399 -0.630326
1.110668 2.944211 -0.480210
1.345976 3.019094 -0.537075
1.556075 3.072402 -0.733729
1.636683 3.117707 -0.526513
1.845605 3.155802 -0.739490
2.086454 3.260322 -0.711668
2.175432 3.301184 -0.750405
8.297298 4.645144 -1.378592
7.385868 4.969896 -1.233741
4.002410 -3.199798 -0.353983
4.362388 -3.131889 -0.284985
4.449903 -3.070552 -0.296907
4.747078 -3.000957 -0.309208
4.615713 -2.903147 -0.381199
1.964325 -0.927071 -0.294242
7.742643 -0.032282 -0.704791
6.947801 0.313172 -0.597817
7.639000 0.448035 -0.678125
7.722054 0.415683 -0.725403
1.545042 0.494951 -0.288831
4.086421 0.589924 -0.466057
4.188136 0.611279 -0.493885
4.559798 0.738754 -0.550734
4.692885 0.775835 -0.421866
1.510380 0.784930 -0.275427
6.612153 0.973032 -0.636438
7.415070 1.159710 -0.717814
7.316555 1.446351 -0.728489
7.330203 1.374395 -0.711892
7.207916 1.726314 -0.726256
3.215851 2.704212 -0.510597
3.342628 2.682765 -0.503506
3.492127 2.673923 -0.589701
0.283015 2.695918 -0.134583
2.654122 2.756758 -0.393047
2.878292 2.823810 -0.473615
3.082258 2.847756 -0.544328
3.611850 2.772752 -0.554955
6.841003 3.055648 -0.726286
1.267063 3.000580 -0.453557
1.612322 3.090271 -0.471675
2.080437 2.945090 -0.453549
6.752708 3.320153 -0.722953
2.089386 3.267925 -0.498407
2.224025 3.291442 -0.493731
8.876984 4.888813 -0.991938
8.924676 5.473992 -1.009554
7.904458 0.073317 -0.483350
6.973927 0.369256 -0.486811
6.609639 1.028632 -0.518612
6.802200 1.181474 -0.504494
7.080067 1.246277 -0.563703
7.114521 1.161798 -0.550051
6.753625 1.433686 -0.517474
7.036705 1.441341 -0.564488
6.704681 1.679435 -0.528566
6.979344 1.617435 -0.574097
6.511067 1.908559 -0.538981
6.930997 1.788534 -0.576196
6.717096 2.177557 -0.556076
6.870216 2.049641 -0.583081
6.139276 2.351099 -0.550468
6.308239 2.819104 -0.543472
6.574576 2.852132 -0.589593
6.377989 3.119015 -0.556656
6.506646 3.103760 -0.594344
6.721396 3.040814 -0.650947
6.092590 3.312930 -0.555002
6.368701 3.322751 -0.592288
6.648473 3.311666 -0.663320
7.133210 4.908774 -0.698692
7.434218 5.009355 -0.830199
8.859460 4.964500 -0.934937
7.675053 5.079274 -0.807348
8.241911 5.268121 -0.797130
8.662199 5.395675 -0.947249
8.971522 5.456074 -0.866879
3.831049 -3.385926 -0.693188
4.122087 -3.227418 -0.727719
3.179757 -1.956737 -0.743252
3.637218 -2.057378 -0.777242
3.859747 -1.988204 -0.781475
4.081393 -1.929280 -0.791207
2.390600 -1.585683 -0.693146
2.760637 -1.807732 -0.716572
1.953101 -1.353798 -0.688724
2.476992 -1.503821 -0.711891
2.609380 -1.523409 -0.677662
1.894264 -1.201681 -0.689651
1.672149 -1.031891 -0.684046
2.774079 -0.448036 -0.787232
3.760529 -0.209961 -0.863285
4.072179 -0.153020 -0.887261
3.806157 0.178155 -0.900226
4.040163 0.527760 -0.829968
0.381584 1.909591 -0.763994
0.209962 2.084591 -0.743907
3.658041 2.766699 -0.894865
2.198767 3.273931 -0.818270
2.532369 -0.782217 -0.597851
1.612162 0.386273 -0.412645
1.540528 0.605623 -0.408927
4.125462 0.510231 -0.657532
4.176785 0.580842 -0.686384
1.484896 0.828237 -0.407701
4.274274 0.617762 -0.716277
4.367151 1.220177 -0.802252
-0.196290 2.334945 -0.424864
-0.092436 2.561606 -0.440165
1.173651 2.968754 -0.510876
2.728916 2.727823 -0.585078
3.427541 2.705567 -0.715597
3.684451 2.792697 -0.717092
3.836607 2.837259 -0.681885
1.388188 3.017320 -0.631928
1.576577 3.065813 -0.567977
3.999512 2.902292 -0.786492
4.023605 2.890878 -0.745814
2.218390 3.286446 -0.681492
7.963174 5.132345 -1.278851
4.278468 -3.169145 -0.311618
4.342890 -3.144315 -0.286045
4.568331 -3.061788 -0.346857
4.928306 -2.968989 -0.377366
2.531788 -0.565101 -0.333861
1.590607 0.415266 -0.310739
2.297396 0.428037 -0.338900
4.147491 0.355831 -0.494638
4.247538 0.149952 -0.448847
1.561487 0.539221 -0.295610
2.343851 0.450370 -0.312351
4.120828 0.515484 -0.455430
4.282826 0.634337 -0.467084
4.570167 0.731618 -0.448585
7.675070 0.524657 -0.688319
6.638806 0.959047 -0.634045
7.427298 1.192924 -0.721114
7.355598 1.440550 -0.719433
7.354827 1.511919 -0.688213
7.254361 1.803135 -0.693328
7.116979 2.327373 -0.710171
2.736648 2.754583 -0.480232
2.868653 2.789605 -0.505271
3.250700 2.705734 -0.590801
3.379625 2.696898 -0.523258
3.632387 2.772427 -0.539430
1.635794 3.089384 -0.485935
3.974853 2.893528 -0.590542
2.267818 3.278520 -0.524745
2.325684 3.322588 -0.306359
6.885049 3.067825 -0.691993
6.784988 3.333802 -0.682552
4.135308 0.514772 -0.317948
7.672488 0.365336 -0.581062
4.162279 0.623672 -0.329863
4.294750 0.641929 -0.340691
6.676302 1.027644 -0.530751
7.154895 1.170945 -0.533736
7.243598 1.207323 -0.562863
7.107259 1.447613 -0.551397
6.991610 1.684659 -0.540536
7.061834 1.657322 -0.570804
6.568732 1.873915 -0.534708
6.993495 1.801260 -0.578744
6.211218 2.248002 -0.536847
6.857415 2.131128 -0.560050
6.205065 2.337859 -0.535273
6.891098 2.321013 -0.586512
7.371939 2.337190 -0.576361
6.297177 2.747036 -0.512703
6.236415 2.983059 -0.510281
6.526599 2.858794 -0.559873
6.678624 2.806771 -0.582751
6.282910 3.177372 -0.560454
6.387428 3.068943 -0.555779
6.584314 3.058114 -0.581166
6.813154 3.100118 -0.642184
6.621726 3.311854 -0.639853
4.100920 -3.193688 -0.672124
4.360003 -3.050013 -0.711099
2.606697 -1.910271 -0.714374
2.999330 -2.042950 -0.739324
3.418797 -2.097559 -0.767522
2.702839 -1.743632 -0.722638
1.819209 -1.329337 -0.667438
2.049351 -1.412714 -0.677054
2.273335 -1.570370 -0.694259
1.556195 -1.085022 -0.666780
1.738992 -1.237632 -0.670455
1.471668 -0.920593 -0.660570
3.987154 -0.423692 -0.887666
0.912320 0.177305 -0.594876
4.143807 0.214466 -0.851213
4.100118 0.390037 -0.842149
0.165766 2.081826 -0.676906
4.420825 -2.681403 -0.711286
4.492857 -2.579636 -0.710383
2.287066 0.109329 -0.459128
4.193315 0.089764 -0.695256
2.179587 0.412586 -0.412353
2.244987 0.254634 -0.435754
4.165526 0.226099 -0.687063
1.557701 0.458270 -0.349036
4.096959 0.472788 -0.706578
-0.396898 2.453779 -0.336706
0.766940 2.833777 -0.450843
3.275776 2.671530 -0.667616
3.329550 2.672485 -0.733123
3.581221 2.768229 -0.742918
3.850290 2.852569 -0.780612
3.916922 2.866108 -0.842623
4.176920 2.958971 -0.853246
4.442467 3.358164 -0.906193
6.789066 4.771352 -1.177224
7.855773 5.096725 -1.366626
4.232578 -3.166720 -0.233497
4.506506 -3.080185 -0.273048
4.781473 -2.980952 -0.330789
4.532073 -1.916859 -0.286059
1.895785 -0.642779 -0.292961
2.569126 -0.584255 -0.320651
2.574809 -0.552911 -0.317972
4.197376 0.089486 -0.490672
1.571678 0.410726 -0.272751
2.186632 0.409452 -0.257435
2.278397 0.284679 -0.296980
4.167951 0.245162 -0.451673
4.094592 0.489141 -0.450427
4.211669 0.626079 -0.473804
4.354298 0.670734 -0.439602
7.371395 1.325287 -0.745237
7.314279 1.535400 -0.720320
6.590484 1.774084 -0.866875
7.231372 1.826426 -0.725747
6.117036 2.277835 -0.637369
7.151111 2.113256 -0.733271
7.062862 2.399394 -0.739943
2.956421 2.845510 -0.506997
3.302842 2.653251 -0.469613
3.431275 2.717061 -0.531920
3.707752 2.803778 -0.576235
3.976991 2.896736 -0.599963
6.856905 3.075259 -0.764506
6.805540 3.298073 -0.771569
4.165282 0.269630 -0.322297
4.074764 0.490824 -0.306767
7.122469 1.198480 -0.605502
6.678011 1.306824 -0.522621
7.061477 1.386807 -0.619766
6.602237 1.541628 -0.526423
6.991701 1.680603 -0.612279
7.277971 1.564072 -0.686357
6.481372 2.006048 -0.536941
6.659496 1.865807 -0.594244
6.812897 1.943108 -0.625352
7.126727 1.819038 -0.678288
6.179576 2.245538 -0.589334
6.867504 2.185631 -0.620433
6.295893 2.724560 -0.554473
6.229614 2.965106 -0.552618
6.564113 2.875912 -0.604118
2.245431 3.238375 -0.262376
6.567607 3.061285 -0.655687
6.684410 3.050661 -0.667231
2.913284 -1.891708 -0.750570
3.269697 -1.975886 -0.767949
2.747751 -1.815479 -0.740263
2.371119 -1.589605 -0.720574
3.033329 -0.863636 -0.811293
4.025664 -0.612513 -0.884835
4.330090 -0.503482 -0.905344
4.109382 -0.213296 -0.930018
4.162526 -0.149296 -0.929051
4.198785 0.117365 -0.866082
3.298898 2.618827 -0.955329
3.742294 2.672446 -0.998947
3.833730 -3.238585 -0.486784
4.110333 -3.207170 -0.498705
4.343527 -2.743438 -0.655439
4.306296 -2.507761 -0.707689
4.526762 -2.520389 -0.646771
2.315921 -2.058049 -0.401798
1.936175 -0.661891 -0.367542
4.295447 -0.205410 -0.659858
4.316536 -0.252315 -0.660690
2.288549 0.107985 -0.442137
4.253460 -0.058317 -0.679355
2.242412 0.265055 -0.510790
4.173586 0.180959 -0.720708
2.342545 0.424637 -0.571252
0.948497 1.597751 -0.577780
0.309421 2.696815 -0.564813
0.962507 2.893261 -0.489216
3.355084 2.702156 -0.745784
3.513935 2.748601 -0.780354
3.751886 2.819333 -0.836733
1.383660 3.064413 -0.515982
1.819544 3.147225 -0.535603
4.065026 2.905180 -0.892342
2.013229 3.242807 -0.683225
4.491282 3.343787 -0.869436
5.732501 4.444617 -0.958433
6.203489 4.571806 -1.051017
6.810951 4.781354 -1.175668
4.436888 -3.080776 -0.262489
4.597423 -3.055807 -0.271217
4.749118 -3.007869 -0.289181
1.137137 -0.803614 -0.046178
1.311083 -0.910379 -0.059874
2.754641 -0.657563 -0.336630
1.904089 -0.566854 -0.319341
2.523214 -0.558509 -0.345731
2.586027 -0.558734 -0.339065
1.826201 -0.312298 -0.329582
4.320606 -0.203385 -0.488265
1.820115 -0.006057 -0.205570
2.289087 0.120523 -0.353628
4.267093 -0.042619 -0.444900
2.250175 0.269043 -0.351827
4.205852 0.138519 -0.441097
2.325202 0.421293 -0.394273
4.462215 0.709330 -0.376806
6.622900 1.086960 -0.585894
7.388081 1.305969 -0.683112
7.321560 1.537099 -0.733678
7.188516 1.719298 -0.653395
7.267645 2.041018 -0.668904
-0.096675 2.590691 -0.144605
7.086747 2.367209 -0.711935
2.652594 2.737154 -0.413092
3.266657 2.646910 -0.488870
3.529460 2.742402 -0.535427
3.846653 2.831997 -0.577344
2.275172 3.320768 -0.321407
6.814931 3.198833 -0.724868
6.789954 3.260448 -0.715511
4.250137 0.002520 -0.312535
4.198364 0.150561 -0.320834
4.516734 0.706754 -0.361146
7.058794 1.311981 -0.542873
6.970518 1.532366 -0.538242
6.543938 1.893264 -0.519473
6.886505 1.778266 -0.537095
6.933925 1.776389 -0.552567
7.151605 1.719612 -0.593356
6.142719 2.216590 -0.508187
6.257786 2.158802 -0.579033
6.552044 2.154786 -0.522672
6.798442 2.132267 -0.568260
6.993254 1.969081 -0.595240
6.117706 2.337156 -0.570088
7.127560 2.293374 -0.662889
6.574682 2.851835 -0.561523
3.210808 -1.976843 -0.745984
3.374572 -2.042472 -0.762431
2.592006 -1.787111 -0.727153
3.064108 -1.854244 -0.720735
4.306744 -0.620021 -0.916305
4.294275 -0.273232 -0.835937
4.347842 -0.450097 -0.824321
-0.197267 2.465233 -0.758279
0.933957 2.873425 -0.723086
3.691678 2.574109 -1.010400
3.854205 2.561233 -1.018474
1.433550 3.042627 -0.760631
3.890092 -3.209680 -0.511981
4.146200 -3.182058 -0.525020
4.286252 -3.146932 -0.486802
4.354832 -2.746565 -0.665153
1.909363 -0.698059 -0.394018
1.860721 -0.522720 -0.379650
4.400141 -0.578946 -0.630973
1.757794 -0.254608 -0.348756
4.323749 -0.313874 -0.668664
4.367617 -0.433071 -0.596653
2.285681 0.104397 -0.514194
4.245161 -0.080117 -0.739206
2.242326 0.181700 -0.470911
1.335361 1.147340 -0.450362
-0.057649 2.604622 -0.340569
3.343297 2.686082 -0.787400
3.563453 2.763410 -0.844015
3.783883 2.817422 -0.838217
1.318881 3.006109 -0.612559
3.717674 2.829087 -0.733710
3.912090 2.870114 -0.830074
4.481075 3.399785 -0.882777
5.586042 4.400883 -1.108877
6.124963 4.570135 -1.180490
4.723330 -2.962444 -0.249618
1.862357 -0.596104 -0.330858
1.794112 -0.364217 -0.327396
2.562329 -0.553971 -0.347234
4.453843 -0.662632 -0.399926
1.785678 -0.224470 -0.275263
4.326245 -0.294418 -0.454248
2.259542 0.126077 -0.384727
4.249620 -0.080345 -0.501540
4.026503 0.523635 -0.358420
7.257366 1.630368 -0.683949
6.504745 1.898727 -0.626515
7.203185 1.910094 -0.696048
3.327838 2.661686 -0.543559
3.628364 2.758773 -0.561686
7.016042 2.467854 -0.701612
6.734705 3.275703 -0.731950
4.578262 -3.051648 -0.199871
4.334835 -0.279589 -0.312802
4.259106 -0.136366 -0.308281
6.598823 1.577193 -0.497511
6.798172 1.573954 -0.522872
7.026258 1.622474 -0.584102
6.567513 1.857637 -0.515961
6.878861 1.847434 -0.572873
6.435155 2.155667 -0.520472
6.614323 2.034870 -0.542859
6.842846 2.143513 -0.595451
6.691109 2.320700 -0.569209
6.751805 2.394415 -0.634314
3.285515 -3.211932 -0.599555
3.711631 -3.392561 -0.563253
3.949178 -3.273024 -0.558693
2.195215 -2.870587 -0.581622
2.610990 -3.052796 -0.583741
4.173650 -3.149287 -0.557655
2.063429 -2.489319 -0.537518
2.090546 -2.579416 -0.561630
2.782017 -1.547738 -0.708998
3.865240 -1.442458 -0.753741
4.498552 -1.233022 -0.796471
4.330845 -0.856468 -0.834230
4.414217 -0.804329 -0.849297
4.300972 -0.358288 -0.794838
0.128472 2.576897 -0.834888
3.673431 2.464437 -1.025812
3.850035 2.492873 -1.042860
4.194058 2.421312 -1.041939
4.354928 2.347796 -1.034507
1.874488 -0.596895 -0.348830
4.427929 -0.702473 -0.561668
1.807395 -0.468856 -0.417081
4.378776 -0.549855 -0.621406
4.405869 -0.680851 -0.699477
1.736466 -0.266278 -0.458480
4.327770 -0.371558 -0.620926
2.656263 2.776794 -0.764210
2.933996 2.859093 -0.769791
3.243525 2.619113 -0.795530
3.514892 2.760590 -0.745247
3.707204 2.824826 -0.758798
3.117087 2.973522 -0.787443
3.913440 2.892261 -0.776455
4.492465 3.388522 -0.889585
5.520495 4.375172 -1.123456
6.000252 4.520002 -1.180714
6.554109 4.677178 -1.249274
2.322366 -1.943018 -0.123337
1.903749 -0.628870 -0.239491
4.452467 -0.726437 -0.371275
1.854862 -0.445515 -0.257138
2.545112 -0.560388 -0.341676
4.379915 -0.530109 -0.364594
4.292849 -0.282551 -0.463180
4.067494 0.382043 -0.319431
2.661130 2.793213 -0.473396
6.750808 3.294777 -0.697353
5.426485 4.374267 -0.706958
5.705100 4.460435 -0.734222
5.990666 4.515326 -0.781080
6.028413 4.568662 -0.766825
6.168946 4.569479 -0.781445
6.557714 4.717129 -0.825529
4.404002 -0.546663 -0.244002
4.310065 -0.355416 -0.243974
2.112440 -2.626226 -0.487272
3.110788 -2.123760 -0.697036
4.485197 -1.115053 -0.836821
4.430958 -0.784695 -0.777491
3.995814 1.968968 -1.001183
4.148872 1.940836 -1.003997
1.331463 2.975124 -0.848171
2.060920 3.240603 -0.988746
3.849695 -3.235231 -0.465494
2.080136 -2.560546 -0.469734
2.152087 -1.550902 -0.412118
4.513021 -1.010400 -0.566705
1.816416 -0.528582 -0.407720
4.429453 -0.727376 -0.621067
4.468118 -0.870858 -0.562113
1.794413 -0.475018 -0.400799
4.392897 -0.588861 -0.580581
4.235309 -0.157275 -0.634769
4.293469 -0.304316 -0.598002
4.158786 0.105041 -0.709044
2.702925 2.816380 -0.868318
2.905625 2.871442 -0.873044
3.229446 2.768111 -0.817274
3.538463 2.789816 -0.847414
3.682987 2.825492 -0.827620
3.972494 2.932951 -0.885166
4.456127 -3.043643 -0.107210
4.812379 -2.983504 -0.144276
1.976338 -0.772603 -0.204155
4.491571 -0.889707 -0.366750
1.849361 -0.653606 -0.327189
4.439884 -0.735005 -0.352382
4.488246 -0.867432 -0.397673
1.796459 -0.430211 -0.332485
4.371686 -0.544891 -0.414519
4.164988 0.090124 -0.295685
4.140935 0.153038 -0.299067
2.589582 2.770597 -0.493247
5.690109 4.458549 -0.737315
6.137695 4.548852 -0.794954
6.527225 4.683019 -0.830972
4.416643 -0.666311 -0.239927
4.370142 -0.540166 -0.244749
1.591077 -2.533347 -0.528673
3.315587 -2.382655 -0.707560
4.310078 -2.487273 -0.659383
2.912569 -2.220953 -0.700597
3.106203 -2.317747 -0.704429
4.488055 -1.913684 -0.775248
4.428470 -1.809216 -0.786291
4.482782 -1.356819 -0.827227
4.565926 -1.260325 -0.845825
4.489075 -0.917936 -0.764418
4.060596 1.755443 -1.000203
2.535604 3.395385 -1.036272
4.140220 -3.163797 -0.394235
4.277674 -3.099662 -0.464059
4.473044 -3.033135 -0.470980
2.103290 -2.493291 -0.471848
4.957783 -2.340872 -0.442575
5.163912 -2.060032 -0.466132
2.748488 -1.117685 -0.560358
4.562308 -1.138508 -0.566747
4.498440 -0.942687 -0.626935
4.546219 -1.036943 -0.563578
4.440523 -0.767613 -0.614919
4.364154 -0.555700 -0.655733
2.914014 2.895659 -0.920573
3.177178 2.666556 -0.866444
3.489419 2.761549 -0.873091
3.832386 2.898094 -0.916053
4.079674 2.983545 -0.939063
4.464535 -1.809049 -0.328952
2.770620 -1.077297 -0.289760
4.557936 -1.115327 -0.392802
4.515147 -0.958707 -0.348272
4.443018 -0.764636 -0.463796
4.371556 -0.528275 -0.407034
0.777807 2.872564 -0.519266
1.124127 2.906856 -0.540784
5.770530 4.512236 -0.806374
5.256053 -2.029184 -0.216661
4.491910 -0.889930 -0.240223
4.440585 -0.755448 -0.243371
2.474620 -3.331354 -0.575185
2.666195 -3.422665 -0.576830
2.097122 -2.387005 -0.515631
4.169952 -1.951763 -0.742360
4.507221 -1.817297 -0.744395
4.271276 -1.494534 -0.791709
4.423389 -1.417685 -0.820422
4.545448 -1.109639 -0.751991
4.501684 -0.997033 -0.778237
3.203071 1.868749 -0.986383
3.813188 2.001444 -1.021955
4.002214 2.027643 -1.036229
3.661241 2.810098 -0.947403
4.363192 3.399015 -1.030589
4.223347 -3.127419 -0.509600
2.219380 -1.776082 -0.321530
2.046776 -1.344262 -0.496341
4.622625 -1.319981 -0.509842
2.746027 -1.075988 -0.453320
4.550663 -1.109740 -0.595405
4.599056 -1.209381 -0.571566
4.492098 -0.921535 -0.575123
4.125503 0.129561 -0.542862
4.015373 0.519973 -0.565365
3.250439 2.682081 -0.789686
2.557964 2.754809 -0.715841
2.782512 2.834591 -0.720989
3.501187 2.796801 -0.704702
3.736392 2.878960 -0.716698
3.985454 2.956811 -0.730240
2.992907 3.022592 -0.743894
2.087025 3.287037 -0.808833
2.242190 -1.785625 -0.223414
2.768594 -1.535010 -0.296006
4.643321 -1.348541 -0.320661
2.763084 -1.103258 -0.336760
4.566051 -1.123768 -0.344359
4.616130 -1.230080 -0.346268
4.505167 -0.968661 -0.357988
4.289848 -0.328392 -0.275924
4.034947 0.366676 -0.430497
1.463560 0.679199 -0.321377
2.473764 2.756860 -0.398870
1.951087 2.951306 -0.399441
2.785868 2.821889 -0.418424
1.559163 3.100672 -0.382227
1.715151 3.170666 -0.407640
2.008895 3.218787 -0.435934
1.990364 3.279681 -0.428997
4.578058 -1.102908 -0.218561
4.635413 -1.259137 -0.228401
4.529156 -0.987405 -0.225551
3.104321 -3.486482 -0.598455
2.564120 -3.250038 -0.613969
2.845342 -3.204056 -0.610308
3.698162 -3.251811 -0.547129
2.509475 -3.069949 -0.618896
4.584860 -2.014235 -0.732240
4.575352 -1.310683 -0.750560
2.737823 -1.076022 -0.662949
4.559677 -1.231561 -0.732342
3.589380 1.100151 -0.955477
3.208003 2.682802 -1.075681
3.444573 2.747983 -1.082863
4.848346 -2.379965 -0.469051
2.122834 -1.494258 -0.398547
4.552768 -1.648647 -0.643420
4.606147 -1.332016 -0.568919
4.639273 -1.424171 -0.552668
2.743003 -1.062215 -0.611416
4.529360 -1.120875 -0.578053
4.145902 -0.065017 -0.540690
4.079152 0.412949 -0.685311
2.733157 2.862355 -0.687871
2.981824 2.920580 -0.685108
1.999865 3.302979 -0.776603
2.278960 3.408761 -0.775039
4.243200 -3.033490 -0.088345
5.138557 -2.086067 -0.427164
2.191307 -1.711251 -0.302528
2.153031 -1.563803 -0.261917
1.772468 -1.176150 -0.322385
4.598577 -1.308483 -0.284369
4.638181 -1.408013 -0.388612
2.010233 -1.088769 -0.282609
4.558542 -1.192653 -0.308571
4.336870 -0.520106 -0.281792
4.319610 -0.439586 -0.262193
4.104453 0.227459 -0.331470
4.087295 0.362193 -0.486396
4.052562 0.576563 -0.535897
2.762288 2.835064 -0.414676
3.011677 2.887959 -0.440218
4.586653 -1.274776 -0.210369
4.654792 -1.432803 -0.202799
4.579799 -1.204457 -0.196252
4.378091 -0.514528 -0.247868
2.643065 2.845807 -0.402585
3.258189 2.719175 -0.418660
2.730675 2.858196 -0.408062
3.634082 0.221272 -1.543289
2.561982 -3.401141 -0.616561
4.657801 -1.385403 -0.744044
2.620420 1.943644 -0.970338
3.425588 2.349507 -1.024303
2.645397 3.074858 -1.056297
2.955210 2.981805 -1.050200
4.345168 -2.580527 -0.573848
5.183775 -2.034113 -0.505946
2.148511 -1.501928 -0.369649
4.675869 -1.436686 -0.653971
2.018876 -1.306004 -0.381822
4.634916 -1.306270 -0.593206
2.778467 -1.044391 -0.533327
4.528611 -1.010688 -0.520018
4.058070 0.436893 -0.580198
0.248847 2.760895 -0.731086
2.139408 3.421835 -0.796569
2.251953 -1.809408 -0.304873
2.194341 -1.472668 -0.251941
4.690836 -1.415532 -0.339041
4.639472 -1.302551 -0.342033
4.534537 -0.984022 -0.314161
4.424961 -0.704425 -0.349845
4.394070 -0.591569 -0.278151
4.133320 0.228676 -0.471136
2.453057 2.813741 -0.436633
2.723940 2.859201 -0.465697
3.354211 2.800937 -0.480227
4.657628 -1.351123 -0.217485
4.444420 -0.671349 -0.259916
2.624461 2.878604 -0.426735
3.189614 2.752026 -0.447108
6.586640 -5.862059 -4.378671
3.742119 0.023166 -1.619983
2.657794 -3.388059 -0.634309
2.730116 -3.375798 -0.639968
3.036927 -3.536142 -0.636528
2.180349 -2.901987 -0.663207
4.196837 -2.465439 -0.730257
4.860289 -2.316604 -0.764255
4.611681 -2.004033 -0.802725
2.490838 -2.792447 -0.300405
4.881338 -2.368794 -0.603082
2.180158 -1.632711 -0.422165
4.680612 -1.454905 -0.532725
4.520417 -0.962194 -0.491863
4.483146 -0.891414 -0.694379
4.257346 -0.183071 -0.581721
4.231592 -0.043124 -0.628646
4.141843 0.265458 -0.582054
4.109924 0.342910 -0.597114
2.324858 3.246210 -0.743583
4.418340 -3.002230 -0.157136
2.220052 -1.762866 -0.292582
2.287300 -1.719035 -0.192445
2.956535 -1.614712 -0.347267
2.207575 -1.500670 -0.327574
2.881432 -1.577781 -0.355980
4.662689 -1.408057 -0.377469
4.475889 -0.917469 -0.250988
4.480513 -0.876127 -0.305571
4.384712 -0.514332 -0.437825
4.278042 -0.251314 -0.410435
4.224533 -0.030453 -0.481221
0.509950 2.831104 -0.417610
2.598333 2.830473 -0.454262
3.341679 2.765532 -0.650517
3.014036 3.029059 -0.690638
4.677774 -1.465848 -0.179224
3.790800 -0.142469 -1.653558
2.729638 -3.572740 -0.628924
2.800910 -3.560878 -0.633927
2.536240 -3.344437 -0.645207
2.345981 -3.226785 -0.663360
3.727939 -2.890151 -0.688802
3.411435 -2.785355 -0.695075
4.264684 -2.397920 -0.630982
4.857750 -2.395379 -0.692241
5.107034 -2.220816 -0.684700
5.085231 -2.071613 -0.659686
2.685547 1.703329 -1.018959
2.451660 -2.415860 -0.433279
4.849521 -2.344766 -0.483597
4.942904 -2.317295 -0.512307
5.103664 -2.269372 -0.575414
6.065657 -1.982647 -0.597557
4.674343 -1.435624 -0.510201
4.561076 -1.104289 -0.591381
4.573948 -1.154276 -0.585390
4.440113 -0.831025 -0.533089
4.276673 -0.233440 -0.622207
4.128095 0.198194 -0.819114
3.955919 0.889670 -0.719728
2.162941 3.406511 -0.879516
2.503376 -2.542395 -0.299081
2.918935 -1.537931 -0.367749
4.628670 -1.302742 -0.210443
4.528199 -1.078409 -0.271819
2.615781 -0.907349 -0.394573
4.414520 -0.650915 -0.433241
4.312021 -0.372997 -0.414920
4.247042 -0.160339 -0.465261
4.168489 0.040293 -0.542621
0.260824 2.802943 -0.573682
3.282411 2.805075 -0.734228
3.565744 2.893134 -0.729623
2.954892 2.972036 -0.774510
1.644160 3.276568 -0.593702
5.087441 -2.201602 -0.079830
4.557102 -1.124544 -0.218226
4.850172 -2.393717 -0.719074
4.923523 -2.373607 -0.724392
5.133613 -2.352780 -0.738129
5.264009 -2.300755 -0.777412
4.646018 -1.355052 -0.801819
1.135453 -0.727145 -0.636662
3.003304 0.058350 -0.834567
2.414324 -2.385533 -0.360301
4.823828 -2.367805 -0.563995
4.955230 -2.354643 -0.611223
4.660738 -1.452478 -0.620289
4.355415 -0.541986 -0.559101
4.229749 -0.155214 -0.651073
3.871823 0.921490 -0.681450
0.471542 2.762620 -0.582211
1.954004 3.061850 -0.629158
1.530403 -2.779746 -0.004980
1.586651 -2.544205 -0.016951
2.425545 -2.403788 -0.278507
1.936897 -2.069045 -0.055086
2.393638 -2.192591 -0.260855
6.214125 -2.309226 -0.283749
2.088724 -1.887840 -0.072049
2.937122 -1.883303 -0.341376
4.633496 -1.348496 -0.235016
4.660808 -1.409405 -0.476084
2.745464 -1.075970 -0.267170
4.463844 -0.859763 -0.440610
4.373299 -0.601714 -0.363844
4.333718 -0.428624 -0.397498
1.169636 1.438285 -0.445490
2.411078 2.788753 -0.592319
2.629795 2.857159 -0.506363
2.846051 2.927994 -0.430137
3.194392 2.745424 -0.425319
3.363330 2.768613 -0.571892
3.658593 2.901028 -0.581094
1.700610 3.174587 -0.422295
2.023893 3.318021 -0.437399
2.958139 3.268202 -0.623000
5.122858 -2.328840 -0.181624
1.217400 -3.935041 -0.436090
4.877502 -2.353046 -0.750218
4.967692 -2.318098 -0.785786
1.137101 -0.792183 -0.570434
3.316557 -0.200629 -0.850140
4.743522 -2.793926 -0.596706
2.493613 -2.551342 -0.341208
3.271541 -2.585797 -0.419341
2.416811 -2.310409 -0.315937
4.705519 -2.484888 -0.677536
4.857552 -2.404745 -0.634889
2.385997 -2.264333 -0.406254
4.665713 -1.410576 -0.639976
2.042316 -1.155315 -0.350057
4.415080 -0.708014 -0.578674
1.078966 2.880066 -0.519352
1.846316 2.949136 -0.532458
2.512448 -2.572277 -0.255787
2.438818 -2.381319 -0.241334
4.835823 -2.438490 -0.467938
5.161500 -2.292231 -0.267689
2.394389 -2.149608 -0.253252
3.008802 -1.964580 -0.296942
4.705229 -1.417234 -0.297347
4.563923 -1.084937 -0.482624
4.439439 -0.787953 -0.388755
4.411610 -0.673490 -0.429085
2.302983 2.743540 -0.518318
2.615869 2.846903 -0.527658
2.914887 3.026941 -0.542913
5.152987 -2.286142 -0.251369
5.158588 -2.226548 -0.255281
4.724434 -1.441813 -0.259861
4.905069 -3.216419 -1.291255
1.205744 -3.801049 -0.538160
4.854359 -2.613571 -0.816392
4.816319 -2.497359 -0.766188
3.374388 2.743908 -0.999575
2.510343 -2.696834 -0.422927
4.478933 -2.782074 -0.709876
2.457308 -2.520014 -0.402042
3.266450 -2.604048 -0.520732
4.858443 -2.617837 -0.662867
4.839959 -2.450739 -0.588571
4.470217 -0.882697 -0.579312
4.334120 -0.583795 -0.687723
4.387798 -0.617568 -0.689366
2.543713 -2.655248 -0.252993
2.434196 -2.437695 -0.280887
2.484034 -2.572852 -0.256048
3.272007 -2.581115 -0.360469
4.894160 -2.624887 -0.471167
2.410545 -2.364409 -0.281021
5.131622 -2.390723 -0.286063
5.116474 -2.256713 -0.291861
4.662785 -1.461188 -0.537174
4.519434 -1.069450 -0.412130
4.470051 -0.877205 -0.452914
4.397085 -0.673482 -0.491600
0.193847 2.628697 -0.400152
1.873969 2.921644 -0.541196
2.443927 2.738108 -0.394770
2.722977 2.825949 -0.505731
1.385172 3.050340 -0.518424
5.128355 -2.377200 -0.265358
5.121443 -2.240887 -0.268848
1.298936 -4.008817 -0.523397
3.280319 -3.343800 -0.691674
3.838382 -3.243217 -0.748745
4.872841 -2.587588 -0.736296
4.420902 -0.777867 -0.796634
4.548019 -1.154754 -0.833966
4.567311 -1.225859 -0.835651
2.397682 2.855270 -0.989655
2.735096 2.974437 -1.019853
3.138820 2.758432 -0.996567
6.384212 -1.188627 -0.945484
2.334307 -2.172824 -0.440241
2.395913 -2.338235 -0.410771
2.501869 -2.575473 -0.387266
3.266432 -2.563892 -0.434862
3.838825 -3.254479 -0.557493
4.247143 -3.216887 -0.529940
4.463354 -0.878038 -0.631594
4.520531 -1.086284 -0.654496
4.628866 -1.347994 -0.499980
4.386702 -0.615321 -0.588390
2.439759 -2.374699 -0.214521
2.528742 -2.551126 -0.190884
2.363212 -2.048427 -0.225720
2.970417 -1.857792 -0.351528
2.960915 -1.940771 -0.344342
4.322403 -2.995735 -0.177402
4.455884 -2.980886 -0.185623
5.116454 -2.294526 -0.254850
5.136064 -2.543787 -0.455654
4.457673 -0.842126 -0.420397
4.582038 -1.143540 -0.376992
4.647398 -1.358116 -0.457638
4.244349 -0.199980 -0.464099
4.373700 -0.581725 -0.466966
4.341535 -3.016484 -0.147165
4.418642 -2.989185 -0.154012
5.158437 -2.375643 -0.232010
5.126006 -2.276079 -0.230528
0.432362 2.726929 -0.820896
1.175863 3.008777 -0.886113
1.338181 3.064573 -0.906381
1.306126 -0.074283 -0.800798
1.173173 -0.625507 -0.705105
0.948928 -0.958744 -0.726267
1.752062 -0.180385 -0.742763
2.254838 0.465664 -0.857124
1.972823 -0.076452 -0.736661
2.292481 -1.240258 -0.741964
1.302112 -4.051996 -0.527705
1.657660 -3.737098 -0.555534
2.393361 -2.340780 -0.674343
2.536389 -2.922797 -0.610513
2.481437 -3.148948 -0.623319
2.846377 -2.649174 -0.697220
2.917748 -2.780914 -0.695626
2.773479 -3.481086 -0.587749
4.482126 -0.962490 -0.731733
4.506254 -0.994109 -0.723019
4.556994 -1.200318 -0.765534
1.527846 1.794908 -0.691302
2.590542 2.840510 -0.841534
2.958485 2.729641 -0.819733
1.167962 -3.932343 -0.322596
1.248881 -3.934016 -0.319876
3.273331 -2.573972 -0.412961
4.446551 -0.854178 -0.606098
4.514572 -1.073191 -0.616731
4.841162 -2.400556 -0.388790
0.872379 2.792418 -0.396270
1.253762 3.047386 -0.417507
1.750137 2.916990 -0.429916
1.981354 3.304932 -0.472703
0.179620 -4.174413 -0.012906
2.546988 2.785915 -0.433314
0.909717 -4.351835 -0.016138
2.415367 -2.314551 -0.286026
2.514081 -2.588722 -0.241945
2.975508 -1.856041 -0.328617
4.508470 -0.971838 -0.383360
4.563995 -1.139529 -0.346315
4.689787 -1.447436 -0.359900
4.351566 -2.990114 -0.097431
4.332783 -3.034800 -0.101311
4.418894 -3.014317 -0.105949
4.356369 -3.023675 -0.082933
3.265375 1.433495 -0.953409
3.772413 0.955880 -0.865623
1.160972 -0.743036 -0.703162
3.322867 -0.052696 -0.888835
3.082439 -0.180435 -0.850152
4.317877 -0.442325 -0.810551
2.722307 -1.469447 -0.816223
2.675757 -1.471774 -0.792299
4.488294 -0.963960 -0.802102
3.606858 2.945898 -0.693960
3.531619 2.908297 -0.713508
3.288030 2.830849 -0.650758
2.143870 0.389971 -0.665742
3.841554 0.853861 -0.825914
4.258550 -0.253950 -0.612874
4.359512 -0.479977 -0.574661
4.414186 -0.708849 -0.652596
4.497440 -0.946088 -0.630548
4.684964 -1.373892 -0.580319
2.212996 -2.591441 -0.597800
2.537335 -2.536517 -0.393891
5.231264 -2.013961 -0.754466
5.114825 -2.241042 -0.708779
4.882032 -2.411371 -0.638577
4.915761 -2.542352 -0.503517
1.023471 2.925658 -0.500326
0.641110 2.783741 -0.503497
2.166712 3.034463 -0.574079
2.599692 2.850330 -0.589990
3.711317 2.978970 -0.433553
3.394272 2.850879 -0.403814
2.973844 2.739350 -0.611737
4.423795 -0.722739 -0.453998
4.498103 -0.922216 -0.457926
4.593680 -1.195712 -0.452278
4.554586 -1.257878 -0.455653
3.013246 -1.806502 -0.384653
2.412903 -2.088211 -0.217205
2.498839 -2.354172 -0.227661
2.571096 -2.575082 -0.239271
0.717705 -3.999103 -0.011344
4.854893 -2.405433 -0.472895
4.592333 -2.614067 -0.315473
0.886214 -4.206387 -0.008148
2.789575 -2.289832 -0.113092
2.516237 -2.432090 -0.128592
2.769604 -2.434788 -0.121275
2.167856 -3.905933 -0.049663
3.654580 2.893668 -0.878625
3.330044 2.766124 -0.866280
2.642473 1.106586 -0.867400
3.721653 0.960107 -0.918041
1.543357 -0.720468 -0.724633
1.080286 -0.878429 -0.692890
3.013053 -0.705136 -0.815054
2.765128 -0.811616 -0.795010
4.364524 -0.618770 -0.785086
2.575943 -1.024732 -0.739075
2.287182 -1.170673 -0.731080
4.442596 -0.840191 -0.780756
3.068607 -1.099490 -0.819851
2.335888 -1.388496 -0.682094
2.236879 -1.558548 -0.685605
4.539578 -2.417837 -0.722137
4.858240 -2.518534 -0.739935
0.940796 2.873163 -0.525907
2.777422 3.172949 -0.764728
2.522898 2.774699 -0.702442
3.818910 2.969466 -0.826131
3.570387 2.885307 -0.739888
3.211597 2.746850 -0.733229
4.312885 -0.401278 -0.619199
4.392174 -0.655822 -0.565347
4.449391 -0.827085 -0.570078
4.589313 -1.113323 -0.495699
2.417394 -2.315032 -0.369705
2.146453 -2.487667 -0.500794
2.497279 -2.582118 -0.382998
4.959349 -2.338453 -0.707343
4.823907 -2.394309 -0.484910
4.844590 -2.470173 -0.592499
4.562256 -2.620875 -0.464854
1.946002 3.275550 -0.402930
1.520311 3.112654 -0.410903
1.232801 2.989766 -0.417844
0.850268 2.878540 -0.450274
0.781488 2.834893 -0.420135
1.778103 2.892978 -0.380217
0.434427 2.708540 -0.435037
0.059187 2.586302 -0.439076
3.899913 2.963500 -0.395967
3.789351 2.976108 -0.372467
4.301342 -0.414724 -0.412643
4.373900 -0.576507 -0.394630
4.460377 -0.825991 -0.375590
4.519488 -1.035988 -0.439564
4.645021 -1.316987 -0.400512
4.578261 -1.340759 -0.431634
4.700071 -1.464348 -0.435297
3.008546 -1.920579 -0.342476
2.437422 -2.093942 -0.163840
2.461551 -2.355809 -0.210401
2.542785 -2.528056 -0.174752
2.548281 -2.687248 -0.225528
0.713715 -3.956510 -0.042295
-0.281590 -2.560132 0.023083
2.725739 -2.421239 -0.110450
3.306708 -2.583175 -0.135456
4.010314 -2.884677 -1.397949
2.471098 3.404439 -0.949705
3.842279 3.007673 -0.930978
1.920389 2.826732 -0.898580
3.738475 0.865802 -0.901841
1.884062 -0.173311 -0.745709
4.057411 -0.224199 -0.881542
1.404080 -0.345391 -0.698564
4.389812 -0.602201 -0.791638
4.339900 -0.453977 -0.849094
2.702889 -0.675992 -0.779538
1.149005 -0.692286 -0.682622
4.409703 -0.669847 -0.765038
2.707890 -0.738054 -0.782193
2.448534 -0.863640 -0.764022
1.101578 -0.898472 -0.664631
4.904770 -2.341290 -0.780139
3.935434 3.028262 -0.861493
3.565068 2.890603 -0.850284
3.293077 2.795695 -0.770882
2.948937 2.867581 -0.753971
2.615941 2.829239 -0.725063
4.308937 -0.353132 -0.627771
4.394270 -0.592010 -0.574315
4.443606 -0.761465 -0.631847
4.359630 -0.749182 -0.706125
4.605915 -1.213319 -0.494653
4.875825 -2.464195 -0.610938
2.002411 3.299420 -0.457886
1.936338 3.275550 -0.428082
1.588742 3.148823 -0.429149
1.303674 3.034875 -0.435347
1.228844 3.031588 -0.431232
2.481452 2.787162 -0.399449
1.764430 2.936068 -0.433610
2.560382 2.749115 -0.432750
0.124265 2.608876 -0.439015
1.140633 1.271309 -0.277921
1.225991 1.102339 -0.260927
1.417943 0.635210 -0.247506
4.327999 -0.347277 -0.458412
4.393824 -0.560429 -0.430928
4.362351 -0.460536 -0.432643
4.443549 -0.738918 -0.402919
4.574032 -1.046736 -0.413286
4.676208 -1.332117 -0.360664
4.630924 -1.241867 -0.382543
4.707084 -1.408178 -0.344649
2.995648 -1.926879 -0.340961
2.439211 -2.202924 -0.224404
2.531586 -2.408037 -0.157591
2.574656 -2.597958 -0.235570
3.383557 2.788171 -0.388260
2.397666 2.768287 -0.320615
2.244528 -0.777951 -0.105058
2.752402 -2.176037 -0.096331
2.775228 -2.262321 -0.093986
2.533699 -2.416582 -0.098147
2.416124 -2.229699 -0.105713
1.850924 3.214235 -0.919735
1.514649 3.090312 -0.921893
3.538813 2.833647 -0.971566
3.871279 0.766969 -0.896380
3.883510 -0.112648 -0.866983
4.307612 -0.414511 -0.800915
2.848644 -0.469385 -0.786570
2.773592 -0.536156 -0.778416
4.363184 -0.560241 -0.759368
2.624599 -0.607399 -0.760689
2.598509 -0.804103 -0.691938
2.407203 -0.828782 -0.739744
5.168821 -2.148922 -0.680275
4.977568 -2.341722 -0.648053
1.801024 3.215312 -0.846624
3.930635 2.995388 -0.954252
2.287441 2.941916 -0.824277
1.455412 3.082413 -0.812343
1.091193 2.965735 -0.782511
3.624804 2.880909 -0.858037
3.324661 2.776930 -0.831556
2.976137 2.924924 -0.862558
2.681498 2.826153 -0.826610
2.398857 2.715644 -0.823813
0.742302 2.803610 -0.749139
2.115531 0.248656 -0.602703
4.237468 -0.152642 -0.651076
4.330654 -0.399860 -0.591976
4.386006 -0.583117 -0.588623
4.500339 -0.956479 -0.477612
2.633728 -0.824450 -0.487197
4.535355 -1.044259 -0.485924
4.691721 -1.372676 -0.532666
5.197458 -2.036934 -0.641368
5.139544 -2.251296 -0.629650
4.908809 -2.339469 -0.570071
4.852543 -2.441117 -0.403572
4.713604 -2.682048 -0.605556
4.572754 -2.672036 -0.360196
2.093864 3.349287 -0.463637
1.877788 2.954140 -0.434632
1.527385 3.113767 -0.434452
1.386740 3.090142 -0.436607
1.120297 2.985929 -0.412795
2.774040 2.878785 -0.443997
2.549410 2.788706 -0.426179
3.260813 2.726887 -0.439672
1.160711 1.341926 -0.284786
4.220420 -0.035536 -0.492931
4.347586 -0.414729 -0.421029
4.295475 -0.249524 -0.441473
4.392724 -0.553032 -0.388182
4.494225 -0.847419 -0.366587
2.635491 -0.905851 -0.321300
4.618820 -1.175140 -0.323229
4.558389 -1.045002 -0.343970
2.752610 -1.104722 -0.314193
4.649039 -1.264976 -0.373647
2.530861 -2.541393 -0.187796
2.570471 2.771297 -0.400874
4.230344 -8.540092 -7.366146
3.353145 2.905994 -0.999299
3.728162 1.019469 -0.936051
3.568433 1.016927 -0.920592
4.220097 -0.148543 -0.833328
2.774853 -0.241278 -0.803634
4.255967 -0.261142 -0.788941
2.707131 -0.324090 -0.746920
2.617056 -0.332422 -0.794769
2.438215 -0.461064 -0.772512
2.351971 -0.605722 -0.757287
5.201033 -2.038590 -0.690487
4.921689 -2.241921 -0.723144
1.695161 3.245948 -0.873085
3.721852 3.067333 -0.985943
1.373914 3.109414 -0.854605
1.065473 2.945181 -0.834673
3.426982 2.955199 -0.937439
3.145347 2.837677 -0.892066
2.846670 2.833948 -0.870224
2.522574 2.878147 -0.857847
2.235628 2.773533 -0.824220
4.133945 0.111911 -0.696259
4.224726 -0.127222 -0.643246
4.148003 0.020325 -0.642303
4.275686 -0.284591 -0.632950
2.467629 -0.532608 -0.540466
4.407045 -0.559891 -0.621968
4.448246 -0.705902 -0.597019
4.681778 -1.335340 -0.681901
4.927975 -2.198974 -0.631161
1.814672 3.309706 -0.466604
1.711972 3.215411 -0.427189
1.639962 3.069551 -0.420855
1.292670 3.109313 -0.407082
1.165224 3.052949 -0.405774
0.966026 2.980841 -0.397694
1.251454 0.954551 -0.270534
1.380311 0.571620 -0.248687
4.158497 0.106317 -0.504085
4.221684 -0.086506 -0.462256
4.154730 0.046835 -0.466517
4.272187 -0.226908 -0.433573
4.417319 -0.558964 -0.398804
4.527684 -0.844015 -0.326025
4.473742 -0.691784 -0.379827
2.622417 -0.988646 -0.270894
4.548085 -0.940833 -0.373066
2.785149 -1.074603 -0.390214
2.762408 -1.095478 -0.365771
2.095646 -1.182015 -0.203047
1.804695 -1.254178 -0.307933
2.154357 -1.446229 -0.219526
2.629812 -2.654198 -0.207554
1.032796 3.008962 -0.379829
1.428630 0.462114 -0.179507
2.324037 -0.899692 -0.083143
2.589948 -1.566124 -0.072509
2.667966 3.037387 -0.999163
3.015794 2.768688 -0.967212
2.953572 2.688713 -1.008008
1.594742 -0.189111 -0.716275
4.186359 -0.055363 -0.855640
2.524353 -0.316857 -0.808709
2.407610 -0.462103 -0.773185
4.080303 -0.139793 -0.818946
4.639192 -1.161378 -0.803899
4.697384 -1.308205 -0.820329
4.930942 -2.211622 -0.696442
1.007684 2.992570 -0.694306
0.675234 2.875834 -0.696368
4.063916 0.406181 -0.577895
4.078309 0.278214 -0.688118
4.179863 0.033310 -0.681285
4.230923 -0.144361 -0.627227
4.368091 -0.402754 -0.591641
4.469975 -0.663631 -0.647592
2.795051 -1.038597 -0.528207
4.641943 -1.137059 -0.581371
4.954362 -2.225452 -0.519743
4.052108 0.438561 -0.569446
4.121503 0.232158 -0.533402
4.186717 0.063421 -0.514601
4.271736 -0.167060 -0.465359
4.232533 -0.092989 -0.483380
4.382402 -0.431898 -0.458330
4.336006 -0.552843 -0.412989
4.434769 -0.559907 -0.406984
2.797068 -1.041995 -0.380504
2.167790 -1.202268 -0.144327
2.201916 -1.504973 -0.250214
1.861207 -1.483420 -0.209471
4.704378 -1.231523 -0.290750
2.287934 -1.667013 -0.213865
4.733951 -1.315899 -0.287548
4.577481 -1.699044 -0.379750
5.289662 -1.655043 -0.315125
4.271805 -3.018450 -0.339749
4.133348 -3.067148 -0.321704
2.566245 -1.504668 -0.094813
2.485292 -1.436156 -0.092618
2.280945 -1.504295 -0.098436
2.324017 -1.625553 -0.087425
0.419496 2.680142 -0.844245
3.950945 2.953511 -0.992604
3.788225 0.932231 -0.917989
3.520127 0.998965 -0.914494
4.050042 0.474281 -0.793146
2.540221 -0.091013 -0.790441
1.538380 -0.141358 -0.735652
2.463864 -0.158343 -0.787832
2.311127 -0.308070 -0.788486
4.554118 -1.093278 -0.749712
4.600691 -1.232905 -0.735093
4.708507 -1.506288 -0.674176
3.536621 -3.144252 -0.601034
2.232912 3.337423 -0.887098
1.924778 3.256996 -0.856586
1.633967 3.157013 -0.823292
1.053167 2.920849 -0.826397
0.715045 2.790052 -0.785313
0.298403 2.705651 -0.720911
2.909056 2.908042 -0.882719
2.688594 2.816610 -0.815217
4.033463 2.991223 -0.968134
3.716608 2.875421 -0.935671
3.457136 2.785977 -0.896095
3.206007 2.697508 -0.859383
4.125177 0.303697 -0.647387
4.170452 0.114522 -0.656403
4.145936 0.140626 -0.679432
4.219661 -0.072796 -0.632461
4.306378 -0.313685 -0.589747
4.386301 -0.590956 -0.522400
4.507691 -0.905214 -0.616798
4.550552 -1.085243 -0.678686
4.643159 -1.382651 -0.633326
5.148489 -2.302666 -0.500766
4.902687 -2.352946 -0.486725
4.141298 -3.130324 -0.343985
3.911807 -3.225856 -0.321577
2.121820 3.288061 -0.460405
1.688709 3.118119 -0.436034
1.439424 3.100456 -0.422056
1.245823 3.041040 -0.410032
0.932277 2.932687 -0.404390
0.800778 2.895921 -0.368983
1.989505 2.985548 -0.424240
1.083037 2.931026 -0.416842
0.651736 2.831246 -0.394857
0.351155 2.710920 -0.370684
3.895720 2.930968 -0.525583
1.419523 0.918781 -0.276189
4.138448 0.271378 -0.464203
4.082469 0.438542 -0.493425
1.723273 -0.140710 -0.274800
4.184872 0.112208 -0.455997
4.149979 0.141546 -0.460800
1.501103 -0.449958 -0.146539
4.248393 -0.117552 -0.440795
1.453044 -0.595892 -0.134920
4.355935 -0.410557 -0.413352
4.392309 -0.487715 -0.376251
4.435867 -0.899829 -0.380286
1.884032 -1.456293 -0.283568
4.560832 -1.052084 -0.376099
2.265526 -1.539275 -0.091299
2.196063 -1.536007 -0.171020
1.814596 -1.500211 -0.189325
4.676744 -1.325513 -0.291308
2.220039 -1.670332 -0.267531
4.713401 -1.441315 -0.385174
2.374659 -1.979784 -0.195320
2.465505 -1.314687 -0.066037
2.252084 -1.372464 -0.073615
2.509995 -1.402869 -0.067107
2.394393 -1.392191 -0.071097
2.585348 3.353130 -1.015773
1.983699 3.234674 -0.966594
1.735330 3.041455 -0.921001
3.419679 2.763735 -1.002510
3.186622 2.646356 -0.960642
3.328748 1.210280 -0.899881
3.839275 0.889462 -0.834585
2.569098 0.604164 -0.826419
2.745662 0.221817 -0.816668
4.118754 0.194959 -0.808645
2.571892 0.136499 -0.817796
2.410454 0.063065 -0.805994
4.484611 -0.892789 -0.742226
4.592435 -1.112982 -0.711783
4.542391 -0.993933 -0.725394
4.679708 -1.370953 -0.709686
4.349079 -2.426810 -0.617576
3.479546 -2.939787 -0.619578
3.316437 -2.996561 -0.618789
1.861861 2.953648 -0.634765
1.607637 3.108531 -0.705852
0.865967 2.891983 -0.687036
0.549807 2.786413 -0.698268
0.294722 2.692355 -0.695209
4.029674 0.574527 -0.550874
4.068200 0.418172 -0.619985
4.123766 0.221210 -0.642006
2.149858 -0.008154 -0.619561
4.225484 -0.097109 -0.563064
1.935891 -0.119954 -0.618781
1.502515 -0.336733 -0.595343
4.409917 -0.569637 -0.541170
4.498310 -0.873524 -0.663368
4.593750 -1.126348 -0.581458
4.538678 -0.993413 -0.588110
4.639461 -1.267707 -0.564085
2.231912 -1.670192 -0.330286
4.876199 -2.348204 -0.480215
4.026375 -3.194972 -0.382641
3.855024 -3.237394 -0.366274
0.102701 2.633895 -0.288068
2.545149 2.739629 -0.323088
4.089029 0.385808 -0.416972
4.137003 0.213481 -0.464736
1.708619 0.030444 -0.208339
4.240211 -0.097478 -0.390383
1.822770 -0.289467 -0.185899
4.342439 -0.332573 -0.347118
4.268737 -0.173289 -0.365259
4.374279 -0.438322 -0.345669
4.607891 -1.105062 -0.373641
4.567397 -0.992129 -0.363371
2.106383 -1.159147 -0.126189
4.667643 -1.271554 -0.335861
2.299590 -1.528042 -0.106064
2.295664 -1.831951 -0.303681
2.027235 -0.045307 -0.089099
2.165842 -0.410580 -0.083751
2.512417 -1.324169 -0.081413
6.146788 4.618335 -1.232774
2.152768 3.243095 -1.064279
2.742371 3.187320 -1.082324
2.565236 2.819103 -0.971689
2.069381 2.802734 -1.004013
3.465316 2.714140 -1.074277
3.303706 2.715914 -1.002632
2.842582 0.958180 -0.866634
3.020552 0.540836 -0.847611
4.049737 0.381444 -0.771737
2.707242 0.444641 -0.818502
2.618465 0.415952 -0.826634
2.289326 0.336563 -0.731372
4.498642 -0.940741 -0.663838
3.059213 -2.992857 -0.473763
2.874425 -2.988356 -0.461599
5.707524 4.509773 -1.148780
5.303946 4.388712 -1.059590
4.307384 3.595055 -0.863234
4.505741 3.224860 -0.827077
0.623071 2.858138 -0.620750
0.565256 2.813162 -0.750208
0.275228 2.735532 -0.677088
1.050834 1.653856 -0.505041
4.018391 0.553947 -0.729843
4.051491 0.463349 -0.595311
2.120406 0.326148 -0.618884
4.170940 0.147772 -0.639300
4.157670 0.113560 -0.603599
4.250547 -0.029579 -0.501399
4.298616 -0.217641 -0.498158
1.498034 -0.263371 -0.458698
4.393300 -0.622954 -0.560013
4.467242 -0.844348 -0.581366
4.428693 -0.736023 -0.571118
4.521735 -0.982756 -0.539230
4.621563 -1.295696 -0.533741
2.239765 -1.641913 -0.273516
5.012351 -2.311393 -0.414199
4.539114 -2.945825 -0.318693
4.368155 -3.020072 -0.292370
4.187615 -3.071474 -0.265521
4.011563 -3.146024 -0.240919
3.827100 -3.206841 -0.217071
5.478924 4.438500 -0.743891
2.154902 3.127580 -0.391207
4.065145 0.438765 -0.409573
4.199518 0.149429 -0.478647
4.149911 0.187667 -0.386021
4.256180 -0.107826 -0.322832
4.173322 0.068734 -0.448583
1.747548 -0.175017 -0.307328
4.276526 -0.221066 -0.365602
1.812424 -0.385042 -0.207999
5.237767 -0.657756 -0.237344
4.491359 -0.834257 -0.299765
4.554069 -1.023752 -0.300314
4.615122 -1.199147 -0.346055
5.650075 -1.589713 -0.199115
4.689795 -1.420370 -0.318761
2.916951 -1.599888 -0.216762
5.843594 -1.919247 -0.189652
5.824569 -2.154447 -0.174337
5.663029 -2.574362 -0.142691
3.389240 -1.453834 -1.456820
5.511405 4.431931 -1.109365
5.334826 4.333251 -1.106183
6.704994 3.640452 -1.170652
0.840764 2.839598 -0.840931
0.532284 2.782272 -0.849459
2.839914 2.700249 -0.963945
4.001214 2.422545 -0.993690
3.837587 2.561605 -1.010277
3.568899 2.408552 -0.971901
4.290586 2.226547 -0.996399
4.187997 2.390163 -1.014159
4.482537 2.145178 -1.002567
1.021201 1.461536 -0.811201
2.438792 1.049215 -0.841600
4.378749 -0.565947 -0.766301
4.357347 -0.482483 -0.706328
4.404056 -0.613306 -0.734942
4.313025 -2.534738 -0.668117
3.725257 -2.878743 -0.628568
3.334453 -2.952823 -0.600469
4.464029 3.321720 -0.810842
4.427749 3.434625 -0.855923
0.512764 2.816453 -0.576950
0.460688 2.800751 -0.600725
3.881020 2.922002 -0.688516
3.567441 2.817223 -0.753475
0.198116 2.719068 -0.581047
4.155742 0.257416 -0.535012
4.177572 0.071890 -0.574486
4.284457 -0.240390 -0.610909
1.732834 -0.253414 -0.408659
4.382568 -0.500462 -0.585219
4.325613 -0.361211 -0.563049
1.837539 -0.578514 -0.401552
4.426625 -0.669266 -0.541285
4.514771 -0.935785 -0.544768
4.550011 -1.572346 -0.394875
4.606131 -2.980143 -0.363628
4.406826 -3.063878 -0.339324
4.092093 -3.145061 -0.303917
7.570656 5.131245 -0.797319
5.713859 4.526744 -0.624786
5.612443 4.492088 -0.607364
2.233229 3.332417 -0.423369
1.992037 3.254997 -0.412112
1.737970 3.199327 -0.400992
1.487849 3.120659 -0.388428
4.168428 2.999777 -0.433921
1.411909 3.048355 -0.568648
1.221311 3.052325 -0.377192
0.376519 2.773073 -0.334186
0.057390 2.667022 -0.318033
1.369724 1.034738 -0.411849
4.057962 0.514681 -0.406354
2.316190 0.420999 -0.282718
4.150924 0.265936 -0.348355
4.202220 0.123966 -0.427093
2.307248 0.087714 -0.350418
1.724283 -0.038173 -0.246122
4.306879 -0.298513 -0.442083
1.804776 -0.318719 -0.228867
4.383750 -0.463440 -0.322417
4.328239 -0.324766 -0.356844
1.908039 -0.520353 -0.186122
4.439482 -0.654162 -0.345334
1.976528 -0.752083 -0.183034
4.506033 -0.893190 -0.350727
4.598916 -1.113310 -0.376358
2.895824 -1.509056 -0.252585
2.428323 -2.091076 -0.162933
4.500237 -2.986794 -0.054551
4.302858 -3.069706 -0.030232
1.678035 1.155890 -0.165501
1.705300 0.937694 -0.158688
2.172405 -0.334031 -0.109632
1.982944 -0.532181 -0.117968
-0.445924 -0.593345 -0.048775
3.280451 -1.090542 -1.502926
8.427787 5.286662 -1.418387
7.531928 5.045277 -1.298748
6.763081 4.786963 -1.191537
3.590072 2.721756 -1.029429
2.843962 2.818177 -0.974723
0.572096 2.769657 -0.792509
4.081349 2.488071 -1.050000
3.837597 2.548880 -1.028620
3.226871 2.642394 -0.957799
7.359149 2.443072 -1.097811
4.053792 2.337330 -1.020529
0.090679 2.170790 -0.729868
1.605180 1.779981 -0.823433
1.153670 1.700428 -0.792368
3.581132 1.594902 -0.957850
0.572576 1.559149 -0.754266
2.059633 1.228412 -0.851525
2.005474 1.132063 -0.832213
1.913071 1.036722 -0.778839
4.160177 0.017904 -0.842337
4.280905 -0.284333 -0.849350
4.235507 -0.171012 -0.824395
4.284886 -0.290368 -0.815123
4.430306 -0.747731 -0.756272
4.430667 -0.835282 -0.818573
4.205595 -2.432905 -0.746477
3.770687 -2.734906 -0.710562
3.570042 -2.811571 -0.690562
3.361192 -2.887823 -0.674116
2.490187 -2.824899 -0.586224
2.219085 -2.933488 -0.584714
2.959329 -3.249515 -0.624550
8.376869 5.302022 -1.095366
6.123059 4.553520 -1.102061
4.433136 3.476009 -0.892182
4.485437 3.286035 -0.915537
2.227661 3.302580 -0.767965
1.779599 3.188961 -0.740587
4.508719 3.199028 -0.885768
3.037062 3.047709 -0.647798
4.033952 2.944800 -0.754504
3.814132 2.877120 -0.712298
3.464482 2.724998 -0.750938
3.422524 2.751957 -0.643981
0.257283 2.714690 -0.683836
3.288791 2.695023 -0.685181
-0.054855 2.608928 -0.677931
4.047652 0.545053 -0.571391
4.066939 0.363972 -0.612624
2.243931 0.251673 -0.538690
4.180708 -0.000314 -0.679312
2.231709 0.142852 -0.535445
4.266849 -0.260949 -0.701863
4.223850 -0.114481 -0.698462
1.714446 -0.204444 -0.437169
4.326119 -0.354437 -0.544226
1.785130 -0.422934 -0.430593
4.438367 -0.751562 -0.530788
5.652711 4.433808 -0.717975
2.031610 3.082048 -0.413882
1.396528 3.057419 -0.360857
4.145060 2.972824 -0.470116
2.537738 2.755071 -0.395449
0.614889 2.836763 -0.333279
0.378342 2.724406 -0.279333
0.081072 2.674706 -0.242957
1.798066 1.875109 -0.302122
5.469729 1.664432 -0.454858
1.220901 1.527521 -0.238471
1.701880 1.377010 -0.248769
1.294140 1.286984 -0.225691
4.948920 0.714489 -0.359973
4.062832 0.513060 -0.403716
4.071177 0.440255 -0.411849
2.230625 0.275536 -0.341269
1.560701 0.421075 -0.237247
4.203715 -0.014845 -0.499335
2.272743 0.188616 -0.266313
2.247608 0.159591 -0.374025
1.712529 0.090387 -0.167732
4.269632 -0.100073 -0.434238
4.248215 -0.142698 -0.513371
1.806317 -0.213919 -0.153241
1.725057 -0.149488 -0.238659
4.334932 -0.440845 -0.466657
1.843777 -0.447024 -0.198304
1.769137 -0.364109 -0.254728
4.407091 -0.649235 -0.478750
1.930060 -0.658044 -0.226812
2.669783 -1.523155 -0.266366
4.462838 -3.021544 -0.303999
4.252230 -3.136595 -0.273248
4.020247 -3.187837 -0.242888
1.690855 1.182681 -0.142321
1.756837 0.869610 -0.140215
2.071823 -0.022233 -0.140856
2.095070 -0.190069 -0.130808
3.715176 2.806104 -0.867047
3.166980 2.774963 -0.943648
2.997181 2.876247 -0.958915
3.926333 2.563533 -0.999476
3.717952 2.651851 -0.992054
6.292593 2.189595 -1.139502
3.294064 1.902806 -0.935024
0.967987 1.878320 -0.774288
6.663925 1.797048 -1.162704
2.143889 1.561938 -0.863856
2.025750 1.510030 -0.828098
0.917105 1.693666 -0.749252
0.813944 1.568003 -0.751388
2.016724 1.436742 -0.835916
1.807746 1.319634 -0.825441
0.637840 1.002716 -0.701153
4.102782 0.338058 -0.798316
2.231687 0.317899 -0.701776
4.206471 0.053349 -0.845760
4.154963 0.207345 -0.830819
4.333706 -0.363424 -0.827847
4.423242 -2.691990 -0.665420
4.334186 -3.200318 -0.687125
4.078431 -3.279770 -0.656222
7.968899 5.171272 -1.060991
7.102448 4.884639 -0.934495
6.433639 4.676601 -0.839600
4.484039 3.408865 -0.889042
2.210205 3.285861 -0.717390
4.570964 3.231086 -0.891543
1.899038 3.197392 -0.733395
1.729408 3.133055 -0.649613
1.473975 3.070714 -0.596617
4.174585 2.958737 -0.669468
0.448978 2.773016 -0.613863
0.263458 2.703997 -0.707072
3.537173 2.729484 -0.719441
3.281394 2.661370 -0.729460
0.202259 2.688839 -0.585086
7.108359 2.312055 -0.917554
4.115166 0.315778 -0.759942
2.234226 0.307543 -0.549887
4.157681 0.194209 -0.585225
2.253160 0.241079 -0.547579
4.273342 -0.139649 -0.523541
4.192566 0.059674 -0.605600
4.295446 -0.269108 -0.658423
4.359714 -0.485482 -0.723989
2.922398 -1.760230 -0.399119
4.578635 3.343391 -0.545356
2.157670 3.280796 -0.323780
1.792052 3.164966 -0.362184
1.567856 3.115384 -0.291887
1.043271 2.957093 -0.285355
0.723066 2.840708 -0.239661
0.307736 2.740291 -0.262617
3.396750 2.723947 -0.542089
0.000407 2.644449 -0.252541
1.435526 1.142483 -0.237758
1.321600 1.202089 -0.334759
1.464281 0.813554 -0.290074
1.387829 0.951876 -0.417103
1.518873 0.606371 -0.322562
1.547044 0.461372 -0.365010
4.206607 0.102011 -0.445210
4.159876 0.227780 -0.449202
1.750589 0.046944 -0.214408
1.676577 0.199326 -0.185183
4.248221 -0.024828 -0.408902
1.809486 -0.123099 -0.161413
4.326868 -0.285172 -0.438076
1.842288 -0.407388 -0.304652
2.262406 -0.549615 -0.292188
1.945772 -0.569757 -0.308134
1.974403 -0.764043 -0.291299
4.472769 -3.036783 -0.211986
0.619250 2.824056 -0.232238
0.206372 2.710660 -0.181317
0.138949 2.668809 -0.197381
0.017106 2.642526 -0.195074
-0.209682 2.571331 -0.172163
1.592988 1.549675 -0.151910
1.636713 1.378619 -0.153890
1.719207 1.072253 -0.139098
1.769175 0.955661 -0.137184
1.831555 0.057655 -0.142609
2.054859 -0.018876 -0.144116
8.377763 5.317030 -1.484969
7.340310 4.975466 -1.320148
3.778978 2.759413 -1.057333
6.065585 2.443617 -1.137168
1.039624 2.093912 -0.815454
6.677986 2.158336 -1.217326
2.142064 1.837368 -0.888883
6.594874 1.854190 -1.154756
1.940007 1.744779 -0.879811
1.746711 1.606340 -0.863770
4.083925 0.381523 -0.780815
4.040299 0.525124 -0.818997
4.101840 0.283330 -0.801477
4.189503 0.067823 -0.771669
3.103518 -1.519674 -0.684846
2.767977 -1.543813 -0.658269
4.420158 -2.624978 -0.585025
4.332577 -3.200197 -0.592509
4.052232 -3.274842 -0.553657
6.029290 4.566685 -0.937301
2.254463 3.332178 -0.868369
2.137423 3.321689 -0.747771
4.549503 3.255301 -0.974618
4.451957 3.370757 -0.970502
2.114527 3.296949 -0.802118
1.861185 3.186542 -0.778327
1.386721 3.039646 -0.835002
3.868681 2.876136 -0.841460
3.096126 2.989764 -0.689396
3.531770 2.776820 -0.787322
3.431348 2.772658 -0.732126
3.230275 2.690612 -0.728269
2.703485 2.745178 -0.786186
0.259897 2.683179 -0.752626
-0.065724 2.576403 -0.657467
4.087770 0.630723 -0.588070
4.043230 0.505952 -0.653642
4.153753 0.191066 -0.598569
2.263372 0.192090 -0.438777
4.205428 0.026724 -0.607856
4.259983 -0.156809 -0.694360
2.968587 -1.682821 -0.351260
2.786094 -1.716618 -0.335107
2.203851 3.328180 -0.557089
2.249466 3.318645 -0.622958
2.991989 2.896376 -0.564638
2.016756 2.968254 -0.451780
0.806863 2.885520 -0.311182
3.241720 2.699132 -0.517510
0.287845 2.726521 -0.287859
1.176565 1.535586 -0.437298
1.354588 1.086925 -0.336227
1.401948 0.903909 -0.351643
1.466483 0.689849 -0.353998
4.062877 0.492862 -0.441826
1.551447 0.396996 -0.321379
4.137025 0.316059 -0.405348
2.242296 0.267237 -0.293478
1.668906 0.243117 -0.173735
1.757985 -0.047201 -0.163617
2.535426 -0.540327 -0.280559
4.462962 -3.043157 -0.066715
2.304793 3.340587 -0.390054
1.991674 3.264040 -0.369248
0.587689 2.800819 -0.257384
0.464604 2.797698 -0.257824
0.302485 2.724715 -0.236221
0.210049 2.698933 -0.240649
-0.040094 2.610057 -0.216962
-0.346862 2.515053 -0.185907
-0.420404 2.485789 -0.198453
-0.761086 2.336636 -0.171533
1.518199 1.691194 -0.184681
1.668643 1.191181 -0.146945
1.654755 0.425766 -0.146797
1.563174 0.537551 -0.153981
6.515184 3.410339 -1.272035
6.170106 3.521105 -1.230588
3.106420 2.548134 -0.876192
1.528972 2.574485 -0.860759
0.358692 2.579974 -0.803544
2.185148 2.209349 -0.903583
2.052223 2.147390 -0.905924
1.856125 2.100747 -0.893025
1.699658 1.949296 -0.883320
3.040248 -1.410626 -0.730532
2.108657 -1.390205 -0.662805
4.638703 -2.365210 -0.644246
4.450157 -2.612042 -0.621136
4.247890 -2.481047 -0.650811
4.337311 -3.182923 -0.623685
4.033919 -3.252672 -0.583044
3.177408 -3.447702 -0.566823
8.674286 5.382653 -1.163304
6.876544 4.810117 -1.083990
6.206996 4.623185 -0.971778
2.186753 3.313695 -0.812164
1.980428 3.243193 -0.749897
3.957193 2.893791 -0.769727
1.739722 3.154433 -0.599805
3.804637 2.872154 -0.764818
3.584225 2.805072 -0.711716
3.392529 2.735480 -0.672249
3.264505 2.697379 -0.661703
2.813961 2.813190 -0.680815
0.982168 2.931396 -0.715766
0.769557 2.863080 -0.718307
0.514779 2.761322 -0.551274
0.236854 2.693302 -0.643920
-0.075077 2.592515 -0.649675
1.538748 1.664736 -0.606909
1.197464 1.491875 -0.479875
1.290375 1.240693 -0.446151
4.295262 0.689725 -0.626933
4.148482 0.634045 -0.558225
4.071133 0.560140 -0.635651
4.112710 0.365458 -0.606454
4.212037 0.078521 -0.521475
4.059696 -3.175937 -0.499362
3.764148 -3.286411 -0.491295
2.171408 3.299687 -0.513780
2.037489 3.223510 -0.347538
6.588853 3.002627 -0.617321
4.017674 2.911526 -0.586047
1.376482 3.043394 -0.374344
1.156587 3.022973 -0.298425
3.632147 2.811997 -0.505578
3.363045 2.734798 -0.479751
3.257409 2.710665 -0.463108
2.844704 2.839717 -0.471655
2.596553 2.750268 -0.448132
0.266734 2.724663 -0.246143
-0.029597 2.632348 -0.228134
-0.317757 2.547355 -0.209057
-0.366291 2.523301 -0.206141
0.150304 2.099965 -0.201327
-0.927442 2.162232 -0.156855
1.217704 1.545721 -0.311685
1.291762 1.280677 -0.330029
1.373584 1.116328 -0.299394
4.428008 0.708943 -0.510921
4.151849 0.645960 -0.475474
1.514154 0.829156 -0.201754
1.436128 0.797200 -0.324657
4.077385 0.551654 -0.393049
1.556078 0.597534 -0.305653
2.158944 0.454216 -0.328618
1.613276 0.410221 -0.241025
1.715562 0.223883 -0.210656
1.942056 -0.705257 -0.329114
2.021821 3.238595 -0.337393
0.876730 2.913778 -0.206038
0.675846 2.860171 -0.186995
0.531619 2.816331 -0.169161
1.748057 0.984424 -0.187616
1.768735 0.860313 -0.176302
1.807351 0.684440 -0.169613
6.578514 3.546501 -1.263121
6.751206 3.299215 -1.253935
7.269157 2.188085 -1.205815
7.552975 1.583161 -1.202760
6.610000 1.699734 -1.076993
2.347420 3.043238 -0.940493
7.218602 1.270653 -1.110968
2.792397 2.532651 -0.947838
1.560744 3.000515 -0.883635
2.251259 2.506963 -0.945661
2.116436 2.501819 -0.925417
3.094556 -1.168367 -0.757330
2.738803 -1.229849 -0.728735
1.998890 -1.152408 -0.674059
4.196053 -3.254113 -0.659311
3.882142 -3.340913 -0.618915
3.568737 -3.463503 -0.583278
6.266344 4.634274 -0.926990
6.700150 3.436874 -0.924591
4.496645 3.281378 -0.905905
3.765461 2.846937 -0.740449
3.567850 2.791485 -0.701765
2.034608 3.278167 -0.769909
3.472679 2.767308 -0.772509
3.236532 2.693347 -0.737896
2.664304 2.793609 -0.648922
1.801175 3.182162 -0.776169
1.608593 3.127451 -0.778177
2.051677 2.903309 -0.593461
1.382831 3.062086 -0.576941
4.164782 0.620846 -0.635729
1.191964 1.539935 -0.480252
4.020308 0.505342 -0.568309
1.263990 1.281426 -0.461611
4.109897 0.227762 -0.636441
1.319602 1.042010 -0.445506
2.753976 -1.108366 -0.374810
3.185444 -2.616212 -0.496140
3.705664 2.842153 -0.514180
1.962950 3.261609 -0.500709
3.454772 2.750398 -0.511200
3.257463 2.691032 -0.538080
2.958996 2.863350 -0.498636
2.838581 2.849488 -0.460716
2.032690 3.210598 -0.361655
1.574680 3.132558 -0.488688
2.604101 2.784969 -0.534398
1.442631 3.067085 -0.477949
1.204223 3.002692 -0.504635
0.978363 2.920121 -0.506819
0.723634 2.826963 -0.338290
-0.180171 2.577192 -0.235637
-0.238657 2.360754 -0.215141
4.504745 0.713502 -0.313306
-1.028703 2.316334 -0.176891
4.619589 0.515274 -0.308700
4.095659 0.618236 -0.456630
1.223903 1.495754 -0.321613
1.381236 1.096908 -0.285987
1.294475 1.269917 -0.331141
1.411175 0.894294 -0.295577
4.847924 -0.451722 -0.276013
1.487323 0.660935 -0.341430
1.510706 0.415846 -0.384143
4.570995 -0.708109 -0.255482
4.563629 -1.038763 -0.243059
4.280158 -1.404808 -0.221250
1.290316 3.014102 -0.202664
0.662741 2.852046 -0.207900
0.397804 2.772776 -0.185490
-0.028929 2.537231 -0.184506
-0.537803 2.456245 -0.148146
-1.021785 2.283755 -0.119181
1.705146 1.087359 -0.188630
2.136416 0.545616 -1.460285
8.898848 5.401070 -1.325867
7.362947 2.342391 -1.163649
6.701741 3.611586 -1.252618
7.284498 1.367893 -1.162614
6.444520 1.859978 -1.093624
6.543993 1.941754 -1.133559
6.863520 1.118952 -1.056539
4.803357 2.451413 -1.067825
4.708621 2.648438 -1.067462
4.852866 2.165826 -1.051526
3.710168 2.845841 -0.923392
3.177605 3.104481 -1.128672
3.367734 2.685463 -0.939079
3.261189 2.760140 -0.955135
3.044464 2.992057 -1.003987
3.829199 -0.782463 -0.825995
4.304521 -2.747322 -0.605101
4.265174 -3.200583 -0.716971
4.083131 -3.243491 -0.615872
3.745129 -3.372633 -0.605314
0.465244 0.602664 -0.693603
0.288307 0.853806 -0.706979
-0.926168 2.081891 -0.698340
-0.968970 1.818943 -0.664833
8.856886 5.460762 -1.095541
8.823590 5.130677 -1.109666
8.859563 4.822253 -1.248978
6.833946 2.986693 -0.859779
3.935596 2.898822 -0.729009
3.723341 2.821525 -0.888053
3.495964 2.761338 -0.737589
3.276935 2.684142 -0.765407
3.153638 2.747893 -0.791085
3.088948 2.974902 -0.675948
4.254484 0.658042 -0.569392
2.868430 2.817525 -0.732237
4.118722 0.594455 -0.676719
2.595524 2.734589 -0.732806
2.158286 3.324171 -0.681798
1.985033 3.249507 -0.755100
1.844057 3.227587 -0.718573
1.713782 3.177189 -0.663601
1.485786 3.099407 -0.687170
1.172671 3.001966 -0.696445
0.869139 2.893217 -0.574041
1.388446 0.929425 -0.433114
1.518132 0.439513 -0.417990
1.449171 0.693715 -0.424538
7.391174 4.968781 -0.958700
6.441809 4.655335 -0.872717
6.812292 3.179116 -0.738072
6.861668 2.892444 -0.735761
6.107287 2.411319 -0.644479
3.990905 2.931445 -0.540748
3.571841 2.784800 -0.549059
4.578107 0.781279 -0.529485
3.324738 2.695955 -0.575939
3.151634 2.800429 -0.530960
3.058035 2.982237 -0.576608
4.286767 0.673207 -0.482268
2.883523 2.851330 -0.488916
4.190240 0.648357 -0.470297
2.660949 2.783783 -0.455223
2.167074 3.315628 -0.494517
2.034516 3.007792 -0.479614
2.034386 3.268988 -0.490660
2.015869 2.990247 -0.363952
1.739049 3.191172 -0.433863
3.707394 0.042049 -0.227418
1.553063 3.118643 -0.479625
1.275260 3.021177 -0.566538
3.658591 -0.687417 -0.183725
0.804969 2.877954 -0.423400
3.160145 -0.951502 -0.155426
2.974189 -1.268263 -0.133696
1.329445 0.990422 -0.399455
1.280867 1.222886 -0.370495
1.214708 1.427682 -0.409679
1.420434 0.770403 -0.373568
2.262585 -1.634168 -0.101207
2.655690 2.800946 -0.341821
1.309973 3.058986 -0.266911
0.982891 2.958256 -0.264599
0.886781 2.934711 -0.254850
0.706963 2.880925 -0.229444
0.462140 2.798704 -0.212906
0.264727 2.734933 -0.170796
0.109874 2.692837 -0.193153
-0.168634 2.588195 -0.182212
1.886284 1.410290 -1.566875
7.381633 2.363468 -1.240899
7.389277 1.424069 -1.169202
6.832376 1.517675 -1.154475
6.436454 3.530882 -1.287921
6.568004 1.052432 -1.082813
6.638724 1.742777 -1.098058
6.534375 1.950491 -1.058170
6.582016 0.795045 -1.083538
4.841036 2.186734 -1.084658
4.806112 1.568453 -1.038453
4.451439 2.466888 -1.078162
4.337293 2.629535 -1.085489
4.313985 2.805753 -1.094060
3.771683 2.818169 -1.089311
4.054936 0.607959 -0.794145
3.541479 2.251773 -0.976570
2.882715 -0.754512 -0.761208
2.712203 -0.694155 -0.750930
1.119537 0.395179 -0.742318
0.632488 1.133548 -0.761839
0.479914 1.862309 -0.793378
0.441186 2.256009 -0.822431
8.899186 5.266267 -1.287382
8.950757 4.769735 -1.209729
7.998039 5.198889 -1.219367
7.713217 0.209190 -0.714713
6.881715 4.819725 -1.087195
4.776206 0.847106 -0.696947
3.977462 2.923501 -0.748172
4.103772 2.979290 -0.789358
4.191039 0.643752 -0.630659
3.824403 2.876240 -0.848342
3.920183 2.922991 -0.970449
4.041398 0.585408 -0.750349
3.609398 2.799937 -0.838558
3.378296 2.733891 -0.807913
3.223560 2.688486 -0.801462
2.969694 2.886749 -0.778405
3.033851 3.163193 -0.791735
2.816472 2.828321 -0.759061
2.647765 2.758879 -0.761856
2.485065 2.692662 -0.781987
2.013824 3.288097 -0.707002
1.713639 3.147564 -0.738975
1.613618 3.124100 -0.683418
1.352978 3.019850 -0.664415
1.511459 0.559665 -0.434021
1.413845 0.845480 -0.442506
1.329987 1.103851 -0.458646
1.251980 1.344706 -0.491806
0.414330 2.738236 -0.646903
-0.337705 1.923156 -0.472256
-0.528691 2.460469 -0.504141
-1.497445 1.632900 -0.504681
7.351384 1.261306 -0.695604
7.280577 1.560611 -0.695955
6.605271 1.113244 -0.628961
4.483185 0.777554 -0.435319
3.999088 2.961135 -0.589532
4.239156 0.687940 -0.444039
3.831950 2.895324 -0.633260
4.051109 0.610850 -0.461475
3.626446 2.827033 -0.590420
3.393347 2.752932 -0.557578
3.239341 2.675689 -0.521356
3.059993 2.883939 -0.550290
2.867394 2.848692 -0.511479
2.645203 2.786463 -0.501355
2.032593 3.007389 -0.459214
2.062599 3.297192 -0.474629
1.370526 3.052789 -0.478028
1.665764 -0.094382 -0.153537
1.320967 1.154525 -0.376807
1.256173 1.400899 -0.438896
3.601683 2.822247 -0.435763
3.357031 2.757948 -0.425316
3.185517 2.754992 -0.405432
3.125968 2.986773 -0.447534
2.858595 2.857322 -0.405991
2.648608 2.809016 -0.396119
2.079715 3.012323 -0.332230
2.096628 1.659946 -1.572341
9.541982 0.735338 -1.178308
8.389775 -0.671070 -0.967908
8.366411 -0.365893 -1.061789
8.416099 -0.309417 -0.957921
8.115340 -0.906375 -0.938606
7.724435 0.632085 -1.033023
7.228883 2.169112 -1.132140
6.900097 3.189375 -1.256252
6.364587 1.855449 -1.147397
6.200246 1.448585 -1.095146
6.236042 1.651729 -1.106821
6.073512 1.171125 -1.064004
6.012909 1.535680 -1.082206
5.701158 0.600033 -0.999669
5.805764 0.867681 -1.020187
5.568755 0.466461 -0.980873
4.867300 1.464027 -1.014683
4.578950 2.725847 -1.103104
4.687133 -2.315195 -0.604845
4.743082 -1.610466 -0.592283
4.386631 3.078110 -1.113477
4.181962 2.605028 -1.096461
3.775991 2.326895 -0.982901
2.924764 -0.790986 -0.729977
2.561272 -0.675318 -0.716599
0.957805 0.878640 -0.733800
-0.348813 2.386631 -0.801605
9.241472 4.804253 -1.286930
8.837991 5.207004 -1.296365
8.496922 5.397782 -1.309602
7.411668 1.357884 -0.848802
7.424917 1.425413 -0.908409
7.433197 2.283777 -0.964846
6.942180 0.408757 -0.801532
6.766766 1.199214 -0.763665
6.444043 4.696229 -1.033134
4.743337 0.839396 -0.683680
4.527942 0.762089 -0.573157
4.308024 0.694192 -0.536307
4.106303 2.988986 -0.873997
4.135737 0.648671 -0.632972
3.853094 2.898423 -0.845357
3.983829 2.945181 -0.838691
3.710654 2.847963 -0.823005
3.451520 2.762265 -0.772784
3.286086 2.707161 -0.766307
3.131812 2.885878 -0.772141
2.905694 2.841723 -0.800154
2.947614 2.868996 -0.832400
2.901240 3.578263 -0.854801
2.771586 2.817012 -0.817620
2.112942 -2.365907 -0.357514
1.534090 0.566492 -0.405223
1.448074 3.078408 -0.789814
1.410370 0.917718 -0.422823
1.327314 1.188049 -0.449250
1.268096 1.443797 -0.474969
1.203344 1.541444 -0.486714
0.869344 2.885233 -0.677074
-1.116212 1.729471 -0.459643
-1.504999 1.616378 -0.561767
6.594985 2.967255 -0.622575
6.575958 3.209908 -0.651292
6.452302 3.412875 -0.670916
4.728547 0.834276 -0.515445
4.457218 0.760062 -0.487006
4.252523 0.698415 -0.448358
4.135011 3.007972 -0.589340
4.125700 0.654681 -0.459454
3.910398 2.923803 -0.558260
3.994597 2.956542 -0.622461
3.728196 2.880249 -0.578762
3.450934 2.768891 -0.570332
3.288416 2.711590 -0.532692
3.148213 2.940332 -0.530572
2.943553 2.858573 -0.491894
3.030866 2.948142 -0.550159
2.916085 3.595694 -0.556034
2.727682 2.806928 -0.543733
2.575270 2.756462 -0.623692
1.313267 3.030600 -0.544657
-0.205646 2.272504 -0.458737
4.087111 3.009630 -0.471217
3.864876 2.923855 -0.456686
3.976995 2.966089 -0.464407
3.722227 2.870055 -0.440189
3.549641 2.830674 -0.442697
3.304391 2.729178 -0.425521
2.903460 2.861439 -0.418767
3.015250 2.929103 -0.403555
2.945909 3.568367 -0.450447
2.746654 2.837331 -0.403049
8.355712 -0.637667 -0.914206
7.643604 0.633781 -1.090366
7.008375 2.841459 -1.212966
6.912592 2.074358 -1.158779
6.968311 3.100463 -1.222695
6.769439 3.293005 -1.230162
6.701157 1.618536 -1.106113
6.582552 1.848330 -1.076853
6.426475 1.078483 -1.086705
6.447001 2.269587 -1.051833
6.353716 2.464777 -1.037485
6.197421 0.726148 -1.047315
6.338512 0.888421 -1.073369
4.875381 2.699828 -1.078910
4.884223 2.889301 -1.090851
4.390087 2.889834 -1.079577
4.301233 3.004671 -1.092655
4.222167 3.058419 -1.089464
3.913764 1.024117 -0.807840
2.738845 -1.751094 -0.618495
2.059480 -2.490735 -0.577900
1.725564 -2.419233 -0.576826
1.315706 1.133178 -0.788433
1.114245 1.606561 -0.796381
1.014520 2.697745 -0.844887
1.008825 1.951624 -0.812132
0.983101 2.134265 -0.820501
0.950847 2.324268 -0.833077
-1.721571 1.579503 -0.593971
9.294243 4.722666 -1.225676
8.904909 5.455111 -1.313236
8.847794 4.973028 -1.226552
7.837373 5.151946 -1.176323
7.670952 0.390168 -0.809253
7.621875 5.084582 -1.150282
7.391174 1.363225 -0.765718
6.914135 4.850173 -1.049947
6.922900 0.405960 -0.733264
6.982850 0.444308 -0.753904
6.742808 3.385912 -0.857402
6.875551 4.841631 -1.203337
6.295174 4.677535 -1.037209
4.726055 0.851698 -0.708064
4.572176 0.768919 -0.658949
4.415054 2.964637 -0.911879
4.413730 3.119838 -0.962610
4.170731 0.643627 -0.554697
4.163292 0.904029 -0.639725
4.090242 2.981354 -0.833027
4.174191 3.015061 -0.700713
4.065604 0.610270 -0.712095
3.896750 2.931468 -0.780555
3.656758 2.842417 -0.749223
3.371822 2.666806 -0.783274
3.397775 2.752417 -0.740488
3.240162 2.687498 -0.677884
3.137584 2.811057 -0.756739
2.904586 2.866580 -0.746858
2.775183 -1.080864 -0.505973
2.674361 2.781184 -0.751403
1.703750 3.158305 -0.787447
1.308554 1.195033 -0.460062
0.912731 2.921659 -0.712931
0.150483 2.701733 -0.526631
-0.009682 2.587938 -0.714838
-0.214303 2.229960 -0.529709
-0.406337 2.526646 -0.545980
4.746238 0.865351 -0.474059
4.430630 0.758333 -0.449787
4.607773 0.797784 -0.502351
4.214397 0.690694 -0.453467
4.106685 2.991197 -0.580960
4.164818 3.010186 -0.669319
4.113927 0.669948 -0.448776
3.884760 2.923006 -0.550715
3.651565 2.837836 -0.507918
3.388788 2.680826 -0.572102
3.420264 2.774605 -0.496708
3.261033 2.695002 -0.513337
3.152526 2.813924 -0.603477
2.879200 2.851978 -0.499480
2.775768 -0.312253 -0.187219
2.247152 -0.569829 -0.159163
2.007504 -0.565709 -0.153966
1.866068 -0.395027 -0.162944
1.407077 3.063593 -0.561839
1.231251 3.058188 -0.312758
0.951008 2.970004 -0.300268
0.679003 2.846363 -0.285695
0.236390 2.727931 -0.265335
4.114836 2.993905 -0.434489
3.902964 2.929057 -0.415675
3.659801 2.860823 -0.404550
3.420361 2.775549 -0.388930
3.271866 2.711328 -0.379407
3.030071 2.909813 -0.378333
2.905939 2.894369 -0.370823
1.523815 3.104892 -0.326000
2.590244 1.815804 -1.548254
8.697571 -0.288829 -1.116303
8.545049 -0.301677 -1.076951
8.410476 -0.647738 -1.064066
7.651816 0.605984 -0.975442
6.569561 2.041567 -1.138299
6.520686 1.651191 -1.124898
6.360747 1.729258 -1.113937
6.200165 1.060862 -1.067478
6.263432 1.302654 -1.082898
6.276687 1.563672 -1.088109
5.993820 0.865902 -1.032326
5.751588 0.621226 -1.004116
5.220890 1.562958 -1.030036
5.057920 2.595120 -1.084228
4.983244 2.879390 -1.094107
4.820728 3.252587 -1.116769
4.631911 2.742048 -1.095192
4.574292 2.874491 -1.085760
4.517381 3.337602 -1.012069
4.498778 2.986726 -1.105948
3.352480 -0.855487 -0.785492
3.138119 -0.859515 -0.784104
2.948253 -0.764007 -0.772549
1.313164 0.786135 -0.744066
0.972044 1.294319 -0.753169
0.881404 1.485538 -0.759496
1.061415 1.719677 -0.732152
1.000037 2.945287 -0.788277
8.837324 5.486203 -1.203969
7.652309 0.533775 -0.957870
7.414302 1.087757 -0.885726
7.385242 1.359508 -0.881763
6.932549 0.434817 -0.820321
6.695017 1.675418 -0.762926
6.828703 2.084989 -0.785573
6.313013 4.676321 -1.196677
4.749207 0.824932 -0.764665
4.838740 0.853387 -0.719151
4.578851 0.797664 -0.654884
4.212142 0.662961 -0.645000
4.121523 2.990612 -0.813886
4.152479 0.622143 -0.644227
3.908069 2.912917 -0.765104
3.663323 2.826086 -0.762126
3.389666 2.715535 -0.717689
3.478872 2.776694 -0.752523
2.782290 -1.113457 -0.450351
-0.419782 1.898887 -0.399834
-1.716311 1.458757 -0.407698
8.959359 4.867291 -0.910584
8.984602 5.369756 -0.950975
6.876381 2.988659 -0.822312
6.580378 4.784854 -0.748892
6.331157 4.678988 -0.898689
6.048814 4.588749 -0.699388
4.916633 0.877910 -0.557246
4.791974 0.835120 -0.533476
4.883675 0.873034 -0.576946
4.560146 0.797745 -0.477281
4.322398 0.717934 -0.481726
4.114134 2.994902 -0.595990
3.921263 2.927870 -0.536612
3.682178 2.697124 -0.496362
3.672481 2.845243 -0.502663
3.408880 2.748200 -0.493320
3.493571 2.798214 -0.467045
3.276904 2.718773 -0.505380
3.062042 2.900857 -0.549283
2.939846 2.877030 -0.509950
2.746604 2.795306 -0.569383
1.736215 1.142296 -0.178263
1.372601 1.061233 -0.386566
1.318441 1.236099 -0.383682
0.995729 2.951693 -0.289516
0.614439 2.831350 -0.262870
3.590128 2.818958 -0.401656
3.437597 2.767051 -0.389022
3.508697 2.806013 -0.395441
1.685152 1.293060 -0.177755
6.855127 2.276037 -3.084396
8.434896 1.189741 -1.173870
8.097843 0.729683 -1.148845
8.388351 4.738333 -1.343985
7.773987 0.158087 -1.068294
7.674149 0.559408 -1.053763
6.380432 1.751419 -1.113052
6.455425 2.080738 -1.133008
6.570395 4.571882 -1.283439
6.176028 1.390295 -1.072585
6.020730 1.204763 -1.044529
5.487740 3.980332 -1.177837
5.648202 4.229678 -1.202781
5.520298 4.388053 -1.216213
5.208386 0.479180 -0.912310
5.179306 3.018138 -1.113877
4.818221 0.875237 -0.917399
5.103722 3.188869 -1.126670
4.998684 3.398882 -1.135830
4.847075 2.899328 -1.113861
4.849478 3.484447 -1.125205
3.919459 1.142564 -0.915432
3.114570 -0.805553 -0.813376
0.861448 2.915650 -0.791578
7.313608 1.378638 -0.928667
6.856921 2.090812 -0.850677
6.522556 1.927085 -0.793148
6.346488 4.686807 -1.161968
5.951309 4.559996 -1.078644
5.624789 4.404156 -0.987190
4.845304 0.879348 -0.693179
4.668494 0.815476 -0.669270
4.698805 0.866894 -0.622897
4.861090 3.324372 -0.864657
4.514858 0.770219 -0.608658
4.239732 1.070504 -0.742273
4.188022 3.013706 -0.819401
3.907763 2.813097 -0.729480
4.017426 2.951139 -0.807844
3.796558 2.867756 -0.789856
3.863835 2.913876 -0.798807
3.496896 2.670384 -0.654078
3.488938 2.714174 -0.734139
7.360881 5.010031 -0.825824
6.953221 0.460925 -0.541919
6.804473 3.207884 -0.624080
6.822572 3.319655 -0.788808
6.737090 4.800067 -0.754515
6.249908 4.647084 -0.737078
4.817711 0.854891 -0.484116
4.810417 0.884837 -0.527073
4.629145 0.822089 -0.490445
4.467338 0.774736 -0.516263
4.179275 3.013498 -0.574022
4.025345 2.893188 -0.576894
4.045404 2.972167 -0.548910
3.784068 2.874304 -0.513918
3.910520 2.938682 -0.528288
3.552244 2.794851 -0.568404
3.381716 2.663765 -0.558158
3.346115 2.737586 -0.607717
2.918496 2.902614 -0.505931
1.395897 3.106716 -0.317036
1.073764 2.985075 -0.302490
5.840868 4.529102 -0.588391
5.596145 4.449691 -0.566656
5.772907 6.625717 -0.754213
5.495040 4.388104 -0.519162
4.905035 6.348144 -0.705562
4.175276 3.013119 -0.450394
4.071753 2.980571 -0.442908
3.884511 2.924148 -0.425229
8.009792 0.593062 -1.175291
7.652721 0.159215 -1.119201
7.615516 0.418110 -1.134060
7.657113 0.577200 -1.130977
7.218849 -0.180359 -1.056257
7.113708 3.518890 -1.268067
7.254101 4.422091 -1.338112
6.306462 1.446422 -1.103114
6.944885 3.907747 -1.289752
6.058947 1.160798 -1.056606
6.080273 3.802466 -1.222213
5.206844 0.492735 -0.930676
5.498406 2.951579 -1.130735
5.461660 2.910403 -1.146226
5.451948 3.086841 -1.165823
5.358855 3.259818 -1.169691
4.635551 0.771251 -0.816597
4.819570 0.822143 -0.840435
3.316077 0.133160 -0.825138
2.701668 -1.085098 -0.641985
2.381900 -1.401569 -0.586261
2.442971 -0.767945 -0.555013
1.669940 -1.391692 -0.596542
2.007669 1.907325 -0.840108
1.975212 2.066445 -0.843274
0.106863 0.779045 -0.644108
0.192791 1.411407 -0.620568
-0.122638 2.592734 -0.639259
-1.762386 1.416194 -0.425386
7.259076 1.328057 -0.960458
8.000253 5.159530 -1.334439
8.151759 5.230997 -1.320253
6.645114 1.686030 -0.839001
7.357863 4.975552 -1.177842
6.899066 4.826928 -1.226794
6.791631 4.800828 -1.077602
5.223847 0.521206 -0.706007
4.858992 0.865278 -0.729326
5.661602 4.405729 -0.927270
4.653662 0.787139 -0.707116
4.787740 0.853156 -0.671948
4.487401 0.731114 -0.591001
5.061428 3.436383 -0.882572
4.084297 2.916038 -0.808877
4.158460 2.989005 -0.808125
4.042428 3.934844 -0.952703
3.552491 2.698254 -0.725009
3.352586 2.721396 -0.636514
1.401081 3.098799 -0.579388
1.011410 2.967474 -0.592380
0.504597 2.807796 -0.612061
7.937138 -0.622794 -0.654390
7.897531 -0.515869 -0.665250
7.728570 -0.066508 -0.647640
8.845765 4.929731 -0.980054
7.269333 -0.445461 -0.609719
8.416500 5.307132 -0.994008
7.987585 5.191243 -0.918656
7.615545 5.052200 -0.853112
6.881546 2.911399 -0.812104
6.819556 3.063871 -0.748220
7.260702 4.963935 -0.838572
6.163690 2.324077 -0.751311
5.989809 4.533040 -0.881340
4.656068 0.819336 -0.416404
4.785377 0.857549 -0.459951
4.531837 0.779704 -0.497525
4.086557 2.952409 -0.540027
4.186324 2.996146 -0.605048
3.757689 2.792947 -0.534241
3.890990 2.894675 -0.585440
3.556127 2.782813 -0.518984
3.657237 2.833840 -0.620666
3.396368 2.735930 -0.508915
2.046479 -1.068294 -0.189332
7.584296 5.063715 -0.751011
7.699156 5.103341 -0.726074
7.378873 5.002221 -0.734010
7.026474 4.888777 -0.705767
6.849549 4.832065 -0.678573
6.472073 4.712234 -0.657704
6.137613 4.607707 -0.632052
6.268702 4.654202 -0.626799
6.044327 4.579039 -0.607656
5.621823 4.437425 -0.576397
5.788597 4.495216 -0.577237
5.523589 4.404090 -0.537424
4.088470 2.975706 -0.424152
4.196213 2.997505 -0.436693
3.984131 2.939170 -0.420986
3.409238 2.610596 -1.735531
8.076229 -0.972532 -1.004385
8.379617 -0.383819 -1.019302
6.653478 -1.684864 -0.903859
6.583361 0.912861 -1.076172
7.825488 3.301856 -1.308076
6.017989 0.487844 -1.011540
6.171854 0.612072 -1.022427
5.882445 0.368456 -0.998365
5.094705 0.410572 -0.845667
5.249169 0.488731 -0.898232
6.350891 2.646406 -1.091107
6.918113 3.414485 -1.263998
5.079134 0.406816 -0.868371
5.854359 2.032108 -1.114068
6.016940 2.513904 -1.173712
5.965689 2.608083 -1.164660
6.757422 3.778846 -1.287216
5.974861 2.732780 -1.170079
5.964083 2.927381 -1.187350
4.745140 0.839732 -0.828522
6.359331 4.227548 -1.290961
2.238966 0.062420 -0.649247
0.864884 2.903675 -0.770619
6.913931 0.375063 -0.796322
5.829160 -0.549760 -0.745293
6.661789 1.001530 -0.741594
8.747691 4.740729 -1.429432
8.592793 5.057534 -1.442990
6.434929 1.920056 -0.791042
6.899543 2.869381 -0.901677
8.058441 5.163934 -1.338280
5.097245 0.400583 -0.729528
5.312865 0.529562 -0.749249
6.763542 3.298017 -0.989883
7.560918 5.036027 -1.276433
4.807992 0.855344 -0.754761
4.636867 0.799076 -0.684856
5.900922 4.504375 -1.133121
5.403508 4.341025 -0.918547
4.224157 2.907740 -0.791828
3.984490 2.893400 -0.743518
4.152899 3.204321 -0.726819
3.475570 2.633620 -0.819371
3.649122 2.820627 -0.742347
3.842101 2.888425 -0.704128
3.414240 2.752805 -0.723317
1.290701 3.065501 -0.744294
-0.677283 2.291897 -0.306786
8.941804 4.831491 -1.011101
7.326406 1.985341 -0.615211
8.887336 5.223240 -1.094597
8.942949 5.277053 -1.005613
6.837978 3.115576 -0.854726
7.647855 5.085186 -0.892423
4.832241 0.877485 -0.483572
4.499292 0.779447 -0.489910
4.663926 0.832432 -0.484837
4.324957 0.721971 -0.473202
5.579362 4.379499 -0.882488
4.220422 2.886234 -0.583779
4.204012 2.978440 -0.658705
3.990732 2.922819 -0.568113
4.177907 3.006823 -0.665159
3.658128 2.834426 -0.575071
3.831620 2.904886 -0.585975
3.407802 2.754556 -0.571063
5.167775 6.390618 -0.827391
5.345810 6.451401 -0.858436
5.003877 6.343324 -0.832456
4.418295 6.149169 -0.766138
1.129407 2.993634 -0.361669
0.524020 2.838368 -0.343998
-0.136085 2.609449 -0.324168
8.970426 5.402328 -0.965721
7.931023 5.179593 -0.868355
7.584808 5.066531 -0.790217
7.290063 4.970774 -0.808547
7.496820 5.045301 -0.699713
6.999892 4.888317 -0.675569
7.057450 4.900972 -0.766790
6.604889 4.762539 -0.676164
6.257864 4.652157 -0.651300
5.945042 4.541750 -0.622122
6.016579 4.577270 -0.653493
5.724750 4.479018 -0.629766
5.459754 4.393522 -0.606820
5.021553 4.264610 -0.594293
5.154932 6.395724 -0.733867
5.333061 6.460172 -0.691286
5.012918 6.354307 -0.668312
4.292010 6.143162 -0.681979
4.029363 6.030195 -0.656605
7.325974 -1.129238 -0.972028
7.306416 -0.666282 -0.933112
7.543667 0.701876 -1.127696
6.117749 0.447308 -1.026202
6.229747 0.547940 -1.030147
5.707487 0.279344 -0.989778
5.159307 0.457045 -0.892449
7.151602 2.362058 -1.197842
2.649282 -1.080116 -0.684357
6.193474 2.016469 -1.149848
6.230567 2.164351 -1.144742
6.304328 2.356577 -1.182736
2.693303 0.957637 -0.859784
0.803000 0.166836 -0.608995
0.716037 0.288417 -0.700942
5.531578 -0.765640 -0.782804
5.735522 -0.728706 -0.789317
5.893382 -0.565051 -0.782773
5.059196 0.454671 -0.833851
4.558419 0.804606 -0.686585
4.736935 0.862062 -0.731813
4.385825 0.726739 -0.588477
4.416937 0.743156 -0.714014
6.236825 2.376807 -0.900201
6.183617 2.694351 -0.923417
3.948482 2.939740 -0.756023
4.122154 3.027016 -0.748529
3.355709 2.765803 -0.749783
3.709044 2.856913 -0.739792
3.812720 2.902647 -0.770090
4.138355 3.171875 -0.730947
1.318743 1.195690 -0.371192
3.216814 2.722001 -0.828296
3.260760 2.743320 -0.725992
3.999264 3.933512 -0.856382
4.628046 6.216967 -1.185486
4.094556 6.044546 -1.087285
4.356954 6.143581 -1.136357
6.864991 -2.300066 -0.508224
6.272211 -1.766320 -0.466536
5.708385 -0.923399 -0.442647
7.156502 1.897047 -0.583446
4.539649 0.804695 -0.469083
4.751890 0.874087 -0.504247
6.218868 2.252514 -0.717492
4.095322 0.682017 -0.499369
4.260056 0.720163 -0.436776
4.443211 0.794179 -0.423771
6.861777 2.975431 -0.857764
8.611693 5.368576 -0.961739
8.866528 5.464081 -0.992603
7.971690 5.181702 -0.898398
7.008933 4.885589 -0.800022
6.522678 4.686538 -0.894088
3.822271 2.871063 -0.490403
3.957418 2.948571 -0.562341
4.132918 3.032158 -0.586997
5.646414 4.429275 -0.779011
5.881660 4.498325 -0.758584
1.672814 1.286317 -0.171889
3.290199 2.729941 -0.498659
3.403886 2.789031 -0.576902
3.674476 2.865086 -0.564889
3.808746 2.909772 -0.539951
4.144976 3.193451 -0.581161
4.093664 3.344233 -0.651149
3.934508 3.908237 -0.585658
7.951399 5.166494 -0.827202
7.299109 4.972812 -0.683332
7.407903 5.010180 -0.769783
7.788617 5.130433 -0.790627
6.905516 4.856603 -0.695806
7.250585 4.960659 -0.709243
6.199615 4.628397 -0.614925
6.438069 4.706252 -0.650299
6.617083 4.763551 -0.699597
5.605486 4.407125 -0.537281
5.859795 4.533627 -0.609980
6.053968 4.586680 -0.646473
5.431489 4.384435 -0.551845
6.720390 -1.735957 -0.881560
7.336125 -0.307377 -0.999163
2.232149 -1.482179 -0.676685
5.638408 0.036667 -0.943533
5.774788 0.072791 -0.949633
5.196167 0.436131 -0.840584
5.262962 0.468314 -0.830440
4.737712 0.819821 -0.882252
4.827150 0.866752 -0.899717
6.326389 1.454946 -1.084862
6.429617 1.588105 -1.101886
7.042182 2.123863 -1.079992
2.594773 1.617454 -0.891142
0.351846 1.068281 -0.738859
0.989087 1.638718 -0.639286
0.202781 1.385504 -0.761984
-1.641631 1.641997 -0.664298
5.472700 -0.817853 -0.718662
5.685170 -0.751637 -0.737754
5.837247 -0.675626 -0.720104
5.283894 0.482150 -0.787672
4.475942 0.738965 -0.646201
4.652451 0.803006 -0.689077
4.860380 0.859639 -0.698178
6.643551 1.744994 -0.927080
4.420833 0.961397 -0.629684
3.345805 2.705339 -0.627521
3.420553 2.734125 -0.796755
3.696891 2.831161 -0.799031
3.934862 2.906313 -0.780178
4.148804 2.987391 -0.782401
4.117963 3.200515 -0.870164
3.973756 3.913348 -0.784675
3.932604 5.985877 -1.047142
4.260631 6.108349 -1.015050
4.447165 6.154522 -1.128334
4.554493 6.197856 -1.031008
4.795267 6.276242 -1.114977
6.198455 -2.489931 -0.365379
6.196949 -1.764628 -0.378896
6.897432 0.473701 -0.452513
4.950277 0.722561 -0.554761
4.297842 0.692063 -0.430650
4.485184 0.745926 -0.459998
4.666720 0.816169 -0.509438
4.843009 0.870386 -0.531253
6.584520 1.985394 -0.663292
7.065392 2.280561 -0.690946
6.266438 2.198945 -0.681000
6.228898 2.559962 -0.711505
6.828702 3.073492 -0.841179
6.723303 3.452554 -0.769676
3.449651 2.761481 -0.594744
3.737920 2.855654 -0.582825
3.948222 2.920942 -0.569396
4.146947 2.975448 -0.611085
2.260836 2.408387 -0.304519
2.213456 2.627791 -0.322763
4.067165 3.459512 -0.680887
4.035244 3.902571 -0.676305
0.540929 2.818245 -0.245860
4.041191 6.025548 -0.678081
4.321785 6.117052 -0.694242
4.592350 6.178799 -0.710523
6.537804 2.995394 -0.516480
6.020025 3.415316 -0.562968
6.397675 3.444241 -0.574463
6.716673 4.815763 -0.659917
6.951437 4.892355 -0.646720
7.338432 5.015425 -0.763257
7.520114 5.075926 -0.771629
7.797636 5.165995 -0.798316
4.897360 2.867953 -1.755698
4.781850 2.858242 -1.692216
6.632464 -1.649140 -0.857505
1.214138 -1.539841 -0.628574
1.990078 -1.315505 -0.601815
7.844725 0.182868 -1.052610
1.662367 -0.505117 -0.702616
5.304505 0.523023 -0.886810
6.840783 0.980113 -1.011829
4.979188 0.775006 -0.885634
6.450985 1.068302 -1.069551
6.558714 1.179497 -1.101679
7.352488 1.416912 -1.120607
2.627060 1.742970 -0.877826
2.696378 1.926781 -0.880555
3.750132 2.865587 -0.893812
0.046247 2.536275 -0.742454
0.359438 2.729163 -0.694775
5.294078 4.338289 -1.107645
4.694716 4.494775 -1.153442
3.751385 5.881265 -1.128067
4.030997 6.004515 -1.169114
4.324247 6.088011 -1.207412
5.535244 -0.783065 -0.701254
5.873944 -0.649402 -0.701113
6.009289 -0.492241 -0.692728
5.128858 0.386270 -0.800394
5.057999 0.584971 -0.671434
5.279384 0.506913 -0.752743
5.405012 0.565406 -0.742997
4.491065 0.752336 -0.630964
4.612536 0.794473 -0.641941
5.016959 0.747454 -0.673784
4.679465 0.811682 -0.733613
4.809798 0.868783 -0.653701
7.365023 2.438340 -1.023289
3.417938 2.727467 -0.681486
3.774584 2.873618 -0.724603
4.006366 2.940537 -0.801033
4.205033 3.004729 -0.839170
4.226273 3.092799 -0.884797
4.017317 3.924098 -0.748954
5.495032 4.391458 -0.967629
5.759146 4.496168 -0.946758
6.336073 4.657517 -1.110280
3.788604 5.948824 -0.988241
4.085908 6.044096 -0.997180
4.341433 6.125122 -1.052946
4.595931 6.210537 -1.118990
4.686760 6.260870 -1.025531
5.066493 0.584237 -0.486603
4.441144 0.746694 -0.415216
4.627583 0.804146 -0.482946
5.025618 0.741603 -0.508275
6.978285 1.331349 -0.664491
7.325715 1.426957 -0.598032
4.696017 0.844171 -0.427300
4.831561 0.880125 -0.531357
7.313686 1.628210 -0.656932
6.507934 1.922680 -0.634353
6.618698 1.965935 -0.715167
6.318350 2.228978 -0.687458
7.106337 2.468160 -0.690966
7.050051 2.499390 -0.639750
3.434809 2.754863 -0.468013
3.656165 2.823965 -0.584890
3.904700 2.918541 -0.609845
4.099288 2.971131 -0.615904
4.240213 3.029852 -0.607268
4.083899 3.959469 -0.485488
6.580883 3.088246 -0.537066
-0.954110 2.030361 -0.694115
6.950541 -2.318994 -0.863462
7.226744 -2.241938 -0.911883
7.542603 -1.685722 -0.953474
6.678067 -1.702065 -0.889514
7.904691 0.170437 -1.076584
6.168943 0.331375 -0.993168
6.249939 0.373126 -1.008384
8.522380 0.859389 -1.136779
6.763209 0.728365 -1.048140
6.420362 0.899931 -1.065370
7.012399 1.049338 -1.078922
6.492208 1.008022 -1.080971
2.489779 1.563478 -0.857870
3.696347 2.782336 -0.873563
3.974942 2.903905 -0.870798
0.080168 2.148457 -0.559614
-0.024441 2.559169 -0.598934
0.620847 2.794187 -0.611948
5.430172 4.353660 -1.122002
3.760955 5.910132 -1.164852
4.075222 5.999753 -1.204057
4.396759 6.052249 -1.239541
4.318888 6.074392 -1.148064
4.630671 6.204970 -1.208655
8.536387 0.887191 -1.112013
5.134316 0.261643 -0.578518
5.100032 0.452305 -0.742704
5.265488 0.495126 -0.749287
4.654839 0.781862 -0.574516
6.619409 1.756315 -0.979699
6.454193 1.868484 -0.932265
3.328469 2.673897 -0.713707
3.636072 2.773267 -0.609404
3.961684 2.877857 -0.864050
4.036177 2.940529 -0.771026
3.958814 3.898796 -0.692684
5.869401 4.485710 -1.012457
6.264704 4.625249 -1.040260
3.834499 5.964820 -0.925911
4.151962 6.064586 -0.937860
4.469943 6.176758 -0.953641
4.698960 6.222838 -1.068658
5.022426 6.348312 -1.098781
3.273271 6.411467 -0.981513
6.789812 -2.287519 -0.286210
5.125902 0.313554 -0.440124
5.092199 0.442591 -0.506598
6.769281 1.135918 -0.675529
4.714702 0.814597 -0.430393
7.305740 1.550732 -0.697664
6.667754 1.709820 -0.633243
6.679846 1.685559 -0.698783
7.225075 1.808880 -0.607658
6.548300 1.872996 -0.667088
6.636167 1.841515 -0.687936
7.157977 2.025713 -0.604998
7.094357 2.280102 -0.669886
6.257045 2.242193 -0.701915
3.937705 2.867588 -0.600902
4.112396 2.960221 -0.615655
1.082678 2.965776 -0.212759
1.570373 3.110538 -0.253409
4.208901 3.845687 -0.681340
3.289710 6.396785 -0.601630
7.156685 1.116084 -0.453856
6.503377 1.871040 -0.489682
8.339201 -0.617662 -0.975307
6.809203 0.274632 -1.020710
6.864815 0.386191 -1.029263
7.029051 0.480921 -1.048997
7.079560 0.587136 -1.058204
2.671728 1.488482 -0.887390
3.802131 2.851169 -0.892573
4.060401 2.953583 -0.917483
-0.115233 2.613505 -0.691467
0.538493 2.834499 -0.690666
4.036422 3.751768 -1.068187
5.418146 4.349275 -1.137576
6.886385 -2.247705 -0.643603
7.145438 -2.193624 -0.670716
6.208704 -1.788734 -0.539451
8.354602 -0.351813 -0.879043
5.933719 -0.489959 -0.724481
5.289046 -0.268960 -0.653883
5.193419 0.051059 -0.617680
5.145918 0.217467 -0.592618
6.927174 0.693213 -0.786262
6.668126 0.967431 -0.705471
7.350318 1.490949 -0.794696
6.655173 1.691093 -0.853462
6.484783 1.868810 -0.761776
6.607621 1.840243 -0.783386
3.359108 2.653333 -0.637800
3.515673 2.753707 -0.637367
3.841641 2.858414 -0.657019
4.017169 2.905217 -0.765768
0.290282 2.725950 -0.584000
6.919013 4.848189 -1.074399
3.660631 5.924488 -0.948265
6.713256 -2.301531 -0.224097
7.110595 -2.160681 -0.341179
7.301553 -2.100809 -0.391407
7.960926 -0.706785 -0.541479
5.623299 -0.725018 -0.502064
5.246342 -0.139184 -0.457161
5.278700 -0.137345 -0.479229
5.196187 0.054034 -0.449205
7.666182 0.318402 -0.503975
5.151569 0.230945 -0.439280
5.050815 0.526793 -0.436878
5.000940 0.697694 -0.438028
6.804719 1.239867 -0.623949
7.397027 1.231619 -0.632125
7.295884 1.526354 -0.606688
7.346295 1.532075 -0.730703
6.662120 1.710908 -0.657851
7.258518 1.745125 -0.636282
6.629521 1.852137 -0.615304
7.183364 1.904088 -0.581583
6.483273 2.149666 -0.657769
7.143547 2.161355 -0.580494
3.778787 2.845625 -0.615297
0.566309 2.843730 -0.282900
1.101041 3.016343 -0.303210
1.626928 3.138235 -0.337885
4.007930 3.971960 -0.473869
4.096226 3.893297 -0.489573
4.096248 6.015511 -0.697585
4.565962 6.222348 -0.704034
5.921727 4.451043 -0.631099
6.174671 4.613837 -0.657580
5.845362 -0.729023 -0.831650
6.800054 -0.064446 -1.036982
6.915110 0.042250 -1.058507
7.072271 0.146737 -1.081687
2.492285 1.441883 -0.905990
-0.902403 1.860172 -0.687800
-0.155353 1.955904 -0.554575
4.009947 2.864111 -0.946576
-0.367758 2.439299 -0.592311
3.964728 3.815093 -1.110452
1.927747 8.754474 -1.175382
6.938909 -2.248428 -0.675653
7.178160 -2.190695 -0.690961
6.158360 -1.826698 -0.605600
5.562122 -0.802386 -0.618300
5.802344 -0.723081 -0.672824
8.359295 -0.528804 -0.952436
5.348723 -0.470943 -0.639894
5.310185 -0.300019 -0.688094
5.259177 -0.108729 -0.667098
5.136739 0.269378 -0.604676
5.107407 0.368225 -0.613433
7.120616 0.529244 -0.821069
5.008290 0.609385 -0.685444
3.444689 2.691825 -0.708784
3.581938 2.761260 -0.839596
4.015046 2.884361 -0.858021
5.804542 4.467202 -1.009654
3.733803 5.908228 -0.898614
4.085229 6.041977 -0.910578
4.444385 6.162606 -0.922333
6.862006 -2.264691 -0.334616
7.087708 -2.208936 -0.369078
5.355981 -0.449562 -0.530262
5.321124 -0.299096 -0.498977
5.259013 -0.071617 -0.495030
5.140907 0.222158 -0.482752
5.113229 0.346306 -0.496225
5.038924 0.613878 -0.494661
7.293578 1.412174 -0.700569
6.701031 1.595128 -0.687629
7.225075 1.718040 -0.669006
6.053202 4.549658 -0.698971
6.326897 4.673110 -0.735577
6.613654 4.764935 -0.772211
6.849758 -2.274944 -0.289786
7.488699 -0.075649 -0.422193
7.127769 -0.844119 -0.993247
7.915749 -0.499819 -1.061719
5.313967 -0.313894 -0.852102
6.970278 -0.268658 -1.057377
7.088366 -0.210632 -1.062047
7.243525 -0.047717 -1.090984
4.972716 0.799138 -0.887764
6.006165 2.727240 -1.144719
4.022209 3.823812 -1.088751
5.467025 4.377505 -1.184459
5.734112 4.435017 -1.200295
6.010422 4.550373 -1.232149
6.352605 4.668968 -1.220942
3.662834 5.903386 -1.115639
4.045417 6.017251 -1.160645
4.425557 6.124617 -1.208061
6.924139 -2.267134 -0.680557
6.214879 -1.789870 -0.603125
5.471412 -0.829476 -0.714218
5.672648 -0.747319 -0.697495
5.409121 -0.582615 -0.686913
5.740883 -0.699960 -0.680817
5.353518 -0.402896 -0.678597
7.824143 -0.132554 -0.753940
5.280573 -0.146724 -0.635870
7.090804 0.063417 -0.782768
6.942067 0.360818 -0.758288
7.640280 0.413387 -0.787492
5.013082 0.647022 -0.648738
4.970955 0.818729 -0.816349
3.319247 2.686214 -0.796330
0.775353 2.834946 -0.538391
5.770536 4.452347 -1.096930
6.482155 4.717103 -1.120983
3.269548 6.431995 -0.870874
6.336464 -1.734024 -0.509428
5.528684 -0.786174 -0.447604
5.849864 -0.698123 -0.537754
5.427688 -0.592559 -0.475968
5.872965 -0.681810 -0.551654
5.365935 -0.380589 -0.503869
5.272381 -0.119990 -0.484436
5.202559 0.137368 -0.452912
5.253213 0.004067 -0.431359
6.944641 0.363187 -0.599705
6.961437 0.376899 -0.572744
5.155591 0.299495 -0.482763
7.469903 0.913765 -0.665101
4.983757 0.810782 -0.508635
7.293509 1.755729 -0.799941
0.475812 2.801033 -0.251349
1.008931 2.978848 -0.275901
4.118846 3.926617 -0.670393
3.909181 5.986423 -0.833702
3.976376 6.039282 -0.689395
4.325480 6.124357 -0.783974
7.581754 -0.330308 -0.428771
7.192179 0.845263 -0.485623
7.288540 -0.902416 -0.972157
5.587326 -0.778599 -0.881779
6.769054 -0.675519 -0.966183
6.974236 -0.597294 -1.012400
7.185318 -0.468772 -1.039941
7.995692 -0.323085 -1.040306
8.324328 -0.464911 -1.033205
9.923507 1.254732 -1.289259
6.098033 2.485070 -1.135238
5.932058 2.599728 -1.171878
5.603042 4.428387 -1.147042
3.780736 5.936378 -1.304679
4.235644 6.085350 -1.320694
6.858681 -2.275073 -0.660000
6.455595 -1.688796 -0.698314
5.493405 -0.728317 -0.679626
5.726003 -0.695052 -0.669487
7.643034 -0.490798 -0.935948
5.351693 -0.361894 -0.628499
7.738689 0.071151 -0.764423
5.222731 0.037840 -0.617463
7.543894 0.845385 -0.792479
4.977273 0.788405 -0.804859
5.131126 4.276181 -1.000826
5.369859 4.340028 -1.056755
5.649988 4.451334 -1.066213
5.941783 4.546837 -1.086029
6.197804 4.622270 -1.155352
6.296443 4.652161 -1.059469
2.099075 8.845145 -1.150087
6.210232 -1.753600 -0.397180
6.486317 -1.691633 -0.417456
5.525943 -0.853602 -0.362471
5.485607 -0.713530 -0.507390
5.741995 -0.676129 -0.490669
5.332029 -0.363140 -0.449815
5.413512 -0.528904 -0.456382
7.809306 -0.212343 -0.608820
5.287954 -0.135744 -0.456560
5.325629 -0.237337 -0.500861
7.726650 0.063002 -0.625450
5.265884 -0.031945 -0.470898
5.331363 -0.000311 -0.477629
6.913613 0.351372 -0.696515
7.659701 0.351170 -0.606563
7.618120 0.592041 -0.623800
6.934911 0.776717 -0.648312
7.453468 0.809173 -0.536270
7.541825 0.844438 -0.665234
4.330900 0.643289 -0.312547
4.999879 0.777040 -0.553474
7.485804 1.071634 -0.648001
6.355918 2.143397 -0.728712
4.030910 2.511542 -0.467771
3.451007 2.782930 -0.453303
3.969795 2.929783 -0.505966
7.610714 -0.516625 -0.391176
7.289927 0.588310 -0.466102
7.270705 0.755086 -0.485967
6.030123 -2.118777 -0.811674
6.128712 -1.817149 -0.828658
7.628438 -1.024484 -1.000407
7.903371 -1.023666 -1.067626
6.951417 -0.949249 -0.989001
7.143616 -0.865359 -1.035040
7.285142 -0.797579 -1.056263
7.202624 -0.630663 -0.984736
7.970418 -0.569346 -1.040331
5.271650 0.168493 -0.875303
5.013247 2.311687 -1.062494
5.495374 2.623702 -1.126466
2.593852 2.759380 -0.794139
5.098928 4.228884 -1.155880
5.388937 4.333285 -1.206377
5.679797 4.472512 -1.266686
5.923666 4.554384 -1.231513
3.834583 5.964792 -1.252393
4.256764 6.113164 -1.275212
6.495700 -1.661454 -0.586954
5.410525 -0.473743 -0.672178
5.347763 -0.296089 -0.613675
5.233737 0.061828 -0.724354
7.719239 0.245874 -0.813287
5.196771 0.166697 -0.689727
7.640852 0.569976 -0.965097
5.094280 0.466813 -0.608290
7.519096 0.829123 -0.833777
5.031056 0.614168 -0.652468
7.533196 0.885369 -0.866641
6.257349 2.384094 -1.068996
6.424397 2.310132 -1.057904
3.964906 3.923351 -0.960588
5.145844 4.311039 -1.013586
5.447275 4.405829 -1.033050
5.708129 4.498456 -1.099904
6.186356 4.643808 -1.147409
6.335405 -1.680899 -0.390064
6.453074 -1.679728 -0.401264
5.600258 -0.941610 -0.375005
5.453064 -0.658061 -0.456057
5.546753 -0.806623 -0.407534
7.266546 -0.471927 -0.633274
5.407276 -0.461812 -0.396090
7.359078 -0.395725 -0.619612
7.867998 -0.242335 -0.651800
5.348642 -0.344068 -0.446152
7.672011 0.100286 -0.545308
7.774547 0.040237 -0.674644
7.648763 0.300818 -0.554541
7.701045 0.258694 -0.647292
5.191442 0.192925 -0.453060
5.076908 0.517956 -0.456417
5.141155 0.376862 -0.445636
6.880923 0.773778 -0.672830
7.547280 0.848764 -0.585203
8.503644 0.847446 -0.853470
5.014128 0.652117 -0.475872
7.493434 0.987868 -0.757330
3.324232 2.691323 -0.366293
4.101132 2.953227 -0.458450
4.007576 3.664680 -0.520235
3.999457 6.048131 -0.730573
4.419998 6.192148 -0.779306
7.385215 0.297353 -0.486597
6.926384 0.350496 -0.455333
7.344371 0.441696 -0.493263
6.047398 0.831986 -1.733527
6.394325 -1.707961 -0.802639
7.150574 -1.557258 -0.958097
7.292914 -1.577860 -0.969076
7.515507 -1.321482 -0.949855
7.088357 -1.197502 -0.999057
5.284899 -0.113427 -0.842081
5.212606 0.146418 -0.818582
5.256478 0.041288 -0.794229
4.941929 2.183130 -1.030867
5.449399 2.538371 -1.096064
6.285117 2.430505 -1.077341
5.636748 2.659614 -1.124508
4.014506 3.867199 -1.092826
5.821916 4.418913 -1.279989
3.594630 5.901410 -1.129546
3.924434 6.003888 -1.238072
4.040644 6.050840 -1.151199
4.371156 6.135444 -1.272572
3.226049 6.408012 -1.279111
5.943458 -2.562668 -0.660505
5.865555 -2.221384 -0.614931
5.590924 -2.032766 -0.599296
5.825779 -2.141297 -0.624880
6.429598 -1.671425 -0.562084
5.494431 -0.686550 -0.535303
5.445892 -0.581024 -0.604499
7.906255 -0.264879 -0.797755
5.380115 -0.315687 -0.651267
7.858105 -0.084539 -0.822690
5.295725 -0.060512 -0.695678
7.772845 0.230954 -0.830954
5.214954 0.196229 -0.581279
7.720198 0.412277 -0.853422
5.108931 0.435178 -0.626588
5.028855 0.748788 -0.701608
7.578104 0.873156 -0.886692
6.478064 2.349159 -1.065131
4.087395 3.966055 -0.891071
5.029018 4.287943 -0.937937
5.578118 4.454555 -1.065707
3.918133 6.003128 -0.908784
4.356076 6.146948 -0.962400
3.220410 6.408763 -0.898301
6.428077 -1.687201 -0.424201
6.524917 -1.637157 -0.413308
5.744914 -1.188892 -0.374923
5.614808 -1.025737 -0.363739
5.688692 -1.097876 -0.339655
5.541290 -0.738654 -0.420878
5.541626 -0.610972 -0.474287
7.327174 -0.414893 -0.615958
7.882596 -0.195658 -0.590695
7.785885 0.020001 -0.591440
7.846777 -0.038950 -0.652505
5.308702 -0.039577 -0.462811
7.735206 0.285379 -0.599016
7.782053 0.232175 -0.721084
5.231730 0.212471 -0.434851
7.694448 0.441134 -0.592033
5.166417 0.409188 -0.438534
7.607898 0.800004 -0.673984
3.966258 2.894903 -0.414560
4.124032 2.984921 -0.431678
4.188237 3.052471 -0.429873
7.833434 0.094737 -0.531962
7.537025 0.135601 -0.499347
6.065306 0.715465 -1.731035
7.353748 -1.678159 -0.964084
7.603698 -1.455276 -0.966023
7.741526 -1.417942 -1.012981
8.022669 -1.191109 -1.048328
5.384108 -0.473237 -0.793511
5.300870 -0.106512 -0.816624
5.345382 -0.269486 -0.787535
5.288184 -0.050914 -0.774186
5.395718 0.225149 -0.842697
6.215052 1.337241 -1.044908
6.340010 3.447205 -1.198521
3.634146 5.862283 -1.080372
4.074594 6.035975 -1.123688
5.755872 -2.096380 -0.588607
5.859404 -2.122233 -0.563853
5.637243 -2.010258 -0.534588
6.517072 -1.695816 -0.539927
6.301170 -1.708698 -0.550753
6.492477 -1.670654 -0.542126
5.531894 -0.713467 -0.482132
5.421597 -0.416916 -0.624041
7.881898 -0.071058 -0.811060
5.367293 -0.234342 -0.640838
7.813168 0.155564 -0.818997
5.249953 0.093592 -0.562119
7.733346 0.363145 -0.828559
5.439542 0.232811 -0.670607
5.542698 0.281910 -0.679030
6.589223 1.996911 -0.943280
6.412137 2.373517 -1.024672
3.911345 2.859014 -0.795590
3.977078 3.677221 -0.758063
5.486091 4.435631 -0.879096
5.823126 4.551661 -0.907004
3.740180 5.942615 -1.005921
4.195858 6.092036 -1.032998
6.422707 -1.701121 -0.371536
6.319993 -1.705076 -0.381726
6.468243 -1.662726 -0.381200
6.590348 -1.637537 -0.409907
5.686574 -1.102514 -0.377099
5.597284 -0.858299 -0.347742
7.983809 -0.353416 -0.606782
5.418115 -0.343864 -0.465040
7.834101 -0.059163 -0.613921
7.888489 -0.152576 -0.602390
5.358809 -0.139982 -0.355039
5.388945 -0.224664 -0.423300
7.784735 0.141407 -0.614296
5.303162 0.007120 -0.405325
5.360317 -0.055254 -0.344144
7.746874 0.345134 -0.638825
5.217904 0.219756 -0.476346
5.128604 0.447190 -0.475874
7.828947 0.822948 -0.689670
6.396130 4.661181 -0.770335
7.573936 -0.118336 -0.470148
7.539754 0.050007 -0.481812
8.805452 -0.152153 -1.088405
7.798383 -0.921502 -1.020418
7.961217 -0.538657 -1.062196
7.903128 -0.203852 -1.022725
8.079481 0.098679 -1.090250
8.899684 1.344954 -1.265128
7.599578 -0.182895 -1.089989
7.961421 0.194202 -1.061806
8.032433 0.366172 -1.123875
7.553575 -0.052092 -1.088152
7.898286 0.446453 -1.092735
5.729400 -2.076306 -0.676101
5.496428 -0.123872 -0.828741
5.265268 -0.050692 -0.826166
5.352503 0.210322 -0.876744
7.388245 -2.056576 -0.686075
7.309706 -2.102237 -0.693753
6.505342 -1.671568 -0.555411
7.835957 0.033928 -0.765306
7.820389 0.129556 -0.791975
5.862888 -2.121663 -0.546407
6.343360 -1.699680 -0.536923
7.751113 0.337438 -0.779344
5.687012 -2.029171 -0.551270
7.593641 0.800865 -0.842104
5.509461 -0.665392 -0.554171
5.395642 -0.358952 -0.724184
5.356799 -0.247305 -0.673409
5.282116 -0.036927 -0.641052
5.341754 0.200291 -0.707510
5.489653 0.275655 -0.715727
5.218644 0.154595 -0.638283
3.589878 5.857663 -1.052624
3.736974 5.924999 -0.996240
3.888802 5.992204 -1.091815
7.343657 -2.087226 -0.443145
7.987892 -0.423781 -0.656654
7.892723 -0.117155 -0.667699
6.418615 -1.695547 -0.398061
6.537994 -1.654112 -0.406484
7.827584 0.003170 -0.610925
7.824073 0.125409 -0.685884
6.335513 -1.691939 -0.399455
7.723488 0.342379 -0.623737
7.609004 0.707954 -0.654352
6.972238 0.350800 -0.608386
7.519749 0.917101 -0.599362
7.566566 0.917339 -0.692436
5.577819 -0.826798 -0.321007
5.629512 -0.704952 -0.361401
5.526336 -0.713933 -0.395731
5.487910 -0.587809 -0.385230
5.411271 -0.401206 -0.423029
5.365584 -0.211735 -0.452700
5.296478 -0.031819 -0.452380
5.200933 0.232505 -0.475437
4.022347 2.940196 -0.583190
3.445587 2.745610 -0.650904
3.735452 2.838818 -0.561641
3.980752 3.624608 -0.746321
3.985398 3.931533 -0.771098
4.202601 6.090306 -1.028170
7.749851 0.123290 -0.495702
7.543018 -0.055120 -0.448311
7.513779 0.065053 -0.459441
6.697427 1.952054 -0.534894
6.839076 2.894169 -0.687567
6.490088 3.309746 -0.630905
6.346111 4.725126 -0.811678
8.710923 -0.225520 -0.988374
6.989487 0.892089 -1.070578
6.331242 2.356368 -1.150675
6.758303 1.060043 -1.060325
6.537681 0.741679 -1.075421
6.442711 1.225758 -1.065843
6.226327 1.272734 -1.058026
5.590878 2.704955 -1.151467
7.777293 0.783936 -0.749556
3.949897 5.978427 -1.299543
3.239375 6.370249 -1.356020
6.519145 -1.691964 -0.516623
5.604225 -0.118235 -0.782374
5.413857 0.185914 -0.782882
5.439400 0.230258 -0.776001
6.386327 -1.718522 -0.565598
5.499279 -0.475898 -0.589786
5.225772 0.187428 -0.765966
5.471797 -0.751296 -0.618884
5.473967 -0.596625 -0.607532
5.338247 -0.311211 -0.622736
5.717335 -2.140508 -0.610053
6.542922 4.749903 -0.889218
6.932255 2.755916 -0.698841
6.915091 2.811221 -0.652197
6.723945 3.146636 -0.678232
5.816346 4.519072 -0.834055
7.761477 0.872049 -0.688015
5.727255 4.482264 -0.788201
7.780567 0.086934 -0.596368
7.737599 0.243614 -0.593750
7.697292 0.371842 -0.612615
7.570971 0.809348 -0.715312
5.439265 4.393429 -0.796527
7.951326 -0.491342 -0.532049
7.849655 -0.253735 -0.542158
7.773919 -0.092138 -0.565005
5.100022 4.258935 -0.778095
4.153052 6.064209 -0.946624
6.864615 0.787332 -0.628041
6.565978 1.592320 -0.557972
7.289750 -0.477957 -0.567722
3.698296 5.914234 -0.927434
4.178892 3.857353 -0.713356
4.080185 3.349570 -0.661154
3.993680 3.610646 -0.731362
6.498855 -1.683434 -0.349431
3.990824 2.932804 -0.658478
6.391619 -1.707319 -0.422781
5.258406 -0.036280 -0.523953
5.174384 0.141125 -0.495718
5.092621 0.347752 -0.391690
3.711012 2.833725 -0.643946
5.640434 -1.162983 -0.329906
5.452618 -0.694852 -0.431975
5.400938 -0.532714 -0.450090
5.234311 -0.020169 -0.481375
3.508479 2.762988 -0.653466
3.356515 2.723649 -0.617398
2.790886 2.818650 -0.592136
6.542008 4.759399 -0.821917
6.390565 4.704802 -0.795996
5.830496 4.540850 -0.702538
6.546243 3.085559 -0.595249
6.336668 3.498972 -0.608904
5.666014 4.484107 -0.660907
6.048323 3.394919 -0.614222
5.429696 4.401523 -0.660868
6.651116 1.886906 -0.473290
5.254457 4.350924 -0.708559
4.179155 6.095288 -0.762617
5.032210 4.266139 -0.639116
3.968484 6.025214 -0.782558
3.657523 5.927404 -0.691624
3.563217 5.909342 -0.744664
4.649697 3.148673 -0.615908
4.024504 3.934640 -0.623818
4.119296 3.101153 -0.565323
4.098111 3.315907 -0.551143
4.002039 3.583879 -0.497823
4.000699 2.947739 -0.506390
3.741184 2.861630 -0.504218
3.444999 2.761810 -0.485786
3.227842 2.692643 -0.521105
2.869219 2.865701 -0.477199
6.391524 -3.019969 -3.016633
5.751832 4.482780 -1.161016
5.426066 4.352354 -1.156449
5.098119 4.273641 -1.163948
3.962659 2.609184 -1.055011
6.453998 2.001220 -1.074673
7.201932 1.517496 -1.133069
5.600153 0.728750 -1.017724
5.431960 0.679323 -1.017697
5.360253 0.425939 -0.910116
5.308284 0.543798 -0.983103
5.127186 0.191793 -0.928178
5.383756 -0.370250 -0.881562
6.812521 -2.140540 -0.898082
6.078181 -2.171474 -0.864054
7.695619 0.369543 -0.770885
6.936104 0.405281 -0.750505
7.788009 0.094757 -0.723588
6.939126 0.337442 -0.729326
5.424336 0.249527 -0.804219
5.286782 0.184513 -0.862708
7.857739 -0.121152 -0.712962
5.221389 0.046058 -0.717340
5.321782 -0.232661 -0.673447
5.293016 -0.161017 -0.798282
5.393206 -0.447546 -0.702137
5.492445 -0.653717 -0.618114
6.417119 -1.698993 -0.680388
5.755085 -2.105446 -0.603022
6.971481 -2.218430 -0.632559
5.754658 -2.122771 -0.598721
3.276534 6.428528 -0.880924
4.333889 6.160338 -0.821693
3.960134 6.018603 -0.828763
3.551966 5.907290 -0.794542
5.552256 4.483633 -0.679146
3.985056 2.943524 -0.573093
3.895927 2.925891 -0.646097
3.640454 2.841892 -0.603757
2.811360 2.844969 -0.540640
3.364925 2.726073 -0.575383
6.291746 2.201096 -0.747973
7.549065 0.851654 -0.700667
7.584859 0.706187 -0.601689
7.070277 0.805861 -0.637295
4.903246 0.914978 -0.458266
7.712192 0.346512 -0.586474
6.937183 0.390766 -0.557902
5.087042 0.480298 -0.465905
7.744166 0.195945 -0.609542
5.135115 0.284204 -0.485668
7.838294 -0.092197 -0.635595
7.765632 -0.009418 -0.596270
5.215224 0.061735 -0.497221
5.328943 -0.311854 -0.363099
5.293655 -0.181812 -0.559924
5.422148 -0.506588 -0.466542
5.464299 -0.661186 -0.383164
6.343109 -1.609330 -0.391269
6.422161 -1.692635 -0.518546
5.161262 0.273145 -0.381850
5.242180 0.036694 -0.363877
5.339455 -0.201672 -0.340679
5.300827 -0.126725 -0.351704
5.408792 -0.470999 -0.340994
5.441141 -0.656184 -0.334515
7.874417 2.253539 -1.140583
6.510315 1.463578 -1.106532
6.240620 1.502036 -1.099299
5.333296 0.908412 -1.046195
5.398052 0.414012 -0.993047
5.478910 0.253711 -0.938965
5.380213 0.199928 -0.966659
5.149597 0.140541 -0.984559
5.228817 0.014566 -0.926723
4.415234 6.144329 -1.018657
6.669709 4.779082 -0.943259
5.163994 4.270250 -1.042173
4.052100 2.894872 -1.076970
6.407978 2.364077 -1.009272
7.456245 1.192172 -0.843432
7.604426 0.746419 -0.765945
5.492235 0.248894 -0.805584
5.322258 0.171090 -0.821463
5.184106 0.133129 -0.770808
7.713582 0.401132 -0.729874
5.257735 -0.007871 -0.768956
7.751238 0.271825 -0.709470
5.315208 -0.190353 -0.775133
5.470465 -0.585185 -0.753331
5.478781 -0.690774 -0.761706
6.457549 -1.710762 -0.689444
5.657384 -2.087805 -0.760699
5.759264 -2.098809 -0.763979
4.345284 6.105797 -0.824067
3.976103 5.950526 -0.990687
3.805461 5.907376 -0.822378
6.756042 4.817822 -0.905387
6.686233 4.809228 -0.761493
6.389013 4.704170 -0.869809
3.949254 3.884757 -0.654010
4.178749 2.974207 -0.592376
3.930625 2.893348 -0.597723
3.726391 2.812187 -0.608468
3.336754 2.723246 -0.627865
6.854577 3.061790 -0.752484
7.553768 0.874595 -0.626998
5.146356 0.367659 -0.606293
5.102495 0.415669 -0.606824
7.596737 0.790594 -0.707352
5.201847 0.148706 -0.605452
5.174767 0.178379 -0.642962
7.616005 0.535162 -0.569182
5.253088 0.012111 -0.532725
5.332190 -0.201590 -0.558017
5.424668 -0.483703 -0.561801
7.365724 -0.428269 -0.600119
5.483982 -0.688293 -0.414421
7.994109 -0.499566 -0.618313
5.624734 -1.039850 -0.406126
6.473690 -1.716333 -0.505311
6.344872 -1.757432 -0.479476
3.548879 2.778996 -0.568959
5.259978 0.010162 -0.410116
5.327465 -0.147481 -0.401661
5.477685 -0.685535 -0.372928
5.624166 -0.960881 -0.352406
5.642066 -1.117196 -0.343185
4.047932 6.012558 -1.207021
3.599106 5.889501 -1.218648
4.170375 2.947241 -1.086417
5.035287 0.946404 -1.026211
5.337470 0.465444 -0.951134
5.364842 0.224051 -0.978454
5.241644 0.149722 -0.941406
5.396221 -0.519602 -0.884892
7.020142 -2.301040 -0.908890
6.464356 4.728686 -0.861865
4.062134 2.919252 -0.885285
6.408937 2.358216 -0.970552
6.663496 1.811133 -0.873508
7.463048 1.022404 -0.714533
5.059511 0.491539 -0.710474
7.776333 0.584620 -0.832644
5.451669 0.258047 -0.772374
5.223852 0.159493 -0.780736
7.680740 0.398077 -0.732344
5.230329 -0.034355 -0.748927
5.309237 -0.295935 -0.696484
5.381596 -0.498910 -0.775363
5.435198 -0.671483 -0.687900
6.497081 -1.677404 -0.765304
6.469202 -1.664300 -0.737923
6.342692 -1.733737 -0.586825
5.784328 4.528057 -0.805012
4.069532 2.955699 -0.544855
3.789061 2.883875 -0.550158
3.509026 2.788729 -0.554495
6.631731 1.921207 -0.616254
7.327508 1.418653 -0.621935
7.476961 1.063988 -0.661458
7.387081 1.123553 -0.559756
5.008771 0.590992 -0.580119
6.854805 0.787791 -0.658048
5.080202 0.403562 -0.570050
7.557438 0.756258 -0.561386
5.161623 0.204294 -0.518171
7.604824 0.516343 -0.546234
5.247263 -0.009210 -0.523260
5.299119 -0.253259 -0.563234
5.505799 -0.460557 -0.425538
5.392393 -0.485225 -0.425618
7.271361 -0.429150 -0.564721
5.523425 -0.683643 -0.386883
6.412459 -1.730325 -0.524478
6.869365 -2.226602 -0.401349
4.154574 2.986430 -0.516411
3.834695 2.912252 -0.518553
3.798643 2.888710 -0.521785
5.166244 0.204204 -0.396672
5.237889 0.020139 -0.381387
5.332748 -0.378237 -0.383530
5.382389 -0.514543 -0.375508
5.494406 -0.865469 -0.363786
6.401783 -1.249286 -1.759198
6.009337 3.336409 -1.131745
5.538967 3.287680 -1.108785
6.242259 3.279484 -1.130576
6.322688 1.776438 -1.083731
4.949301 1.200521 -1.014983
4.760607 1.124670 -1.012128
5.236925 0.783057 -1.019865
5.147401 0.745185 -1.035993
5.318034 -0.295644 -0.909488
8.332949 -0.261723 -1.072268
3.221090 6.370944 -1.023074
6.634484 4.800337 -0.824800
2.935332 2.830591 -0.839359
2.648980 2.715058 -0.859593
3.843521 2.833641 -0.777828
6.432697 2.352574 -0.919208
6.380705 2.355849 -0.939781
7.470701 1.032078 -0.775021
4.999028 0.631478 -0.720976
5.479686 0.412531 -0.725241
5.047998 0.512189 -0.680312
7.556911 0.772471 -0.768109
5.163631 0.144365 -0.725676
5.238923 -0.078310 -0.725519
5.323052 -0.308189 -0.738919
7.834199 -0.140873 -0.765115
5.370445 -0.478190 -0.707303
7.898818 -0.289095 -0.689834
6.509443 -1.697723 -0.639557
6.297082 -1.751323 -0.652304
7.175360 -2.139907 -0.676480
6.718947 -2.328417 -0.636553
5.653388 4.467249 -0.726266
2.040770 2.987565 -0.491007
6.747234 3.482354 -0.731303
4.077079 2.934121 -0.479501
3.825220 2.852413 -0.481802
3.562614 2.764226 -0.482817
7.391053 1.278016 -0.669356
4.923770 0.814096 -0.553176
7.355696 1.230539 -0.606726
5.008458 0.609104 -0.558387
7.523700 0.879566 -0.617090
6.846014 0.761497 -0.645653
5.087903 0.412624 -0.537470
7.564105 0.766794 -0.682882
5.164581 0.210421 -0.524936
5.214651 -0.030430 -0.592283
5.451972 -0.268134 -0.449868
5.329260 -0.309717 -0.450408
5.378192 -0.486140 -0.498461
7.891577 -0.324996 -0.636800
5.573144 -0.869609 -0.418228
7.876022 -0.441653 -0.518650
5.716805 -1.012393 -0.527081
6.505282 -1.704439 -0.546846
6.364362 -1.767586 -0.586809
5.081917 0.409842 -0.391154
5.156761 0.262201 -0.389663
5.477484 -0.708747 -0.379834
2.228761 2.917963 -0.985780
5.540517 3.289623 -1.160077
6.716121 3.341494 -1.213174
6.411357 3.290760 -1.198756
8.408568 -0.053798 -1.081640
6.087494 -2.206815 -0.881640
4.238273 6.094190 -0.904772
3.753959 5.935261 -0.862906
6.957107 4.879110 -0.963475
6.244932 4.641940 -0.905232
5.974878 4.550368 -0.851053
2.002730 3.104861 -0.752991
1.821365 3.167279 -0.800425
1.424590 3.056611 -0.780607
2.871197 2.798561 -0.924552
6.438494 2.285272 -0.954847
4.969757 0.791089 -0.865329
5.010765 0.661432 -0.790585
7.550022 0.939568 -0.711678
5.078601 0.467669 -0.721204
5.209449 0.074770 -0.671335
5.262227 -0.045584 -0.788796
5.352340 -0.308983 -0.762644
7.803481 0.031686 -0.720724
7.898521 -0.229508 -0.743421
5.480342 -0.668944 -0.707671
6.513829 -1.652638 -0.626453
4.103028 6.029469 -0.848821
3.760514 5.940978 -0.639601
3.568800 5.946843 -0.791608
5.124762 4.190855 -0.761747
3.943920 3.897706 -0.570550
4.975893 0.788364 -0.658207
7.445127 1.105079 -0.611185
5.033391 0.668706 -0.557007
5.107625 0.452155 -0.529589
5.227377 0.107725 -0.609652
5.267106 -0.054730 -0.478899
5.316346 -0.193698 -0.474636
7.812571 0.004851 -0.655586
7.860334 -0.321919 -0.511128
5.563384 -0.756203 -0.552064
6.315775 -1.732657 -0.554796
7.358968 -2.113521 -0.589667
7.184468 -2.173125 -0.571763
5.044750 0.648534 -0.410026
5.097297 0.521369 -0.400201
5.264305 -0.082908 -0.392082
6.408792 4.721378 -1.076984
5.021297 4.178458 -1.031294
3.989066 3.885971 -1.069750
4.070863 3.723139 -1.094450
5.758010 3.705097 -1.174182
5.536620 3.681942 -1.159232
6.601712 3.469686 -1.184388
6.406847 3.577603 -1.190653
6.195632 3.630644 -1.184635
6.940644 3.378799 -1.199949
6.801071 3.399731 -1.192605
3.380256 1.846243 -0.973116
4.910955 1.740963 -1.040878
4.730799 1.712602 -1.028514
5.002600 1.305628 -1.023943
4.823823 1.219612 -1.035802
4.687477 1.079558 -1.023997
7.451270 -1.788433 -0.987282
7.297163 -1.904100 -0.969133
7.124289 -1.990891 -0.948695
6.969391 -2.124367 -0.939901
6.809455 -2.274274 -0.935420
4.487324 6.191160 -0.872203
4.096195 6.064766 -0.837268
6.335367 4.692161 -0.863867
6.037483 4.589390 -0.827535
5.808902 4.519577 -1.052982
5.273364 4.280383 -1.033887
1.571828 3.141949 -0.713527
1.134286 2.992148 -0.697016
0.620407 2.822506 -0.669286
0.581213 2.779008 -0.817566
2.625192 2.781163 -0.851136
4.121678 2.947490 -0.779211
4.479460 1.320959 -0.894720
4.556667 1.140670 -0.873990
4.635741 1.013345 -0.798518
4.944522 0.780163 -0.767108
5.307836 -0.140216 -0.647579
7.833749 -0.181246 -0.778003
5.965712 -0.470458 -0.717504
5.799345 -0.725437 -0.789061
7.195856 -2.166958 -0.603011
3.645855 5.966515 -0.604658
3.653582 5.926138 -0.807824
5.757594 4.493134 -0.794777
5.487800 4.406075 -0.765498
5.237190 4.244244 -0.731927
3.927253 3.878510 -0.536105
1.561823 3.131419 -0.503482
1.156910 3.009472 -0.500964
0.719291 2.854102 -0.550883
0.493489 2.789335 -0.465991
2.049389 2.960259 -0.511744
2.654633 2.803643 -0.653298
4.163787 2.968017 -0.670654
4.973018 0.845566 -0.554210
5.056140 0.461182 -0.580068
5.171928 0.223973 -0.434317
5.119411 0.276329 -0.484624
6.915169 0.411524 -0.553190
5.182745 0.125192 -0.504097
7.677665 0.197231 -0.652327
7.724451 0.007652 -0.528477
5.383118 -0.459465 -0.513972
5.724382 -0.716394 -0.550604
5.440701 -0.688118 -0.563196
0.877127 2.932446 -0.286319
0.746336 2.880969 -0.329821
0.282839 2.747124 -0.189933
5.119300 0.301815 -0.383701
4.300325 5.418931 -5.435143
6.001991 -0.434587 -1.726472
4.247452 6.091932 -1.219128
5.120044 3.935773 -1.150086
4.464445 3.758380 -1.091816
5.570821 3.852324 -1.156386
1.882686 2.965554 -0.912848
6.290426 3.537917 -1.177433
6.629620 3.423419 -1.184398
7.005966 3.155811 -1.190557
3.173751 2.278045 -0.957800
2.988273 1.905952 -0.929889
5.072859 2.146254 -1.043079
4.701222 1.990407 -1.020494
4.307930 1.724764 -0.993729
4.689217 1.512594 -1.028464
4.057119 1.475318 -0.956413
4.628356 1.392200 -1.013721
8.666668 0.323756 -1.107717
5.512801 -0.766876 -0.838263
7.397869 -1.632548 -0.963645
7.286713 -1.849608 -0.962464
6.604319 -1.799884 -0.840959
7.105918 -1.965335 -0.942144
6.910128 -2.055309 -0.918381
4.514563 6.185570 -1.051685
6.587771 4.781418 -0.966664
6.509930 4.758674 -0.984368
6.292935 4.670150 -0.921015
5.984150 4.581883 -0.898407
5.691482 4.487192 -0.886042
5.202965 4.344746 -0.839170
1.596812 3.118018 -0.806168
1.160520 2.958370 -0.811227
0.614132 2.792611 -0.821657
4.201385 2.973997 -0.919507
2.732425 2.779557 -0.831232
7.318799 1.622728 -0.770701
5.129547 0.356341 -0.645477
5.712596 -0.715665 -0.599223
5.506934 -0.763915 -0.613462
4.251377 6.138818 -0.581694
4.124869 6.048496 -0.649966
3.840717 5.959343 -0.653711
3.678823 5.923321 -0.644619
6.028516 4.594725 -0.573595
4.017654 3.671479 -0.467350
1.604141 3.140843 -0.552643
1.906844 3.020436 -0.466275
1.162871 2.991356 -0.514934
0.655046 2.820312 -0.419736
0.008845 2.596191 -0.442311
-0.989080 2.261461 -0.262210
4.247327 2.965503 -0.444563
2.697315 2.820101 -0.545344
-0.185797 2.199118 -0.477228
1.230877 1.539903 -0.349354
1.264434 1.480001 -0.309219
6.390492 2.154804 -0.686706
1.356842 1.181755 -0.321509
7.314077 1.632494 -0.686219
7.661528 0.404014 -0.675391
5.322440 -0.153524 -0.529367
5.374813 -0.364210 -0.547952
7.344551 -0.368357 -0.613284
5.789303 -0.685242 -0.508233
5.535350 -0.756541 -0.473276
6.066982 4.578286 -0.556090
1.429771 3.097611 -0.308848
1.374734 3.070771 -0.251798
0.924235 2.921450 -0.238775
0.796119 2.887479 -0.153921
0.389622 2.747396 -0.193085
0.207084 2.689739 -0.199544
-0.279038 2.527564 -0.162488
3.383240 2.739308 -0.406481
1.826657 1.872829 -0.312537
1.795376 1.663015 -0.235767
1.504244 1.645367 -0.290186
1.879314 1.650405 -0.211229
1.488509 1.347348 -0.274477
1.947064 1.366424 -0.210368
1.821732 1.382974 -0.229160
2.028903 1.103990 -0.202489
1.821686 1.108640 -0.213871
1.444128 1.049917 -0.258904
5.064787 0.625591 -0.362939
5.868114 -0.025971 -1.643263
4.486631 6.186547 -1.121968
4.204356 6.079955 -1.115565
3.863666 5.962633 -1.115012
5.024349 3.888366 -1.145360
4.636988 3.788040 -1.106282
5.800429 3.788579 -1.182197
5.419985 3.886856 -1.170885
6.144741 3.634025 -1.186490
5.941280 3.673322 -1.179381
6.438704 3.409250 -1.177569
6.291998 3.506572 -1.176814
6.036254 3.382306 -1.116416
6.590898 3.342241 -1.189986
5.657283 2.654049 -1.102938
4.675113 2.277040 -1.035106
4.529401 2.144103 -1.020442
4.200474 1.976030 -1.013474
4.020604 1.715523 -0.956918
3.958145 1.539986 -0.944765
7.251431 1.319671 -1.094457
7.329848 -1.893242 -0.958118
7.155184 -2.084971 -0.942969
7.219961 -2.179621 -0.936330
4.516384 6.189460 -1.039576
6.955637 4.905952 -1.114709
6.600260 4.783378 -1.057670
6.351134 4.694964 -1.004180
6.054543 4.604060 -0.971357
5.775159 4.516460 -0.949358
5.606104 4.458327 -0.886243
5.379854 4.388143 -0.853500
5.139596 4.255014 -0.839784
1.447998 3.052359 -0.831723
-0.365124 2.441105 -0.702457
4.047952 2.922519 -0.833320
2.629318 2.763077 -0.802438
-0.993200 2.092288 -0.696667
3.654977 2.802747 -0.754159
1.196534 1.473827 -0.582954
6.472762 1.875196 -0.730184
6.654365 1.722161 -0.755266
4.389041 1.208079 -0.816397
6.695135 1.635854 -0.734902
6.726163 1.351015 -0.846703
4.408554 0.725104 -0.775046
5.001176 0.680389 -0.800820
5.251484 -0.112913 -0.709609
5.772878 -0.681384 -0.718263
5.483448 -0.798036 -0.687530
6.521884 -1.711797 -0.809821
3.288336 6.410967 -0.641719
6.768456 4.853459 -0.691418
6.471098 4.747062 -0.655300
6.199026 4.656106 -0.622873
5.990258 4.590666 -0.603425
4.034027 3.910619 -0.529212
4.073385 3.462523 -0.514545
1.507905 3.103598 -0.419343
1.181322 2.996819 -0.372391
1.026691 2.941728 -0.395104
0.563570 2.784804 -0.331648
0.446908 2.747522 -0.414922
0.044261 2.605774 -0.312754
2.001143 2.960557 -0.396974
-0.246994 2.514344 -0.333183
-0.961726 2.183910 -0.225011
4.047276 2.944304 -0.643290
2.787379 2.825573 -0.415623
2.688553 2.780626 -0.493268
-0.175954 2.071784 -0.370931
-0.899249 1.917232 -0.242096
3.519288 2.731319 -0.544489
3.299783 2.708032 -0.433481
1.809447 1.875774 -0.328290
6.988984 2.510216 -0.750433
1.297842 1.431961 -0.278133
1.333048 1.206085 -0.270705
1.403174 0.995730 -0.268925
6.640093 1.773253 -0.667378
1.509591 0.718087 -0.261662
1.591942 0.445690 -0.254291
5.055951 0.565705 -0.372055
1.782403 -0.135483 -0.260842
5.192769 0.185637 -0.494767
5.229365 0.005015 -0.506677
7.755912 0.087907 -0.683166
7.833535 -0.153379 -0.674013
7.144595 -2.158850 -0.516913
6.916668 -2.262023 -0.488940
1.627302 3.145028 -0.258681
1.316453 3.050464 -0.225820
1.168675 2.993011 -0.222472
0.828742 2.884545 -0.200067
0.641609 2.807655 -0.179142
0.254385 2.694305 -0.157514
0.195999 2.674963 -0.197671
-0.031305 2.593482 -0.125043
-0.460294 2.457999 -0.116988
-0.526467 2.435982 -0.153679
-0.942124 2.119466 -0.207077
1.833038 1.843658 -0.205415
1.607566 1.716507 -0.233028
1.874389 1.648355 -0.192864
1.625728 1.441643 -0.222669
1.270601 1.517483 -0.268160
1.953976 1.382933 -0.188574
1.704223 1.171023 -0.214729
1.391965 1.197739 -0.253445
2.112646 1.041130 -0.181589
2.037774 1.173265 -0.189068
1.742157 0.909486 -0.203727
1.577616 0.902348 -0.243166
2.173601 0.796562 -0.172216
2.083120 0.930892 -0.184790
2.264816 0.563278 -0.165500
2.100039 0.688399 -0.176985
1.756053 0.636527 -0.212205
2.296646 0.395377 -0.166859
2.177193 0.349164 -0.169888
1.950324 0.417732 -0.187067
1.584787 0.301174 -0.210159
2.173254 0.079962 -0.156406
1.876583 0.072350 -0.199278
2.168023 -0.059199 -0.159290
4.094414 6.052525 -1.138350
5.455848 4.249011 -1.192558
5.252895 4.303824 -1.190287
5.059532 4.241080 -1.159248
4.844323 4.281041 -1.158786
6.026216 4.122526 -1.228029
5.584258 4.085246 -1.195622
6.332185 3.852209 -1.205806
6.024821 3.966756 -1.207927
6.525119 3.715113 -1.211496
6.755992 3.542651 -1.217694
2.589329 2.713351 -0.940837
3.261043 2.646234 -0.924858
4.414040 2.505503 -1.040292
4.203239 2.459994 -1.034124
4.663807 2.233648 -1.064670
3.904088 2.203079 -0.991996
3.840071 2.092800 -0.986102
6.613929 1.764461 -0.991280
7.225016 1.383116 -1.013534
8.503770 0.992656 -1.175208
-0.583455 -1.644325 -0.611994
7.115055 -1.317296 -0.955759
6.773647 -1.646103 -0.922471
6.544901 -1.693000 -0.891215
7.284905 5.008953 -1.138294
7.194814 4.976268 -1.126415
6.940662 4.899324 -1.073412
6.629627 4.780686 -1.015246
6.558446 4.766775 -1.023039
4.051657 3.902684 -0.803876
0.698779 2.818049 -0.738228
-0.025475 2.579054 -0.668752
4.063299 2.968858 -0.734348
3.814695 2.873971 -0.897901
3.773852 2.867975 -0.736358
3.470554 2.747760 -0.781693
2.578352 2.764014 -0.706133
-0.865777 1.831686 -0.641542
7.101683 2.285894 -0.802611
6.547473 1.894411 -0.859044
6.611664 1.802514 -0.875496
4.593090 1.106908 -0.849196
4.675801 0.898146 -0.832121
7.368793 1.184668 -0.925491
5.304744 0.488246 -0.663970
5.046416 0.606455 -0.640022
0.454659 -1.563015 -0.565677
7.224023 -2.147351 -0.565829
4.256503 6.118539 -0.649902
4.028049 6.034209 -0.651706
3.797503 5.971104 -0.635137
3.619800 5.902090 -0.651974
6.754478 4.850415 -0.685846
6.207541 4.662043 -0.622697
6.149192 4.582310 -0.627534
4.113978 3.346881 -0.489686
1.353006 3.065863 -0.384151
0.937789 2.939590 -0.355278
0.360798 2.739727 -0.322533
2.647187 2.769027 -0.417302
-0.778358 2.312500 -0.266127
-0.946171 2.142564 -0.240426
-0.857778 1.883678 -0.244974
7.057719 2.343620 -0.718979
3.530297 1.894707 -0.385391
1.241974 1.467996 -0.308088
6.462477 1.930205 -0.586348
6.585565 1.862125 -0.714072
1.349811 1.188685 -0.304582
1.427196 0.918438 -0.300484
6.731338 1.251255 -0.664115
1.514984 0.653990 -0.296266
1.598164 0.393618 -0.291883
5.087078 0.449303 -0.512761
2.301686 0.288543 -0.355727
5.111705 0.355627 -0.544460
5.198483 0.101405 -0.586321
1.850706 -0.385892 -0.274914
7.728461 0.181394 -0.669352
1.952782 -0.638371 -0.226431
5.969062 4.587941 -0.596403
1.596581 3.128208 -0.277974
1.417808 3.086849 -0.242601
1.100113 2.993087 -0.252974
0.908199 2.922714 -0.200059
0.567306 2.814817 -0.219266
0.521652 2.803835 -0.235048
0.284128 2.718455 -0.148388
-0.110609 2.588743 -0.185273
3.376707 2.748865 -0.346291
2.771827 2.841234 -0.332331
-0.490059 2.462413 -0.083721
-0.995523 2.299548 -0.092472
1.853171 1.817654 -0.203432
1.832034 1.648096 -0.207690
1.557406 1.708198 -0.238018
1.139834 1.628696 -0.281653
2.021973 1.308455 -0.186087
1.862281 1.441939 -0.211100
1.617056 1.442937 -0.227446
1.325645 1.385876 -0.275570
2.100308 1.068784 -0.178477
1.918708 1.196742 -0.205022
1.669774 1.184916 -0.215001
1.421003 1.097294 -0.261626
2.166759 0.835703 -0.168784
1.987610 0.978631 -0.198752
1.765389 0.923277 -0.195648
1.492202 0.816107 -0.246723
1.873427 0.690886 -0.185677
1.679915 0.541355 -0.232538
1.563292 0.561930 -0.238902
4.783626 0.850138 -0.359322
2.312987 0.420408 -0.201094
1.976775 0.458569 -0.179042
2.435830 0.171651 -0.147999
2.232605 0.307640 -0.177781
2.062635 0.213640 -0.172679
1.859723 0.037599 -0.214736
1.367398 0.191106 -0.213345
2.505882 -0.057886 -0.137615
2.244964 -0.032978 -0.158304
2.085173 -0.121466 -0.181414
2.511960 -0.347806 -0.143705
2.398186 -0.273092 -0.148154
2.161324 -0.376900 -0.169971
1.840313 -0.280314 -0.209786
7.090068 4.927121 -1.197158
5.666092 4.190831 -1.236456
5.382863 4.175264 -1.215113
5.057535 4.228528 -1.189657
5.986412 4.029530 -1.239050
7.619929 3.934602 -1.311943
6.437864 3.693176 -1.225082
4.382392 2.831851 -1.071664
4.097276 2.646825 -1.056374
3.908839 2.410999 -1.023100
3.847614 2.247221 -1.005978
7.362322 2.445630 -1.081563
8.820575 1.053762 -1.194232
5.322941 0.369425 -0.889277
6.815279 -1.845718 -0.881120
3.326843 6.416751 -1.094358
4.481931 6.181194 -1.105993
4.173814 6.085077 -1.082396
3.873034 5.979462 -1.048955
6.779256 4.838026 -1.134316
6.496606 4.740225 -1.076870
6.329547 4.647063 -1.009298
6.180446 4.645778 -1.039611
6.015955 4.584552 -0.987317
1.293267 3.011831 -0.768093
1.260844 2.984509 -0.832722
0.720406 2.827279 -0.777993
6.789853 3.304932 -0.878025
4.111958 2.951990 -0.907281
3.816437 2.882585 -0.716514
3.735927 2.840575 -0.858752
0.054079 2.584629 -0.791544
4.188597 2.345119 -0.745800
4.665305 0.805032 -0.631001
5.387715 0.568049 -0.714027
5.220917 0.457141 -0.718663
5.465827 -0.716168 -0.633741
5.818645 -0.716582 -0.670567
5.644681 -0.747346 -0.653298
1.354005 -1.332959 -0.610409
4.410230 6.127009 -0.713944
4.193046 6.071392 -0.701663
3.972282 6.025147 -0.673591
3.747783 5.937213 -0.669690
7.469786 5.059750 -0.784705
5.902167 4.570337 -0.667279
5.697519 4.491195 -0.641681
1.069283 2.968088 -0.445482
0.467101 2.771862 -0.418835
0.108762 2.648432 -0.393162
7.548491 3.417412 -0.643804
4.067296 2.962738 -0.658548
3.976926 2.939493 -0.558626
3.622884 2.830986 -0.513617
2.741117 2.834623 -0.457346
-0.292750 2.517931 -0.383503
7.526595 3.173079 -0.622808
3.595636 2.796379 -0.571136
3.343317 2.724867 -0.505067
2.994162 2.544442 -0.442951
-0.244230 2.209146 -0.360104
3.052453 2.346616 -0.432275
-0.857068 1.916206 -0.291676
-1.079465 1.721218 -0.308451
7.075622 2.457224 -0.786560
6.283673 2.253011 -0.707582
1.242122 1.586660 -0.329427
1.305653 1.359730 -0.324627
1.410074 1.061121 -0.291463
1.489699 0.799325 -0.282466
7.339513 1.443374 -0.669579
1.542423 0.707768 -0.341253
4.920797 0.843319 -0.469226
4.692438 0.815401 -0.469629
1.582545 0.544273 -0.274311
5.089629 0.525510 -0.533457
5.034345 0.692249 -0.518628
2.317611 0.285749 -0.414194
1.661799 0.285344 -0.264491
1.805974 -0.136893 -0.227414
1.865671 -0.325508 -0.225506
2.645467 -0.528390 -0.214047
1.926500 -0.510386 -0.230621
2.006053 -0.687203 -0.189517
5.650066 -0.700766 -0.504198
6.438157 -1.712906 -0.406646
7.202272 -2.194082 -0.469089
6.845396 -2.263848 -0.349655
1.268993 3.042635 -0.321331
1.198376 3.027199 -0.338802
1.223740 3.027493 -0.231290
1.008438 2.953337 -0.300254
0.759593 2.875052 -0.316615
0.669812 2.850395 -0.261250
0.376140 2.746138 -0.254909
0.036992 2.636607 -0.283616
-0.043265 2.618715 -0.190126
2.770302 2.827313 -0.406674
2.707213 2.796177 -0.387206
-0.431873 2.474092 -0.195841
-0.820555 2.322693 -0.198482
3.553463 2.794014 -0.364359
3.333802 2.733611 -0.349597
-0.903533 2.080249 -0.146045
-0.828050 1.890970 -0.184938
1.838976 1.857248 -0.243590
1.773514 1.717925 -0.221921
1.517639 1.644906 -0.253287
1.762825 1.469258 -0.208420
1.564875 1.439236 -0.242376
1.789933 1.220416 -0.196604
1.652531 1.179851 -0.227895
1.783494 0.929003 -0.193070
1.699573 1.012093 -0.220164
1.863060 0.721766 -0.185900
1.759903 0.582708 -0.194650
2.304449 0.462093 -0.175661
1.973665 0.451854 -0.172159
1.792487 0.459370 -0.188142
2.329701 0.395473 -0.208980
2.195141 0.222874 -0.157067
2.036231 0.154903 -0.165732
2.281280 -0.036789 -0.147421
2.085779 -0.014367 -0.153670
2.451709 -0.185616 -0.134472
2.402061 -0.270208 -0.137056
2.143570 -0.311045 -0.157466
2.541074 -0.455003 -0.130015
1.954481 8.761210 -1.331121
3.889891 5.923746 -1.171355
7.698861 5.133741 -1.236822
5.796543 4.066138 -1.221493
5.507710 4.182057 -1.220565
5.352681 4.208189 -1.212653
5.195448 4.241045 -1.211230
6.055727 3.911169 -1.218148
5.932990 3.999012 -1.223170
4.256873 2.977723 -1.099546
4.136030 2.930981 -1.082902
3.957561 2.786331 -1.076969
8.525426 0.840142 -1.069717
-0.898951 -0.394319 -0.640105
5.750468 -0.688651 -0.828582
4.550346 6.201589 -1.046530
4.265650 6.108867 -1.016631
4.015672 6.010810 -1.113883
7.276824 4.995387 -1.150498
7.183300 4.968373 -1.137468
6.585246 4.775567 -1.024826
6.324396 4.689063 -0.979340
5.580813 4.420918 -0.891579
6.760921 3.352539 -0.839940
6.747100 3.371323 -0.826809
6.810009 3.179909 -0.871069
4.140353 3.130216 -0.894516
4.111154 2.962010 -0.891290
3.891308 2.887840 -0.877601
0.223199 2.638175 -0.758768
3.861139 2.470791 -0.781747
6.423521 1.916840 -0.854696
-0.930107 1.890242 -0.765308
4.877007 0.855679 -0.696405
4.671381 0.779403 -0.665449
5.245349 0.472669 -0.823994
5.628799 -0.767316 -0.703055
5.428006 -0.721143 -0.679602
1.899711 -1.736890 -0.544301
7.004383 -2.213627 -0.465519
1.911311 8.710213 -0.936072
4.634569 6.252752 -0.699055
4.160793 6.052111 -0.702089
3.904213 5.999307 -0.718338
3.629774 5.908943 -0.717125
7.900032 5.225457 -0.849749
6.214035 4.644248 -0.661415
5.164236 4.303129 -0.827210
6.745139 3.222677 -0.785936
4.124885 3.211009 -0.557889
4.123088 2.979219 -0.547355
3.936995 2.921156 -0.628818
3.715383 2.839199 -0.662341
1.273200 3.019426 -0.446462
0.974611 2.920531 -0.429915
0.705925 2.827775 -0.422542
0.327337 2.699007 -0.410986
-0.047812 2.577964 -0.390418
6.229831 2.524095 -0.719010
-0.568415 2.404741 -0.386044
-1.055735 2.236531 -0.347298
0.101840 2.034374 -0.345675
-0.559523 1.979823 -0.397489
-0.866029 1.813195 -0.316847
0.940784 1.591175 -0.328559
1.239914 1.420975 -0.327431
-1.754634 1.462466 -0.360814
1.330605 1.157150 -0.312013
4.871546 0.857226 -0.555005
1.414815 0.919974 -0.355799
4.735204 0.815394 -0.442589
1.470058 0.715293 -0.305478
1.558097 0.458238 -0.293289
1.530860 0.552754 -0.254833
1.643131 0.247862 -0.257737
1.828551 -0.344383 -0.249765
1.990233 -0.613930 -0.231129
2.063062 -0.978086 -0.192501
6.510807 -1.714102 -0.430857
6.245869 -1.783376 -0.401186
6.892491 -2.273198 -0.231992
1.181530 2.994324 -0.313346
0.910329 2.905315 -0.307074
2.631413 2.771867 -0.379121
0.562755 2.790397 -0.271370
0.224622 2.678722 -0.264837
-0.106291 2.504366 -0.221804
-0.621201 2.396626 -0.215168
-0.749821 2.347986 -0.200705
-0.965445 2.132537 -0.157114
1.787719 1.862154 -0.264023
-0.925445 1.957297 -0.171546
1.604730 1.760582 -0.242333
1.390700 1.720302 -0.275351
1.582074 1.442717 -0.222650
1.481368 1.459565 -0.258517
1.648008 1.215645 -0.217451
1.414442 1.101283 -0.239617
1.795469 0.831583 -0.194206
1.703540 1.019780 -0.205748
1.497630 0.823302 -0.224793
1.833313 0.653247 -0.177222
1.728141 0.723370 -0.200481
2.303495 0.359999 -0.252252
2.197359 0.435736 -0.179507
1.865428 0.525508 -0.176618
2.177969 0.163634 -0.152231
1.698816 0.278353 -0.199694
2.351166 -0.018609 -0.141815
1.926827 -0.006347 -0.167984
1.857032 -0.271715 -0.185172
4.558436 6.211498 -1.225224
4.291776 6.121850 -1.190823
4.030055 6.029116 -1.159432
3.769207 5.935180 -1.132016
6.666292 4.801203 -1.197225
5.657979 4.241301 -1.228669
4.198233 3.253504 -1.111602
4.035706 3.173545 -1.085902
3.963890 3.040711 -1.064569
5.802018 0.844057 -1.023564
5.270970 0.486967 -0.916001
5.174418 0.435531 -0.949932
5.821294 0.373260 -0.991648
7.129966 -2.172994 -0.792458
6.801518 -2.270848 -0.781476
6.397777 4.712265 -1.130724
6.240132 4.656452 -0.886641
6.030376 4.600198 -1.054442
5.794396 4.506434 -1.061297
5.468839 4.416305 -1.006425
5.427784 4.364829 -0.973092
5.358152 4.360775 -0.962380
3.954248 3.911076 -0.972798
3.979731 3.670930 -0.911255
6.766724 3.412960 -0.891973
4.058737 3.415335 -0.862075
6.751743 3.269001 -0.919561
4.129494 3.228783 -0.785569
6.833084 3.140411 -0.886220
4.187615 3.039744 -0.828417
4.106346 2.970339 -0.829102
3.707304 2.841964 -0.886530
3.415614 2.745271 -0.721645
4.839245 0.890357 -0.800372
4.759467 0.862742 -0.758021
5.236238 0.485148 -0.701555
5.153844 0.427486 -0.846255
5.304064 -0.277347 -0.671694
5.930542 -0.506716 -0.761607
5.760721 -0.721329 -0.753937
5.546002 -0.767606 -0.732002
4.029410 6.007131 -0.626220
3.813129 5.945130 -0.625156
5.599480 4.429838 -0.748545
3.956592 3.909587 -0.708652
6.754080 3.438127 -0.826103
4.056361 3.493166 -0.659047
6.837202 3.201197 -0.806886
4.184128 3.135463 -0.491597
4.135317 3.225356 -0.646000
6.861038 2.986347 -0.737646
4.206073 3.061772 -0.573251
4.105504 2.977833 -0.577009
3.834805 2.898608 -0.574226
0.695407 2.833578 -0.419484
3.745054 2.858702 -0.536870
3.594029 2.792206 -0.617673
0.384099 2.745241 -0.320960
0.024880 2.607478 -0.400551
6.248986 2.601141 -0.742792
-0.158952 2.544163 -0.386428
-0.634885 2.406761 -0.268891
-0.202975 2.247582 -0.372580
-0.647572 2.148405 -0.354381
1.808773 1.919749 -0.331198
-0.778649 1.817387 -0.333165
-1.181024 1.677010 -0.318581
1.254198 1.458700 -0.288387
-1.737657 1.541554 -0.176656
1.336448 1.193092 -0.279704
-1.768859 1.235855 -0.278454
1.434121 0.931703 -0.271790
4.843241 0.859677 -0.577593
4.606269 0.813111 -0.586939
1.487878 0.731746 -0.271742
2.309989 0.452993 -0.271487
1.563560 0.526348 -0.259982
1.625359 0.325934 -0.243270
-6.107815 0.227376 0.040219
1.816610 -0.228298 -0.217528
1.931534 -0.436632 -0.228762
2.024162 -0.764576 -0.209145
6.440968 -1.666503 -0.446974
7.290423 -2.123591 -0.524396
6.970345 -2.238735 -0.482910
3.710305 5.971728 -0.609133
4.209340 3.040277 -0.455520
4.076671 2.972873 -0.450822
1.035405 2.966307 -0.253516
3.714808 2.868206 -0.432285
2.567012 2.777582 -0.354573
0.535320 2.794527 -0.287334
0.322481 2.731135 -0.196083
-0.070079 2.522320 -0.242122
-0.482836 2.461163 -0.231654
-0.671276 2.399526 -0.131466
-0.858304 2.332152 -0.081646
-0.946395 2.109378 -0.179728
1.849936 1.921078 -0.218853
0.138131 2.077562 -0.228785
-0.889770 2.038396 -0.158491
1.803138 1.714094 -0.188611
1.501078 1.669640 -0.205363
1.420756 1.661925 -0.256225
1.986443 1.455707 -0.169702
1.772788 1.415685 -0.178942
1.562136 1.486970 -0.190554
1.344099 1.439282 -0.239925
-1.724889 1.501592 -0.053920
2.064866 1.236176 -0.178894
1.811818 1.168473 -0.168783
1.586852 1.196745 -0.190284
1.374311 1.193699 -0.235228
2.118757 0.993058 -0.171539
1.798143 0.933516 -0.162538
1.657065 0.936722 -0.198234
1.402656 0.993092 -0.232589
2.178675 0.745980 -0.165187
1.868604 0.723430 -0.164899
1.485948 0.710324 -0.225922
2.301368 0.451956 -0.168562
2.014045 0.422260 -0.138055
1.930132 0.489099 -0.155700
2.225907 0.316873 -0.222576
1.788711 0.351624 -0.204628
1.855776 -0.313590 -0.171624
4.570570 6.155698 -1.222514
8.228368 4.700357 -1.371238
7.231998 4.846524 -1.318242
7.494597 4.269220 -1.294591
5.812310 4.333415 -1.233701
4.455306 4.154344 -1.138672
4.130374 4.042674 -1.114482
4.248703 3.668328 -1.123592
4.093801 3.547899 -1.111390
4.810920 0.843663 -0.838172
6.801417 -1.627878 -0.892716
6.509672 -1.749478 -0.855667
7.127337 -2.239233 -0.819214
2.114291 -2.414443 -0.547263
4.484527 6.174095 -0.990471
8.920500 5.382580 -1.204945
6.398129 4.711962 -1.114587
5.986705 4.574413 -1.066609
5.722372 4.491732 -0.996056
5.461769 4.418469 -0.905540
5.388964 4.386141 -0.951745
6.751062 3.381600 -0.876524
3.983568 3.629453 -0.779331
6.850262 3.117476 -0.861187
4.075753 3.402194 -0.829071
6.918288 2.934938 -0.800742
4.164660 3.102504 -0.843090
4.134440 3.211156 -0.829392
4.209959 3.010488 -0.726777
4.012361 2.933856 -0.812598
3.728301 2.860289 -0.798791
3.657227 2.822788 -0.869975
3.597177 2.805842 -0.690415
4.884679 0.882614 -0.623743
4.699010 0.827724 -0.590521
4.610524 0.799285 -0.633928
5.193611 0.044239 -0.605437
5.693199 -0.724042 -0.699550
5.464172 -0.817159 -0.677560
4.270936 6.096387 -0.672866
4.036480 6.029271 -0.667473
3.816892 5.926048 -0.659316
6.892360 4.881990 -0.878909
5.985392 4.529913 -0.767346
5.704559 4.487545 -0.740878
5.492197 4.428273 -0.745140
5.393376 4.388785 -0.704397
6.759407 3.365829 -0.729955
5.988561 3.378648 -0.781652
3.993380 3.716893 -0.590107
3.947123 3.822430 -0.623362
6.849372 3.169929 -0.720918
4.082558 3.436731 -0.572095
6.814407 2.963339 -0.677708
4.195841 3.137568 -0.585491
4.132310 3.278067 -0.598047
4.186855 2.995699 -0.542428
4.017585 2.944354 -0.569182
3.846188 2.904715 -0.503895
3.500245 2.786882 -0.562454
-0.208701 2.551505 -0.334625
1.816787 1.921127 -0.320050
-0.666937 2.400025 -0.292460
-0.943807 2.129372 -0.280538
1.285438 1.524504 -0.271756
4.857371 0.914310 -0.540400
1.332765 1.257676 -0.245327
-1.736877 1.341076 -0.216407
6.881913 -2.229429 -0.395257
-6.901125 -0.579698 0.007262
4.742651 6.264629 -0.685748
4.500473 6.190361 -0.679740
4.093165 3.415759 -0.459687
4.182181 3.210814 -0.451132
4.127002 3.310961 -0.452181
4.203099 3.059043 -0.445258
4.044848 2.969611 -0.432832
3.842963 2.913931 -0.423901
-0.161382 2.559848 -0.193665
1.809346 1.923874 -0.252230
-0.677893 2.409198 -0.168547
1.855376 1.719663 -0.174255
1.531949 1.753785 -0.201551
1.358384 1.687459 -0.246226
-0.919573 2.057957 -0.103056
1.931721 1.366978 -0.189227
1.825357 1.510372 -0.186047
1.352356 1.551463 -0.249092
2.033664 1.210153 -0.168850
1.729875 1.300271 -0.123640
1.386414 1.343887 -0.232175
-1.750221 1.577096 -0.137475
2.147800 0.944611 -0.162990
1.460222 1.056976 -0.219753
-1.736638 1.443392 -0.027710
1.708447 0.844040 -0.210077
1.532485 0.856976 -0.209702
4.146607 1.906923 -1.878866
8.403919 4.970026 -1.365079
8.390006 4.653252 -1.300853
7.913896 2.972274 -1.238611
7.601899 3.322415 -1.168048
4.649762 5.870049 -1.315909
4.368446 6.123575 -1.296166
5.651896 4.400097 -1.239991
4.148274 6.062734 -1.280831
1.525413 8.844337 -1.471517
3.718369 5.906907 -1.249574
4.791879 4.609004 -1.174561
4.585835 4.858930 -1.223643
4.745399 4.233359 -1.215688
4.212501 4.655537 -1.168612
4.731040 0.864100 -0.927208
4.097866 1.248740 -0.845247
3.451892 1.132836 -0.908562
3.177563 1.347537 -0.908531
2.834517 1.762786 -0.915840
2.743624 1.921546 -0.920178
2.965417 1.523036 -0.917114
1.612569 0.324305 -0.719611
1.441252 0.309517 -0.776682
1.175879 0.770872 -0.738837
2.205779 -0.591551 -0.755144
8.875587 5.152221 -1.085904
8.648294 5.369929 -1.072481
9.401472 4.369283 -1.108608
8.928392 4.839099 -1.073207
8.891417 4.899223 -1.099407
6.650632 4.749404 -1.113786
6.358871 4.643318 -1.091299
6.115075 4.573793 -1.061964
4.581317 6.182704 -1.088592
5.902514 4.522909 -0.979689
1.854884 8.682384 -1.356534
6.837693 3.096033 -0.848769
6.781725 3.309309 -0.817731
5.605061 4.427334 -0.951539
1.778476 8.689132 -1.162563
6.922575 2.797664 -0.834273
5.451581 4.361746 -0.909509
1.149676 8.790210 -1.168193
1.125647 8.974554 -1.399729
4.625643 4.296951 -1.006961
4.147407 3.278232 -0.851005
4.193775 3.086368 -0.766930
4.157208 3.205383 -0.879618
5.303505 0.552686 -0.700533
4.822417 0.909155 -0.712969
4.160419 0.694792 -0.536252
2.429050 0.648892 -0.673673
1.343791 0.236812 -0.632009
0.796685 0.275872 -0.645403
4.943695 6.242647 -0.995530
6.140633 4.602033 -0.850789
4.585219 6.222494 -0.760377
5.938530 4.527909 -0.782130
1.988235 8.743825 -0.981568
6.843624 3.207236 -0.722060
6.718087 3.343350 -0.707798
5.626095 4.449393 -0.780735
1.516154 8.780669 -0.985735
7.033820 2.392489 -0.687512
6.982454 2.638697 -0.722311
6.876859 2.829572 -0.702533
5.464695 4.398609 -0.736044
1.414415 8.089866 -0.953493
6.259637 2.589453 -0.719324
1.506262 7.846011 -0.894765
6.233337 2.449184 -0.720927
2.489043 6.202260 -0.738274
2.376334 5.862842 -0.722146
4.284940 3.138613 -0.600898
4.118541 3.320398 -0.673641
4.207533 3.116630 -0.585526
4.151516 3.227922 -0.660869
2.324364 4.926102 -0.636074
6.770628 -2.311323 -0.255122
1.295444 1.370017 -0.312711
1.191608 1.638969 -0.324295
4.810952 6.292646 -0.716166
4.585492 6.222251 -0.705145
4.380816 6.081762 -0.678327
4.374744 6.137437 -0.700501
1.971891 8.750311 -0.773275
4.151643 6.091938 -0.637328
1.438607 8.808206 -0.765922
3.936392 6.025055 -0.627405
3.723982 5.959724 -0.632352
3.695551 5.952334 -0.582024
1.418760 8.090952 -0.693609
1.472552 7.938232 -0.702071
2.488325 6.440350 -0.662087
2.326248 5.861835 -0.591801
4.154893 3.364406 -0.485022
2.561328 5.207867 -0.558995
4.211642 3.119506 -0.483687
2.432750 5.075103 -0.545579
1.917505 8.768459 -0.627713
7.593351 2.615839 -1.161657
7.491961 2.587985 -1.120198
7.590180 0.569425 -0.914792
7.326205 2.472567 -1.084447
7.390791 -0.622988 -0.775679
6.380065 4.099420 -1.287696
6.318730 4.312881 -1.297633
6.311362 4.473915 -1.306906
5.998568 4.439195 -1.202043
5.786117 4.326840 -1.298754
5.705733 4.373552 -1.298732
5.043937 0.551717 -0.975329
2.440387 -2.782422 -0.428762
2.052993 -2.513597 -0.439094
1.761947 -1.352696 -0.477173
6.727826 3.441936 -0.950602
6.285737 4.657998 -1.058353
6.102396 4.614304 -1.036986
5.828768 4.523891 -1.026575
5.629246 4.455610 -1.052568
5.434710 4.384852 -1.061542
4.188052 3.066489 -0.823115
1.423269 0.317314 -0.522617
1.451563 0.732904 -0.518114
1.314956 1.009513 -0.514612
1.224061 1.308336 -0.514354
1.095912 1.587052 -0.515445
-6.982784 -0.393030 -0.083085
8.906466 5.458922 -1.084173
8.785575 5.133306 -1.001759
8.745679 5.437051 -1.049470
6.895969 2.765901 -0.752325
6.824810 2.990605 -0.779140
6.797021 3.202991 -0.806901
6.743468 3.404641 -0.781098
6.000896 4.592325 -0.891539
5.847584 4.533753 -0.857250
5.641195 4.466363 -0.829747
5.435463 4.399590 -0.771426
4.153661 6.061360 -0.976780
4.433167 0.802427 -0.305355
4.198038 3.083281 -0.643300
1.665065 8.726784 -0.964578
1.532394 7.551041 -0.806215
1.372888 8.772008 -1.004895
1.172016 8.665249 -0.920970
9.330199 4.561516 -0.845810
7.079977 4.925945 -0.779830
5.769808 4.512962 -0.681150
5.606781 4.455353 -0.665711
5.471183 4.408777 -0.654145
4.489115 6.201113 -0.742002
4.502678 6.210454 -0.732604
4.313212 6.123805 -0.694628
4.071411 6.075837 -0.695763
3.874593 6.000213 -0.663055
3.688931 5.946840 -0.679840
2.476995 6.219338 -0.591239
2.428171 6.408498 -0.693244
2.372446 6.186866 -0.606720
1.715926 8.726231 -0.783186
1.707299 8.734834 -0.742118
1.495185 8.855922 -0.860141
1.513623 7.624107 -0.675954
1.351024 8.116739 -0.728606
1.401273 8.790156 -0.793653
1.243335 8.427836 -0.815231
1.125410 8.798876 -0.751799
7.851781 4.421052 -1.357681
7.875789 4.642997 -1.398082
7.802868 2.670159 -1.240013
6.971000 3.516674 -1.278875
2.620151 9.749063 -1.799877
5.548435 0.121193 -0.945903
9.373911 4.342485 -1.224393
9.287430 4.593336 -1.252538
6.686520 4.769313 -1.133395
6.454905 4.682292 -1.224688
6.874047 2.990756 -0.919473
6.776555 3.247394 -0.949817
6.708696 3.617754 -0.982835
6.170693 4.612400 -1.149012
5.981858 4.544690 -1.073647
5.755622 4.472923 -1.057393
5.529262 4.406283 -1.037282
5.384810 4.365426 -1.043874
3.797959 5.887732 -1.112465
1.440977 7.613095 -1.367339
1.529658 0.367530 -0.428608
1.317806 1.039432 -0.435102
2.162066 -1.708253 -0.380565
8.840754 5.478407 -1.001460
8.761416 5.127545 -0.942597
7.942483 5.180118 -0.932346
7.399201 5.008687 -0.891928
7.061895 4.893727 -1.054071
7.249297 3.611261 -0.871852
6.784571 4.803788 -0.953687
6.992303 3.522375 -0.841737
6.886520 2.818655 -0.773752
6.836061 2.962104 -0.769646
6.789473 3.231321 -0.776427
6.707929 3.616932 -0.783794
6.307237 4.664534 -0.968870
5.993338 4.560116 -0.863342
5.764196 4.493867 -0.828849
6.203636 2.547347 -0.755409
5.537067 4.425106 -0.814942
5.397803 4.357924 -0.806916
3.886549 5.949469 -0.975417
2.626673 4.955346 -0.854994
2.427194 6.155134 -0.815149
1.533357 7.454394 -0.956883
1.478699 7.627005 -0.987843
1.226568 8.385406 -1.077205
1.148456 8.629601 -1.096752
1.239597 1.370768 -0.442019
5.754646 4.474636 -0.692804
5.578286 4.427108 -0.689534
4.598375 6.195211 -0.855894
4.471567 6.157825 -0.845784
3.917813 6.014329 -0.763029
3.693102 5.933959 -0.742313
2.439708 6.293612 -0.785506
2.412504 6.378558 -0.757369
2.451639 6.177715 -0.660468
2.460084 4.936216 -0.632271
2.121329 6.085161 -0.628240
1.586299 7.317408 -0.769207
1.518630 7.538883 -0.743402
1.376806 7.923207 -0.896761
1.280846 8.239949 -0.838184
1.194986 8.514789 -0.821879
1.287159 8.729578 -0.980715
4.605557 3.084525 -1.803019
8.208117 4.302135 -1.393523
8.146861 4.475939 -1.398226
7.206879 3.852367 -1.323238
5.918604 -0.562741 -0.941625
9.341447 4.394022 -1.199952
9.249805 4.671024 -1.238378
8.946996 4.805412 -1.173117
8.796522 5.004815 -1.169934
9.026273 3.913287 -1.164498
7.187478 4.948399 -1.100784
6.979891 4.883910 -1.216442
6.709757 4.802229 -1.179648
6.979712 3.485843 -0.966458
6.967479 3.513277 -0.958818
6.469968 4.724057 -1.120343
7.012091 2.442998 -0.825134
6.820545 3.096457 -0.929683
6.759432 3.285718 -0.907343
6.715374 3.567285 -0.988346
6.295343 4.664675 -1.101305
6.006761 4.472614 -0.970551
6.060383 4.594408 -1.109485
5.822939 4.528380 -1.077088
5.575180 4.411452 -1.040748
5.403149 4.372457 -1.057590
5.171798 4.146627 -0.986729
2.049366 0.462138 -0.423945
1.506502 0.473766 -0.403368
8.834342 5.244037 -0.906998
7.735476 5.141134 -0.891345
7.305560 3.599346 -0.888069
6.775974 4.828168 -0.955083
6.979498 3.502012 -0.796016
6.924763 3.521713 -0.801929
6.496167 4.734440 -0.933915
6.785655 3.121373 -0.753601
6.774652 3.264425 -0.759649
6.322295 4.681822 -0.880944
6.067574 4.607393 -0.862957
6.327477 2.677633 -0.775112
5.851070 4.539073 -0.853281
5.673859 4.344375 -0.847904
5.586795 4.450732 -0.803840
5.420170 4.385853 -0.804158
5.210234 -0.079021 -0.291834
1.655395 7.059010 -0.879712
1.189206 1.526232 -0.419194
1.408512 0.842848 -0.408157
1.277513 1.177398 -0.412130
6.050763 4.595183 -0.717046
5.776112 4.503098 -0.697845
5.681156 4.503421 -0.707302
2.375612 6.161840 -0.736866
2.422454 6.334193 -0.670109
2.256532 6.138498 -0.624261
1.615958 7.168890 -0.794986
8.366113 3.644251 -1.327916
8.353402 3.810655 -1.326547
7.078485 4.670793 -1.331497
6.985605 4.790664 -1.339893
5.131517 0.418106 -0.887576
5.280750 0.501065 -0.949089
5.028937 0.466673 -0.949115
4.962561 0.678433 -0.869666
2.777833 1.730561 -0.960211
-0.932879 -0.486622 -0.664913
9.394702 4.339487 -1.167928
9.084384 3.847242 -1.101820
8.818016 4.952737 -1.266102
8.900082 5.471848 -1.264028
7.123781 4.927310 -1.160694
6.896382 2.140493 -0.990687
7.064896 2.419182 -0.834467
6.854724 3.087012 -0.921554
7.015118 3.470669 -0.927772
6.835727 4.838353 -1.065651
6.544802 4.740443 -1.072001
6.686590 4.789262 -1.066215
6.442327 4.705384 -1.087446
6.161968 4.625104 -1.068470
5.820844 4.482578 -0.998344
5.914633 4.531496 -1.049055
5.685820 4.459988 -1.014491
5.741442 4.487636 -1.149968
5.536018 4.421060 -0.991938
2.596890 5.018665 -0.983505
2.465638 -0.523498 -0.397451
2.390029 6.155765 -1.033028
2.279495 -1.921744 -0.431273
2.218903 0.317168 -0.447306
1.987394 -0.825175 -0.456288
1.880379 -0.557563 -0.398484
1.242381 1.396644 -0.493293
8.809578 5.206517 -0.879263
8.895770 5.487519 -0.915551
8.478046 4.897301 -0.834401
7.694139 3.694100 -0.807385
7.107803 4.941323 -0.931748
6.908254 2.865666 -0.750483
6.846171 3.097643 -0.783731
7.018182 3.464896 -0.782102
7.035174 3.535077 -0.785977
6.856123 4.850806 -0.890519
6.606055 4.764939 -0.837245
6.691315 4.792897 -0.865608
6.362252 2.690486 -0.765172
6.401020 4.714954 -0.854757
6.220636 4.497231 -0.798195
6.160383 4.618626 -0.849166
5.847506 4.503332 -0.753304
5.946199 4.553462 -0.817177
5.659029 4.454406 -0.766163
5.473661 4.407501 -0.817178
9.022981 4.785408 -0.845391
8.826179 4.958697 -0.851267
8.929916 5.390194 -0.887660
6.806254 4.839363 -0.742336
6.601601 4.763426 -0.710258
6.714689 4.806569 -0.720669
6.468493 4.714416 -0.703566
6.178483 4.626346 -0.683691
5.944912 4.556835 -0.670562
8.368635 3.482580 -1.325611
8.425743 3.629232 -1.340748
8.450964 3.783844 -1.347826
8.459134 4.100637 -1.357389
7.096666 4.897387 -1.334353
6.995903 4.921258 -1.309922
5.543293 -0.052671 -0.988924
5.552480 -0.817648 -0.982344
5.290775 -0.460111 -0.949880
2.247245 0.215801 -0.691878
0.848067 0.149274 -0.738262
-0.899846 -0.589089 -0.599149
9.375637 4.322147 -1.221773
9.309170 4.508470 -1.189881
9.252686 4.061238 -1.165844
8.893442 5.369531 -1.315613
8.796977 4.892744 -1.264007
7.548221 5.060110 -1.172623
7.083533 4.913918 -1.080063
6.886122 4.842421 -1.088899
6.676632 4.767876 -1.083733
6.427763 4.693367 -1.034839
6.212238 4.503978 -1.004526
6.208195 4.617146 -1.058857
5.946907 4.508255 -0.982770
5.973788 4.542873 -0.994240
5.748870 4.454059 -0.989350
5.664022 4.461120 -1.016071
2.565327 5.010627 -0.881453
2.299002 4.875321 -0.874424
2.794777 -1.141874 -0.415846
1.561027 0.337079 -0.409956
1.472265 0.780795 -0.458432
7.574704 3.871750 -0.872529
7.348418 3.658493 -0.835633
7.088955 4.908064 -0.870525
6.928473 4.854919 -0.878491
6.670153 4.781568 -0.832028
6.446882 4.627445 -0.860263
6.460089 4.711242 -0.830260
6.151118 4.570012 -0.737108
6.257286 4.632738 -0.800448
5.948096 4.515877 -0.755936
5.997234 4.571104 -0.825442
5.751106 4.463676 -0.739943
5.564036 4.384789 -0.777790
5.286876 -0.248858 -0.352357
5.217194 -0.087253 -0.511924
1.448714 0.728208 -0.377348
1.310004 1.101585 -0.367267
8.846601 5.478536 -0.854713
6.654945 4.783998 -0.696055
6.479349 4.711619 -0.681847
6.212514 4.592815 -0.660414
6.293914 4.645830 -0.666273
6.002386 4.542293 -0.643598
5.290359 3.612958 -1.913711
8.636833 3.972469 -1.339795
8.580948 3.609460 -1.326098
6.239218 1.618702 -1.079231
4.529201 2.854610 -1.039339
4.162230 3.936281 -1.052203
4.064484 4.110401 -1.075055
4.070972 4.289050 -1.082135
2.235964 0.317081 -0.768032
0.852342 0.145523 -0.672313
9.375510 4.392271 -1.178763
9.275803 4.620901 -1.219847
8.926802 5.351337 -1.290108
9.186669 3.488185 -1.151236
8.824836 4.903231 -1.205350
7.801762 5.118556 -1.113111
7.477111 5.038369 -1.053773
7.600996 3.878420 -0.974594
7.283946 4.968135 -1.101163
7.015405 4.886518 -1.076787
6.730532 4.757409 -0.938535
6.800674 4.824763 -1.038218
6.471957 4.692016 -0.951309
6.626379 4.764683 -1.004817
6.287204 4.627965 -0.921228
6.097291 4.574073 -1.024866
5.612251 4.412140 -0.869330
5.461502 4.376891 -0.840882
8.913621 5.299378 -0.834171
8.841022 5.480948 -0.835724
8.805065 5.128232 -0.986500
7.803035 3.394158 -0.833363
7.753127 3.656813 -0.772903
7.722079 3.718171 -0.835435
7.409276 5.011407 -0.898970
7.451798 3.699981 -0.793607
7.248783 4.959458 -0.871884
7.007653 4.847626 -0.700138
7.013675 4.894073 -0.854822
6.739550 4.771837 -0.776469
6.800867 4.829521 -0.802486
6.570847 4.717949 -0.785887
6.614896 4.770482 -0.860357
6.344500 4.637142 -0.759208
6.430727 2.714641 -0.734552
6.035209 4.564214 -0.797380
5.883065 4.501565 -0.824528
5.532618 4.394653 -0.723684
5.457791 4.383612 -0.684158
1.405903 0.912348 -0.372596
1.231353 1.465449 -0.260443
6.907071 4.821709 -0.665518
6.611419 4.729066 -0.660911
6.250922 4.636978 -0.639773
6.097669 4.585148 -0.631526
8.474773 3.308825 -1.290207
7.884680 4.620851 -1.318400
7.882004 0.682178 -1.138070
7.610829 5.068230 -1.280982
7.727013 5.195291 -1.422871
5.325177 0.424238 -0.946542
4.672026 4.202203 -1.080929
0.741407 0.257223 -0.648605
-0.958633 -0.449834 -0.371925
9.404502 4.306465 -1.190444
9.353778 4.436985 -1.147673
9.293748 4.633304 -1.200004
9.107470 3.705889 -1.213417
8.916497 4.800052 -1.043154
8.855538 4.858871 -1.204539
8.838500 5.023963 -1.072579
7.893328 5.137130 -1.099210
7.702073 5.070621 -1.101213
7.490497 2.580540 -0.912365
7.665370 2.629880 -0.845107
7.474927 5.000574 -1.101165
7.401015 2.555526 -0.923253
7.270741 4.947112 -1.031961
7.045057 4.721346 -0.929227
7.064043 4.876285 -1.028257
6.721294 4.736908 -0.959529
6.574871 4.712260 -1.088925
6.214949 4.540274 -0.935869
6.259542 4.580908 -0.933260
6.144607 3.467341 -0.887223
6.076978 4.525363 -0.987414
5.743144 4.454139 -0.876348
4.405077 3.178559 -0.803616
4.312093 3.342981 -0.802457
4.115497 3.691912 -0.804793
1.495919 0.440982 -0.420342
1.406263 0.879587 -0.409718
1.272362 1.301481 -0.394442
9.408439 4.308197 -1.018196
9.292243 4.641539 -1.035622
9.256663 4.716123 -0.920300
8.917304 4.864985 -1.005726
8.959294 5.302910 -0.949071
8.011591 5.174074 -0.918291
7.813672 3.343771 -0.754529
7.795908 3.570078 -0.790946
7.787572 3.682652 -0.781241
7.737339 5.082787 -0.897734
7.611887 2.600497 -0.764729
7.677172 2.635290 -0.787071
7.587056 3.325794 -0.782670
7.492780 5.002570 -0.820320
7.454037 2.556497 -0.772672
7.275698 4.951853 -0.814195
6.981256 4.835870 -0.800728
7.054140 4.870023 -0.850049
6.757284 4.738248 -0.742653
6.598330 4.688685 -0.799378
6.284256 2.599017 -0.613924
6.181746 4.538600 -0.755919
6.288339 4.617000 -0.768001
5.916320 4.493884 -0.671192
5.763838 4.458132 -0.698449
5.564507 4.405724 -0.697009
7.468037 4.991199 -0.695756
8.455046 5.234751 -1.356999
8.104630 4.952384 -1.349475
8.012567 5.098564 -1.362834
5.032408 3.432327 -1.124688
9.422990 4.136222 -1.271051
9.351345 4.434067 -1.270736
9.294600 4.642991 -1.233752
9.127539 3.595558 -1.175650
9.048926 3.876185 -1.110146
8.984727 4.756839 -1.162213
8.875582 4.864662 -1.164510
8.843895 5.119290 -1.175487
8.318420 5.004806 -1.214537
8.268410 5.267934 -1.085823
8.034651 5.195529 -1.097132
7.787822 5.113911 -1.089328
7.575107 5.058864 -1.031095
7.227597 4.885673 -0.942568
7.380446 4.997176 -1.037710
7.050967 4.869962 -1.018491
6.832792 4.792042 -0.978413
6.605318 4.684196 -0.936224
6.403290 4.640440 -0.902591
6.433350 4.689409 -0.908010
6.059282 4.568448 -0.890761
5.841860 4.499355 -0.981740
5.628835 4.418111 -0.999216
4.445515 3.219308 -0.847101
4.328239 3.397374 -0.843243
4.188587 3.581514 -0.841492
4.102318 3.786706 -0.839549
1.878379 -0.571851 -0.397878
1.392490 0.890646 -0.458894
1.240189 1.339690 -0.480954
9.426085 4.174595 -0.943715
9.350706 4.484776 -0.962573
9.250773 4.730641 -0.958421
9.038998 3.922633 -0.908140
8.935005 5.378819 -0.960202
8.879363 4.892991 -0.916237
8.832983 5.171749 -0.980206
8.324089 5.283529 -0.895917
8.039048 5.192092 -0.879586
7.837883 2.704863 -0.851221
7.838377 3.342653 -0.836130
7.796903 5.116923 -0.885811
7.750272 2.672463 -0.779663
7.563871 5.043939 -0.845645
7.310139 4.947272 -0.842443
7.396829 5.002741 -0.825103
7.088692 4.858499 -0.828438
6.886837 3.247977 -0.741159
6.885550 4.791827 -0.780813
6.533869 4.729714 -0.777910
6.336398 4.638714 -0.791766
6.125754 4.587456 -0.750837
5.785112 4.498756 -0.792762
5.482424 4.398326 -0.825106
7.771499 5.083276 -0.708176
7.187280 4.895011 -0.687989
9.736054 1.240039 -1.318474
9.764427 1.619409 -1.293768
9.579527 0.991673 -1.312935
9.170080 3.719172 -1.371708
8.813911 5.352720 -1.403420
8.361420 4.660438 -1.267362
8.337971 5.015258 -1.325325
8.374401 5.249552 -1.390050
5.767784 4.452363 -1.097180
9.423716 4.278195 -1.168589
9.337581 4.534353 -1.167544
9.310256 4.675340 -1.143095
9.175542 3.526647 -1.118537
9.126698 3.707659 -1.067885
9.067992 3.922281 -1.074885
9.008620 3.937819 -1.244953
8.867867 4.915612 -1.105228
8.845509 5.111124 -1.125451
8.945337 5.418573 -1.196781
8.521030 5.348103 -1.183519
8.353050 5.287674 -1.143606
8.112340 5.208766 -1.114099
7.897999 5.148733 -1.108065
7.540508 4.982506 -0.981062
7.712999 5.077271 -1.097049
7.385042 4.950130 -1.002395
7.180099 3.168625 -0.892716
6.885934 3.336513 -0.877542
6.865471 4.733934 -0.989468
6.781816 4.783834 -0.923842
6.712479 4.736594 -0.925566
6.405277 4.662498 -0.916836
6.165474 4.583735 -0.992208
5.819423 4.486031 -0.854572
4.249922 3.132151 -0.907963
4.249098 3.381322 -0.894896
4.113780 3.594728 -0.893628
4.046747 3.829443 -0.890300
1.453015 0.829965 -0.451882
1.411094 0.826238 -0.468461
1.284494 1.283362 -0.431291
1.272812 1.308811 -0.493196
9.434781 4.260549 -0.932219
9.361710 4.512712 -0.931252
9.306980 4.699777 -0.932865
9.201254 3.423487 -0.900611
9.090281 3.837119 -0.873422
9.027509 3.968400 -0.869059
8.965493 4.807324 -0.906961
8.853491 5.012519 -1.019186
8.906610 5.447854 -0.998221
8.654824 5.387164 -0.941444
8.482676 4.849229 -1.012378
8.349360 5.287971 -0.918656
8.115041 5.212853 -0.893810
7.842767 5.129541 -0.874953
7.614140 5.036183 -0.879014
7.681129 5.089182 -0.936615
7.367081 4.934009 -0.839115
7.167800 3.258541 -0.761622
7.152652 3.324305 -0.786695
7.184756 4.872147 -0.849586
6.887601 3.410818 -0.693921
6.844147 4.753339 -0.907520
6.861288 4.810257 -0.816014
6.605050 4.706511 -0.773218
6.387777 4.657229 -0.783348
5.993940 4.551277 -0.823432
8.103233 5.193175 -0.747248
7.962811 5.126667 -0.725584
7.143537 4.906602 -0.695291
9.855077 1.038975 -1.309381
9.610637 0.903947 -1.280920
9.038705 3.621010 -1.353879
8.339038 4.959714 -1.335654
5.505723 3.233001 -1.124505
5.173857 3.802608 -1.124467
5.045061 4.129324 -1.133052
9.454581 4.106452 -1.130789
9.406473 4.293037 -1.151141
9.314296 4.591492 -1.154213
9.203229 4.733173 -1.177775
9.349256 2.869706 -0.963326
9.009888 4.762905 -1.086319
8.947709 5.334787 -1.127481
9.181345 3.509717 -1.118555
9.098025 3.714365 -1.058411
9.056864 3.930608 -1.029249
8.934211 4.810609 -1.053049
8.847587 5.002556 -1.068737
8.646832 5.385786 -1.131948
8.371039 5.299494 -1.117143
8.199522 5.222025 -1.093081
8.223318 5.243855 -1.125136
7.942424 5.157631 -1.131941
7.975509 5.187649 -1.102915
7.777713 5.113229 -1.062580
7.461071 4.987442 -1.037126
7.274127 4.926436 -1.024038
7.114486 4.879822 -1.143937
6.980598 3.702750 -1.114562
6.695041 4.770023 -0.940219
6.830836 3.374906 -0.902341
6.831892 3.474846 -0.903205
6.352210 4.660481 -0.905338
5.987174 4.559794 -1.040493
6.117097 3.447208 -1.029905
5.879239 4.503984 -1.021525
5.632617 4.437169 -0.894462
4.650537 3.234345 -0.841970
4.208803 3.321551 -0.855264
4.118071 3.548140 -0.850501
4.049585 3.785366 -0.847421
4.188946 3.975886 -0.910564
9.419209 4.293081 -0.925353
9.331021 4.538578 -0.921264
9.275036 4.752338 -0.932735
9.359680 2.864219 -0.896842
8.937819 5.426950 -0.973775
9.074120 3.812700 -0.866077
9.037683 3.937317 -0.901714
8.865958 4.860572 -0.884662
8.860480 4.953861 -0.945490
8.174028 5.219670 -0.890812
8.231538 5.251387 -0.923297
8.010408 5.177275 -0.869910
8.002782 5.199459 -0.930883
7.750532 5.101134 -0.830319
7.449685 4.972342 -0.861221
7.281552 4.915696 -0.828129
6.955656 4.845912 -0.856638
7.182127 3.141913 -0.779192
7.151098 3.385175 -0.707765
6.865760 4.807791 -0.861077
6.849131 3.418663 -0.647215
6.507790 4.701051 -0.712038
6.302594 4.646824 -0.809981
6.172207 4.601896 -0.746924
5.881099 4.502335 -0.836374
5.189301 4.296070 -0.789449
1.054117 1.557607 -0.322201
7.720950 5.101151 -0.718736
7.207108 3.121274 -1.811059
8.295614 5.276724 -1.233151
7.798903 5.103091 -1.197933
9.238801 4.650786 -1.212802
8.914301 5.402905 -1.161711
8.530704 5.370082 -1.090628
8.439720 5.322533 -1.109707
8.251687 5.268470 -1.060178
8.125040 5.230025 -1.059847
9.248919 4.702685 -1.198237
8.870559 4.859102 -1.139610
8.821967 4.926706 -1.087565
7.990804 5.173826 -1.063023
7.780584 5.127471 -1.059504
9.315954 4.482987 -1.121648
9.077682 4.729635 -1.004426
7.619813 5.049435 -0.964684
7.512621 5.024821 -1.051528
7.251514 4.946354 -1.045202
9.400180 4.244562 -1.088430
6.913083 4.832346 -0.985715
6.711624 4.771570 -0.934775
6.710655 4.722826 -0.957807
6.429870 4.675864 -0.962086
6.080023 4.569208 -0.959285
5.952425 4.539636 -0.907604
7.034283 3.194020 -0.836851
8.905032 5.486321 -0.942620
8.436499 5.337201 -0.867354
8.288678 5.286935 -0.851917
8.120325 5.235363 -0.817321
8.932267 4.828133 -0.917656
8.853803 4.921768 -0.781902
7.961782 5.190763 -0.892200
7.744778 5.110383 -0.843509
9.313843 4.559611 -0.880939
9.016713 4.749530 -0.864979
7.628472 5.055880 -0.869633
7.453923 4.971941 -0.785840
7.265672 4.903326 -0.828331
7.165248 4.872885 -0.805227
6.894457 4.828814 -0.753285
6.720042 4.777613 -0.738502
6.563780 4.733608 -0.822445
6.351194 4.658346 -0.728974
6.209755 4.614913 -0.685754
6.034499 4.576861 -0.694571
7.586422 3.758736 -0.798791
7.084861 3.395187 -0.791035
7.129311 3.301343 -0.741130
6.836075 3.377379 -0.749126
7.244913 2.983130 -0.683781
7.809216 2.720921 -0.795125
9.759874 1.881227 -0.627868
6.611284 4.733376 -0.625065
6.411900 4.684134 -0.618982
6.226423 4.621952 -0.606279
6.163982 4.609883 -0.606523
5.948281 4.545682 -0.543560
4.019594 3.844568 -0.461207
4.076572 3.614713 -0.451224
4.002327 3.782502 -0.438997
4.154287 3.416276 -0.452101
4.890948 3.864177 -1.127836
4.630922 3.361641 -1.088293
6.005402 4.369147 -1.185090
5.861778 4.207438 -1.224222
5.835629 3.830070 -1.186106
8.298147 5.005940 -1.261812
8.773242 4.961420 -1.278989
9.312230 4.555454 -1.293375
9.055776 3.850692 -1.319948
9.870934 1.868639 -1.229185
9.773255 1.610090 -1.219845
9.880528 1.044882 -1.262625
-0.938241 -0.445598 -0.559897
4.044372 3.811144 -0.906920
4.285006 3.508842 -0.881620
5.928760 4.545141 -1.039430
2.249448 0.391969 -0.812252
6.368347 4.660042 -1.016537
6.025673 4.565693 -1.019194
6.883298 4.835406 -1.081783
6.657104 4.766527 -1.096770
6.476135 4.703291 -1.028643
7.202271 4.906146 -0.969447
6.998014 4.875683 -1.026844
7.690264 5.098497 -1.038061
7.634907 5.068496 -1.042606
7.362927 4.942509 -0.979749
8.146751 5.222683 -1.199904
7.883895 5.151661 -1.077260
8.469502 4.882530 -1.093883
8.961805 5.349111 -1.217036
8.860500 5.185520 -1.059238
8.859403 4.908328 -1.138901
7.177595 3.169827 -0.899694
8.950547 4.807337 -1.131319
9.260779 4.675025 -1.116798
9.353326 4.466959 -1.130536
9.032681 3.964850 -1.064092
9.411339 4.329265 -1.129553
9.421963 4.205541 -1.174694
9.091311 3.808258 -1.057970
9.151120 3.584137 -1.060888
9.487000 2.530228 -1.137036
1.278587 1.247587 -0.415124
1.449492 0.788944 -0.403130
4.077383 3.711413 -0.567486
4.144218 3.478106 -0.528899
4.159639 3.473924 -0.586447
5.699972 4.472342 -0.846504
2.196642 0.144576 -0.401878
1.774594 -0.292073 -0.311160
6.190884 4.626818 -0.810457
1.921871 -0.670807 -0.311980
6.881130 4.850379 -0.866736
6.734190 4.792754 -0.814149
6.514386 4.743660 -0.791168
1.923105 -0.823129 -0.420876
7.241943 4.909713 -0.823046
7.004515 4.853674 -0.806864
7.734683 5.109214 -0.894181
7.553121 5.022180 -0.859048
7.375878 4.942473 -0.828293
8.035095 5.194192 -0.974905
7.841317 5.139992 -0.915671
6.855111 3.398184 -0.810146
8.479360 4.869007 -0.974747
7.132960 3.387957 -0.727774
7.160770 3.197199 -0.884017
8.849833 5.149946 -1.010447
8.859009 4.935745 -0.923743
7.181130 3.178094 -0.750907
8.944155 4.822503 -1.002141
9.254036 4.642011 -0.898695
9.375296 4.439566 -0.921548
9.360011 4.336122 -1.008620
9.439522 4.242660 -0.942324
9.082961 3.869420 -0.870021
9.171936 3.590427 -0.860109
9.739330 1.881018 -0.924909
1.196867 1.584477 -0.296917
1.714953 1.755299 -0.166053
1.400741 1.531429 -0.247504
1.626743 1.386412 -0.186542
1.331801 1.176584 -0.301839
4.008267 3.836651 -0.472973
1.878741 1.352267 -0.164285
1.507768 1.076775 -0.235276
1.477981 0.701064 -0.292873
4.100455 3.623712 -0.469376
1.965877 0.979085 -0.165529
4.237727 3.350170 -0.474870
1.637349 0.214818 -0.284006
4.429098 3.240534 -0.500380
2.242051 0.483546 -0.246441
4.688597 3.206198 -0.495815
1.854796 -0.351518 -0.212537
6.847324 3.399442 -0.624677
5.955185 4.461039 -1.227013
6.341221 4.624866 -1.138903
6.281217 3.268885 -1.185007
6.424063 3.122974 -1.208821
6.565033 2.892018 -1.200040
7.891067 5.144791 -1.260404
8.515426 5.388498 -1.331216
8.787767 5.017720 -1.324029
8.835797 4.886185 -1.324198
4.249988 3.484263 -0.755841
5.894031 4.487812 -1.033876
6.063416 4.538438 -0.992220
6.299629 4.615937 -0.990110
6.532958 4.709748 -0.972536
6.867906 4.809074 -0.998679
6.773923 4.772572 -1.059441
6.845300 3.314798 -0.898137
6.847517 3.293661 -0.898113
6.968034 4.814263 -1.053857
7.323483 4.936339 -0.980238
7.156932 3.202309 -0.906870
7.609083 5.076457 -1.087281
7.718151 5.111169 -1.155312
8.133703 5.241998 -1.172436
8.262671 5.290558 -1.156054
8.394811 4.871221 -1.207132
8.617214 5.419359 -1.121627
8.916687 5.364316 -1.171585
8.782133 5.181188 -1.129524
8.844068 4.898691 -1.161852
8.951865 4.785246 -1.118370
9.057588 3.908909 -1.196644
9.212255 4.788688 -1.197904
9.289973 4.602784 -1.180035
9.367613 4.374568 -1.181422
9.165249 3.546177 -1.097297
9.402497 4.272673 -1.236669
9.400833 4.167746 -1.199520
1.296056 1.261933 -0.245231
1.323470 1.207658 -0.259648
1.942698 -0.775307 -0.301399
5.885856 4.488685 -0.800036
6.173161 4.576632 -0.789749
6.312892 4.621101 -0.769078
6.528047 4.711540 -0.789165
6.862576 4.815965 -0.863975
6.781413 4.786287 -0.836640
6.847861 3.374091 -0.782942
6.867972 3.297039 -0.764200
7.057680 6.244549 -0.755008
7.078955 4.848268 -0.813151
7.123210 3.327121 -0.857479
7.239461 4.894747 -0.821482
7.191457 3.400622 -0.665201
7.170044 3.182049 -0.832436
7.294173 2.952790 -0.757851
7.632924 5.072319 -0.940751
7.504030 2.616888 -0.811377
7.796677 5.151492 -0.920622
7.828507 2.667211 -0.784489
8.189378 5.263018 -0.998242
8.138857 5.245021 -0.919283
8.258664 5.294836 -1.017547
8.875625 4.874107 -0.925972
8.628218 0.906945 -0.710752
9.014734 4.002194 -0.923661
9.086770 3.851635 -0.936873
8.935811 -0.248586 -0.722609
9.259238 4.674109 -0.978683
9.338420 4.438650 -0.977081
9.401444 4.207440 -0.979025
9.344798 3.097191 -0.802018
9.429851 4.171578 -0.969920
6.851426 3.426475 -0.627244
9.318815 3.193453 -0.799824
9.101614 0.523037 -0.603248
4.853056 2.037077 -1.006317
5.904730 4.511929 -1.090871
6.312375 4.624644 -1.129747
6.224671 3.362730 -1.193207
6.271309 3.172161 -1.181535
6.307098 3.232852 -1.202741
6.517544 2.942115 -1.197949
7.856391 5.111231 -1.269787
8.267732 4.982477 -1.373265
8.820216 4.947733 -1.338928
9.050420 3.837353 -1.354325
4.179008 4.020800 -0.771799
4.334052 3.353225 -0.736258
4.545536 1.281830 -0.851927
5.649328 4.414834 -0.951343
6.040979 4.549320 -0.987918
6.284398 4.618687 -0.976399
6.161307 4.572800 -1.006244
6.496816 4.699975 -0.941359
6.853004 4.807951 -0.995796
6.762547 4.771526 -1.004960
7.041944 4.851524 -0.954092
6.839937 3.646577 -0.958196
6.874619 3.324272 -0.902767
7.281240 4.934133 -1.034302
7.591904 5.050264 -1.088694
7.502151 5.001416 -1.083555
7.708741 5.093724 -1.135254
8.101413 5.194288 -1.185511
8.242492 5.251599 -1.177873
8.567298 5.352149 -1.128310
8.916494 5.444950 -1.190058
8.836185 4.952905 -1.214319
8.871435 4.871561 -1.128557
8.945935 5.368918 -1.194622
8.952616 4.802561 -1.142955
9.031699 3.960482 -1.168208
9.046528 3.839047 -1.251747
9.266671 4.685876 -1.203090
9.325356 4.545081 -1.197870
9.123906 3.763654 -1.126693
9.203526 3.455377 -1.150622
9.432850 4.199803 -1.252668
1.872956 -0.532344 -0.220465
5.697752 4.434711 -0.814169
6.067930 4.557995 -0.809415
6.285376 4.622416 -0.774224
6.510916 4.705495 -0.777144
6.856125 4.800144 -0.868130
6.769503 4.775139 -0.832018
7.040534 4.830191 -0.811496
6.868112 3.366612 -0.813684
6.870832 3.276908 -0.880487
7.221938 4.869095 -0.804773
7.153161 3.313728 -0.887392
7.176477 3.249732 -0.759829
7.596474 5.050829 -0.954104
7.432508 3.780744 -0.839102
7.318314 2.892248 -0.775585
7.792018 5.120198 -0.907883
7.784805 2.661706 -0.898700
8.070674 5.189750 -0.910935
7.846632 3.396669 -0.732164
7.827714 2.671724 -0.823148
8.252023 5.257958 -1.008554
8.429811 5.302645 -1.051341
8.186336 -0.909332 -0.762306
8.823497 4.968713 -0.924322
8.941812 5.458792 -1.036391
8.928021 4.840799 -0.980025
9.067468 3.899268 -0.969526
9.274563 4.697978 -1.019470
9.332891 4.556900 -1.040970
9.358547 4.404397 -0.993239
9.130180 3.643833 -0.965795
8.994020 0.588962 -0.792461
9.415315 4.283295 -1.052846
4.605561 0.738898 -0.389874
6.905459 3.344494 -0.639376
4.502903 2.084988 -1.038328
4.421690 1.316776 -1.024552
4.634768 1.147347 -1.040593
4.784830 0.888160 -1.069649
5.604236 2.154187 -1.126380
6.081694 4.577087 -1.050290
5.991895 3.347092 -1.155494
6.086838 3.165055 -1.173255
6.187521 2.991867 -1.189435
7.644949 5.031727 -1.180575
3.862220 1.169665 -0.934543
4.194417 4.134883 -0.714354
4.489328 1.380669 -0.923293
4.565980 1.089925 -0.917611
4.758600 0.852497 -0.932161
5.629881 4.437831 -0.813690
5.832640 4.505864 -0.927715
6.138450 4.591640 -0.858388
6.021475 4.558578 -0.868514
6.305217 4.649623 -0.857555
6.296636 3.085852 -0.948500
6.633697 4.783229 -1.047024
6.598276 4.727947 -0.933558
6.920753 4.800124 -0.858809
7.110714 4.855855 -0.883514
7.390854 4.968501 -0.984412
7.333237 4.947615 -1.010503
7.515930 5.017303 -1.039211
8.085116 5.172413 -1.015898
7.988660 5.135120 -1.139842
8.299387 5.245406 -1.010670
8.965073 5.415819 -1.154906
8.890862 5.172117 -1.121942
8.884761 4.889991 -1.104569
9.007521 4.755256 -1.105458
9.048866 3.862752 -1.134501
9.099318 3.714318 -1.250413
9.265525 4.713266 -1.180088
9.343667 4.475535 -1.201496
9.245322 3.158473 -1.208967
9.443530 4.146839 -1.219619
9.424184 0.668548 -1.404223
1.852625 -0.669286 -0.403067
4.285162 0.706915 -0.554724
4.277099 0.694352 -0.483093
4.782211 0.858716 -0.592309
5.849214 4.506569 -0.710045
6.119491 4.580266 -0.698310
6.012977 4.545295 -0.698707
6.318248 4.648899 -0.693633
6.578603 4.712371 -0.753259
6.913792 4.777496 -0.757168
6.787697 4.740780 -0.740776
7.075324 4.804226 -0.736769
6.912093 3.190824 -0.769601
7.443012 4.983318 -0.887825
7.355781 4.945047 -0.881497
7.252490 2.963380 -0.769954
7.601632 5.027148 -0.797308
7.875642 5.104452 -0.810206
7.844473 3.322754 -0.841679
7.782230 2.698444 -0.887124
7.669497 2.594507 -0.849182
8.111467 5.183314 -0.839486
8.896619 4.858888 -0.906213
8.954568 4.748256 -0.907106
8.426316 -0.452190 -0.876525
9.093203 3.733326 -0.951982
9.316340 4.647000 -1.016186
9.341557 4.446337 -1.001702
9.418821 4.187097 -0.971324
4.073060 0.630964 -0.458006
4.543933 0.777536 -0.482321
4.791023 0.856665 -0.521822
7.599586 2.265955 -0.667760
9.334831 3.046728 -0.840194
8.853695 -1.706912 -0.855529
9.632117 0.270524 -0.912674
4.500367 1.991053 -1.026524
4.412425 1.194363 -1.019433
4.614699 1.024653 -1.028572
4.593362 4.183302 -1.069996
4.781050 0.796530 -1.049108
5.019137 0.666031 -1.057989
5.777285 4.443971 -1.037393
5.783694 3.199835 -1.128795
5.836774 1.935348 -1.094990
5.941345 4.485894 -1.042744
5.900658 3.023137 -1.149146
5.998030 2.858862 -1.158336
7.424044 2.577142 -1.141051
9.097299 3.808653 -1.307105
9.147682 3.509593 -1.294430
9.971996 1.086963 -1.278666
4.779152 0.763172 -0.911856
5.246756 0.376829 -0.976105
5.539816 4.366776 -0.905990
5.755984 4.429707 -0.871090
5.948720 4.502433 -0.847466
6.194840 4.585207 -0.912941
6.761259 4.700272 -0.851129
7.034329 4.852143 -0.958675
7.178830 4.886778 -0.902713
7.326584 4.951327 -1.101360
7.595257 2.591294 -1.031504
7.683663 5.059161 -0.997478
8.008892 5.181099 -0.952179
8.095482 5.186494 -1.014994
8.943896 5.478087 -1.110234
8.950993 5.397637 -1.110422
8.871455 4.949822 -1.062753
9.294413 4.742821 -1.151188
9.275164 4.696966 -1.126380
9.131694 3.756651 -1.127862
9.366376 4.545469 -0.985005
9.409327 4.349288 -1.125716
9.478553 4.196699 -1.003291
1.380143 1.054641 -0.371819
2.253217 -1.701640 -0.446344
4.255625 0.592745 -0.477702
4.481621 0.661848 -0.530708
4.808188 0.768367 -0.526324
5.029991 0.718418 -0.510775
5.151967 0.313201 -0.518024
5.573401 4.377265 -0.705796
5.728611 4.420844 -0.691688
5.924598 4.492131 -0.673362
6.199087 4.573369 -0.715239
6.173796 3.440077 -0.680884
6.466988 4.613966 -0.712918
6.705170 4.691715 -0.734838
6.664596 4.640399 -0.685641
6.664994 2.660555 -0.742670
7.012359 4.811755 -0.753673
7.189796 4.910385 -0.789605
7.468975 4.990082 -0.736010
7.508553 2.572197 -0.870340
7.721682 5.071176 -0.796909
7.783391 3.721634 -0.749367
7.801030 3.631623 -0.753639
7.692383 2.640893 -0.765273
7.836937 5.108828 -0.769122
7.871474 3.392993 -0.785847
8.614635 0.867629 -0.726212
8.685732 -1.765215 -0.736087
8.933168 5.355742 -0.873134
9.165541 3.547760 -0.882240
9.468041 4.116992 -0.916063
4.153435 0.561046 -0.349641
4.244774 0.587191 -0.446429
4.526430 0.675454 -0.414918
4.839858 0.778385 -0.457418
4.998866 0.775573 -0.464927
5.091747 0.481053 -0.472045
5.124893 0.365229 -0.504817
5.585112 -1.006460 -0.531121
7.755178 2.309198 -0.592787
9.684894 0.558513 -0.761671
7.672476 4.260095 -2.002409
0.904905 0.088861 -0.787157
4.526228 2.009753 -1.048265
4.498457 1.298531 -1.049130
5.218946 0.409533 -1.038501
5.106259 3.491294 -1.129127
5.212892 3.323135 -1.128974
5.249600 3.101693 -1.125321
5.470408 0.280866 -1.054827
5.445754 2.903306 -1.108559
5.541765 2.739109 -1.110778
5.687583 2.447274 -1.118547
5.926605 2.312599 -1.137664
7.936981 5.174811 -1.224464
8.951324 4.546194 -1.384563
9.042116 4.193429 -1.378168
9.058822 4.009166 -1.371230
9.171870 3.408402 -1.387968
4.170899 4.030026 -0.822699
4.408549 1.075996 -0.786570
5.027028 0.654779 -1.011285
5.367702 -0.381638 -0.998376
5.509541 4.384252 -0.946051
5.798191 4.477067 -0.946755
6.089864 4.517415 -0.862110
6.382710 4.614669 -0.906550
6.273418 4.570192 -0.879552
6.576294 4.697110 -0.908223
6.696499 4.762560 -1.056444
7.075440 2.180645 -1.025467
7.031010 4.878970 -0.930948
7.262908 4.957660 -1.025706
7.194911 4.918169 -1.062245
7.392186 5.003035 -1.048878
7.730423 5.113678 -1.130203
8.854519 4.929259 -1.070335
8.927486 5.305383 -1.113279
9.258321 4.731759 -1.120761
9.385765 4.522728 -1.102654
9.405735 4.277703 -1.153983
5.011403 0.787786 -0.522500
5.039474 0.675112 -0.539502
5.096496 0.504850 -0.580314
5.142010 0.311398 -0.539567
5.238935 0.038657 -0.588556
5.294532 -0.158352 -0.551047
5.418050 -0.515341 -0.600561
5.458191 -0.669270 -0.563687
5.503630 -0.806332 -0.566419
5.548694 4.407618 -0.718665
6.112610 -1.810159 -0.596174
5.794836 4.474460 -0.719014
6.425574 -1.744483 -0.652865
6.058911 4.519029 -0.730870
6.297571 2.618991 -0.721902
6.301064 4.594171 -0.802718
6.315821 4.560818 -0.746761
6.448378 2.645231 -0.759965
6.593314 4.701710 -0.787968
6.654795 2.689941 -0.769451
6.687215 4.733521 -0.780072
7.021506 2.120548 -0.854579
6.990319 4.871765 -0.862381
7.331142 4.971767 -0.840563
7.600241 5.074098 -0.902466
7.653857 5.082446 -0.917698
8.917953 4.939057 -0.809493
4.335415 0.650511 -0.437348
5.008787 0.783949 -0.447092
5.058080 0.653673 -0.415290
5.108602 0.458684 -0.454592
5.159958 0.301499 -0.433178
5.264224 -0.011240 -0.450575
5.314155 -0.185361 -0.433200
5.451262 -0.624766 -0.445737
5.490289 -0.729738 -0.439651
5.555439 -0.860728 -0.395945
7.029782 2.114227 -0.632164
7.122298 3.388029 -0.653202
7.941918 0.724224 -0.674868
7.256405 4.545428 -2.079047
0.796894 -0.119615 -0.723754
3.705514 2.350639 -0.994704
3.706359 4.263454 -1.069530
5.651623 1.512123 -1.057611
5.595034 1.146895 -1.048424
6.251734 0.626278 -1.055799
5.304843 2.828568 -1.107887
5.440375 2.578309 -1.101072
5.698654 2.489056 -1.080458
5.806645 2.802885 -1.155550
5.929573 2.752003 -1.164972
6.150834 2.291373 -1.084919
8.583309 5.012885 -1.340088
8.584563 5.225071 -1.380013
8.838662 4.902927 -1.381693
8.939099 4.719497 -1.378748
9.070813 4.535085 -1.386667
9.176720 4.113690 -1.367424
1.280305 -1.524224 -0.558163
5.110519 0.355748 -0.904031
5.377830 -0.420912 -0.680704
4.982849 0.729400 -0.869154
5.387509 0.441492 -0.902171
5.901795 -0.747559 -0.884286
5.477867 4.351920 -0.904816
5.809427 4.429946 -0.904661
6.070659 4.489080 -0.925604
6.155661 4.531871 -0.947587
6.256326 4.553923 -0.874621
6.409211 4.634139 -1.022715
6.513186 4.679572 -0.958451
6.748561 4.759934 -1.033840
6.941564 4.822845 -1.059939
7.218177 4.913515 -1.063815
7.394626 4.974583 -1.189240
8.932750 5.480737 -1.083413
9.419152 4.218331 -1.247434
1.441276 0.857896 -0.433528
1.565337 0.456801 -0.454218
2.096147 0.384741 -0.488165
5.060585 0.512108 -0.670388
5.173781 0.234240 -0.477101
5.344828 -0.328778 -0.456469
6.129521 -1.843614 -0.487518
5.043391 0.658928 -0.475265
7.772731 -2.047854 -0.654835
8.002534 -1.992387 -0.605885
8.397089 -1.861164 -0.628209
5.510799 4.366152 -0.741692
6.304918 2.620669 -0.586491
5.792893 4.396929 -0.714408
6.947364 2.117994 -0.758999
6.093561 4.500512 -0.803610
6.132700 4.464595 -0.722921
6.872450 3.072918 -0.718277
6.243060 4.555150 -0.770244
6.234445 4.528691 -0.739118
6.855189 3.205539 -0.823463
6.893765 3.133367 -0.704590
6.479625 4.675605 -0.862446
6.543315 4.690014 -0.842680
7.089878 3.367545 -0.780267
7.123005 3.277430 -0.750371
6.625676 4.731830 -0.822285
6.993788 4.844687 -0.834160
7.222188 4.925553 -0.869788
7.847883 3.429349 -0.803456
8.996074 4.808563 -1.011739
8.884521 5.214746 -1.045121
9.330492 4.669007 -1.035010
5.351743 -0.336288 -0.327825
6.150949 -1.876280 -0.360470
7.843606 -2.043243 -0.485758
7.093329 3.325016 -0.630468
9.335103 4.561179 -0.796037
-0.944638 -0.494284 -0.589033
0.433443 0.768200 -0.711356
1.221040 0.752393 -0.688518
3.491131 2.531535 -0.955065
3.567014 2.349237 -0.950476
3.615659 4.302740 -1.028440
5.402725 1.159775 -1.032563
5.687007 1.157203 -1.039467
5.908793 0.718070 -1.046861
6.287218 0.056873 -1.038232
5.055809 2.730053 -1.067763
5.204631 2.535769 -1.068364
5.446075 2.275357 -1.088461
5.871177 1.074352 -1.064483
5.533476 2.696626 -1.116839
5.733358 2.098576 -1.090939
5.856643 2.090238 -1.097056
5.609146 2.652692 -1.128565
6.104598 2.109980 -1.108287
8.525389 4.949850 -1.321401
9.046294 4.628417 -1.368631
1.938245 -0.854610 -0.417699
2.535778 5.012831 -0.825397
4.809218 0.837810 -0.843289
5.525043 -0.799719 -0.909230
5.153350 0.426011 -0.846119
6.248093 -1.787083 -0.783005
5.413240 0.494876 -0.798653
5.475707 4.378183 -0.883459
5.748737 4.452411 -0.931657
5.937063 4.519808 -0.972595
6.191108 4.610726 -0.942903
6.838052 3.147785 -0.859729
6.887855 3.062511 -0.860975
6.437282 4.691985 -0.939298
6.652086 4.752997 -1.017627
6.790223 4.773628 -0.889500
6.800405 4.799435 -0.947881
7.162630 4.907735 -1.010688
2.204077 -1.682839 -0.224069
1.484330 0.280540 -0.307554
1.880722 -0.553038 -0.294640
2.100473 -1.068435 -0.227154
1.546321 0.439747 -0.367012
1.682245 0.261677 -0.222396
1.800221 -0.160685 -0.222519
2.166045 0.473482 -0.401869
2.286029 0.476256 -0.367549
5.227292 -0.103395 -0.447098
5.282176 -0.227805 -0.589906
5.483847 -0.793328 -0.537816
6.086645 -1.778760 -0.478151
4.963964 0.847099 -0.444221
4.983919 0.675151 -0.583733
5.082382 0.441695 -0.445775
5.845708 -0.703854 -0.638735
6.288919 -1.800321 -0.540676
6.468895 -1.714927 -0.505376
7.417874 -0.383810 -0.641119
5.455019 4.370918 -0.721306
6.277771 2.640387 -0.699994
5.822015 4.450550 -0.700288
5.890969 4.495090 -0.707336
6.907132 2.880950 -0.724513
7.031718 2.173149 -0.742718
6.248664 4.611639 -0.778212
6.824187 3.201044 -0.740740
6.868327 3.086841 -0.709353
6.423898 4.686347 -0.796528
7.003464 3.506427 -0.785500
7.032004 3.493295 -0.716198
6.699965 4.763071 -0.779886
6.921186 4.835161 -0.797455
7.081355 4.895710 -0.869056
9.140309 3.870894 -0.802253
8.955866 5.463835 -1.056373
9.403821 4.363546 -0.838209
9.501314 4.128411 -0.838564
5.205608 -0.015850 -0.345345
5.400827 -0.579689 -0.357931
5.449111 -0.833339 -0.304490
7.166019 0.482546 -0.520511
6.861826 3.160630 -0.601268
1.912080 -1.772843 -0.652315
0.826769 0.194912 -0.736870
1.402671 0.145300 -0.683127
1.597740 0.189405 -0.771738
2.503386 0.607662 -0.732364
1.821101 1.851937 -0.764617
5.728347 -0.764478 -0.921659
3.355362 2.402991 -1.001159
3.488473 2.074263 -0.988969
6.003364 -0.584270 -0.923470
7.497396 -2.167557 -0.991095
6.110470 0.749053 -1.055533
5.088297 2.210332 -1.082291
5.312582 2.055081 -1.086366
5.467560 2.023533 -1.095709
6.326975 0.745188 -1.076431
5.597553 1.982217 -1.070448
5.772536 1.930089 -1.099831
6.624500 1.113405 -1.057752
5.810643 4.486486 -1.127932
7.014965 4.387797 -1.279999
8.307826 4.773136 -1.329766
8.229660 5.100536 -1.370435
8.584967 4.639874 -1.366124
2.817552 -1.144505 -0.634320
5.050572 0.493706 -0.878298
5.253200 0.454055 -0.890924
4.935798 0.881354 -0.814705
5.472148 0.448067 -0.809755
5.386407 4.352539 -0.913528
5.516110 4.402420 -0.907880
5.791386 4.499665 -0.986232
5.924799 4.520832 -1.053098
6.754659 3.382342 -0.901970
6.080409 4.587905 -0.991170
6.289735 4.662955 -0.987483
6.499717 4.726230 -1.048101
6.568182 4.751996 -1.042842
7.651466 5.093785 -1.262869
9.414904 4.324980 -1.138067
9.224969 4.675325 -1.163447
2.476001 -2.311469 -0.287545
2.066691 -1.162515 -0.305889
2.748953 -1.602474 -0.347870
1.524823 1.646849 -0.254443
5.609617 -1.007143 -0.466034
6.179616 -1.802821 -0.522083
5.483290 -0.838911 -0.562598
6.349149 -1.744267 -0.494035
6.561459 -1.734253 -0.587820
6.848357 -2.307274 -0.510279
5.248292 -0.071563 -0.539937
5.777966 -0.726851 -0.589542
7.136794 -2.220383 -0.559274
7.485885 -2.099706 -0.599857
3.292613 4.641082 -0.482977
6.274593 2.573372 -0.731017
6.334000 2.701553 -0.732544
5.442649 4.320082 -0.738085
5.581479 4.411171 -0.764047
6.855009 3.076777 -0.709707
6.913671 2.856933 -0.771505
5.787284 4.490519 -0.813221
5.947356 4.544258 -0.808744
6.748831 3.453448 -0.753455
6.066667 4.594613 -0.809419
6.299489 4.671276 -0.829646
6.491693 4.722172 -0.848381
6.597186 4.764086 -0.829631
9.029655 4.809663 -1.009969
8.822364 5.297097 -1.046692
6.906674 -2.305843 -0.326581
7.013382 -2.253822 -0.334029
7.221663 -2.244646 -0.356476
7.605943 -2.565855 -0.242998
7.444176 -2.121611 -0.386542
7.721983 -2.075212 -0.380149
7.238649 -0.482527 -0.418564
9.506930 4.075409 -0.840896
1.892581 -1.396166 -0.519923
0.744563 0.219289 -0.631718
0.845211 0.159920 -0.695894
1.423877 0.140968 -0.670864
1.619829 0.203341 -0.728614
5.597556 -0.748669 -0.902562
6.466582 -1.737615 -0.874028
7.013094 -2.326981 -0.913224
3.197202 2.043802 -0.929928
3.316992 1.715172 -0.921263
3.433775 1.585674 -0.910507
3.502824 1.408113 -0.914220
5.880442 -0.721600 -0.864430
7.373538 -2.200971 -0.952087
3.157548 2.353969 -0.945649
7.437222 -2.189826 -0.941018
3.111951 2.533146 -0.951537
7.836196 -2.047511 -0.977157
4.741595 1.231871 -0.990071
5.739800 0.397731 -1.013069
4.147318 2.266722 -1.009311
5.656287 0.739651 -1.022465
5.043546 1.774781 -1.051214
5.323197 1.643125 -1.070465
6.350482 0.538649 -1.066177
4.174629 3.065548 -0.946772
5.554925 1.596844 -1.077182
5.720721 1.666118 -1.078649
3.772457 5.677039 -1.214508
3.810093 5.952780 -1.165626
3.983555 5.998750 -1.176258
5.798675 4.527956 -1.159260
-6.923386 -0.392117 0.285765
-6.874852 -0.521204 0.287132
-4.421125 -0.527058 0.161895
2.248250 0.124623 -0.564552
2.458732 0.626822 -0.633247
5.689612 -0.741910 -0.771385
4.196644 3.047132 -0.772871
5.594365 1.866693 -0.811581
8.393908 -0.313523 -1.018478
3.795590 5.899810 -0.986749
5.432290 4.366692 -0.992929
5.589006 4.435942 -1.019726
4.414828 6.122485 -1.056110
5.872376 4.550931 -0.916649
6.132829 4.632467 -0.975162
6.427356 4.689741 -1.079258
7.550303 5.120312 -1.224048
8.261129 5.061447 -1.323632
8.420930 4.863514 -1.316616
8.175822 5.308237 -1.353800
9.296216 4.577936 -1.354130
-1.819210 1.221558 -0.058742
1.334148 1.497523 -0.198651
1.571590 1.283267 -0.184752
1.712878 1.025873 -0.161502
6.773380 -2.299540 -0.457284
4.428974 0.738364 -0.320727
5.354515 -0.376868 -0.386963
7.156785 -2.207758 -0.490659
4.750393 0.865150 -0.348549
5.141475 0.296118 -0.392295
7.527135 -2.065672 -0.524817
7.735683 -2.013086 -0.453946
4.082609 2.985438 -0.597917
4.199588 3.059049 -0.608747
6.077178 1.214322 -0.487092
6.374397 1.308097 -0.517409
7.821294 -0.102810 -0.565968
3.605377 4.278780 -0.477838
7.755871 0.155212 -0.620277
7.037608 2.474917 -0.769698
5.410928 4.378232 -0.775505
6.834404 3.009922 -0.783202
6.905622 2.932196 -0.737454
4.186846 6.081375 -0.645272
5.628436 4.463809 -0.838908
6.757926 3.417040 -0.816616
6.832701 3.228461 -0.807958
5.811946 4.509217 -0.794470
5.963237 4.579005 -0.793647
6.215949 4.646162 -0.792306
6.288812 4.688906 -0.850567
8.811297 5.138690 -0.966062
6.873271 -2.750982 -0.256154
6.227806 -1.909472 -0.256133
7.163406 -2.677903 -0.263030
7.341765 -2.556295 -0.302035
7.569943 -2.540525 -0.306713
7.779640 -2.472639 -0.336362
8.400773 -2.167629 -0.238887
7.681067 -0.998593 -0.443223
7.224210 -0.455061 -0.427720
6.632746 1.489573 -0.481658
6.641979 1.259003 -0.430845
7.317390 0.590595 -0.506472
7.190392 1.041038 -0.554395
-6.987804 -0.238821 -0.089017
2.209140 0.095701 -0.713551
1.673496 1.270406 -0.801200
2.417382 0.606175 -0.720834
7.057835 -2.322861 -0.936314
3.227231 1.943334 -0.934417
3.365397 1.673407 -0.921629
3.432907 1.530096 -0.920293
5.835812 -0.740853 -0.926176
3.164923 2.236285 -0.943307
3.179893 2.085379 -0.941086
3.330087 1.943809 -0.933424
7.421731 -2.165011 -0.969778
4.365746 1.261904 -0.959729
5.471506 0.485000 -0.989858
4.966648 1.561382 -1.029234
5.061373 1.479867 -1.062437
5.525407 0.968172 -0.959394
5.845150 0.497269 -1.023857
5.217695 1.439616 -1.056080
5.415724 1.417298 -1.067026
6.008489 0.597808 -1.027118
8.668015 -0.249374 -1.114929
3.125146 6.460470 -1.179264
3.761507 5.917956 -1.052424
4.266981 6.056187 -1.080995
5.926033 4.544691 -1.131219
7.055532 4.359529 -1.285256
7.253613 4.174221 -1.293583
-4.029746 -0.005270 -0.123852
-0.651095 -1.273935 -0.296204
2.761548 -1.090382 -0.520587
2.404344 0.683897 -0.662991
6.463262 -1.742956 -0.774280
5.649020 -0.751191 -0.724067
7.030017 -2.277227 -0.837934
5.856525 -0.555668 -0.771518
4.807913 0.869732 -0.774045
3.431265 2.764044 -0.728985
3.725929 2.852875 -0.818444
3.837184 2.890296 -0.799556
4.043399 2.965433 -0.756644
4.136529 3.194989 -0.773064
4.203696 3.080581 -0.782078
3.825180 5.956705 -1.012782
5.421911 4.370426 -0.976052
5.514313 4.408879 -0.883701
5.633637 4.436693 -0.955832
5.850606 4.512436 -0.941635
6.000095 4.563742 -0.914487
6.230021 4.616655 -0.982895
6.939000 4.870814 -1.011677
7.372282 5.014561 -1.084469
7.770525 5.136111 -1.227184
7.952603 5.194849 -1.183922
8.568515 4.958426 -1.228932
9.327509 4.524820 -1.263823
8.819802 5.470530 -1.336094
1.339300 1.133893 -0.282702
1.385332 1.087267 -0.311971
1.080473 1.598132 -0.335634
1.247329 1.378596 -0.314740
5.495261 -0.929170 -0.372400
6.358691 -1.708834 -0.435671
6.802280 -2.324625 -0.394938
6.907594 -2.297225 -0.465480
4.204134 0.701579 -0.487149
7.225186 -2.188408 -0.463015
3.928535 2.924882 -0.614350
4.060255 2.963571 -0.600397
4.173602 3.178968 -0.609572
4.213675 3.078846 -0.599865
4.173327 3.263488 -0.603402
4.305658 3.171897 -0.584618
5.473560 4.373902 -0.804288
6.973714 2.514282 -0.720718
5.504220 4.396248 -0.746649
5.631115 4.437886 -0.776845
6.845567 3.019897 -0.801677
5.815877 4.510793 -0.774108
6.769915 3.426481 -0.797742
6.154514 4.616097 -0.829568
6.591190 4.721802 -0.901726
8.911013 4.894411 -0.845562
8.953858 5.412415 -0.851687
6.744092 -2.817882 -0.238199
6.164079 -1.881094 -0.344772
6.603631 -2.387735 -0.341581
7.135798 -2.709099 -0.285447
6.969686 -2.270057 -0.372401
7.304948 -2.158545 -0.386030
7.521619 -2.581036 -0.331078
7.362512 -2.137617 -0.419505
7.871671 -2.472616 -0.311946
7.912457 -2.386585 -0.278900
8.318398 -2.240958 -0.310103
8.397998 -2.224599 -0.268513
7.201057 -0.489787 -0.419818
7.389843 -0.741234 -0.480336
6.947039 0.396014 -0.498489
6.660415 1.331749 -0.461384
7.225485 0.720816 -0.523892
7.135788 1.085707 -0.479622
6.677743 2.637005 -0.532837
2.221258 0.137093 -0.747035
1.608429 2.227869 -0.878019
3.348357 1.575264 -0.945473
3.426451 1.580641 -0.954906
4.802983 0.858644 -1.002764
5.463675 0.490070 -1.019037
4.922919 1.388672 -1.063415
5.038372 1.332719 -1.059992
5.259641 1.303266 -1.079824
4.085669 3.533683 -0.980365
2.853366 6.458848 -1.183713
3.206122 6.408610 -1.168986
6.858724 4.476954 -1.315931
6.994575 4.350998 -1.313442
7.227440 4.167899 -1.325955
9.251131 4.665873 -1.374397
-0.203045 2.249774 -0.481769
2.432796 0.662561 -0.724381
6.838080 -2.302948 -0.789445
7.199018 -2.168411 -0.868193
5.096801 0.419647 -0.869701
5.889666 -0.610432 -0.876337
4.836713 0.862393 -0.798614
3.488878 2.778862 -0.900567
3.640381 2.816044 -0.831788
3.827797 2.885613 -0.803746
4.149042 3.192160 -0.795438
4.185782 3.024594 -0.760081
4.069942 3.455076 -0.821501
4.126389 3.284651 -0.789999
3.610476 5.889557 -1.008635
6.008040 3.407233 -0.890000
5.517576 4.426064 -1.058154
5.622842 4.452156 -0.947084
5.902108 4.531725 -0.958078
6.746150 3.448811 -0.903138
2.001955 8.752811 -0.984485
6.134768 4.609410 -0.920717
4.900540 6.281413 -1.152798
7.036329 4.931915 -1.052181
7.516850 5.085115 -1.125208
8.003411 5.253289 -1.290589
8.217313 5.323750 -1.237789
8.266856 5.104553 -1.305672
8.913784 4.857641 -1.317363
8.709771 5.474466 -1.311212
8.903066 5.432402 -1.330611
1.388063 1.070964 -0.360802
1.169644 1.575067 -0.405752
1.260935 1.283200 -0.390370
5.596043 -1.116533 -0.435581
6.212955 -1.799228 -0.393399
6.734569 -2.323868 -0.412074
4.221513 0.693212 -0.358182
5.468925 -0.803309 -0.384162
6.358140 -1.708944 -0.464072
6.928445 -2.260046 -0.483622
7.056749 -2.230273 -0.444547
7.208847 -2.178592 -0.477157
7.418849 -2.121495 -0.482629
4.847355 0.865206 -0.559784
3.728927 2.859648 -0.600393
3.863226 2.904909 -0.587776
4.166267 3.199973 -0.590276
4.222711 3.052535 -0.615062
7.941909 -0.533667 -0.603859
6.250634 2.521604 -0.762181
6.250158 2.597368 -0.753992
5.405124 4.384029 -0.756378
5.521487 4.436031 -0.816183
5.718448 4.463982 -0.695588
6.768043 3.404769 -0.855515
5.767314 4.517731 -0.859064
4.905008 6.302580 -0.710857
8.788250 4.950525 -0.904641
6.551352 -2.917460 -0.171434
6.788354 -2.725644 -0.276168
6.908938 -2.766695 -0.254287
6.219225 -1.905734 -0.293494
5.365795 -0.490240 -0.378175
7.241940 -2.555208 -0.309067
5.358204 -0.427187 -0.330292
8.016056 -2.291269 -0.325129
8.024530 -2.336836 -0.386019
8.525061 -2.153202 -0.328732
7.231150 -0.470138 -0.430529
6.989978 0.359314 -0.427893
7.029738 0.206707 -0.450790
7.653376 -0.506131 -0.465340
7.672513 -0.608862 -0.479019
6.635076 1.216854 -0.505086
7.101065 1.266084 -0.541912
7.171708 0.989703 -0.512208
7.011059 1.544211 -0.536512
1.240052 0.715022 -0.799456
1.809054 1.969393 -0.775180
2.947271 2.420109 -0.966853
2.947264 2.152994 -0.953453
2.943461 2.011450 -0.953294
3.796736 1.184975 -0.959523
3.392076 2.749010 -0.888904
4.131683 1.513874 -0.999962
4.178615 1.398032 -0.992913
4.256243 1.363654 -1.021810
4.519588 1.191984 -1.029455
4.436130 0.843739 -0.926490
4.897048 0.881042 -0.977889
3.935180 3.911134 -0.991273
4.653007 5.171025 -1.207970
4.805688 6.252913 -1.112328
5.477570 4.372588 -1.092756
7.099139 3.939661 -1.292306
7.324128 3.420917 -1.254661
7.658385 3.098293 -1.298141
7.698790 2.787827 -1.275921
8.356749 5.314327 -1.297151
8.747705 4.819252 -1.333233
9.240404 4.734016 -1.406874
-1.715140 1.601923 -0.336975
-1.721326 1.488493 -0.402655
-0.518062 2.524173 -0.428174
-0.159890 2.182868 -0.400098
2.105942 -2.526481 -0.553298
0.510498 2.831627 -0.465224
3.566921 2.801866 -0.745643
3.714506 2.841982 -0.776650
4.554975 0.776331 -0.759681
3.983252 2.940445 -0.761286
4.626639 1.098855 -0.818141
4.796624 0.841010 -0.836100
3.957072 3.907014 -0.883903
4.043249 3.644666 -0.708166
4.086769 3.487395 -0.786765
4.134756 3.329206 -0.821582
4.147234 2.991086 -0.767348
5.241311 0.477440 -0.830253
3.991733 3.922388 -0.945383
4.264246 6.062239 -1.026124
4.567933 6.195531 -1.025660
4.896451 6.298966 -1.029100
5.509420 4.398558 -0.933584
6.020262 4.551118 -1.010382
6.779248 3.419491 -0.899915
6.836416 3.228935 -0.910178
6.888597 2.984057 -0.909976
6.944724 2.807367 -0.908964
7.176417 4.949543 -1.090458
7.728639 5.129632 -1.175516
8.488816 5.374026 -1.296756
8.923384 4.881173 -1.280143
2.074187 -1.120330 -0.230372
3.380933 2.757209 -0.573947
3.566605 2.810162 -0.623542
4.378080 0.747790 -0.531944
3.757716 2.866990 -0.622020
4.667025 0.823125 -0.530861
4.016151 2.952227 -0.587361
4.841393 0.880022 -0.504793
4.053353 3.611583 -0.638921
4.076894 3.541287 -0.661692
4.183485 2.999295 -0.600740
6.169158 -1.738103 -0.455321
6.183495 -1.754367 -0.487702
6.467494 -1.652163 -0.484074
6.616709 -2.033202 -0.507469
7.071043 -2.216217 -0.518918
7.129831 -0.487404 -0.578254
5.618024 4.422825 -0.737352
6.306085 2.619904 -0.770654
5.820212 4.517235 -0.630692
6.163834 4.793138 -0.673773
6.748138 3.377585 -0.837345
7.321281 4.963488 -0.729606
7.474235 5.040596 -0.781264
5.327971 -0.374367 -0.365264
5.464541 -0.816528 -0.344183
6.244060 -1.905179 -0.346573
6.753734 -2.378354 -0.394343
6.659536 1.196308 -0.516261
6.964193 0.379453 -0.518611
7.033868 0.133530 -0.463409
7.234971 -0.475762 -0.455917
8.056421 -2.318531 -0.408676
7.047018 0.467267 -0.505529
7.642170 -0.506979 -0.491414
7.736056 -0.869395 -0.530179
7.102701 1.208933 -0.554364
7.198269 0.961262 -0.560006
5.642777 3.040168 -1.775088
-1.685719 1.504575 -0.519357
1.516918 1.510701 -0.811400
1.494123 2.516643 -0.845852
1.840795 1.910154 -0.772628
3.426584 -0.326988 -0.854589
2.857592 2.336718 -0.917302
3.284638 2.699662 -0.843075
3.520711 2.759999 -0.847556
3.949465 1.393659 -0.951246
4.062691 1.230540 -0.969220
4.186876 1.138109 -0.965964
4.800841 0.829470 -0.952416
4.176764 3.259986 -0.884630
7.152612 3.725376 -1.203069
7.286160 3.565921 -1.205847
7.364724 3.378231 -1.195554
9.015633 4.772757 -1.244686
-1.685135 1.456816 -0.233668
-0.123106 2.580578 -0.421029
-0.154733 2.247945 -0.394347
0.597634 2.835518 -0.443568
2.272033 -1.816765 -0.468771
1.176590 3.018758 -0.461607
3.420429 2.735547 -0.673271
3.582489 2.784117 -0.710786
4.116477 1.103581 -0.790330
3.831145 2.865847 -0.709420
4.421569 1.016938 -0.760986
4.521973 1.004964 -0.765424
4.639432 0.770856 -0.666237
4.107578 2.930732 -0.691803
4.798263 0.817947 -0.723425
4.173456 3.300248 -0.768336
4.230942 3.008437 -0.732410
4.941046 0.911459 -0.817662
4.897896 0.865541 -0.860960
5.179310 0.434802 -0.764899
5.296474 0.530428 -0.785992
4.851462 6.287833 -0.903721
5.519004 4.380637 -0.798013
5.656814 4.414073 -0.878447
6.890315 3.105772 -0.824207
6.918445 2.991737 -0.859069
7.446350 5.036315 -1.036846
8.130835 5.263851 -1.134194
8.882200 4.997902 -1.177951
0.059092 2.638683 -0.158103
1.250672 1.551696 -0.343720
1.629842 0.383055 -0.315371
1.891250 -0.184877 -0.209015
1.972007 -0.480139 -0.217121
2.421222 -2.052592 -0.241432
1.867896 0.839480 -0.200731
2.868458 -1.065200 -0.283443
3.364845 2.727826 -0.521920
3.628141 2.801468 -0.523383
4.191425 0.663195 -0.585457
4.361368 0.688553 -0.500328
3.874293 2.888690 -0.495229
4.537757 0.789550 -0.420114
4.609433 0.764940 -0.484759
4.102186 2.950253 -0.527409
4.790078 0.861886 -0.438084
4.765900 0.811296 -0.493188
4.258055 2.988953 -0.606755
4.948877 0.923753 -0.457999
4.963991 0.879093 -0.464064
6.048310 -1.683242 -0.473893
6.397068 -1.707078 -0.482520
6.320591 2.499755 -0.723781
5.416620 6.463693 -0.606948
7.882053 -0.224733 -0.588826
7.219334 4.942973 -0.664352
7.866562 5.176763 -0.718319
8.362602 5.319005 -0.761770
8.693933 5.435393 -0.796961
5.541810 -0.835957 -0.329113
5.932881 -1.275359 -0.356187
6.146474 -1.791301 -0.410243
6.671091 -2.376529 -0.367058
7.027590 0.510542 -0.443948
7.007036 0.406803 -0.470239
7.150051 -0.064985 -0.423169
7.211906 -0.282569 -0.430921
7.258171 -0.480928 -0.440631
7.686599 -0.534265 -0.487255
8.141903 -2.290188 -0.370924
8.315595 -2.265018 -0.404395
7.824111 0.038917 -0.539735
-0.924163 1.969668 -0.705343
0.022218 2.642616 -0.643374
1.015935 1.592387 -0.814862
1.242316 0.623927 -0.768095
1.317206 0.374181 -0.764346
1.627934 -1.455340 -0.636999
1.343047 2.024484 -0.839842
1.455140 2.647055 -0.868511
3.146834 -0.288785 -0.824545
3.246313 1.201722 -0.899452
3.459057 0.874250 -0.873599
4.078650 2.930951 -0.904282
4.840567 0.828841 -0.922000
6.787410 3.736532 -1.196201
6.951171 3.602080 -1.205736
7.439831 2.227224 -1.134782
7.622504 0.916537 -1.111170
8.366611 4.774376 -1.332638
-0.528532 2.468296 -0.545165
-0.594201 1.849121 -0.466339
-0.338204 2.530659 -0.502275
-0.226208 2.281589 -0.431670
-0.196186 2.199535 -0.478532
-0.281914 1.955629 -0.403971
-0.123220 2.597351 -0.460001
0.390199 2.764706 -0.504690
0.529628 2.815816 -0.477440
1.065850 2.973212 -0.491210
2.140210 -2.553663 -0.549344
2.333868 -2.131923 -0.430664
2.471614 -0.734068 -0.588646
3.260314 2.683563 -0.714450
3.377055 2.715829 -0.692994
3.681917 2.845572 -0.733940
3.585803 2.788235 -0.719550
4.026175 0.881095 -0.751674
4.154820 0.610828 -0.605241
3.889394 2.889096 -0.666021
4.224946 1.051459 -0.737107
4.086200 2.955096 -0.759771
4.655982 0.814981 -0.733196
4.820248 0.853089 -0.748379
5.183372 0.481732 -0.798149
5.302693 0.535028 -0.753984
4.709567 6.262835 -0.986785
5.647022 4.434963 -0.979116
6.242115 4.612202 -0.913632
7.989714 5.207776 -1.156243
8.825133 4.975164 -1.206402
1.353569 1.090288 -0.401010
2.189714 -1.709584 -0.406642
2.362720 -2.091217 -0.310151
2.464895 -2.406848 -0.269352
2.556188 -0.593057 -0.389631
2.884430 -1.616757 -0.389412
2.970773 -1.556223 -0.277678
3.239930 -2.607889 -0.380751
3.461774 2.756754 -0.490191
3.675814 2.838528 -0.557839
3.649133 2.813785 -0.528957
4.105509 0.643371 -0.370746
4.147202 0.614684 -0.440923
3.909100 2.900805 -0.543111
3.833566 2.806357 -0.507108
4.357994 0.713212 -0.426049
4.286451 0.651809 -0.472220
4.058720 2.942394 -0.572369
4.607220 0.776581 -0.468315
4.829649 0.838360 -0.492830
4.792150 4.355271 -0.499212
6.138448 -1.772886 -0.450882
6.418940 -1.679272 -0.461388
6.748534 3.463859 -0.795756
7.223176 1.670030 -0.569322
7.291014 1.447366 -0.566783
2.589264 -1.923362 -0.166719
2.647436 -2.014468 -0.132104
2.840618 -1.356507 -0.123430
3.103485 -2.404454 -0.106734
3.150519 -2.356856 -0.072994
4.239827 0.695683 -0.327153
4.839842 0.854384 -0.363855
5.758189 -1.290147 -0.325605
6.233368 -1.810835 -0.352572
7.112283 -0.160643 -0.415987
6.470255 3.393937 -0.547264
7.764544 -0.980514 -0.433957
5.294643 2.388330 -1.776322
-1.763750 1.456096 -0.539180
1.665666 -1.462414 -0.682945
1.683191 1.677179 -0.865739
2.242452 -1.620543 -0.690658
1.823465 2.292899 -0.885474
1.732718 2.038890 -0.878216
1.775740 1.869347 -0.857495
1.753606 1.508254 -0.846754
1.914014 2.500761 -0.902052
1.894389 2.312779 -0.895456
2.674348 -1.440222 -0.752952
2.012330 2.834798 -0.928396
2.789155 -0.517922 -0.815996
2.932297 -1.537923 -0.760335
2.730595 1.998658 -0.930914
3.163457 -0.436641 -0.836987
3.106885 1.322525 -0.917933
3.320423 0.856027 -0.916550
3.562483 -0.492904 -0.839636
3.462722 0.838989 -0.890638
3.612394 0.614062 -0.915751
3.681532 2.792108 -0.891650
4.137857 2.977586 -0.923448
4.825074 0.817908 -0.932543
5.122459 0.424752 -0.951609
5.580688 3.312937 -1.139109
5.913882 2.531788 -1.119269
6.686284 3.625619 -1.187180
7.315924 1.365384 -1.080102
6.952182 3.534292 -1.225264
7.423588 2.280471 -1.161695
-0.251971 2.326119 -0.545967
-0.262389 2.243354 -0.538084
-0.198055 1.976704 -0.491685
-0.028390 2.611522 -0.516841
0.435099 2.752167 -0.553171
0.566651 2.799195 -0.526447
0.917301 2.909091 -0.552992
1.819194 -2.464574 -0.601884
1.012414 2.945929 -0.535776
2.131580 -2.635299 -0.613856
1.376168 3.062623 -0.545267
2.420914 -0.793000 -0.626520
2.808354 -1.793706 -0.579988
3.221198 -2.586789 -0.633546
3.300917 2.703848 -0.675251
3.278488 2.682233 -0.659084
3.453258 2.755474 -0.670363
3.415120 2.689699 -0.739328
3.686356 2.811929 -0.693176
3.630642 2.693977 -0.717185
3.891879 2.886109 -0.772187
4.236830 1.022712 -0.766665
4.141471 2.964498 -0.782180
4.557590 0.756245 -0.681112
4.764120 0.824868 -0.706747
5.165505 0.422983 -0.794943
5.298028 0.513225 -0.738303
5.379045 4.340039 -0.913317
6.821471 2.062646 -1.002024
8.114421 -0.893970 -0.915830
8.332656 -0.639040 -0.919801
8.866035 5.303812 -1.241069
-0.915868 2.005519 -0.082820
0.618919 2.820264 -0.195699
1.151328 2.974181 -0.238130
1.895082 -0.765524 -0.349064
1.755323 0.956630 -0.215689
2.210852 -1.777602 -0.384226
2.362345 -2.120383 -0.274714
1.498684 3.099473 -0.276379
2.308400 -0.589589 -0.356831
2.856997 2.854091 -0.496553
3.296623 2.708903 -0.482073
3.288278 2.679577 -0.442394
3.476001 2.761202 -0.511900
3.441137 2.716869 -0.461658
3.688649 2.825571 -0.549125
3.655585 2.721386 -0.505030
4.171130 0.635012 -0.463741
3.846455 2.879317 -0.572836
4.361212 0.693062 -0.458326
4.602247 0.779521 -0.456911
4.767886 0.833664 -0.480449
6.312942 -1.719778 -0.492107
6.395708 3.278483 -0.566770
6.767448 3.618592 -0.828410
1.765923 0.744815 -0.209951
2.472001 -2.435655 -0.160692
2.589596 -1.946998 -0.173118
2.701536 -1.081690 -0.204134
2.833206 -1.367232 -0.132879
3.132674 -2.331642 -0.081685
3.075389 -2.535737 -0.104692
4.075219 0.584998 -0.341982
4.378942 0.690907 -0.361502
4.557104 0.760789 -0.367854
4.838097 0.822441 -0.386230
-1.717655 1.586197 -0.602464
-0.713797 2.247095 -0.687288
-0.100084 2.507024 -0.663060
0.312368 2.721297 -0.651293
0.828747 0.211187 -0.732971
1.678347 2.489400 -0.847043
1.619116 2.330242 -0.837985
1.569316 2.165178 -0.830395
1.827890 2.784829 -0.865625
1.751586 -1.430311 -0.695043
2.029928 -1.667930 -0.663254
1.994343 -2.417968 -0.645326
2.283005 -0.027996 -0.792952
2.776033 1.140991 -0.885535
2.822467 1.022178 -0.853893
2.739939 0.327612 -0.760920
2.591817 -0.264831 -0.802311
2.883309 0.993093 -0.874137
2.980941 0.778386 -0.876274
6.897294 2.565753 -1.096649
7.089377 2.155908 -1.098730
7.299137 2.399537 -1.171749
7.343105 1.443120 -1.107825
-0.144340 2.580252 -0.562144
-0.117931 2.006412 -0.552177
-0.001585 2.288803 -0.568422
0.451996 2.767606 -0.591866
0.873819 2.912612 -0.589275
1.230125 3.023318 -0.586869
0.983234 1.584360 -0.470949
1.449699 3.089229 -0.615039
1.317804 -1.607733 -0.595979
1.877566 -1.344455 -0.639906
2.187105 0.205546 -0.555369
2.472735 -0.798822 -0.538058
3.227566 2.685981 -0.709665
3.383651 2.733652 -0.676154
3.338649 0.758452 -0.595041
3.715403 2.844505 -0.703475
3.618883 2.778589 -0.695663
3.875216 2.885037 -0.726007
4.138347 2.896712 -0.687066
4.140602 0.614035 -0.640260
4.557714 0.785733 -0.692542
4.722108 0.831489 -0.721843
5.517453 4.412996 -0.935838
6.856224 1.090983 -0.982209
8.084903 -0.899725 -1.024686
8.449142 -0.308564 -1.018888
8.340627 -0.650693 -1.031926
1.285610 1.519346 -0.211173
1.288535 1.252236 -0.327887
1.631460 0.305980 -0.188967
1.677364 0.130815 -0.173338
1.774072 -0.206221 -0.226080
1.931727 -0.743145 -0.195576
2.034274 -1.046427 -0.191217
2.097929 -1.242921 -0.183921
2.771940 2.843533 -0.520312
2.933253 2.876427 -0.514073
2.835241 2.852630 -0.480333
2.496604 -2.528711 -0.179602
3.233523 2.697328 -0.496679
3.432801 2.756399 -0.494302
3.181837 0.236164 -0.271659
2.963463 -1.574002 -0.237983
3.684194 2.845792 -0.511011
3.612403 2.772478 -0.537566
3.825609 2.886989 -0.532473
4.058929 0.607475 -0.425338
4.249958 0.682974 -0.421076
4.534433 0.773331 -0.440175
4.405596 0.721878 -0.431038
4.757417 0.837787 -0.535774
5.434678 4.394295 -0.531856
7.572176 0.373874 -0.589132
8.104225 5.271599 -0.746435
7.873403 -0.458952 -0.612297
2.031777 -0.070783 -0.147835
2.096301 -0.181143 -0.134160
2.141113 -0.433431 -0.144274
2.326242 0.235096 -0.125011
2.396221 0.054071 -0.127481
2.486025 -0.128559 -0.129177
2.255097 -0.821328 -0.171690
2.268608 -0.845692 -0.131902
2.575916 -0.442259 -0.150903
2.608996 -1.923306 -0.124867
2.760977 -1.098597 -0.116987
2.821083 -1.324759 -0.121553
3.039512 -2.640718 -0.129283
3.104460 -2.315010 -0.107615
3.091497 -2.519964 -0.098836
4.098164 0.601040 -0.303241
4.222376 0.661278 -0.332288
4.390766 0.716778 -0.342695
-0.952532 2.009804 -0.701636
-0.064859 2.509849 -0.708316
0.271948 2.675917 -0.721475
1.668730 2.402799 -0.856490
1.617655 2.257957 -0.848944
1.588352 2.108179 -0.839506
1.366277 0.185275 -0.735031
1.847414 2.738925 -0.882714
2.530606 -0.016646 -0.798036
2.683976 1.059125 -0.886225
2.716695 0.930840 -0.877602
2.846553 0.747190 -0.885340
3.641508 2.825402 -0.888568
4.004016 2.938169 -0.884562
3.951736 2.906380 -0.887611
3.885123 1.126099 -0.865914
4.082227 2.947639 -0.905857
5.395630 2.341822 -1.056769
5.757668 1.385904 -1.034713
6.976179 3.499688 -1.197704
6.895782 1.198977 -1.017005
7.412273 2.315042 -1.129500
7.337228 1.285530 -1.037206
7.677289 0.619400 -1.081054
8.473633 0.808882 -1.088167
-1.393862 1.636800 -0.561274
0.351429 2.733239 -0.668827
0.758624 2.867443 -0.655740
1.367992 3.067732 -0.642025
1.305047 -1.321302 -0.617116
1.902120 -1.370635 -0.654084
1.897320 -1.430726 -0.584646
1.770501 -2.458478 -0.610807
2.756133 2.799744 -0.722819
2.949987 2.855775 -0.633492
3.258648 2.668666 -0.650770
3.043615 0.975601 -0.579480
3.483026 2.767548 -0.654245
3.388271 2.699801 -0.668743
3.174490 0.614941 -0.636112
3.645044 2.807994 -0.681477
3.564706 2.717260 -0.739376
4.024664 2.946118 -0.728105
3.944507 2.932809 -0.708260
4.098626 2.958835 -0.733210
4.088255 2.925126 -0.629510
4.026750 1.130085 -0.786895
4.063869 0.630153 -0.711675
4.612848 0.803620 -0.747290
4.753301 0.815402 -0.774323
6.360681 2.401463 -0.922157
6.649476 2.037866 -0.945061
6.613782 1.834873 -0.921465
6.687549 1.623150 -0.922235
-1.740005 1.497734 -0.104020
-0.786683 1.898535 -0.142915
1.215432 1.467993 -0.373033
1.298647 1.333243 -0.316061
1.342707 1.136033 -0.375986
1.437910 1.008353 -0.313794
1.447480 0.870508 -0.249359
1.614207 0.417074 -0.213113
1.790695 -0.248481 -0.234372
1.874304 -0.484197 -0.236107
1.973308 -0.754989 -0.217558
2.078318 -1.050326 -0.198430
2.366500 0.609962 -0.267892
2.376536 -2.027508 -0.226883
2.944503 2.861379 -0.482121
2.608814 -0.063038 -0.271303
2.659661 -0.590352 -0.238110
2.458960 -2.215486 -0.252741
2.540402 -2.564615 -0.227097
3.267846 2.695554 -0.474645
2.786019 -1.119528 -0.235286
2.906030 -1.543165 -0.232066
3.496022 2.774599 -0.499219
3.380225 2.701730 -0.499405
2.935099 -1.526961 -0.256741
3.599935 2.792588 -0.502794
4.044740 2.937311 -0.557482
4.135610 2.985091 -0.598322
4.089087 0.625160 -0.391405
4.268180 0.682394 -0.450603
4.164365 0.641329 -0.430669
4.478200 0.744875 -0.467392
4.867210 0.854942 -0.570296
4.710037 0.816252 -0.557407
4.579079 -2.779628 -0.334501
7.210573 2.228179 -0.673671
7.769329 -0.214183 -0.573841
7.891365 -0.400840 -0.566140
1.422171 1.420059 -0.205268
1.646451 0.105147 -0.186890
2.035960 -0.063995 -0.169168
1.834316 -0.263624 -0.194444
1.964451 -0.746203 -0.177585
2.078775 -0.040873 -0.143355
2.137249 -0.278508 -0.136192
2.187085 -0.538060 -0.131841
2.224344 -0.837741 -0.181801
2.092001 -1.001684 -0.173135
2.300662 -0.778827 -0.117540
2.646033 -0.542030 -0.176161
2.609849 -1.867530 -0.102781
2.451290 -2.295732 -0.187283
2.790548 -1.111722 -0.138394
2.821022 -1.221096 -0.125453
3.113791 -2.199491 -0.086227
3.034338 -2.647115 -0.099874
3.093589 -2.524657 -0.086121
4.089443 0.623029 -0.323693
4.308991 0.689295 -0.320359
4.183311 0.633338 -0.324565
4.756091 -3.019826 -0.169474
4.845401 -2.955486 -0.236486
-0.859058 2.014130 -0.735313
0.221906 2.730826 -0.707921
1.526824 2.103696 -0.842971
1.256097 0.233522 -0.747591
1.736460 2.637956 -0.872471
1.735297 -1.362828 -0.675108
2.553031 1.086097 -0.886575
2.578177 0.946031 -0.874075
3.794950 2.889940 -0.867197
3.992518 2.942699 -0.890253
3.925192 2.922391 -0.894455
3.956324 0.849842 -0.847465
5.752949 1.440392 -1.041366
5.698222 1.205147 -1.023250
7.102312 3.629658 -1.210940
6.915955 1.160993 -0.999560
7.462411 2.336318 -1.111323
7.368938 1.253524 -1.010235
7.667847 0.572889 -1.038312
8.391212 5.006381 -1.316788
-1.844657 1.276883 -0.522097
-1.693365 1.667761 -0.502703
-0.630145 -1.363386 -0.483217
0.597891 2.871109 -0.693042
0.932539 2.977763 -0.680304
2.079214 -1.267895 -0.658592
2.819498 2.854025 -0.715426
2.992852 2.896780 -0.726901
2.871382 0.971165 -0.589631
3.370011 2.763328 -0.645495
3.315750 2.729598 -0.666651
3.492990 2.793616 -0.672881
3.808872 2.897954 -0.743863
4.047198 2.966158 -0.745874
3.912081 2.928009 -0.774688
4.189240 3.000853 -0.832672
4.104075 0.624837 -0.738540
4.832835 0.903514 -0.781208
6.610467 2.474051 -0.962129
6.692513 2.048786 -0.935476
6.670104 1.830379 -0.913832
6.721797 1.606084 -0.907813
8.193798 5.278766 -0.944337
8.517925 0.847455 -1.044812
-1.763260 1.305673 -0.124198
1.264978 1.552534 -0.337972
1.554220 3.112710 -0.391406
1.305245 1.365892 -0.388905
1.437424 1.101038 -0.346976
1.625354 0.521119 -0.219597
1.663487 0.290386 -0.205715
2.640096 2.795421 -0.535391
2.103824 -1.144031 -0.207834
2.776830 2.849036 -0.512061
2.988379 2.904589 -0.514860
2.783707 0.129149 -0.261609
2.781247 -1.014400 -0.270962
2.498376 -2.430626 -0.200930
3.378712 2.756985 -0.506889
3.322092 2.725652 -0.511735
3.445277 2.781800 -0.491897
3.402492 2.739808 -0.588891
4.017090 2.968915 -0.569214
3.952354 2.947578 -0.588238
4.190787 3.006354 -0.514633
4.109824 0.656863 -0.438768
4.295203 0.702198 -0.456265
4.622062 0.814596 -0.552181
4.394157 -3.046884 -0.328973
4.552757 -3.006902 -0.323039
4.905790 -2.935079 -0.348310
5.073758 -2.820221 -0.368379
7.146807 4.931920 -0.819420
7.763283 -0.064858 -0.546111
1.455041 1.020650 -0.199502
2.055853 -0.000799 -0.181251
2.131512 -0.216134 -0.174612
2.245565 -0.506495 -0.146894
2.299321 -0.741845 -0.136839
2.611119 -0.473907 -0.169531
2.374562 -0.938524 -0.153945
2.662970 -0.427721 -0.185974
2.669288 -0.441092 -0.158019
2.621362 -1.840757 -0.137406
2.683784 -2.029370 -0.113950
2.849710 -1.244326 -0.126093
3.099525 -2.479526 -0.099138
3.092170 -2.591050 -0.142393
4.163713 0.746943 -0.309726
4.109741 0.650333 -0.316590
4.066057 -3.176194 -0.113311
4.392616 -3.070885 -0.232913
4.197583 -3.144668 -0.082481
4.534962 -3.021795 -0.207458
4.779892 -2.956267 -0.243785
5.042176 -2.872962 -0.239170
4.991124 -3.368231 -0.097530
5.190708 -3.306788 -0.145152
-0.010378 2.587723 -0.710279
0.269367 2.717302 -0.716621
0.037129 0.933212 -0.681148
0.349050 2.763996 -0.675239
0.619399 2.823843 -0.691687
0.933964 -0.131112 -0.685333
1.387398 2.262814 -0.821922
1.387973 1.990623 -0.787704
1.752583 1.095753 -0.788958
1.960136 -1.554834 -0.695323
2.271606 0.972269 -0.832385
2.337952 0.828415 -0.852216
3.770997 2.863862 -0.883805
3.648962 2.818485 -0.859321
3.967770 2.917572 -0.897345
5.539841 1.317145 -1.036782
5.453986 1.081657 -1.007653
7.559767 3.882389 -1.203033
7.599970 0.545219 -1.052612
9.081794 3.737788 -1.364004
8.669697 -0.252789 -1.169056
9.228377 3.335038 -1.379927
0.680128 2.867806 -0.661133
0.916119 2.941279 -0.665754
1.154192 3.017928 -0.656536
1.461973 3.078475 -0.616161
1.414716 0.875001 -0.457394
1.644537 3.146712 -0.592226
1.931715 3.269119 -0.586838
2.586848 2.751948 -0.699354
2.089095 -1.401969 -0.580823
2.911162 3.591886 -0.580261
2.707979 2.789080 -0.667553
2.508486 0.592118 -0.639833
2.996946 2.906801 -0.665714
2.887393 2.850924 -0.669363
3.227006 2.689573 -0.705396
3.271088 2.583463 -0.583236
3.520236 2.779226 -0.715479
3.736657 2.863051 -0.720642
3.671977 2.827096 -0.839871
3.964221 2.921212 -0.760470
4.095254 0.609289 -0.771512
4.524990 0.804345 -0.743604
6.643935 1.727491 -0.819560
6.651329 1.000554 -0.772098
7.392985 2.295606 -1.040568
7.404077 2.265864 -0.986765
7.351190 1.407165 -0.906658
7.412214 1.103434 -0.896715
7.495023 1.465770 -1.020903
7.771128 0.356507 -0.911284
8.376328 -0.707234 -0.958906
-1.837761 1.253001 -0.228784
1.196712 1.493708 -0.337166
1.500158 3.122397 -0.377048
1.289685 1.226646 -0.310010
1.399432 0.938083 -0.366313
1.595526 0.567369 -0.184311
2.574190 2.780949 -0.383506
2.187619 -1.512192 -0.207972
2.907314 3.569947 -0.484169
2.700355 2.797307 -0.485939
3.111469 2.986354 -0.514080
2.936361 2.869925 -0.478317
3.202674 2.690340 -0.564704
2.913283 -1.479734 -0.230997
3.567657 2.817403 -0.557715
3.772845 2.879961 -0.504550
3.640731 2.834469 -0.532140
3.975720 2.931526 -0.488130
4.062717 0.645558 -0.391759
4.221316 0.654234 -0.565934
4.112296 -3.181127 -0.288810
4.440816 -3.040747 -0.316758
4.773781 -2.943889 -0.345038
4.911829 -2.909075 -0.312811
5.897744 3.455294 -0.557861
6.398943 3.471866 -0.603647
6.556659 2.791558 -0.559274
1.951033 0.365813 -0.126246
2.030522 -0.015473 -0.125931
2.027113 -0.016679 -0.126711
2.230398 0.498939 -0.159964
2.164593 -0.443020 -0.125994
2.262073 -0.706009 -0.123142
2.335433 -1.038782 -0.120283
2.363582 -1.075883 -0.109676
2.674985 -0.551895 -0.173435
2.745745 -1.099842 -0.151238
2.648439 -2.043305 -0.089371
2.908872 -1.519867 -0.163242
3.081120 -2.543555 -0.097472
3.068874 -2.620023 -0.137169
3.183118 -2.513405 -0.096844
4.437078 -0.636130 -0.303728
4.470599 -0.731038 -0.291106
4.458887 -3.064862 -0.255538
4.732503 -2.987345 -0.258608
5.057097 -2.879531 -0.274398
4.978639 -3.104867 -0.191634
4.946123 -3.387007 -0.141223
5.227046 -3.309725 -0.158341
7.196827 3.840377 -5.866020
4.376490 1.727471 -1.798619
0.045466 2.177293 -0.719133
0.257495 2.714106 -0.728437
0.584234 2.814044 -0.705927
1.692878 3.143669 -0.745155
1.461041 2.424836 -0.837532
1.688364 1.237741 -0.800080
1.676636 1.119856 -0.797771
1.798214 0.804344 -0.793614
1.920380 0.578097 -0.762795
2.111396 1.194958 -0.832357
2.169409 1.026735 -0.851002
2.282871 0.787214 -0.844601
2.246262 0.080427 -0.770299
3.713287 2.823494 -0.832156
3.831414 2.871828 -0.844072
5.856094 2.452238 -1.060702
6.077536 1.874159 -1.055098
6.843131 0.354696 -0.951970
7.316391 2.505177 -1.021977
7.379206 2.215790 -1.032545
7.242087 1.347173 -1.021232
7.562953 3.836176 -1.062927
7.776319 0.694126 -1.066054
8.491160 0.856204 -1.031481
0.847346 2.902018 -0.691322
1.324406 3.032369 -0.688198
1.298757 1.169589 -0.488853
1.612086 3.141432 -0.636401
1.356161 0.879919 -0.485144
1.905823 3.231257 -0.621554
2.604672 2.746864 -0.603722
2.334330 0.688018 -0.628321
2.917049 2.857906 -0.668302
2.806736 2.807095 -0.643074
3.044294 2.873405 -0.702778
2.982513 2.833688 -0.597331
3.392248 2.746789 -0.667203
3.645845 2.813675 -0.729617
3.545171 2.767821 -0.699327
3.838356 2.871003 -0.678139
4.035904 2.938175 -0.693451
4.515419 0.748984 -0.594504
6.219996 2.515446 -0.745071
6.236939 2.297654 -0.725538
6.857681 2.932342 -0.870737
6.808257 1.615110 -0.743454
6.713171 1.110955 -0.698438
7.250013 2.162993 -0.844082
7.267544 1.372244 -0.870991
7.705969 0.618990 -0.854206
8.359494 -0.307260 -0.984841
-1.788073 1.286394 -0.231766
1.249205 1.376992 -0.317284
1.309069 1.168527 -0.341671
1.499862 3.080126 -0.473957
1.367131 0.962325 -0.390841
2.022849 2.988053 -0.435757
2.626342 2.759629 -0.450698
2.198880 -1.696569 -0.246103
2.876753 2.864769 -0.458773
2.779239 2.835307 -0.429828
3.441859 2.755098 -0.530898
3.611945 2.817789 -0.454043
3.500719 2.782398 -0.502723
3.167818 -2.569654 -0.268579
3.880241 2.890754 -0.488221
4.038037 2.961278 -0.501503
4.124017 0.625042 -0.558287
4.385061 -0.494268 -0.321195
4.139139 -3.172212 -0.281983
4.633653 0.821257 -0.482496
4.522049 -1.925267 -0.305908
4.344435 -3.044068 -0.317617
4.759973 -1.784573 -0.322964
4.621092 -2.984436 -0.315859
4.516753 -3.065565 -0.290138
4.846863 -2.971399 -0.293710
6.461793 3.218106 -0.504650
6.564750 2.957468 -0.506932
1.864698 0.447271 -0.150538
1.969876 0.371888 -0.144211
2.030718 -0.046145 -0.140280
2.112183 -0.222532 -0.125771
2.163066 -0.498678 -0.136043
2.254090 -0.797651 -0.138040
2.344603 -1.103686 -0.139850
2.367805 -1.163256 -0.097301
2.696326 -2.253145 -0.125491
2.938831 -1.590710 -0.213204
4.253951 -0.090787 -0.251176
4.442768 -0.682051 -0.294373
4.178485 -3.187746 -0.157306
4.467419 -0.755113 -0.263117
4.337156 -3.163518 -0.148260
4.715415 -1.798465 -0.295212
4.714424 -3.187744 -0.157234
4.828890 -2.981761 -0.217194
4.901366 -3.393133 -0.132277
5.146838 -2.858648 -0.231658
-0.429411 2.403594 -0.722462
0.208069 2.686091 -0.703741
1.278998 2.518496 -0.840048
1.131583 2.282366 -0.826851
1.505291 0.886629 -0.771855
1.952633 1.171274 -0.820995
2.002968 0.983596 -0.833355
2.075936 0.765917 -0.835655
3.225318 2.711772 -0.860060
3.672104 2.833413 -0.897909
5.560046 2.110697 -1.088434
5.649798 1.749919 -1.076304
5.713033 1.164583 -1.059229
5.679313 0.968973 -1.044659
5.644039 0.768373 -1.032861
5.562259 0.583675 -1.012802
7.455409 3.657946 -1.229893
7.495175 1.484277 -1.078898
7.551065 1.479799 -1.067264
8.486358 0.924335 -1.104486
0.323488 2.743690 -0.651421
0.623445 2.834440 -0.642289
0.868121 2.915222 -0.637693
1.318867 3.043566 -0.620674
1.222501 1.353779 -0.484789
1.523932 3.121706 -0.611478
2.020393 3.295843 -0.679028
2.004964 2.971907 -0.556725
1.642165 -1.441226 -0.618404
2.567655 2.741591 -0.630441
2.829925 2.855339 -0.640270
2.730112 2.794171 -0.644069
2.930723 2.870772 -0.651586
3.277765 2.725785 -0.735594
3.554996 2.798812 -0.758780
3.415064 2.749806 -0.794888
3.781173 2.875276 -0.699707
4.058893 2.986223 -0.790330
3.962843 2.952718 -0.808041
6.513304 1.987084 -0.877854
6.629778 1.741418 -0.873598
7.380797 2.332905 -1.052405
7.569784 0.581827 -1.019909
8.388547 -0.286541 -1.018114
1.197473 1.432422 -0.308689
1.277931 1.159795 -0.348549
1.373416 0.849618 -0.421182
1.996482 3.259069 -0.444191
1.986586 2.996517 -0.443533
2.579839 2.784228 -0.395566
2.862067 2.885702 -0.527824
2.674185 2.765433 -0.491481
3.542924 3.503265 -0.402884
3.538553 2.809609 -0.517405
3.421302 2.782571 -0.497527
3.774130 2.880197 -0.500581
3.977011 3.853686 -0.447138
4.040009 2.997585 -0.479895
4.037131 2.981700 -0.578474
4.613404 3.909258 -0.499740
4.208694 0.706484 -0.558163
3.991630 -3.179913 -0.294170
4.882437 3.935915 -0.523156
4.949815 3.720960 -0.523940
4.325434 -3.055883 -0.320072
4.648122 -2.886738 -0.349359
5.481638 3.643325 -0.569665
1.887071 0.433117 -0.148136
2.105407 -0.263095 -0.148970
2.163553 -0.548395 -0.144202
2.272707 -0.797797 -0.133514
2.296862 -0.916831 -0.109994
2.394547 -1.163336 -0.115527
4.056833 -3.192625 -0.176460
4.451726 -0.619781 -0.270616
4.313698 -3.108750 -0.176629
4.603530 -1.071921 -0.272794
4.581031 -2.995445 -0.224514
4.462485 -3.062486 -0.164676
4.806886 -1.759650 -0.265809
4.860085 -2.925038 -0.228008
4.790391 -3.437599 -0.109311
5.142971 -2.839861 -0.221593
4.980499 -2.891104 -0.243706
4.963736 -3.381428 -0.088495
-0.661008 2.260690 -0.663900
-0.819282 1.938614 -0.661029
-0.485169 1.798848 -0.656747
-0.698463 1.664259 -0.633094
-0.005117 2.590426 -0.642956
1.273502 2.368505 -0.796285
1.970099 3.280483 -0.780219
1.478878 1.424387 -0.774317
1.915045 1.750782 -0.827381
1.507437 1.140679 -0.766642
1.430370 0.631600 -0.798915
1.909593 1.504205 -0.808936
1.910352 1.321278 -0.830287
1.558580 0.512891 -0.735917
1.676419 0.424335 -0.730947
1.882542 0.444847 -0.698638
3.089472 2.975676 -0.825169
3.621279 2.827724 -0.841620
3.708349 2.861132 -0.847076
6.480491 4.774572 -1.045502
5.772196 1.914910 -1.084371
5.822780 1.228225 -1.055786
5.783619 0.927318 -1.037558
5.774971 0.710258 -1.035463
7.452637 5.095634 -1.221651
7.341070 1.263613 -1.040472
7.541814 1.550101 -1.069391
7.716818 0.615569 -1.081395
8.489668 0.896530 -1.168399
9.731015 1.045400 -1.281638
0.604115 2.827536 -0.619618
1.016114 2.949849 -0.559923
1.379969 3.086170 -0.538558
1.117618 2.974073 -0.639526
1.469369 3.107619 -0.650246
1.701553 3.181750 -0.525158
1.263418 1.349691 -0.440158
2.064492 3.307341 -0.659953
1.986486 3.260327 -0.563516
2.558423 2.751982 -0.579144
2.225971 2.434243 -0.737551
2.784132 2.814126 -0.653895
2.628421 2.771206 -0.626062
3.113272 2.948774 -0.636641
2.981138 2.869515 -0.655815
3.203755 2.694439 -0.660184
3.558578 2.808354 -0.721372
3.880102 2.916393 -0.745928
3.742065 2.865891 -0.697321
4.138225 3.009843 -0.676491
4.703205 0.844644 -0.619455
6.618134 1.782275 -0.844824
7.267520 2.212378 -0.986658
8.308238 -0.365836 -0.981816
-1.662836 1.594124 -0.248722
1.323478 3.037627 -0.379577
1.625207 3.164673 -0.383933
1.545615 3.107103 -0.366029
1.200711 1.541669 -0.311660
1.242886 1.402057 -0.359746
2.095722 3.309605 -0.469301
2.026259 2.998172 -0.405014
1.419360 1.045248 -0.289177
1.517231 0.645789 -0.352657
2.576343 2.745392 -0.428416
2.766623 2.826130 -0.432772
2.656015 2.748094 -0.407822
3.074517 2.926848 -0.491834
2.961278 2.874676 -0.458649
3.845734 2.912332 -0.518170
3.743298 2.868270 -0.504350
4.178792 0.673294 -0.511756
4.472989 0.780686 -0.526315
3.926689 -3.219394 -0.294082
6.382870 3.238334 -0.535394
4.172955 -3.141072 -0.305007
4.510735 -3.053437 -0.330446
4.806699 -2.846485 -0.353568
6.911620 1.753623 -0.546558
2.168863 -0.330456 -0.137160
2.156554 -0.597450 -0.146403
2.260741 -0.673518 -0.118615
2.341827 -0.879905 -0.136415
2.254833 -1.114325 -0.146376
2.418541 -1.035734 -0.124051
2.866515 -2.549537 -0.091389
3.168540 -2.585698 -0.103582
4.127766 -3.186342 -0.180109
4.404751 -3.089624 -0.222365
4.337658 -3.126041 -0.156224
4.719845 -2.983910 -0.242348
4.126215 1.392595 -1.601318
-0.859883 2.056845 -0.643152
-0.301462 2.499497 -0.704484
0.393188 2.769617 -0.666869
1.692157 3.177891 -0.768097
0.644781 0.692462 -0.670554
1.484383 1.032446 -0.761071
1.487793 0.862594 -0.729596
1.550514 0.929809 -0.757561
1.783178 0.599492 -0.712428
3.812910 2.862293 -0.890249
5.963657 1.729597 -1.093118
5.972978 0.878803 -1.049926
5.926014 0.663835 -1.034559
8.348028 5.292627 -1.285052
6.875617 1.193504 -1.018206
7.510609 1.402196 -1.131286
9.306808 3.251407 -1.344183
8.557153 -0.320403 -1.078106
8.400461 -0.697234 -1.045981
0.753762 2.873841 -0.547351
0.671600 2.866518 -0.655422
1.170725 3.024976 -0.524011
1.516302 3.128247 -0.599371
1.914084 3.262032 -0.695495
2.210732 3.347657 -0.663336
2.072887 3.302294 -0.663267
1.390883 1.146057 -0.470073
2.615388 2.766725 -0.561383
2.816196 2.819499 -0.606584
2.706939 2.783102 -0.643470
3.151902 2.970436 -0.661433
2.999339 2.866404 -0.693074
3.265644 2.735776 -0.726114
3.657256 2.808347 -0.789040
3.883235 2.888939 -0.757372
4.098758 2.962103 -0.762510
4.108583 0.612543 -0.575691
4.355963 1.079772 -0.628038
4.315597 0.726753 -0.592700
6.721877 1.677306 -0.830534
7.399110 1.345897 -0.905416
7.718647 0.287700 -0.879031
7.832729 -0.130537 -0.872242
-0.845849 2.435399 -0.207987
1.198126 2.996324 -0.428948
1.513501 3.127918 -0.426363
1.795449 3.221852 -0.455254
2.238097 3.302843 -0.432556
2.129692 3.059791 -0.406256
1.343480 1.285107 -0.261873
1.448000 1.011489 -0.287092
2.642724 2.802168 -0.321777
1.560488 0.705554 -0.277507
2.799657 2.848614 -0.390621
2.702466 2.773402 -0.419407
3.179073 3.007352 -0.482202
3.027253 2.882116 -0.473045
3.997643 2.933827 -0.555357
4.141141 2.969210 -0.566671
4.602834 3.264658 -0.541489
4.249967 0.690482 -0.493137
4.544309 0.779309 -0.550045
1.805326 0.928357 -0.135664
2.072938 -0.500143 -0.136429
2.342336 -0.840702 -0.130524
2.274080 -1.062204 -0.131395
2.685815 -0.531454 -0.195276
2.432703 -1.053463 -0.101639
2.452098 -1.200604 -0.137383
2.207193 -1.418683 -0.147762
2.970548 -1.496233 -0.148233
4.154373 -3.179407 -0.202199
3.608553 1.198906 -1.514498
-1.718095 1.579825 -0.601768
1.322189 2.410529 -0.805027
1.111694 1.851075 -0.779081
1.028287 1.611800 -0.758564
0.983123 1.404832 -0.750825
1.578850 1.717684 -0.828666
1.013392 1.134239 -0.733751
1.632753 1.645705 -0.819150
3.196625 2.835062 -0.797914
3.624012 2.774233 -0.823893
8.220378 5.112813 -1.084898
8.869606 4.919774 -1.152480
4.470387 -0.901717 -0.773733
9.361194 4.586145 -1.197087
8.296035 -0.688536 -0.928857
0.484901 2.819042 -0.469902
0.948951 2.961941 -0.604548
0.601174 2.842147 -0.673088
1.334360 3.077271 -0.667171
1.089581 2.979754 -0.704489
1.618197 3.164101 -0.638711
2.170363 3.325242 -0.645532
1.953189 3.256507 -0.629494
2.327874 3.366591 -0.644839
2.115259 2.994699 -0.555664
2.059420 2.985456 -0.549798
1.223578 1.481507 -0.467681
1.871889 1.938287 -0.691957
1.319322 1.175218 -0.461153
3.146632 2.945253 -0.631897
2.950856 2.829128 -0.635429
3.208018 2.822302 -0.704732
3.236145 2.685582 -0.711367
1.500059 0.634937 -0.432597
3.539359 2.751420 -0.792971
3.800991 2.818636 -0.705793
4.094885 0.606815 -0.701904
7.387444 1.064162 -0.840359
-1.702856 1.630445 -0.252573
-1.886058 1.297716 -0.254518
-0.057341 2.657729 -0.244882
0.839868 2.918099 -0.430269
1.293993 3.075780 -0.418069
1.116508 3.012864 -0.400397
1.825891 3.232167 -0.390856
1.647480 3.170118 -0.413953
1.463784 3.128751 -0.362999
2.190742 3.324718 -0.429113
1.964359 3.235556 -0.406921
2.332394 3.382083 -0.443529
2.113509 3.006153 -0.386799
2.029884 2.996808 -0.385543
1.245444 1.520682 -0.307572
1.282854 1.357141 -0.418000
2.671691 2.711175 -0.328252
1.383135 1.323804 -0.205432
1.362443 1.202181 -0.298735
3.113940 2.904585 -0.434069
3.004182 2.821936 -0.365469
1.461036 1.052400 -0.221825
1.451178 0.888815 -0.312898
3.185447 2.834980 -0.524097
1.526278 0.683830 -0.266893
1.580635 0.441800 -0.401487
2.149025 0.524762 -0.325754
2.091650 -1.237172 -0.165104
4.083142 0.619215 -0.467732
6.463596 3.358138 -0.503805
8.994464 4.772258 -0.736578
4.508730 -0.981489 -0.373019
4.696729 -1.797567 -0.416789
-0.280744 2.617181 -0.149806
0.139348 2.704587 -0.169542
-0.961558 -0.203085 -0.031812
1.350849 1.512931 -0.178007
-0.593247 -0.649586 -0.030495
1.595503 1.509182 -0.164584
1.637985 1.395509 -0.165259
1.321879 1.238423 -0.174373
1.700501 1.339230 -0.169249
2.116182 -0.276645 -0.125075
2.212609 -0.571601 -0.105683
2.087359 -0.541426 -0.137766
2.169900 -1.056369 -0.125393
2.540004 -0.722521 -0.117026
2.430758 -1.074973 -0.111565
2.341287 -1.119766 -0.113090
1.480544 3.107130 -0.734288
0.261832 1.033420 -0.683799
1.137884 1.767033 -0.776430
1.116052 1.566306 -0.778056
1.097813 1.366770 -0.780892
1.138523 1.263180 -0.777775
5.648483 3.708398 -1.144115
3.869607 0.327858 -0.888723
8.957185 5.384189 -1.272971
4.663683 -1.309858 -0.827953
4.525997 -1.626337 -0.827180
0.289482 2.698615 -0.493385
0.045766 2.627388 -0.448291
0.638444 2.822242 -0.449856
1.021622 2.957478 -0.544834
1.543179 3.122252 -0.578511
1.287169 3.046205 -0.600760
1.847932 3.221770 -0.698068
1.659970 3.173957 -0.723871
2.283383 3.361477 -0.594193
2.152045 3.318857 -0.688245
2.015007 2.962355 -0.503309
2.884451 2.824430 -0.701177
3.094347 2.910790 -0.707237
3.382269 2.727736 -0.716883
3.753090 2.856481 -0.689845
4.263791 -0.028435 -0.677194
4.427612 -0.547176 -0.736766
8.816537 5.016195 -1.100692
3.636459 -3.274945 -0.608289
4.725157 -2.822121 -0.613788
7.723211 0.273779 -0.824798
7.840836 -0.170316 -0.811446
-1.586312 1.661740 -0.149129
-1.699159 1.500605 -0.105998
0.649377 2.830428 -0.404919
0.483419 2.773456 -0.259414
1.217953 3.029944 -0.424976
0.965875 2.950020 -0.410528
1.557907 3.134876 -0.403084
1.315553 3.053364 -0.406902
2.010792 3.277966 -0.444980
1.780896 3.201558 -0.402630
2.311980 3.368658 -0.397778
2.177171 3.319259 -0.444847
2.042897 2.980349 -0.393209
1.162721 1.696463 -0.360516
1.269116 1.484508 -0.280609
1.345880 1.321200 -0.224195
1.336004 1.226972 -0.309181
2.943940 2.860835 -0.523018
1.413148 1.038585 -0.279815
1.428783 0.831705 -0.333219
3.040246 2.895854 -0.543748
1.516241 0.894841 -0.208586
1.485908 0.699482 -0.355941
6.044060 3.412509 -0.542105
4.102845 0.669247 -0.423279
6.477726 3.297997 -0.568004
6.595390 3.042877 -0.566657
6.649667 2.767022 -0.560608
8.891326 5.177977 -0.792060
-0.839214 -0.608328 0.030360
1.350765 1.531160 -0.165595
1.609363 1.508060 -0.175509
1.379999 1.471000 -0.164859
1.342717 1.250660 -0.174666
1.621153 1.432613 -0.173518
1.385527 1.036717 -0.175879
2.255858 -0.589271 -0.126241
2.289616 -0.750524 -0.138532
2.432064 -1.138592 -0.122699
2.280801 -1.378373 -0.155984
2.502682 -1.529377 -0.159196
9.344238 4.145613 -1.264522
-1.665027 1.468530 -0.608449
1.141232 2.969172 -0.733224
1.721484 3.167654 -0.751351
2.217994 3.310598 -0.773524
2.010637 3.251044 -0.778324
0.353071 1.372261 -0.722365
1.175014 1.681838 -0.799397
1.136503 1.454599 -0.805170
3.703791 2.780252 -0.829861
5.844828 3.457353 -1.085046
3.796361 0.073239 -0.834129
4.670213 -1.649275 -0.744835
4.572340 -2.535672 -0.729937
8.292804 -0.558008 -0.955819
0.036584 2.639434 -0.551081
0.724917 2.868709 -0.555969
0.537469 2.789871 -0.569532
0.277234 2.721470 -0.591902
1.226401 3.016939 -0.576931
0.972032 2.932488 -0.562844
1.718647 3.168246 -0.539075
1.546718 3.123658 -0.529851
1.366382 3.071364 -0.508175
2.261588 3.338968 -0.600147
2.105773 3.284304 -0.614543
1.915274 3.215116 -0.735313
2.339398 3.350632 -0.648294
2.116713 2.956227 -0.507994
3.167941 2.902227 -0.659207
2.929183 2.811246 -0.638434
3.225023 2.765198 -0.666544
3.560372 2.736984 -0.736163
4.209512 0.133100 -0.581651
4.326484 -0.283915 -0.619148
7.499057 2.122965 -0.689204
4.516618 -0.909180 -0.680389
7.333681 1.441970 -0.673305
4.480739 -1.653672 -0.640817
7.797013 -0.113357 -0.670323
-1.653811 1.633370 -0.152644
0.250091 2.723272 -0.183586
-0.848102 1.912884 -0.189136
0.409732 2.755404 -0.355748
1.164202 3.004753 -0.351027
0.840808 2.901416 -0.357014
1.733214 3.180153 -0.357172
1.532550 3.105253 -0.346833
2.139693 3.298682 -0.362304
1.849599 3.155471 -0.339007
2.383936 3.326783 -0.379363
2.098273 2.970743 -0.398253
1.178860 1.649946 -0.354380
1.265437 1.517882 -0.295971
1.287430 1.372144 -0.353938
3.191072 2.920142 -0.473691
2.973671 2.833941 -0.468555
1.362068 1.206065 -0.315501
1.422103 0.994565 -0.306269
1.444551 0.883524 -0.333835
1.500553 0.691476 -0.345516
6.550810 3.129008 -0.455561
2.310637 -1.910170 -0.173300
6.547017 1.796732 -0.601279
1.530739 1.688818 -0.180095
1.370487 1.527462 -0.176125
1.366341 1.120164 -0.175201
2.185312 -0.429327 -0.117860
2.242533 -0.642185 -0.102452
2.313552 -0.978847 -0.143853
-0.656931 2.272836 -0.701573
-1.075565 1.787567 -0.623164
2.315890 3.373640 -0.828328
2.165798 3.313074 -0.820112
1.958485 3.214414 -0.807965
1.805644 3.194106 -0.796985
0.406415 2.065670 -0.747800
1.272507 2.332565 -0.825210
1.156347 2.157863 -0.833707
3.648963 2.801974 -0.879353
6.384944 2.476410 -1.075206
6.635828 1.628990 -1.093619
3.263345 -0.260949 -0.803308
2.964305 -0.419764 -0.786515
3.411721 -0.198729 -0.820968
4.350106 -1.810065 -0.751506
4.529954 -2.445505 -0.713226
4.176652 -3.248842 -0.675145
3.819400 -3.364033 -0.678868
1.718770 3.189870 -0.568681
1.461317 3.102889 -0.630300
1.179506 3.007777 -0.635136
0.930476 2.940954 -0.683741
2.195688 3.329924 -0.633479
1.961324 3.242523 -0.690877
1.822949 3.214911 -0.779530
3.113795 2.956510 -0.695287
3.034570 2.859439 -0.692696
3.382416 2.717030 -0.702095
3.194105 2.693881 -0.728784
1.463964 0.637200 -0.442701
7.068837 2.072110 -0.723379
4.085023 0.610546 -0.625147
7.270151 1.416273 -0.713438
2.708833 -1.072584 -0.464740
7.406697 1.056340 -0.712100
4.434353 -0.752306 -0.680349
4.450285 -1.605146 -0.647077
7.747322 -0.023828 -0.657341
4.369669 -2.710762 -0.641504
-0.964059 2.351636 -0.181389
-0.079203 2.586721 -0.207764
-0.472316 2.531159 -0.207923
1.708425 3.179822 -0.415191
1.505870 3.105297 -0.386548
1.253598 3.035526 -0.396770
0.947675 2.956743 -0.436278
0.870219 2.908343 -0.488752
-0.986953 1.843046 -0.151713
-1.533859 1.695115 -0.180365
-1.731382 1.566835 -0.136702
2.329942 3.394290 -0.411236
2.189893 3.321661 -0.422098
2.010295 3.249412 -0.447251
1.739624 3.146282 -0.371489
2.044416 2.975304 -0.447387
1.975630 2.972147 -0.347099
3.115545 2.986166 -0.582244
3.048946 2.866266 -0.535176
2.844661 2.847697 -0.454730
3.418546 2.730430 -0.557402
3.188725 2.726118 -0.509070
1.226209 1.561203 -0.266785
1.260134 1.398659 -0.309683
1.346834 1.097642 -0.283717
1.417895 0.907158 -0.305625
1.385263 0.855889 -0.383568
1.501461 0.618919 -0.351508
6.770122 2.083403 -0.525856
6.725819 1.766330 -0.674867
6.923261 1.490369 -0.518121
7.748857 0.387519 -0.660364
4.197811 -3.122990 -0.165760
-0.951319 2.361523 -0.102154
-0.575726 2.507818 -0.087792
-0.649131 2.467795 -0.110511
-0.896801 2.348673 -0.071781
-1.727331 1.662698 -0.035937
1.001022 2.954675 -0.250928
-0.999597 1.858185 -0.064013
-1.734272 1.568089 -0.045458
1.408961 1.668092 -0.191589
1.271999 1.537615 -0.193933
1.498192 1.504397 -0.179867
1.336106 1.437397 -0.186603
1.654025 1.408599 -0.184127
1.342851 1.164054 -0.189871
1.436568 0.915996 -0.182062
-0.968733 -0.343637 0.014696
3.022994 0.952735 -1.617919
9.236140 3.259487 -1.299062
9.421035 2.806152 -1.312530
1.544605 3.111464 -0.809157
1.939615 2.970104 -0.886953
0.398936 2.280696 -0.790754
1.129796 2.386831 -0.868030
1.092075 2.242986 -0.858801
6.646138 1.903046 -1.104807
3.141973 -0.078119 -0.817605
2.920078 -0.172950 -0.802082
4.626419 -1.272069 -0.773564
4.516352 -1.641801 -0.773615
3.197862 -2.624365 -0.670422
3.132643 -2.611960 -0.676688
4.778912 -2.500148 -0.775859
4.360866 -3.148720 -0.720644
0.714289 2.875759 -0.683685
0.220652 2.707191 -0.599798
2.123423 3.300378 -0.739659
1.925904 3.230464 -0.727175
1.738950 3.179589 -0.635095
1.459685 3.095403 -0.669075
1.174242 3.011254 -0.640376
0.902192 2.921097 -0.684370
-1.701438 1.469471 -0.508100
2.339831 3.356106 -0.699763
2.215015 3.315786 -0.713669
0.593974 1.852603 -0.717338
3.188366 2.873615 -0.727929
3.279439 2.700593 -0.686792
1.253016 1.524755 -0.518437
1.292762 1.385256 -0.520923
1.459209 0.764025 -0.476366
6.645130 1.759204 -0.658422
4.245737 -0.006545 -0.665323
7.348132 1.362768 -0.706367
2.721625 -1.082758 -0.524622
4.408557 -0.532086 -0.709611
7.688923 0.309294 -0.648227
4.626300 -1.569719 -0.694652
7.800262 -0.160025 -0.656099
-0.884762 2.494179 -0.241542
0.639936 2.855370 -0.470008
0.352604 2.775980 -0.271017
2.106162 3.291336 -0.528452
1.845319 3.211201 -0.469182
1.715144 3.167988 -0.462059
1.462559 3.105909 -0.440221
1.195950 3.018939 -0.409351
1.023544 2.977200 -0.507496
-1.157646 1.796852 -0.213277
2.367452 3.371079 -0.489803
2.227448 3.325670 -0.472969
2.054641 3.004070 -0.498301
1.772670 3.046068 -0.432192
2.094748 2.960234 -0.439018
3.229736 2.836434 -0.544675
3.053546 2.867963 -0.501119
3.268046 2.757221 -0.548249
1.340194 1.557518 -0.252743
1.258241 1.542988 -0.344272
1.405577 1.456464 -0.243718
1.344585 1.305319 -0.328786
1.402443 1.079836 -0.322281
1.478965 0.855076 -0.351825
-6.121999 0.465043 0.093406
-0.468207 2.534296 -0.181385
-0.688196 2.480610 -0.130575
-0.919683 2.340475 -0.150490
-0.852869 2.126787 -0.126652
-1.482621 1.752544 -0.072549
-1.681918 1.585462 -0.118636
-0.793254 1.972548 -0.142472
-1.051126 1.843179 -0.122671
-1.104513 1.823246 -0.084953
1.158854 1.748926 -0.241660
1.355881 1.647201 -0.217733
1.389004 1.386234 -0.224571
1.321864 1.361266 -0.217762
1.400904 1.079235 -0.209416
9.165457 3.437724 -1.408787
-0.759016 1.896048 -0.677293
0.175142 2.295953 -0.752106
0.955638 2.424966 -0.843389
0.860462 2.335484 -0.844127
0.174370 1.838653 -0.724661
3.147785 2.729980 -0.857572
3.047331 -0.020482 -0.793254
2.818341 -0.099695 -0.768641
7.360940 2.361478 -1.113908
6.584228 1.706975 -0.967757
4.010227 0.271964 -0.871779
3.836046 0.067123 -0.846709
3.692218 -0.040526 -0.825163
3.412172 -0.289744 -0.797901
3.275047 -0.452504 -0.794213
3.094261 -0.527000 -0.773666
7.242712 1.284942 -1.069430
4.647877 -2.389167 -0.760170
4.244843 -2.590291 -0.686658
4.103847 -3.271531 -0.699875
1.286583 3.042788 -0.634900
1.078683 2.969857 -0.591340
0.891295 2.926011 -0.551507
0.630448 2.828393 -0.570089
0.204417 2.667797 -0.532519
2.229383 3.334032 -0.751749
2.064050 3.289285 -0.725235
1.747772 3.171914 -0.698864
1.556786 3.127703 -0.644769
1.419514 3.062639 -0.733569
0.093287 2.115923 -0.571844
1.976638 2.973343 -0.590936
0.951026 2.136422 -0.566452
3.089640 2.907346 -0.741363
3.131402 2.787225 -0.720900
1.224357 1.450682 -0.472238
4.140425 0.287000 -0.550823
4.278437 -0.140519 -0.568394
4.462592 -0.721193 -0.593025
4.553927 -1.569024 -0.695824
3.177479 -2.605867 -0.576304
4.866832 -2.434817 -0.655259
4.516259 -2.545378 -0.608307
3.596831 -3.356554 -0.509594
4.364053 -3.144047 -0.595692
3.983191 -3.260196 -0.551312
-7.011388 -0.267074 -0.009937
-6.943168 -0.490016 0.125419
1.500564 3.126333 -0.511380
1.331309 3.054364 -0.420227
1.147605 2.995888 -0.370374
0.871445 2.916279 -0.374843
-0.215841 2.256230 -0.409546
-1.754160 1.547697 -0.124444
2.229571 3.347669 -0.494495
2.071494 3.283340 -0.489010
1.742260 3.187898 -0.468787
1.554769 3.123749 -0.424674
-1.825079 1.251487 -0.108436
2.077788 3.152399 -0.363132
1.971970 2.985391 -0.423572
3.106657 2.938139 -0.534864
2.901633 2.844880 -0.471793
1.203878 1.571981 -0.280998
0.922893 1.484435 -0.258658
0.895523 1.465585 -0.396194
1.266494 1.446443 -0.265130
1.255140 1.305010 -0.369269
1.330007 1.262647 -0.221565
1.334590 1.159797 -0.297124
4.224052 2.478575 -0.377817
1.395258 0.944756 -0.335855
1.457186 0.762146 -0.312596
4.485249 2.045980 -0.378985
1.532352 0.503666 -0.406687
4.182710 0.134627 -0.286030
-6.944809 -0.395299 0.333658
-6.911566 -0.461893 0.456491
-1.052225 2.318354 -0.068445
-0.447138 2.504797 -0.089837
-0.688243 2.334491 -0.073675
-0.812719 2.369065 -0.107337
-0.950641 2.166569 -0.080107
-1.751932 1.606113 -0.075130
-0.863510 1.922895 -0.067783
-1.254661 1.707447 -0.082203
-1.773959 1.420310 0.004512
-1.874810 1.201722 0.041014
1.196354 1.557000 -0.191925
1.253435 1.305956 -0.179298
1.310134 1.110850 -0.172879
1.376154 0.951415 -0.175216
-7.538838 -0.774033 0.507352
9.180061 3.482748 -1.338194
-0.647550 2.356565 -0.730785
-1.772545 1.508130 -0.637638
0.972179 2.440654 -0.852478
0.902653 2.305009 -0.858320
0.276096 1.901402 -0.754656
3.108964 2.801290 -0.844486
7.032708 2.547537 -1.072979
7.334910 2.378428 -1.025924
4.134220 0.279931 -0.879068
3.797762 -0.197147 -0.846762
3.486973 -0.445718 -0.815480
4.666257 -1.414457 -0.770087
4.459005 -1.643914 -0.773941
4.096568 -3.273957 -0.681694
3.717947 -3.390832 -0.650884
1.545171 3.165452 -0.543954
1.368912 3.058501 -0.726563
1.017326 2.955835 -0.615286
0.804401 2.881964 -0.543165
0.555062 2.801299 -0.573022
0.421219 2.762464 -0.582193
2.216968 3.347547 -0.683229
2.049147 3.298437 -0.686176
1.723688 3.186520 -0.697452
1.539358 3.125044 -0.663735
3.055955 2.893551 -0.685303
3.099229 2.806250 -0.699543
1.189631 1.536521 -0.468711
1.214805 1.460522 -0.502867
1.230709 1.372772 -0.512264
1.367859 1.011423 -0.458884
1.457205 0.642826 -0.461200
3.901957 1.154904 -0.781538
4.140201 0.277914 -0.533964
4.299818 -0.173483 -0.552153
4.474780 -0.749647 -0.574412
5.158620 -2.227251 -0.666434
4.846840 -2.416413 -0.626251
4.219155 -2.547165 -0.664741
3.586687 -3.363874 -0.495297
4.342340 -3.118632 -0.572295
3.966607 -3.241764 -0.532346
-7.039362 -0.111671 0.109862
-7.039896 -0.246448 -0.016001
-7.026201 -0.300760 -0.076054
0.214896 2.698103 -0.244219
1.468174 3.114409 -0.460440
1.297996 3.049584 -0.437716
1.087089 2.982800 -0.420984
0.845899 2.900075 -0.486966
-1.109063 1.733230 -0.198450
-1.756866 1.422318 -0.147001
2.219312 3.343867 -0.445392
2.061552 3.283325 -0.443951
1.721098 3.194110 -0.473544
1.566985 3.135707 -0.423447
1.353975 2.970800 -0.494560
-0.168940 2.117945 -0.425834
1.969012 2.987370 -0.334399
3.086044 2.957857 -0.531544
2.912487 2.880501 -0.462118
3.088839 2.848543 -0.543142
1.161239 1.569701 -0.367615
0.892915 1.480985 -0.328163
1.245305 1.458824 -0.301171
1.234925 1.339255 -0.397077
1.369215 1.248478 -0.216150
1.296305 1.142004 -0.416855
1.379038 0.923174 -0.363219
1.457943 0.669351 -0.295446
6.776274 2.120455 -0.525696
4.093674 0.447884 -0.293360
6.906320 1.796438 -0.520445
6.994341 1.455489 -0.512187
4.234516 0.055466 -0.274009
3.975899 -3.192276 -0.220738
-6.967099 -0.362465 0.291029
-0.375899 2.519131 -0.131997
-0.813313 2.369675 -0.104034
-0.972098 2.158619 -0.091182
-0.901133 1.938759 -0.089901
-1.298386 1.682400 -0.090426
-1.774882 1.321309 -0.023414
1.074658 1.712828 -0.213943
0.903143 1.470606 -0.201564
1.234186 1.492270 -0.216882
-6.926975 -0.433685 0.431994
-3.781745 6.744532 -6.249362
9.109918 3.932558 -1.304752
-0.460280 1.894666 -0.749672
-0.740671 1.425589 -0.703899
0.822808 2.745057 -0.863812
0.439991 1.906310 -0.810868
0.392344 1.744776 -0.770012
2.186083 3.341608 -0.838077
1.956069 3.251453 -0.820418
0.573707 1.660083 -0.720159
0.590351 1.533714 -0.719538
4.988751 3.347211 -1.076942
3.344198 0.840907 -0.831625
9.165988 4.737821 -1.244844
4.307870 -0.090294 -0.799335
9.136836 3.649886 -1.176217
4.642006 -1.397725 -0.746587
-6.899791 -0.718244 -0.261778
-0.002621 2.572308 -0.599174
0.653371 2.828855 -0.652397
0.397934 2.742972 -0.563590
1.310272 3.052264 -0.681178
1.135617 2.991151 -0.604486
1.001127 2.919962 -0.682299
1.652098 3.175309 -0.659373
1.441003 3.098856 -0.659395
2.157978 3.351934 -0.659819
1.985069 3.277185 -0.705964
1.827124 3.122580 -0.729535
2.333848 3.183346 -0.793012
1.299700 1.245127 -0.481782
3.129153 2.800851 -0.692306
3.159297 2.738420 -0.714124
1.409232 0.854942 -0.457001
1.507923 0.612777 -0.428298
4.786146 -2.121193 -0.394990
5.220878 -2.126635 -0.437475
4.041617 -3.194730 -0.304856
-6.994934 -0.381995 -0.038193
-6.919647 -0.647708 -0.157081
-3.980667 0.015570 -0.062131
-4.002932 -0.085945 -0.135887
-4.438858 -0.656571 -0.044635
-1.759598 1.501326 -0.294402
-1.778805 1.282704 -0.192798
0.305411 2.698530 -0.471472
0.095396 2.623780 -0.426053
0.829434 2.901407 -0.410001
0.522072 2.794356 -0.394872
1.310146 3.062051 -0.459066
1.184058 3.010073 -0.391521
0.938787 2.928778 -0.451921
1.644322 3.181763 -0.439927
1.450913 3.106004 -0.413191
2.181958 3.362900 -0.454780
2.021408 3.297029 -0.457900
1.915455 3.023035 -0.437544
2.005837 2.957987 -0.379774
1.082777 1.701847 -0.337716
1.204039 1.555428 -0.310467
1.266841 1.413223 -0.279735
1.284994 1.276681 -0.340760
1.349658 1.120921 -0.295695
3.153011 2.726798 -0.565127
1.452100 0.861924 -0.280642
6.533042 3.605579 -0.617308
4.710259 0.875496 -0.510106
4.491786 0.839050 -0.379394
3.746085 -3.296979 -0.284036
4.196127 -3.139104 -0.287260
-6.957587 -0.421042 0.267626
-6.897511 -0.682873 0.161491
-3.976094 -0.005306 0.096939
-1.759777 1.500224 -0.112753
-1.750989 1.328222 -0.032109
-0.876903 1.864561 -0.159094
-1.095382 1.730821 -0.095875
-1.808763 1.202477 -0.094656
1.079037 1.714816 -0.209911
1.233172 1.562093 -0.203848
-0.475248 -0.531102 -0.030007
1.330158 1.204019 -0.191589
1.866656 0.539252 -0.153490
1.878026 -0.385246 -0.130885
-6.972007 -0.405665 0.408446
-1.658785 1.401160 -0.660996
-0.872245 1.839738 -0.718067
-0.827961 1.643230 -0.712744
0.466630 2.644996 -0.801252
0.446240 2.541184 -0.797871
0.953795 2.927353 -0.711748
0.339788 2.094882 -0.773419
0.747527 2.160293 -0.820523
0.274563 1.811582 -0.753376
0.307602 1.688035 -0.753307
0.445439 1.607303 -0.721434
2.289809 3.355797 -0.762792
3.099441 2.901672 -0.797070
3.562016 1.585324 -0.872865
4.774559 1.338522 -0.893836
4.159835 0.285343 -0.790068
4.332017 -0.203603 -0.858755
9.386670 2.941304 -1.075296
8.334188 -0.322205 -0.906275
-7.070238 -0.671247 -0.397894
-6.963234 -0.628001 -0.245186
0.741358 2.870076 -0.512042
0.557612 2.815732 -0.541931
-0.120335 2.022166 -0.505065
1.249677 3.040494 -0.565383
1.107527 2.990211 -0.573344
0.875788 2.896318 -0.537026
1.743598 3.202438 -0.621630
1.608600 3.152253 -0.612645
1.389036 3.085124 -0.612903
2.175835 3.338392 -0.523896
1.795746 3.199578 -0.617405
2.313207 3.371742 -0.594049
2.277215 3.338298 -0.579577
3.102660 2.971802 -0.538591
3.119545 2.893370 -0.624646
3.161372 2.767389 -0.627403
1.463461 0.718375 -0.478189
6.859511 3.067875 -0.786162
4.256343 -3.162167 -0.553629
-6.927016 -0.597632 -0.089371
-4.001212 -0.144475 -0.123852
-1.087710 1.761787 -0.196479
0.315278 2.735581 -0.317675
-0.170152 2.239018 -0.378173
0.751523 2.867172 -0.344828
0.474756 2.776974 -0.366949
1.258425 3.049779 -0.372262
1.066009 2.974332 -0.362956
0.881989 2.914927 -0.348383
0.205346 1.846056 -0.206856
1.769618 3.219323 -0.420981
1.590967 3.158825 -0.400916
1.384027 3.091290 -0.378694
2.182542 3.324955 -0.370659
1.831000 3.210580 -0.388539
1.725729 3.049072 -0.453489
2.342205 3.397917 -0.440743
2.279551 3.363852 -0.366690
1.946747 2.951517 -0.309122
1.150046 1.729306 -0.263085
1.225153 1.538961 -0.332005
0.955539 1.473935 -0.264198
1.265529 1.369362 -0.357323
3.132915 2.968589 -0.476448
3.134228 2.895013 -0.434196
1.395527 1.047958 -0.272482
3.161466 2.767797 -0.391113
1.482382 0.884065 -0.290730
1.519285 0.692272 -0.243076
4.489081 -0.704568 -0.452805
5.209737 -2.180325 -0.512830
-7.189989 -0.693135 0.097188
-7.099476 -0.754125 0.241389
-3.961559 0.183815 -0.041089
-4.446978 -0.298993 -0.017695
-4.059892 -0.205367 0.084685
-3.977525 -0.350907 0.176773
-1.715122 1.619673 -0.080172
-1.740151 1.542814 -0.052320
-0.911446 2.107085 -0.149748
-1.770652 1.331949 -0.024889
-1.817420 1.262992 -0.074147
1.234182 1.523332 -0.199165
0.964790 1.447582 -0.190437
1.752872 0.844308 -0.170759
-7.131269 -0.698352 0.314762
-0.787478 1.627818 -0.707280
0.415300 2.641681 -0.813996
0.321482 2.314557 -0.771789
0.196944 2.022017 -0.793094
-0.600537 1.198345 -0.693124
1.236334 3.014860 -0.758122
0.309856 1.916329 -0.717397
0.198628 1.751536 -0.760108
0.235863 1.632908 -0.761338
1.718796 3.160836 -0.789326
0.535792 0.856205 -0.686547
4.390318 1.309434 -0.838235
4.186552 0.194952 -0.817788
4.315814 -0.274113 -0.866136
-7.089590 -0.816053 -0.230884
-6.686200 -2.032472 -0.224269
-4.970828 -0.112570 -0.243480
-6.693733 -2.154691 -0.270796
-1.722712 1.497021 -0.558654
-0.232093 2.306410 -0.450269
0.493216 2.771692 -0.579358
0.288165 2.715600 -0.554265
0.852753 2.882320 -0.625644
0.566206 2.800613 -0.514769
1.327715 3.050702 -0.576146
1.167713 2.993304 -0.604658
0.942431 2.897952 -0.630866
1.673867 3.151938 -0.626849
1.468960 3.080654 -0.599310
1.819583 3.151474 -0.626372
1.697660 3.051607 -0.677105
2.279259 3.334204 -0.709339
2.173166 3.288862 -0.586797
0.971557 1.381266 -0.465143
1.342521 1.101677 -0.481214
3.098891 2.944380 -0.736228
1.428962 0.814944 -0.499304
3.156924 2.774212 -0.679265
4.048503 1.060925 -0.762241
3.904765 0.938910 -0.733787
4.064761 0.583776 -0.777299
4.182425 -3.163792 -0.633917
7.439044 1.124654 -0.865861
7.862930 -0.348940 -0.751668
-7.066831 -0.854159 0.014372
-4.145412 -0.285259 -0.024197
-4.380456 -0.359168 -0.013537
-3.970877 -0.210346 -0.144964
-3.731013 -0.589262 -0.146995
-1.732032 1.372701 -0.135137
0.012603 2.615154 -0.384955
0.495804 2.781594 -0.389211
0.305356 2.726040 -0.369920
-0.158907 2.167681 -0.387806
0.867173 2.910208 -0.383454
0.662657 2.829174 -0.380958
1.328582 3.054835 -0.400596
1.187215 3.000670 -0.407674
0.982029 2.944006 -0.460043
1.678459 3.164696 -0.429094
1.473145 3.089572 -0.403801
0.283834 1.456216 -0.249175
1.911847 3.245148 -0.372990
1.819209 3.193336 -0.440905
2.308366 3.349268 -0.535682
1.940009 2.892201 -0.329378
1.169467 1.649348 -0.344876
0.985559 1.520207 -0.285498
0.968529 1.414349 -0.313534
1.262452 1.403897 -0.330801
1.337108 1.260387 -0.269480
1.344666 1.137527 -0.338717
3.131070 2.882330 -0.460807
6.477054 3.243375 -0.519128
6.635415 2.780581 -0.501641
4.408052 -0.532286 -0.433004
-7.309951 -0.724154 0.312349
-7.036145 -0.862015 0.370435
-4.417281 -0.088934 0.073474
-4.103620 -0.092855 0.117081
-4.390395 -0.579956 0.063085
-3.883822 -0.176845 0.165717
-4.130459 -0.541500 0.221537
-1.718113 1.459051 -0.024607
-1.862506 1.205485 -0.055386
1.278869 1.329344 -0.215208
1.249207 0.566289 -0.162955
-6.935879 -0.530988 0.444857
-0.737379 0.761408 -0.678855
-0.550098 1.147921 -0.694002
0.209041 2.418379 -0.795184
0.141408 1.916767 -0.767688
0.114287 1.777486 -0.762352
-0.512402 0.400573 -0.683486
0.207160 1.714446 -0.769267
0.217683 1.491876 -0.754825
0.034459 1.022613 -0.648772
1.657137 3.141862 -0.760287
3.436441 1.586987 -0.880014
3.331792 1.304035 -0.864832
4.591863 -1.114140 -0.821119
-6.614816 -2.227099 -0.286554
-0.556563 2.432021 -0.476584
-0.019106 2.609276 -0.547903
-0.274874 2.356808 -0.565929
-0.189082 2.201156 -0.432551
0.475229 2.767987 -0.612367
0.758078 2.871949 -0.576625
1.120063 2.966233 -0.544499
0.960723 2.927402 -0.558009
1.446110 3.065244 -0.508982
1.262637 2.990304 -0.525728
1.722188 3.175386 -0.580523
0.957174 1.419688 -0.465109
0.986924 1.288366 -0.472675
2.365071 3.387265 -0.697216
3.144919 2.844043 -0.645540
3.968405 0.882444 -0.668558
4.071120 0.545424 -0.690503
4.212848 0.117328 -0.722757
4.401392 -0.437937 -0.767799
4.577965 -1.027987 -0.616204
6.960238 2.735871 -0.753491
7.864522 -0.307945 -0.735252
-4.434155 -0.660374 -0.103428
-4.020826 0.029260 -0.109333
-4.385002 -0.683004 -0.183731
-3.954551 -0.212386 -0.081557
-4.195075 -1.394252 -0.050550
-4.131971 -1.582302 -0.013707
-1.785913 1.273396 -0.158604
-0.054704 2.602364 -0.301078
-0.223801 2.390614 -0.195679
-0.221203 2.177711 -0.328579
1.194494 5.101450 -0.312578
0.314754 2.722672 -0.361375
0.062921 2.647169 -0.334323
0.408211 2.758011 -0.324151
-0.095428 1.096744 -0.168074
1.405945 4.812137 -0.307389
0.807621 2.894163 -0.394965
1.097617 2.965622 -0.363887
0.962066 2.924663 -0.374739
1.486813 3.072672 -0.434044
1.306001 2.996989 -0.386221
0.968401 1.710027 -0.425514
1.575891 3.086662 -0.365549
0.963859 1.414884 -0.239757
0.988823 1.321938 -0.302556
1.893551 2.915277 -0.369925
1.246858 1.397834 -0.326368
2.372895 3.400175 -0.497731
1.375046 1.037135 -0.313476
1.814468 0.399057 -0.367699
2.079546 0.475374 -0.378209
2.900405 -3.588473 -0.229113
3.298035 -3.457734 -0.235623
-3.831284 -1.170536 0.138007
-3.490463 -1.282414 0.134132
-0.934570 2.222574 -0.128912
4.130056 0.662978 -0.285369
3.154062 -3.503544 -0.151488
-4.796173 -0.125822 -0.364122
-4.036810 -0.150414 -0.359305
-1.475400 0.206841 -0.549535
-1.183473 -0.178980 -0.559032
-0.946591 -0.044365 -0.593456
0.357211 2.749140 -0.671286
0.356306 1.502514 -0.745375
0.429362 1.343149 -0.749875
1.501800 3.112407 -0.747906
2.039982 3.060213 -0.858543
3.462007 2.107714 -0.912758
3.461437 1.862361 -0.903405
-1.780351 1.389627 -0.447870
-1.900963 -0.396162 -0.379398
-0.266539 2.315023 -0.400721
-0.142420 2.595343 -0.608129
-0.194044 2.069490 -0.439846
0.150221 2.686306 -0.551617
0.421929 2.785899 -0.489700
0.293104 2.725445 -0.523087
0.627967 2.846975 -0.510323
0.887927 1.523267 -0.463508
0.887416 1.468866 -0.444680
1.211138 2.991903 -0.509451
1.150727 2.955058 -0.508739
1.164405 1.524243 -0.438984
1.447700 3.095384 -0.625931
1.659696 3.173030 -0.600147
3.095781 2.885132 -0.702002
4.486198 -0.753701 -0.769283
-1.715180 1.454039 0.004559
-0.278160 2.301941 -0.297504
-0.331995 2.184973 -0.272430
0.269831 2.736735 -0.344040
0.154195 2.696626 -0.372881
0.420735 2.792920 -0.330921
0.450894 0.963944 -0.204570
0.633942 2.852815 -0.338404
0.931070 2.888554 -0.352239
0.908112 1.545429 -0.232187
0.981225 1.305572 -0.285215
1.138796 2.910070 -0.374048
1.199180 1.515937 -0.265450
1.308310 1.136571 -0.310062
1.463363 3.072355 -0.386670
1.347546 1.135024 -0.295526
1.685489 0.383990 -0.313009
1.894043 3.255253 -0.334790
1.922262 0.454865 -0.256409
2.362658 2.867865 -0.348808
2.589189 -1.920811 -0.138694
2.881860 -3.585188 -0.177920
3.105498 2.840294 -0.452514
3.124731 2.737303 -0.503558
3.240440 -3.449654 -0.172104
3.449259 -3.391122 -0.144888
4.033147 -3.183598 -0.220738
4.106748 -3.163573 -0.246134
1.390075 0.634283 -0.099673
1.577776 -1.342512 -0.049797
2.024705 0.436534 -0.123907
2.178882 0.479895 -0.135927
-0.799177 -0.027216 -0.640741
-0.363809 1.598004 -0.725016
0.012846 1.979830 -0.763314
0.066972 1.734352 -0.757136
0.132549 1.525425 -0.778108
0.194767 1.326391 -0.785198
0.341357 1.178725 -0.680528
1.995201 3.275960 -0.811651
1.781794 3.109632 -0.881845
1.838803 2.862811 -0.854725
3.416694 2.204934 -0.925985
3.446372 2.026201 -0.924107
3.447365 1.845336 -0.917916
3.446102 1.659302 -0.915513
4.152071 0.172460 -0.839055
-4.046025 -0.073567 -0.415372
-1.567789 -0.330736 -0.396274
-0.413785 2.497693 -0.446483
-0.270547 2.305100 -0.430005
-0.080904 2.585914 -0.538636
-0.186846 2.231192 -0.561828
-0.193839 2.092748 -0.420894
0.214777 2.708488 -0.509118
0.160799 2.652991 -0.676773
0.041543 0.979459 -0.632826
0.351904 2.740411 -0.484834
0.389077 1.152565 -0.598639
0.380271 0.789248 -0.634363
0.708641 2.820655 -0.501132
0.932149 2.890920 -0.555013
0.896311 1.481408 -0.454729
1.184781 2.991055 -0.564322
1.120322 2.925234 -0.507063
1.473362 3.116591 -0.611929
1.528521 3.129536 -0.657384
1.887960 3.251179 -0.642700
2.033155 0.459325 -0.489182
3.094795 2.807830 -0.642156
4.277499 0.712174 -0.651417
-1.439285 -0.246693 -0.060627
-0.973455 2.174461 -0.315495
-0.873062 1.909349 -0.312821
-0.455142 -1.932776 -0.100760
-0.249383 2.279496 -0.381955
-0.288067 2.138179 -0.323153
-0.092835 2.600976 -0.398480
-0.187324 2.077751 -0.359507
-0.092337 1.040002 -0.252926
0.032763 -1.349627 -0.135278
0.219763 2.716199 -0.380062
0.062784 2.646695 -0.333748
0.261570 1.229041 -0.308392
0.341969 2.742824 -0.362494
0.431702 0.847626 -0.341687
0.669797 2.788849 -0.367250
0.893005 2.817346 -0.413373
0.922532 1.421569 -0.373871
1.217653 2.988335 -0.402391
1.492913 3.118797 -0.508042
1.626975 3.171914 -0.439290
1.842896 3.018388 -0.407769
1.892485 0.416923 -0.341918
3.097319 2.857426 -0.526386
3.112098 -3.507200 -0.156899
4.588343 -1.139400 -0.504045
-0.597062 -1.502332 -0.007031
-0.431704 -2.016881 -0.022885
-0.426359 -2.082005 -0.032814
0.069575 -1.336662 -0.044091
1.792225 0.147179 -0.185007
2.632873 -0.805216 -0.197189
2.968546 -1.880141 -0.180010
-0.668541 0.059851 -0.668191
-0.383070 1.455461 -0.733799
-0.181162 1.188880 -0.737533
-0.011145 1.005764 -0.702161
-0.021468 0.749443 -0.763208
0.049843 1.635318 -0.769622
0.151460 1.443366 -0.770516
0.228876 1.272912 -0.793066
0.547057 0.850321 -0.715301
0.538350 1.277215 -0.732845
1.768534 3.144854 -0.783634
3.544070 2.221624 -0.927554
3.584088 1.828687 -0.919853
6.479598 1.762608 -1.075129
6.694952 1.615256 -0.959633
-3.991657 0.010560 -0.336955
-1.760503 -0.271117 -0.361395
-0.434645 2.514623 -0.510172
-0.222557 2.577033 -0.527761
-0.189701 2.390239 -0.575051
-0.114958 2.205068 -0.549405
-0.029221 2.625137 -0.555799
0.132024 0.969452 -0.642547
0.195849 2.687130 -0.643668
0.226996 2.127957 -0.625913
0.418025 1.198178 -0.646729
0.459666 0.814330 -0.646862
0.578588 2.763159 -0.476176
0.727838 0.285011 -0.604494
0.747464 2.799161 -0.548831
0.988998 2.881414 -0.532159
1.617821 3.106508 -0.545277
1.743650 3.147457 -0.645323
1.939887 3.190101 -0.612617
1.958001 2.973502 -0.581693
2.260568 3.305294 -0.759039
3.173979 2.820307 -0.608645
3.906357 0.984465 -0.791372
4.357003 0.878039 -0.608027
4.773737 -2.732004 -0.666032
-1.583121 -0.183045 -0.068434
-0.850909 2.215631 -0.301955
-0.799736 1.965035 -0.286263
-0.579066 -1.613907 -0.070693
-0.427302 -2.140891 -0.071044
-0.774295 2.023553 -0.264664
-0.400783 2.536890 -0.344889
-0.175235 2.587389 -0.355754
-0.186971 2.413398 -0.372470
-0.110749 2.215105 -0.364073
0.026189 -1.293212 -0.168713
0.028126 2.654146 -0.396579
0.026874 2.576831 -0.272010
0.120707 1.132218 -0.178032
0.350451 2.725655 -0.338701
0.489599 1.300719 -0.347556
0.486733 0.981004 -0.285172
0.532774 2.746556 -0.350892
1.068525 2.892053 -0.402975
1.221321 1.653132 -0.260636
1.208577 2.972498 -0.379156
1.176952 2.944079 -0.322495
1.771345 3.161046 -0.426800
1.957553 3.127060 -0.455875
1.944964 2.985903 -0.374500
2.169298 3.285673 -0.511547
2.959223 -3.581081 -0.227984
6.926385 0.297203 -0.638596
-0.599932 -1.550795 -0.007561
-0.454925 -2.074835 0.008618
0.102157 -1.303819 -0.042671
0.220697 1.100165 -0.159097
1.871080 0.356576 -0.177601
5.140477 -2.518824 -0.211624
-4.350550 -1.407374 -0.255018
-4.769856 0.100317 -0.405377
-1.640961 -0.225946 -0.562300
1.012025 -0.938392 -0.732480
0.063677 1.441233 -0.762959
0.250175 1.097108 -0.636156
0.486905 0.853148 -0.659518
0.562300 0.563479 -0.750153
0.709198 0.406211 -0.746862
0.447240 1.254898 -0.722433
0.490775 1.231227 -0.711224
0.914860 0.450208 -0.747078
0.516747 1.314857 -0.715553
0.563236 1.267029 -0.725181
1.094018 0.615053 -0.717705
1.046607 2.947772 -0.743067
3.201965 2.838416 -0.915966
3.256502 2.661192 -0.911005
-4.286277 -1.624794 -0.031389
-3.996921 -1.965422 -0.065503
-4.232574 -1.197988 -0.142392
-3.482432 -1.146096 -0.134842
-3.966936 0.259211 -0.238490
1.036532 -0.718718 -0.613856
0.855448 0.281251 -0.578412
-0.431287 2.532830 -0.429930
-0.101677 2.160290 -0.464227
0.480189 1.320614 -0.415568
0.363086 1.167645 -0.639782
-0.264810 2.574780 -0.454442
-0.188765 2.590630 -0.549395
0.345161 2.727247 -0.470318
0.643335 2.781132 -0.508190
0.853553 2.860847 -0.480906
1.053127 2.962932 -0.681399
4.788727 -2.611313 -0.661721
1.298956 3.040925 -0.604005
1.539976 3.104211 -0.660805
1.760422 3.174359 -0.650205
2.017996 3.253265 -0.785756
2.485590 2.962167 -0.743752
3.208684 2.828454 -0.731037
7.704140 0.403485 -1.117331
9.443846 2.850321 -1.245874
-3.966125 0.023212 0.005968
-0.838799 2.257550 -0.252140
-0.793076 1.973668 -0.247753
-0.043101 1.092895 -0.213290
0.871995 0.294947 -0.269458
-0.406278 2.545764 -0.282475
-0.124151 2.184823 -0.339909
0.483096 1.334495 -0.283576
0.562471 0.945067 -0.265290
-0.195753 2.608908 -0.349501
-0.178125 2.519786 -0.337830
0.539911 1.354796 -0.281460
0.145193 2.684909 -0.273479
0.930150 1.535335 -0.237264
0.341824 2.705393 -0.305201
0.636820 2.743593 -0.385960
0.889302 2.859699 -0.367532
1.069596 2.956855 -0.412312
4.668951 -2.390819 -0.470554
1.323447 3.045554 -0.384735
1.562933 3.114182 -0.423580
1.718203 3.169703 -0.464000
1.988809 3.005358 -0.477795
4.449852 -0.670100 -0.433672
4.617023 -1.263567 -0.447066
2.020595 3.257158 -0.547486
4.174315 0.248034 -0.409689
4.301859 -0.171697 -0.421047
2.456029 3.098401 -0.503608
4.144305 0.567996 -0.404275
4.202417 0.207290 -0.304313
4.256776 0.025713 -0.332017
4.326865 -0.216037 -0.296332
4.400281 -0.441033 -0.338114
2.593166 2.797201 -0.340641
4.139047 0.423513 -0.338726
4.341060 0.622265 -0.355818
3.229505 2.766926 -0.384538
1.359821 2.799936 -1.579347
1.282019 2.840942 -1.518808
-4.192132 -2.336211 -0.282444
-4.754674 -1.209505 -0.383073
-4.861789 -0.216241 -0.309679
-4.027630 -0.319565 -0.351265
-3.993730 -0.343830 -0.346449
-3.977955 0.062796 -0.323591
-1.924312 -0.042676 -0.604540
-1.830509 1.290575 -0.550080
-0.338679 0.852284 -0.728744
0.366186 0.850215 -0.795373
0.540995 0.312441 -0.739569
0.314604 1.134459 -0.689368
0.341335 1.125757 -0.685901
-4.498920 -0.824646 -0.198154
-4.037881 -0.237965 -0.285757
-4.061365 -0.147349 -0.216561
1.300302 -1.493756 -0.627841
0.135994 0.867505 -0.607715
0.410448 0.843424 -0.411794
0.627832 0.152218 -0.592360
-0.542991 2.413269 -0.437507
0.120702 1.401081 -0.591515
0.293766 1.183494 -0.490964
-0.239319 2.522466 -0.499460
-0.132632 2.567046 -0.494614
0.325100 2.667323 -0.521231
0.348146 2.668072 -0.558060
0.389393 2.699008 -0.483594
0.440560 2.717700 -0.469257
0.693987 2.839997 -0.585137
0.940871 2.923407 -0.598761
1.183581 3.001885 -0.664973
1.414234 3.086388 -0.657896
1.589976 3.154615 -0.618411
2.372564 2.793252 -0.671381
3.031588 2.823938 -0.774283
9.187815 3.285356 -1.336304
9.029254 3.701413 -1.357392
-4.054920 -1.583876 0.123763
-3.932798 -2.030600 0.114262
-1.517092 -0.299939 0.005171
-1.179853 -0.203662 -0.020836
0.159693 -1.383514 -0.135564
0.411391 -1.512155 -0.144651
2.143405 -3.851873 -0.199440
-0.930317 1.903927 -0.251969
-1.031784 2.165027 -0.262523
-0.946562 1.946040 -0.244034
1.519891 -1.439372 -0.178252
0.381812 0.873442 -0.215502
-0.489478 2.431247 -0.382562
-0.378266 2.088388 -0.344465
0.265293 1.225586 -0.253949
0.478584 0.857623 -0.314688
-0.251722 2.502972 -0.329179
-0.027626 2.564970 -0.309343
0.893613 1.079550 -0.298775
0.262823 2.636340 -0.431735
0.371999 2.619399 -0.320065
0.472053 2.707713 -0.359708
0.704056 2.829607 -0.407816
0.972457 2.943911 -0.416147
1.209429 3.018114 -0.425478
1.341580 3.068123 -0.437559
1.390339 3.074174 -0.486005
1.598463 3.153105 -0.520299
1.781972 2.981027 -0.497173
4.391551 -0.560690 -0.470313
4.601931 -1.188669 -0.493944
4.101870 0.302383 -0.443129
4.206387 0.017632 -0.446212
4.334187 -0.336377 -0.431892
4.052402 0.623067 -0.435076
4.461779 0.758229 -0.458372
6.825229 2.924753 -0.792847
6.728474 3.348769 -0.789383
0.537421 -3.934528 -0.026854
0.018523 -1.412084 -0.065685
0.274096 -1.457266 -0.058117
1.669676 0.660626 -0.174327
4.182805 0.098880 -0.356616
4.095649 0.571243 -0.367026
4.100770 0.377659 -0.361276
4.246212 0.698670 -0.371962
3.080744 2.769613 -0.391371
4.555704 0.809652 -0.410628
-4.260640 -1.908651 -0.367149
-4.931126 -0.427275 -0.405792
-4.681685 -0.406228 -0.452663
-3.471051 -1.579732 -0.367678
-4.023517 -0.422272 -0.395604
-1.915491 0.186419 -0.618513
-2.063028 0.958053 -0.619186
-1.974173 0.746763 -0.638375
-1.854177 1.319360 -0.604727
-1.851451 1.374001 -0.588888
-1.046473 1.009071 -0.708790
-0.400025 0.604022 -0.729730
0.077480 0.326968 -0.756013
0.070948 0.749348 -0.793754
0.459626 0.244595 -0.754903
0.706941 0.279900 -0.775094
0.256344 1.098481 -0.760760
-0.129755 2.537654 -0.737910
0.117560 2.644428 -0.755681
0.345879 2.724267 -0.777209
0.703441 2.861436 -0.796933
-4.074776 -0.299198 -0.295100
-1.075664 1.947532 -0.401525
-0.997594 1.769167 -0.392244
0.210628 1.093195 -0.629365
0.356159 0.737237 -0.688811
0.722658 0.205508 -0.671850
-0.537797 2.411650 -0.526969
-0.361986 2.463903 -0.507228
-0.329346 2.465293 -0.531056
-0.049680 2.568229 -0.598237
0.124913 2.629896 -0.612017
0.373726 2.748929 -0.609853
0.541249 2.825608 -0.654058
0.671507 2.863308 -0.635001
0.872509 2.930429 -0.680098
1.100131 3.028633 -0.704553
1.472342 3.157613 -0.715211
2.074699 3.161278 -0.738206
2.131247 3.062772 -0.760444
2.897082 2.974514 -0.856331
7.142845 2.799152 -1.215269
-3.814187 -2.473147 0.146475
-4.215940 -0.300683 0.140828
-1.479051 -0.409550 -0.051363
0.081142 -1.424645 -0.114806
0.702680 -1.982663 -0.121976
0.313397 -1.386935 -0.130019
0.395539 -1.525123 -0.122122
0.573303 -1.713100 -0.136531
-1.032568 1.809234 -0.281187
0.655337 0.084193 -0.256389
-0.537007 2.406755 -0.360930
-0.223898 1.960121 -0.389900
0.450839 0.868406 -0.278074
0.461474 0.847589 -0.334489
-0.414520 2.447387 -0.363719
0.018789 2.575567 -0.347861
1.090178 1.195181 -0.456587
0.080809 2.606959 -0.396786
1.087108 1.239108 -0.365361
0.399517 2.756039 -0.457856
0.567165 2.835834 -0.447589
0.637322 2.837028 -0.448112
0.866797 2.932667 -0.454274
1.041127 3.002778 -0.535586
1.265794 3.083009 -0.465365
2.907349 2.866606 -0.621265
4.498599 0.969918 -0.544388
0.254235 -1.476004 -0.041766
0.304015 -1.493527 -0.027379
0.505642 -1.584519 -0.055399
2.244384 -3.830065 -0.138927
1.476581 -1.457780 -0.126781
1.056448 1.324355 -0.252723
4.067321 0.489265 -0.424952
4.118616 0.782912 -0.444332
-7.103650 -0.978640 -0.216194
-4.264321 -1.795437 -0.341220
-4.905559 -0.278392 -0.433014
-4.016593 -0.273817 -0.376029
-4.000823 -0.371946 -0.441347
-1.775964 0.447678 -0.635227
-1.649056 0.313579 -0.622792
-1.905394 0.985080 -0.645298
-1.885774 0.802901 -0.643377
-1.770828 1.374030 -0.625786
-1.766735 1.320270 -0.641977
-0.924676 1.192558 -0.705024
0.126543 0.495417 -0.705526
0.470844 0.263589 -0.743832
0.329967 1.138596 -0.731752
0.263134 2.671551 -0.740542
0.609635 2.828897 -0.755171
2.211211 2.864701 -0.950450
6.370496 2.036798 -1.092707
-1.752632 1.417812 -0.358036
-0.964386 1.926322 -0.376177
-0.927214 1.833379 -0.370759
0.008618 0.817115 -0.634695
0.643423 0.102250 -0.621332
0.314739 1.106169 -0.615559
0.441350 0.801685 -0.533341
-0.397383 2.472193 -0.519958
-0.254322 2.507903 -0.560638
0.054586 2.611643 -0.578193
0.229616 2.669714 -0.604359
0.509431 2.786288 -0.572816
0.717356 2.858613 -0.584501
0.842865 2.898463 -0.624747
1.013526 2.960413 -0.676022
1.196864 3.032200 -0.552253
1.514482 3.143195 -0.619147
2.244108 3.041842 -0.669629
2.286043 2.889220 -0.653106
6.658790 3.693907 -0.911092
-7.020906 -1.031172 0.131537
-1.337660 -0.294796 -0.011091
-1.017242 -0.228880 -0.059402
0.325408 -1.421006 -0.100187
0.577440 -1.837458 -0.118420
-2.224524 3.050836 -0.118115
-1.900047 3.112197 -0.134621
-1.067549 2.225555 -0.198598
-0.964994 1.944477 -0.298465
-0.925581 1.836417 -0.285371
-1.044131 2.236564 -0.272031
0.492259 0.853141 -0.342725
-0.410835 2.447897 -0.350626
-0.155721 1.950212 -0.404460
0.519332 0.890431 -0.280994
-0.304333 2.497931 -0.330472
0.962676 0.949752 -0.299601
1.074819 0.694169 -0.357716
0.132874 2.632272 -0.364691
1.150210 1.282404 -0.310249
1.194637 1.196399 -0.310413
0.183555 2.651631 -0.396176
0.552833 2.780579 -0.409289
0.707600 2.861676 -0.442076
0.872537 2.909705 -0.401668
1.005062 2.955549 -0.455474
1.127549 3.014016 -0.512408
1.733798 3.003815 -0.410811
4.310596 -0.144135 -0.406708
4.083400 0.538793 -0.399253
4.247956 0.771570 -0.416594
2.999859 2.953408 -0.581371
3.056557 2.856313 -0.405517
0.321093 -1.438245 -0.037580
0.416415 -1.557669 -0.012833
0.639528 -1.953602 -0.019518
0.948913 -0.878476 -0.098069
1.603649 -1.386396 -0.112433
2.055173 -1.283263 -0.176995
1.414116 2.660670 -1.600024
-7.092227 -0.710898 -0.324831
-3.452313 -1.230533 -0.492346
-3.982411 0.168036 -0.440750
-1.649864 0.841702 -0.649768
-1.572149 0.688934 -0.643354
-1.503740 0.527708 -0.643178
-1.674934 1.519240 -0.648879
-1.671901 1.247083 -0.654355
0.178888 0.732852 -0.660680
0.558464 0.321955 -0.769516
1.141925 -0.533077 -0.720127
0.481246 1.262749 -0.727344
0.669005 2.853789 -0.720974
0.890863 2.887592 -0.750175
-1.827394 1.204210 -0.324472
-0.903522 2.127950 -0.345517
0.706081 0.221873 -0.586988
0.494187 0.846394 -0.524759
-0.329093 2.537212 -0.480932
-0.152602 2.582388 -0.493050
0.210717 2.696131 -0.528947
0.307889 2.735415 -0.572811
0.403969 2.748543 -0.505750
0.644741 2.832127 -0.537732
0.885542 2.910404 -0.567429
1.091817 2.978299 -0.636722
1.231479 3.025695 -0.609961
1.412751 3.078474 -0.685257
1.627554 3.146045 -0.570639
2.389998 3.046702 -0.685278
3.095913 2.929887 -0.782217
-3.813401 -2.149496 0.113161
-4.284200 -0.034651 0.109956
0.251585 -1.373787 -0.163001
0.478902 -1.519940 -0.129715
2.256550 -3.801593 -0.216806
-0.905786 2.282176 -0.172605
-0.853844 2.016179 -0.288064
-0.816947 1.922684 -0.305789
-0.523436 1.899059 -0.267749
0.739701 0.235915 -0.390571
-0.244135 2.134449 -0.263231
0.538577 0.913338 -0.364354
0.895674 0.296750 -0.298965
1.999623 -1.229562 -0.240787
-0.313305 2.540256 -0.329886
0.624371 0.912815 -0.270794
-0.100937 2.556363 -0.368069
0.961379 1.137053 -0.289062
0.266637 2.713694 -0.345113
0.832000 1.587483 -0.255087
0.865892 1.567459 -0.357923
1.270376 1.201952 -0.338676
0.326471 2.742052 -0.328814
0.463325 2.767499 -0.331432
0.675267 2.836375 -0.366324
0.941953 2.925717 -0.396193
1.116116 2.987003 -0.407902
1.257413 3.021221 -0.435838
1.381151 3.067503 -0.475220
1.934063 3.233324 -0.478988
4.123951 0.610356 -0.424158
4.275966 -0.055594 -0.425703
0.578580 -3.858801 -0.002186
0.298602 -1.418425 -0.060645
0.438990 -1.505055 -0.085070
2.196778 -3.811444 -0.156126
1.138879 -1.487260 -0.137686
1.255776 -1.510739 -0.132202
0.679673 0.002780 -0.097708
1.661265 -1.156845 -0.184748
1.661545 -1.238186 -0.181556
1.533138 2.223730 -1.739977
-4.031502 -0.070785 -0.430120
-3.725806 0.312870 -0.506383
-1.782878 1.150915 -0.644640
-0.466325 0.614507 -0.721817
-0.340518 0.485191 -0.732490
0.003296 2.616663 -0.702299
0.305376 2.687909 -0.744901
0.461872 2.749526 -0.742994
1.156985 2.984627 -0.790250
1.474423 3.082784 -0.820535
2.631490 2.141795 -0.949389
6.613919 1.810918 -1.111371
-1.738129 1.448533 -0.408585
-0.935841 2.096059 -0.382120
-0.856882 1.839512 -0.484610
-0.505398 1.837979 -0.545757
-0.229635 2.546465 -0.501503
-0.011424 2.586179 -0.566527
0.291584 2.701738 -0.604210
0.776963 0.202815 -0.626773
0.448304 2.757745 -0.601232
0.639383 2.828189 -0.557835
0.954534 2.904786 -0.618086
1.190347 3.002815 -0.648902
1.421347 3.073328 -0.598995
1.638146 3.143776 -0.653465
3.096267 2.843473 -0.817675
9.971010 1.063441 -1.225817
-1.679465 1.385806 -0.227282
-0.136322 -2.814693 -0.073019
-0.924123 2.064178 -0.322233
-0.877979 1.914889 -0.302726
-0.081143 1.035273 -0.214551
-0.178224 2.542497 -0.341288
0.276570 1.253132 -0.351909
0.636154 0.098221 -0.229076
0.368860 2.701786 -0.399550
0.833291 0.216030 -0.268159
0.490015 2.765400 -0.381929
0.986050 1.047633 -0.473235
0.737571 2.842170 -0.391791
1.699803 -1.383464 -0.312636
0.976937 2.915385 -0.397232
1.169765 2.987107 -0.462441
0.137859 -1.450940 -0.024718
0.710076 -4.001984 -0.048088
0.316990 -1.500533 -0.000406
2.272296 -3.816053 -0.187417
2.330786 -3.787762 -0.182078
-6.969711 -0.565226 -0.379504
-6.934961 -0.695175 -0.294010
-4.428613 -1.458504 -0.360890
-4.329843 -1.749772 -0.398356
-0.956193 1.742783 -0.672625
-0.767144 0.849048 -0.701654
-0.689101 0.668702 -0.723831
-0.608113 0.511628 -0.724080
-0.478760 0.432686 -0.725884
-0.071995 2.576335 -0.696389
0.178907 2.656913 -0.694754
0.353801 2.713553 -0.721079
0.893776 2.905862 -0.747028
1.145592 2.984944 -0.771350
4.240268 1.874544 -1.000333
6.585684 1.848666 -1.091387
-4.039816 -0.110532 -0.359369
-3.975457 -0.412876 -0.318262
-1.770239 1.312918 -0.366180
-1.046701 2.135575 -0.366782
-0.960256 1.869977 -0.422941
-0.935907 1.750527 -0.413727
-0.452000 2.442107 -0.472231
-0.349176 2.460247 -0.469661
-0.064723 2.572459 -0.570479
0.254963 2.695476 -0.519038
0.215489 2.666687 -0.570676
0.364757 2.723764 -0.532334
0.633721 2.800247 -0.594468
0.851803 2.881766 -0.578741
0.998737 0.900887 -0.481852
1.015058 2.969946 -0.496175
1.324761 3.063372 -0.619039
2.315756 2.855058 -0.809733
3.064401 2.841814 -0.811125
9.128272 4.761459 -1.038399
-6.943439 -0.670040 0.231345
-1.772263 -0.457400 -0.051535
-1.741189 1.358357 -0.219333
-1.094707 -0.202860 -0.262391
-1.015816 2.107535 -0.267054
-0.966154 1.964553 -0.287085
-0.942112 1.745391 -0.282755
-0.301915 2.483352 -0.317738
-0.256089 2.342206 -0.342451
0.390912 2.736869 -0.389303
0.385218 2.696551 -0.292428
0.803065 0.168081 -0.209302
0.642114 2.817401 -0.350421
0.968368 0.855936 -0.330673
0.856189 2.884725 -0.332044
1.072321 1.530681 -0.363682
1.223209 3.013109 -0.409071
-0.947999 -0.371878 0.009557
0.437547 -1.483896 -0.068008
1.798029 -1.338827 -0.204485
-6.695781 -1.988302 -0.281893
-1.337995 -0.280678 -0.564392
-1.159538 0.315192 -0.668953
-0.989203 0.122633 -0.637515
-0.985251 -0.119625 -0.691279
-0.952254 1.817707 -0.653391
-0.826998 0.518929 -0.717502
-0.672961 0.401435 -0.722383
-0.572383 -0.302569 -0.646671
0.067912 2.626414 -0.717107
0.021514 2.564423 -0.734017
0.223166 2.681082 -0.750337
0.344746 2.707878 -0.744659
-6.970569 -0.437396 -0.202262
-7.048783 -1.002353 -0.226265
-1.720312 1.478725 -0.377730
-1.747668 1.251970 -0.424117
-1.155691 1.667654 -0.522655
-1.003773 2.254553 -0.427289
-0.938878 2.070695 -0.502029
-0.948649 1.746818 -0.463095
-1.002821 1.709657 -0.479311
-0.270316 2.492892 -0.528324
0.018999 2.612736 -0.630631
-0.071826 2.534199 -0.662148
0.136836 2.656844 -0.569999
0.422174 2.744109 -0.609456
0.659874 2.838200 -0.629285
0.862178 1.321934 -0.487503
0.972321 2.958423 -0.547798
0.897037 2.920459 -0.720140
1.112819 1.527643 -0.522269
1.059862 2.984261 -0.661818
1.363320 3.079822 -0.611669
2.412818 2.799094 -0.698544
3.113810 2.882068 -0.810772
6.675894 3.548957 -0.903207
6.840701 3.088230 -0.913708
-1.709263 1.409430 -0.189424
-1.749208 1.245631 -0.203941
-1.118858 1.679081 -0.330845
-1.065415 -0.168536 -0.287608
-0.980888 2.264758 -0.308040
-0.972552 2.138687 -0.376839
-0.996981 1.738633 -0.316344
-1.024131 1.712909 -0.253346
-0.773962 -0.715507 -0.249953
-0.722492 2.377348 -0.247845
-0.261492 1.935953 -0.318452
-0.018669 1.137998 -0.219373
0.082166 1.230012 -0.217090
0.174507 2.682113 -0.382153
0.444595 2.766784 -0.361544
0.743207 2.879518 -0.403084
0.888591 1.364942 -0.387514
0.953447 1.111498 -0.351461
0.939699 2.937886 -0.422334
1.088741 1.560432 -0.379428
1.202314 3.025670 -0.430440
-1.118506 -0.172028 -0.011460
-0.972339 -0.217959 -0.013906
-0.813141 -0.656478 0.009357
-0.703875 -0.905712 -0.002869
0.794806 0.006245 -0.130865
0.908417 0.051201 -0.136015
1.588771 -0.648848 -0.187197
1.706621 -0.862727 -0.161139
-6.690274 -1.994901 -0.241821
-1.514338 0.551213 -0.661858
-1.201996 1.016039 -0.711152
-1.269635 0.321612 -0.635423
-1.186795 0.138835 -0.640768
-1.100478 0.751183 -0.706617
-1.012427 0.550972 -0.712959
-1.033613 -0.144272 -0.639165
-0.923118 2.298954 -0.682294
-0.858963 0.404620 -0.716385
-0.783098 -0.248561 -0.647974
0.130854 2.636945 -0.728341
0.233334 2.666703 -0.746330
-7.080559 -0.644975 -0.112134
-7.052393 -0.728405 0.005345
-6.999179 -0.107130 -0.086976
-6.966000 -0.174790 -0.026168
-4.325552 -0.804222 -0.195454
-4.209508 -1.483182 -0.249760
-1.712176 1.370732 -0.401030
-1.733624 1.320089 -0.559224
-1.697461 1.561303 -0.422222
-1.675597 1.349183 -0.419967
-1.332724 1.683192 -0.483035
-1.146777 1.716374 -0.468949
-0.914019 2.311133 -0.443441
-0.740082 2.384434 -0.449295
-0.095608 2.571560 -0.504275
0.041164 2.619205 -0.555502
0.316841 2.691097 -0.569473
0.515584 2.758977 -0.609595
0.784965 2.841751 -0.709181
0.904756 1.438963 -0.502118
0.951961 1.339818 -0.498961
0.971727 2.906152 -0.622430
2.564633 2.731769 -0.731291
3.219062 2.744106 -0.831735
6.834697 3.006146 -0.957154
9.474006 4.267836 -1.273974
-6.925135 -0.222383 0.227808
-4.445048 -0.236932 0.075287
-4.356372 -0.547296 0.067281
-1.706946 1.428422 -0.204955
-1.751659 1.292351 -0.229741
-1.684111 1.510945 -0.243989
-1.259183 1.700963 -0.191912
-1.160572 1.720217 -0.244095
-0.893045 2.315527 -0.303141
-0.391559 -2.140273 -0.109140
-0.734623 2.376178 -0.329028
-0.705193 2.216259 -0.242090
-0.273012 -2.482814 -0.153714
-0.199318 -2.711401 -0.134471
-0.135509 -2.970855 -0.110657
-0.147829 1.867699 -0.335654
0.110397 2.646167 -0.366583
0.303917 2.693867 -0.368874
0.461628 2.747108 -0.424641
0.756830 2.850074 -0.471223
0.908564 1.469848 -0.367998
0.935675 1.343132 -0.365573
1.004637 1.087040 -0.378964
1.111495 2.939558 -0.509597
1.169939 1.514425 -0.417763
-1.231239 -0.161309 -0.004404
-0.531703 -1.634534 0.000024
-0.444313 -1.921749 -0.043601
-0.408467 -2.064679 -0.025851
-0.336789 -2.293125 0.019374
-0.309730 -2.666400 -0.023286
-0.158901 -2.883806 -0.027987
0.536606 2.029491 -1.491848
-6.611323 -2.346308 -0.331453
-7.121783 -0.800910 -0.299430
-6.962346 -0.324056 -0.346630
-6.944714 -0.487667 -0.416362
-6.940276 -0.114958 -0.444607
-6.143089 0.203977 -0.364547
-4.936369 -0.078443 -0.476838
-2.399830 -0.978201 -0.529697
-3.180686 0.834289 -0.601062
-3.097309 0.453976 -0.587788
-0.391994 -1.416478 -0.591733
-1.164772 -0.195433 -0.599369
-0.198313 -1.404260 -0.598916
-0.919635 -0.203329 -0.631111
-0.390473 -0.379763 -0.629519
-0.200280 -0.389726 -0.643222
0.565969 -1.736363 -0.627021
-1.494565 1.579681 -0.588219
-0.080771 -0.338729 -0.638815
-0.892661 2.302492 -0.601168
2.180124 2.213662 -0.838385
1.910073 2.738202 -0.859107
3.049643 2.920119 -0.897664
-6.935531 -0.498749 -0.008224
-6.861050 -0.000165 -0.002427
-5.056575 -1.879395 -0.277456
-4.440068 -0.689340 -0.255256
-3.999097 -0.125512 -0.219088
-0.021570 -3.261472 -0.467078
-1.102364 -0.162520 -0.379743
-1.731186 1.395044 -0.361179
-1.772026 1.274984 -0.380884
0.269564 -1.496694 -0.565910
-1.703860 1.515940 -0.383786
-1.467741 1.607653 -0.363781
-0.889793 2.315423 -0.526076
-0.789715 2.344580 -0.490147
-0.725994 2.255107 -0.414321
0.033969 2.090482 -0.555838
0.083760 2.634794 -0.535957
0.311939 2.710453 -0.566637
1.078214 1.547429 -0.454589
0.549088 2.774173 -0.588558
0.664211 2.802267 -0.687339
1.162207 2.986398 -0.616522
1.908556 2.960233 -0.518867
2.426011 2.775097 -0.549860
3.133658 2.828575 -0.630695
9.320576 3.137070 -1.150342
-3.856970 -2.282188 0.050381
0.086539 -3.741494 -0.121060
-1.168634 -0.181163 -0.204665
-1.725395 1.393807 -0.190768
-1.772549 1.258657 -0.195072
-0.519422 -0.483559 -0.163467
-1.713431 1.513979 -0.204148
-1.475616 1.615119 -0.214222
-0.761381 2.357097 -0.271062
-0.761017 3.051298 -0.120410
-0.130137 2.539373 -0.321513
0.066550 2.627510 -0.344372
0.871809 1.359245 -0.412782
0.911677 1.259617 -0.417007
0.280702 2.717583 -0.390020
0.357514 2.719954 -0.374283
0.530783 2.788015 -0.406417
0.669167 2.827414 -0.437082
3.114204 2.773167 -0.339248
0.180115 -4.156068 0.101767
0.088533 -3.616694 -0.015977
0.258125 -3.667910 -0.049447
0.359195 -4.080199 0.091944
-0.286611 -2.436298 0.018463
-0.141269 -2.835232 -0.044483
-0.423785 -2.003896 -0.046065
-0.395684 -2.075317 0.041328
1.559954 -4.039944 -0.032941
-0.517622 -0.533063 -0.002864
0.196435 -1.495703 -0.017982
0.417662 -1.547439 -0.040754
0.483219 -1.714083 0.007414
0.653748 -1.945396 -0.029687
1.257548 -2.809003 -0.030343
0.347362 1.863224 -1.557185
-6.987151 -0.326782 -0.350829
-7.001940 -0.169203 -0.299346
-6.977890 -0.570208 -0.261411
-6.978322 -0.043731 -0.259585
-5.121068 -2.595694 -0.245508
-6.200668 0.175074 -0.324625
-6.004505 0.334449 -0.298831
-5.018850 -0.168215 -0.264400
-3.183786 -0.358373 -0.530406
-2.971398 -0.727100 -0.526117
-2.806355 -0.867036 -0.518665
-3.309821 0.590718 -0.561394
-3.270851 0.404180 -0.555337
-3.144820 0.042030 -0.546199
-3.027356 -0.113277 -0.536761
-3.410255 0.837184 -0.568233
-3.255710 0.790140 -0.553994
-1.357171 -0.056895 -0.625427
-1.114260 -0.213489 -0.578939
-0.904668 -0.432581 -0.642937
-1.798973 1.327475 -0.537983
-1.846920 1.179393 -0.528885
-0.543348 -0.530176 -0.639254
-0.298696 -0.526202 -0.660945
-0.970304 2.268965 -0.606874
-0.818420 2.316494 -0.648442
1.474806 2.884670 -0.875736
1.686554 2.560934 -0.859286
1.619033 2.750425 -0.879482
2.341168 2.786267 -0.885339
-4.328505 -1.530122 -0.211194
-4.409997 -0.852050 -0.205683
-4.253751 -1.385135 -0.128599
-4.448539 -0.784035 -0.145215
-4.045292 -0.131445 -0.168835
-3.640435 -0.662988 -0.129043
-1.511162 -0.289547 -0.285996
0.095968 -3.020474 -0.518963
-1.230497 -0.235619 -0.392042
-1.906603 1.147573 -0.331699
-1.895326 1.145469 -0.330071
-0.988791 -0.388300 -0.379942
-1.798227 1.525469 -0.389554
-1.796277 1.315445 -0.341974
-1.830276 1.181668 -0.316642
-1.630501 1.541984 -0.396949
0.315504 -1.576566 -0.633218
-1.504243 1.559859 -0.471608
-0.968997 2.279972 -0.453430
-0.789391 2.346977 -0.486547
-0.241195 1.874476 -0.534312
0.131932 2.657101 -0.518780
0.212885 2.686136 -0.499028
0.422506 2.756113 -0.685355
0.543412 2.771561 -0.586263
2.225751 3.157842 -0.628693
2.700407 2.853816 -0.650565
3.098117 2.740012 -0.686889
-6.969363 -0.425616 0.383398
-3.736027 -2.188940 0.155873
-3.934900 0.060255 0.166468
0.102520 -3.660294 -0.112360
-0.317553 -2.427842 -0.090843
0.152586 -3.202048 -0.258247
0.334374 -3.141104 -0.132140
-1.348577 -0.239254 -0.211752
-1.889944 1.153785 -0.156818
-1.191985 -0.225004 -0.280328
1.539321 -4.043032 -0.227197
-1.797359 1.524250 -0.198649
-1.783506 1.334633 -0.157396
-0.602173 -0.518749 -0.149216
-0.245921 -0.731926 -0.111191
0.076277 -1.467653 -0.128499
1.696186 -4.004706 -0.222876
-1.650713 1.552461 -0.187500
0.036889 -0.711301 -0.128796
1.182103 -2.452038 -0.219822
-1.261700 1.639372 -0.185422
1.532797 -2.528377 -0.257686
-1.153746 1.676517 -0.250586
-0.909060 2.295886 -0.262376
-0.739806 2.346388 -0.249652
-0.170498 2.545558 -0.346749
0.090558 2.637305 -0.367894
0.312952 2.712014 -0.410295
1.093561 2.984966 -0.491550
3.055255 2.832667 -0.437279
0.222676 -4.157434 0.052652
-0.037558 -3.316059 -0.060191
0.427332 -3.955992 0.038271
-0.285038 -2.503634 0.022861
0.557107 -3.915113 0.021037
-0.382400 -2.234960 -0.025620
0.226269 -3.097197 -0.096881
0.268803 -3.139460 -0.040365
1.601715 -4.035187 -0.093490
0.155203 -1.490970 -0.054496
0.335363 -1.506912 -0.073572
0.562156 -1.862485 -0.056485
1.250676 -2.816946 -0.064418
0.763485 -0.781516 -0.130318
1.966495 -2.067885 -0.173614
-6.917211 -0.098598 -0.329003
-6.957273 -0.554021 -0.297358
-6.992058 -0.448800 -0.189331
-4.504271 -3.538435 -0.258056
-4.988865 -2.007749 -0.242873
-6.137949 0.169482 -0.310156
-4.717450 -1.051305 -0.239288
-4.514625 -1.298134 -0.230208
-3.023440 -0.566012 -0.528285
-2.901498 -0.721516 -0.519736
-3.264529 0.170900 -0.557846
-3.229068 -0.018175 -0.548986
-3.182908 -0.207177 -0.542017
-2.736982 -0.840801 -0.506961
-3.284146 0.545273 -0.575594
-3.212955 0.394333 -0.568710
-3.097715 0.162336 -0.554245
-1.511167 -0.119506 -0.627173
-0.936585 -0.556938 -0.627778
-1.840656 1.155412 -0.548038
-1.075069 -0.215465 -0.574353
-0.642476 -0.621945 -0.636639
-1.790908 1.511588 -0.551243
-1.766062 1.360788 -0.556842
-0.350696 -0.607068 -0.663220
-0.993337 2.238549 -0.657048
0.528649 2.102037 -0.859852
2.243091 3.131719 -1.003453
2.352719 2.898519 -0.983200
-6.947195 -0.517301 -0.027974
-4.146723 -1.705298 -0.135778
-4.410256 -0.809138 -0.173987
-4.212892 -1.375839 -0.135682
-3.418272 -1.468741 -0.126265
-4.000470 -0.181381 -0.203268
-3.133305 1.077303 -0.250888
0.028514 -3.316261 -0.395198
0.079325 -3.489002 -0.517886
-1.189098 -0.228813 -0.373979
-1.868434 1.138715 -0.374193
-1.061164 -0.221237 -0.415198
-1.715037 1.510679 -0.332276
-1.750381 1.357494 -0.418468
-1.573905 1.535675 -0.521747
-1.352067 1.605424 -0.479076
-0.971783 1.750578 -0.500197
-1.023062 2.249932 -0.515829
-0.917317 2.258421 -0.538552
0.584469 0.088078 -0.546440
-0.705490 2.358746 -0.443227
-0.266572 1.907265 -0.517033
0.195798 2.679724 -0.628521
0.332753 2.720578 -0.611306
1.474569 3.096968 -0.868806
-6.936499 -0.395413 0.345394
-3.965056 0.046958 0.152933
0.257968 -3.673387 -0.091036
-1.646677 -0.385019 -0.161149
0.288624 -3.106675 -0.117064
-1.210919 -0.222747 -0.200512
-0.772959 -0.952633 -0.070526
-1.834822 1.173135 -0.180980
-1.070246 -0.169451 -0.228664
-1.004916 -0.240670 -0.220969
-0.609148 -0.605621 -0.091170
-0.341314 -1.044743 -0.105377
-1.724170 1.508984 -0.150093
-1.742572 1.368493 -0.222776
-0.533355 -0.473472 -0.223917
0.095019 -1.320234 -0.209335
-1.539492 1.551365 -0.213517
-1.364276 1.601613 -0.302842
1.599861 -2.494638 -0.206908
-0.978345 1.744371 -0.304762
-1.009473 2.256819 -0.357562
-0.862360 2.303489 -0.333964
0.580002 0.071075 -0.372148
1.680979 -1.394115 -0.262575
-0.691383 2.355596 -0.346244
-0.228979 1.923463 -0.381566
0.166921 2.668260 -0.406909
0.183150 -3.849427 0.020731
0.269661 -4.133323 0.117906
0.395208 -4.075970 0.069500
0.580513 -3.909122 0.107509
0.338091 -3.097505 -0.020376
0.142981 -1.439239 -0.010880
0.305223 -1.419341 -0.047302
1.276897 -2.419469 -0.066068
1.311346 -2.716321 -0.065100
1.187070 -1.544225 -0.117609
0.820247 -0.701258 -0.132763
0.894041 -0.699040 -0.164677
1.793274 -1.389528 -0.182440
1.902201 -1.644818 -0.162510
1.702249 -1.070006 -0.182213
-6.904800 -0.051582 -0.106606
-4.257034 -2.189029 -0.269419
-4.349624 -1.576789 -0.324223
-2.905177 -0.322856 -0.538696
-2.748484 -0.627236 -0.533444
-2.584370 -0.828965 -0.528568
-3.029792 0.160482 -0.550594
-2.923767 -0.088168 -0.541141
-2.790429 -0.321415 -0.540599
0.057180 -3.033411 -0.580184
-3.061861 0.478486 -0.563744
-0.454937 -1.411860 -0.612220
-0.197598 -1.683595 -0.625381
-1.290204 -0.214375 -0.562701
-0.929416 -0.574615 -0.631233
-0.707242 -0.652287 -0.627037
0.163830 -1.564442 -0.648501
-0.676947 -0.604216 -0.655814
-0.420673 -0.675683 -0.666904
0.314085 -1.438980 -0.648324
-1.678461 1.582072 -0.627244
-1.412208 1.622950 -0.583037
0.690522 0.253088 -0.696862
-0.915502 2.318400 -0.619154
-0.775901 2.374363 -0.612907
0.929441 2.060951 -0.813542
2.354738 3.122447 -0.867516
-3.772932 -0.686474 -0.299445
-4.042018 0.048605 -0.291557
-3.991454 -0.178089 -0.280942
0.168834 -3.106504 -0.539309
-1.508662 -0.276517 -0.308866
-1.284747 -0.191242 -0.348391
-1.100985 -0.147081 -0.431391
-1.015451 -0.261743 -0.350273
1.592826 -2.809473 -0.606993
-1.877659 1.161723 -0.343407
-1.739110 1.348508 -0.386333
-1.760832 1.254930 -0.361479
-1.737037 1.524181 -0.417021
-1.460526 1.628202 -0.388551
-1.358698 1.635660 -0.448195
-1.238699 1.696455 -0.396700
0.551276 0.116977 -0.514623
0.559984 0.081754 -0.557730
-0.941500 1.750374 -0.382060
0.702340 0.229670 -0.585511
-0.895159 2.303756 -0.350335
-0.571997 2.010614 -0.495839
-0.500540 1.848997 -0.450642
-0.818272 2.350648 -0.444563
-0.717413 2.380925 -0.394689
-0.589752 2.069072 -0.463550
-0.316383 1.912409 -0.510655
-0.615990 2.407845 -0.401365
0.288732 2.673724 -0.598284
0.789912 2.877514 -0.611556
1.132923 2.989594 -0.673455
1.572940 3.133435 -0.755539
2.429879 2.843142 -0.842249
-4.432734 -0.206082 0.104995
-4.323071 -0.400669 0.115474
-4.171637 -0.618143 0.126638
-1.639858 -0.310256 -0.189028
-1.486663 -0.267899 -0.138196
-1.318078 -0.203484 -0.130776
0.071302 -1.378836 -0.116293
-1.135146 -0.137176 -0.146652
-1.004617 -0.220321 -0.188104
-0.565170 -0.454986 -0.236671
0.435147 -1.663512 -0.162428
1.495405 -2.464572 -0.267444
-1.884928 1.167619 -0.172736
0.379652 -1.241473 -0.142818
1.699869 -2.444322 -0.239137
-2.313080 1.669214 0.005004
-1.750626 1.332488 -0.190414
-1.759477 1.242052 -0.173673
-1.708274 1.429945 -0.229935
-1.158011 1.714638 -0.200910
0.533888 0.085818 -0.333271
0.535405 0.059517 -0.224644
-0.997051 1.774786 -0.264332
-0.931456 1.785443 -0.297695
-0.574208 2.001570 -0.318768
-0.879183 2.348596 -0.177591
-0.665905 2.388355 -0.346993
-0.402159 2.016585 -0.300195
-0.317352 1.907725 -0.332212
-0.110328 2.572439 -0.276704
0.073686 2.608658 -0.323217
3.169353 2.806952 -0.451263
0.396347 -3.941967 0.051054
0.750843 -4.252110 -0.039291
0.196290 -3.097275 -0.040678
0.288075 -3.114208 -0.051814
0.090741 -1.447623 -0.000476
1.229152 -2.715557 -0.087454
1.798353 -3.046000 -0.057988
0.351181 -1.529309 -0.060851
1.094043 -1.622562 -0.150810
2.175476 -2.744946 -0.182841
1.112650 -1.590438 -0.070691
0.803061 -0.699936 -0.094050
0.838701 -0.704325 -0.128094
1.273710 -0.893253 -0.117881
1.324898 -0.989199 -0.137916
1.696126 -1.213018 -0.165721
1.783192 -1.493395 -0.187658
1.152752 -0.570224 -0.126343
1.384953 -0.798297 -0.148029
-6.890742 -0.255006 -0.094366
-4.352500 -1.675319 -0.314565
-4.211938 -1.612685 -0.374060
-6.171399 0.217195 -0.086980
-3.798407 -0.775977 -0.273927
-4.019738 -0.156811 -0.309937
-3.968366 -0.369944 -0.297552
-4.760954 0.307054 -0.442313
-3.920995 0.082748 -0.312665
-2.662599 -0.746651 -0.511925
-2.519811 -0.921397 -0.515449
-2.783080 -0.459579 -0.510670
-2.742332 -0.612765 -0.514455
-1.525453 -0.349115 -0.481534
0.368144 -1.574042 -0.679577
0.502351 -1.440746 -0.680489
-1.145934 -0.222726 -0.584201
-1.082328 -0.221404 -0.589209
-0.525917 -0.633025 -0.567715
-0.391590 -0.771528 -0.665664
-0.197904 -0.773633 -0.686384
-1.766072 1.321323 -0.509799
-1.637760 1.535680 -0.563830
-1.365281 1.580119 -0.574024
-1.116307 1.673016 -0.622473
-0.893290 2.305173 -0.593742
-0.712870 2.360654 -0.625517
0.498036 2.364529 -0.778581
0.752561 2.164713 -0.786360
0.382171 2.477881 -0.785455
0.649180 2.292819 -0.792570
-3.455846 -1.435321 -0.278797
-5.748683 0.582972 -0.084996
0.284705 -2.963965 -0.489974
1.629078 -2.704127 -0.652557
-1.694969 -0.386862 -0.367050
-1.550163 -0.357037 -0.301452
-1.382970 -0.294665 -0.349812
-1.245740 -0.227764 -0.443603
-1.020394 -0.307075 -0.460119
0.007287 -0.501834 -0.418554
-1.961269 1.081743 -0.346691
-1.768949 1.337283 -0.351048
0.535331 -0.002307 -0.495364
-1.667205 1.498275 -0.361276
0.503594 0.101927 -0.514326
0.597013 0.095289 -0.569042
-1.183630 1.642474 -0.363392
0.665026 0.252167 -0.656626
-1.050287 1.699599 -0.438662
-0.484371 1.820551 -0.410024
-0.890521 2.319751 -0.353704
-0.477012 1.845022 -0.464615
-0.307636 1.898912 -0.442431
-0.751685 2.350900 -0.407614
0.350862 2.747072 -0.499125
0.619205 2.837928 -0.541199
0.951195 2.956306 -0.596335
1.364852 3.099407 -0.667062
1.848391 3.231641 -0.747726
2.261790 3.073118 -0.707744
2.377884 2.821528 -0.724387
2.248047 3.211617 -0.799382
-4.057961 -1.694234 0.134684
-4.140511 -1.393066 0.129000
0.942336 -4.248565 -0.175293
1.275801 -2.774469 -0.236724
1.666232 -2.839733 -0.280682
-1.796004 -0.423932 -0.177027
-1.684070 -0.399739 -0.159015
-1.553848 -0.353673 -0.145846
-1.354449 -0.277090 -0.107329
0.088807 -1.329907 -0.284507
-0.946633 -0.423779 -0.165259
-0.579791 -0.507627 -0.175363
0.542464 0.028995 -0.277644
-1.605951 1.533586 -0.204080
0.630275 0.104457 -0.279672
-1.329626 1.606806 -0.142274
-1.140440 1.656963 -0.170983
-1.036825 1.702748 -0.209268
1.200585 0.337228 -0.361110
-0.524946 1.800185 -0.310571
-0.899692 2.302387 -0.235265
-0.539070 1.894612 -0.306877
-0.360173 1.876888 -0.325896
-0.705239 2.370401 -0.219135
-0.659314 2.396599 -0.269743
0.357974 2.727701 -0.434760
0.941318 -4.261529 -0.101696
1.289941 -2.754354 -0.119339
1.255605 -2.596813 -0.158440
1.297701 -2.651610 -0.064217
1.862448 -3.027842 -0.102805
0.129387 -1.444779 -0.017249
0.351064 -1.521429 -0.034139
2.108241 -2.373165 -0.237581
2.206488 -2.651095 -0.240258
1.234242 -1.553654 -0.080055
1.310650 -1.528577 -0.092209
1.349175 -1.017130 -0.114956
1.371193 -1.049802 -0.120976
1.774168 -1.386507 -0.228714
1.221976 -0.695414 -0.117407
1.244430 -0.757615 -0.122434
1.656181 -1.051302 -0.220866
0.935415 0.061447 -0.133529
3.674839 -4.260273 -3.185887
0.981343 -1.081266 -0.739056
-3.941490 -0.631928 -0.500598
0.171048 -0.631665 -0.734864
-0.114423 -0.337961 -0.726765
0.226128 -0.535308 -0.727519
0.429234 -0.445664 -0.732368
-4.040391 -0.199919 -0.485514
-0.058025 -0.276406 -0.728286
0.516902 -0.290711 -0.734325
1.156977 -1.570708 -0.620570
0.027828 -1.446081 -0.561858
1.409388 -1.517921 -0.569122
-1.747904 -0.452297 -0.352666
-1.585337 -0.386831 -0.342101
-0.911726 -0.533599 -0.443453
-1.941712 0.111972 -0.422760
0.560671 0.095205 -0.570427
0.671873 0.180131 -0.604075
1.093647 0.577057 -0.451679
0.305010 0.711036 -0.619789
-2.995113 1.041558 -0.356242
-1.977236 1.023761 -0.379479
-1.837502 1.127138 -0.350025
-2.635483 1.190704 -0.332311
-1.791637 1.319943 -0.353655
-1.738749 1.475806 -0.357907
-1.577082 1.530671 -0.409252
-1.308100 1.606552 -0.428272
-1.148045 1.664067 -0.444886
-2.115741 1.851463 -0.339970
-1.043321 1.720651 -0.456182
-0.439789 1.866600 -0.381501
-0.961054 2.275304 -0.372436
-0.866033 2.311736 -0.428506
0.287490 2.716102 -0.604480
1.610981 -2.498224 -0.297880
1.383886 -1.884836 -0.277777
0.029697 -1.385995 -0.257100
0.840879 -0.900706 -0.196453
1.649462 -1.001098 -0.262829
-3.021623 -0.786175 0.088079
-0.598718 -0.558214 -0.152734
0.464059 -0.770765 -0.166317
0.919751 -0.764599 -0.203038
1.376559 -0.639759 -0.240713
-1.736613 -0.441059 -0.179216
-1.563084 -0.377733 -0.145272
-0.943088 -0.445650 -0.257556
-2.562626 0.044393 0.062160
0.524721 0.026655 -0.310624
0.683991 0.207358 -0.354179
1.136825 0.452693 -0.343836
-1.962244 1.037518 -0.138748
-1.822558 1.143529 -0.128912
-1.771574 1.268756 -0.154649
-1.723956 1.483711 -0.198410
-1.518336 1.548087 -0.228941
-1.294764 1.608731 -0.226877
-1.134812 1.666562 -0.260042
-1.027839 1.724762 -0.262165
-0.573695 1.839732 -0.315415
-0.332328 1.912616 -0.348170
-0.880343 2.290298 -0.203814
-0.197899 2.535815 -0.261195
0.050171 2.645065 -0.343560
0.123094 2.660742 -0.295754
0.519983 2.799392 -0.411362
0.608911 2.849231 -0.192497
1.309534 -0.873295 -0.140291
1.366788 -0.974173 -0.106174
1.642380 -0.995511 -0.209220
0.790192 -0.750538 -0.141116
1.233250 -0.691831 -0.111491
0.912030 0.048768 -0.134866
0.749480 0.646818 -0.137127
0.463047 -0.249566 -0.743613
0.095287 -0.130670 -0.752003
0.567827 0.091443 -0.723825
0.124619 -0.052658 -0.756765
-2.473258 -0.688947 -0.568814
-2.705829 -0.252175 -0.577497
-4.089573 -0.395545 -0.472321
-4.125609 -0.228295 -0.446019
-4.063152 -0.041393 -0.415247
0.409209 -3.181499 -0.339759
-0.123098 -1.679942 -0.510572
-0.169583 -1.485857 -0.294870
0.445602 0.007014 -0.532050
-1.636273 -0.369235 -0.373634
-2.150836 0.991605 -0.294536
-1.994162 1.067654 -0.444453
-1.902952 1.185855 -0.471701
-0.603127 1.770361 -0.502495
-0.517135 1.769543 -0.516834
-1.850654 1.356523 -0.462317
-1.664834 1.490940 -0.464603
-1.435835 1.539807 -0.478020
-1.199301 1.639871 -0.489837
-1.042805 2.235868 -0.503258
1.994858 -2.459055 -0.190472
-0.982376 -0.688220 -0.174171
-0.736343 -0.612397 -0.286636
0.465225 -0.018179 -0.350801
0.574941 0.071472 -0.394788
1.090858 0.256400 -0.288491
0.961667 0.549256 -0.488055
-1.688194 -0.417026 -0.206603
-1.143731 -0.169496 -0.108799
0.986233 0.623846 -0.322532
-1.952871 1.088553 -0.248116
-1.877125 1.199425 -0.271382
-0.657081 1.748769 -0.373349
-1.826845 1.402331 -0.310325
-1.595745 1.524363 -0.309323
-1.362131 1.572581 -0.300727
-1.204190 1.637158 -0.296947
-0.111493 2.538707 -0.448504
0.139577 2.615694 -0.535861
1.786916 3.218533 -0.511951
-2.161061 1.803738 -0.220760
-0.972902 2.265961 -0.333296
-5.066149 0.846272 0.106074
-5.822026 0.616386 0.159774
0.797378 -0.025375 -0.125939
0.831726 0.095882 -0.138707
0.545518 2.797552 -0.287218
0.794934 2.885969 -0.307519
0.985135 2.951313 -0.369002
1.218205 3.032750 -0.326644
1.476219 3.124975 -0.393853
1.715581 3.201118 -0.361498
0.774493 -1.922608 -0.667209
0.925738 -1.765578 -0.684067
0.998694 -1.353568 -0.618810
0.060938 -2.132810 -0.623122
0.434584 -1.725031 -0.586321
0.504273 0.184463 -0.750979
0.525335 0.325765 -0.766192
0.604748 0.503490 -0.776467
-3.721331 -1.427794 -0.493446
1.611365 -2.857622 -0.457075
1.620399 -2.499588 -0.415834
0.211790 -3.085316 -0.348231
-0.044152 -1.459250 -0.508397
1.152014 0.340686 -0.457582
0.502826 -0.008087 -0.491503
0.602358 0.087649 -0.505867
1.052730 0.726289 -0.478717
-0.594974 -0.647539 -0.515904
0.334903 0.677081 -0.469009
-1.483245 -0.305440 -0.320551
-0.351056 1.863047 -0.537756
0.587180 2.784617 -0.606038
-0.548194 1.810139 -0.478107
-1.084764 1.711986 -0.410890
-1.927284 1.113684 -0.413679
-1.806548 1.335405 -0.532711
-1.589974 1.551227 -0.358790
-1.356612 1.619893 -0.439823
-0.736926 2.282847 -0.571157
-1.801317 1.415610 -0.357839
-1.771574 1.498154 -0.351253
-2.548201 1.236434 -0.380588
-4.456326 -0.602796 -0.127727
0.914227 -4.257687 0.019998
0.961406 -4.230434 0.026519
0.841673 -4.271376 0.016849
-0.012722 -1.494789 -0.037182
-0.060047 -1.341806 -0.211636
1.147214 0.410435 -0.401431
0.537574 0.045281 -0.314319
1.041439 0.735669 -0.393219
0.973852 0.757018 -0.271435
-0.763680 -0.648564 -0.143557
-0.577851 -0.495941 -0.134776
0.250059 2.673502 -0.379684
-1.213732 1.657851 -0.209936
-1.122449 1.685062 -0.330172
-2.066696 1.030356 -0.240217
-1.915820 1.110038 -0.227455
-1.807037 1.271236 -0.237729
-1.554347 1.542099 -0.196060
-1.425710 1.587889 -0.286090
-0.858988 2.296999 -0.378819
-0.722373 2.323223 -0.379316
-1.705177 1.519122 -0.220222
1.423702 3.104334 -0.297080
1.028309 2.977233 -0.286625
1.086070 2.995724 -0.267837
1.385386 3.096423 -0.343959
0.463774 2.781668 -0.231303
0.717465 2.869542 -0.259384
0.892013 2.923034 -0.315971
-0.015528 2.619562 -0.204045
0.167758 2.680974 -0.217766
-0.482604 2.302143 -0.198833
1.671818 -2.923782 -0.627521
1.629862 -2.507506 -0.582417
1.417997 -0.593620 -0.732046
0.148741 -1.456932 -0.563013
0.635805 0.736093 -0.772629
-0.012395 -1.492612 -0.561242
0.590312 0.993686 -0.784801
-4.062782 -0.288497 -0.492563
-3.970161 -0.019534 -0.536602
-4.047196 -0.045662 -0.484216
-3.948316 0.663231 -0.473958
1.033198 -0.179152 -0.586104
1.135158 0.423544 -0.488582
-0.105722 -2.987355 -0.299609
0.120366 -1.337973 -0.326115
0.564408 0.076362 -0.425690
-0.081167 -1.477137 -0.269489
-0.004671 -1.391500 -0.296886
0.317298 0.655215 -0.550075
0.283254 0.702654 -0.624747
-0.285347 1.907314 -0.518530
-0.036552 2.588817 -0.554483
-0.497096 1.842410 -0.539134
-0.758260 2.328309 -0.458669
-1.140563 1.687360 -0.526024
-1.389808 1.594555 -0.493738
-1.822319 1.194965 -0.321293
-1.795419 1.311763 -0.481525
-1.692531 1.525515 -0.481477
-2.029043 1.037877 -0.340652
-1.912726 1.121188 -0.389237
-2.763539 1.171350 -0.365036
-3.039515 1.091094 -0.388691
-3.500360 0.813868 -0.426983
-3.314799 0.977561 -0.412357
-6.153078 0.179253 -0.082537
2.075827 -2.253108 -0.128585
0.902147 -0.648237 -0.291657
1.149776 0.455717 -0.408180
1.094764 0.660174 -0.413588
1.065334 0.744333 -0.425112
0.551195 0.069172 -0.261429
0.007234 -1.407332 -0.198407
0.404566 0.630150 -0.297774
-0.007072 2.593142 -0.371154
-0.474684 1.819028 -0.373377
-0.953414 1.778584 -0.348414
-1.106201 1.715137 -0.247002
-0.957249 2.266170 -0.327857
-1.313122 1.628397 -0.265093
-1.845589 1.176103 -0.193244
-1.605059 1.543371 -0.310762
-1.961225 1.055927 -0.198547
-1.975227 1.086627 -0.179543
0.429159 2.784979 -0.210664
0.448255 2.795351 -0.215418
0.168669 2.695515 -0.206481
-0.496730 2.452977 -0.166848
-0.667264 2.391304 -0.157082
-1.000874 2.293406 -0.164348
-1.526776 0.513105 -1.406207
-6.605605 -2.454084 -0.304717
2.879999 -1.496722 -0.768382
2.457910 -1.534963 -0.691050
1.710614 -2.484554 -0.632337
0.216961 -1.517918 -0.607738
0.487763 0.022566 -0.716604
0.629711 0.145909 -0.653322
0.876769 0.540451 -0.782516
0.868715 0.819622 -0.795783
-0.672600 -1.375560 -0.478230
-0.881388 -0.790314 -0.566279
-0.907153 -0.673630 -0.537181
-0.955681 -0.519456 -0.547749
-1.925274 1.069019 -0.551223
-3.675072 0.704388 -0.431363
-6.198748 0.089587 -0.269663
0.153134 -1.368535 -0.288947
1.081130 0.599451 -0.484430
-0.045720 -1.447262 -0.306247
0.057781 -1.385298 -0.365598
0.528549 -0.116685 -0.590572
0.633626 0.143404 -0.576725
0.468045 0.068266 -0.550978
0.336272 0.626430 -0.503701
-0.872952 -0.753084 -0.334287
-0.860816 -0.699417 -0.409865
-0.942043 -0.538818 -0.386001
-1.029428 -0.352418 -0.377088
-0.377087 1.870474 -0.447511
-1.112261 1.690461 -0.593011
-1.020684 2.252329 -0.434989
-1.389337 1.558197 -0.560531
-1.098777 2.172998 -0.447508
-2.010982 1.021618 -0.444591
-1.862615 1.137116 -0.381923
-1.683201 1.498639 -0.360546
-2.783107 1.120658 -0.362420
-3.099049 1.022710 -0.385869
-3.411645 0.826543 -0.324557
-5.649568 0.463927 -0.284663
0.302801 -4.108112 0.077761
1.403897 -0.562753 -0.311966
0.603044 -1.878335 -0.106091
1.205395 0.281580 -0.367522
1.193383 0.310636 -0.336559
0.152266 -1.425993 -0.133337
1.116599 0.511869 -0.371201
1.037727 0.670401 -0.342542
0.036769 -1.404082 -0.163180
0.554459 0.037410 -0.242710
0.899311 0.956506 -0.245146
0.815168 1.029853 -0.209738
-0.088748 0.576669 -0.169541
-0.934672 -0.543503 -0.209672
-1.032068 -0.332773 -0.190489
-1.032727 -0.288990 -0.211156
-0.480947 1.894111 -0.366188
-0.116098 2.538893 -0.372897
-1.224125 1.620296 -0.327304
-1.042008 1.715730 -0.267305
-0.859199 2.281988 -0.356025
-1.472602 1.551562 -0.311921
-1.886887 1.072112 -0.151906
-1.829967 1.222005 -0.231366
-3.780057 0.687041 -0.054122
-5.545033 0.589316 -0.038261
-0.292011 2.510317 -0.173607
-0.618765 2.392873 -0.144606
-1.016024 0.889980 -1.456366
1.509453 -2.609022 -0.603999
1.550252 -2.558740 -0.644261
1.207150 -2.832313 -0.640157
1.225306 -2.525207 -0.563499
0.917520 -1.485723 -0.672798
0.154930 -1.521394 -0.550473
0.016421 -1.384421 -0.501546
0.899997 -0.482598 -0.703339
1.800723 0.537597 -0.768843
-0.792853 -1.262432 -0.498462
-0.540967 -0.926385 -0.576090
-0.815005 -0.788975 -0.572819
-0.993620 -0.579656 -0.506591
0.445266 0.682345 -0.670368
-1.032570 -0.467595 -0.486246
-1.043676 -0.393474 -0.477782
0.365228 1.073294 -0.658495
-1.284714 1.578629 -0.588420
-3.697862 0.746677 -0.358812
0.176711 -1.445565 -0.324038
0.005383 -1.424879 -0.310866
-0.585092 -1.726817 -0.209069
-0.691675 -1.378054 -0.216554
1.127530 0.275897 -0.411613
-0.785496 -1.205890 -0.299506
-0.767855 -0.851089 -0.351546
0.965926 0.776053 -0.413610
-0.984624 -0.561754 -0.376923
0.922803 0.923658 -0.429856
-1.020805 -0.442742 -0.357324
-1.058407 -0.330756 -0.374120
-1.259443 1.591785 -0.350012
-1.053483 1.689297 -0.350849
-1.897204 1.125619 -0.305411
-0.928405 2.249176 -0.436860
-1.101356 2.180840 -0.405215
1.556451 -0.995117 -0.305770
1.456298 -0.579006 -0.378695
-0.055629 -1.494288 -0.120054
-0.010848 -1.404616 -0.214019
0.852105 -0.749028 -0.282366
-0.577679 -1.751796 -0.144566
-0.696323 -1.363487 -0.124425
1.133231 0.294863 -0.261597
1.059345 0.508822 -0.286573
0.952713 0.709587 -0.267684
0.953002 0.817082 -0.313753
0.091657 0.486575 -0.242283
0.869366 0.964124 -0.254181
-1.049861 -0.377720 -0.123794
-1.079014 -0.298272 -0.126333
0.103725 0.500002 -0.243731
1.212081 3.026958 -0.284753
1.510727 3.133000 -0.317166
-1.024891 1.707591 -0.174693
-1.804932 1.306338 -0.215224
-0.947675 2.206440 -0.231622
-5.208440 0.770815 0.076495
0.870079 0.283958 -0.108530
1.015329 0.431869 -0.133929
0.985059 0.695786 -0.143760
1.067293 2.972140 -0.254301
1.359762 3.076346 -0.274128
0.872275 2.935232 -0.233491
-0.270651 1.019503 -1.291690
1.648058 -3.176874 -0.518167
0.329121 -1.608699 -0.515192
-0.650936 -1.587658 -0.467117
0.119190 -1.520105 -0.474316
0.150252 -1.526880 -0.489189
-0.712731 -1.374793 -0.458144
1.634052 -0.839170 -0.591767
-0.768188 -1.237770 -0.498134
-0.841733 -0.893921 -0.512638
1.322898 -0.573342 -0.656157
-0.926946 -0.750000 -0.503939
-1.000519 -0.525335 -0.495957
-3.799716 0.649808 -0.404000
-5.295273 0.539109 -0.529584
-0.618441 -1.622450 -0.263384
-0.577640 -1.632301 -0.284572
0.030708 -1.426450 -0.262281
0.171443 -1.436101 -0.264792
-0.694223 -1.402933 -0.270425
-0.784408 -1.155197 -0.325787
1.469062 -0.652212 -0.325401
-0.825045 -0.923405 -0.321775
1.386415 -0.498910 -0.342720
-0.923672 -0.706019 -0.293899
0.986050 -0.158717 -0.453082
-0.985352 -0.513476 -0.290900
-1.999756 0.961289 -0.377040
-1.859865 1.069200 -0.288487
-1.445855 1.495076 -0.333165
-1.141043 1.631160 -0.339114
-1.084961 2.154765 -0.384812
1.405775 -4.113745 -0.076751
1.676673 -3.979866 -0.074861
-0.642610 -1.560580 -0.133846
0.047662 -1.433972 -0.073985
0.170148 -1.421317 -0.090919
-0.697475 -1.344775 -0.117795
-0.746444 -1.299590 -0.154689
1.430278 -0.577273 -0.069775
-0.645037 -1.015552 0.004305
1.408573 -0.495160 -0.171724
-0.922042 -0.696733 -0.132327
1.283406 -0.150350 -0.131699
-0.957797 -0.567451 -0.147609
1.125366 0.321716 -0.215371
1.042310 0.505516 -0.206280
0.063724 0.460800 -0.178588
0.895186 0.831578 -0.122383
0.967165 0.743551 -0.195560
0.883194 0.933941 -0.143744
0.907947 0.991481 -0.311794
0.803838 1.220784 -0.167746
0.859649 1.150019 -0.326677
-1.142098 1.611412 -0.163895
0.838234 2.854376 -0.181024
1.030979 0.261334 -0.041558
1.060250 0.283040 -0.049642
0.999977 0.411873 -0.056150
0.939818 0.903335 -0.074589
-0.002981 1.028029 -1.423066
0.167995 -1.644133 -0.599948
0.460021 -1.656200 -0.643279
0.763468 -1.622510 -0.653140
0.899642 -1.540923 -0.657754
-0.820291 -1.293531 -0.541928
1.019591 -1.404601 -0.563618
1.171010 -1.338655 -0.629732
-0.893691 -1.138956 -0.533413
1.602219 -1.193612 -0.681019
-1.019525 -0.753553 -0.524727
-0.898112 -0.967531 -0.535888
1.638792 -0.989042 -0.660914
-1.081660 -0.599720 -0.544460
-1.147894 -0.420700 -0.529283
-2.759581 0.628281 -0.566474
0.169799 -4.103978 -0.291518
-0.656468 -1.800989 -0.393911
-0.770310 -1.507681 -0.342799
-0.695778 -1.714000 -0.378515
-0.205410 -1.491056 -0.276136
-0.816716 -1.364079 -0.312962
-0.076889 -1.440912 -0.331338
-0.855483 -1.145122 -0.293023
-0.981637 -0.751818 -0.247552
-1.037780 -0.613547 -0.270896
1.388013 -0.715151 -0.358987
-1.102440 -0.435564 -0.265965
1.196691 0.009012 -0.464108
-3.135715 0.995545 -0.229236
-1.930126 1.054642 -0.419126
0.725317 1.167649 -0.369558
-1.828286 1.373438 -0.458451
-1.449688 1.486032 -0.487763
-1.298764 1.516499 -0.321787
-1.227190 1.580203 -0.480902
-1.146286 1.595149 -0.479250
-1.031370 2.156006 -0.487771
1.298703 -4.197886 -0.088922
-0.656330 -1.809263 -0.158246
-0.734780 -1.529497 -0.126746
-0.801365 -1.404845 -0.127992
-0.052528 -1.420719 -0.120104
-0.738938 -1.105201 -0.120099
-0.977279 -0.763982 -0.111503
0.824977 -0.781847 -0.244314
1.406114 -0.846963 -0.176716
-1.042536 -0.607576 -0.127528
-0.617513 -0.666462 -0.075896
0.953020 -0.696808 -0.221169
1.292507 -0.531953 -0.129426
1.375806 -0.648586 -0.218545
1.278069 -0.445526 -0.170365
1.324513 -0.467777 -0.299324
1.163650 -0.034738 -0.321118
1.479463 -0.084451 -0.338721
1.181885 0.010903 -0.203388
1.000648 0.380894 -0.252001
0.917171 0.606194 -0.253274
0.869518 0.820610 -0.322779
1.310360 -0.523858 -0.086578
1.217560 -0.023324 -0.088281
1.009829 0.114792 -0.077688
1.210113 0.005083 -0.078967
1.339039 0.087932 -0.094823
-0.127330 0.938174 -1.430184
0.232804 -1.635355 -0.618344
0.431923 -1.662443 -0.660821
0.872503 -1.548906 -0.685263
-0.842371 -1.415209 -0.566810
-0.689823 -1.351343 -0.579551
1.051042 -1.333342 -0.634522
1.520412 -1.232458 -0.709617
-0.929011 -1.166688 -0.535510
1.598670 -1.049333 -0.709624
-1.030256 -0.852272 -0.522805
-0.992674 -0.929399 -0.537730
-1.097550 -0.708850 -0.530570
-1.190672 -0.497865 -0.525193
-1.620879 -0.164191 -0.613485
-3.121704 0.487203 -0.593512
-0.745425 -1.636188 -0.363604
-0.102160 -1.540066 -0.420342
-0.842475 -1.371063 -0.327272
-0.097028 -1.467110 -0.341570
0.065015 -1.507754 -0.402631
-0.891538 -1.222347 -0.345924
-1.028549 -0.853966 -0.407648
-0.978515 -0.930766 -0.489155
-1.101032 -0.670927 -0.383963
1.337947 -0.601897 -0.394568
-1.178864 -0.504433 -0.402956
1.107064 0.011846 -0.505480
1.405647 0.035448 -0.452615
1.093690 0.040552 -0.530844
-3.430779 0.732092 -0.270521
-2.131729 0.820330 -0.454288
-2.010432 1.111052 -0.486883
-1.768912 1.320840 -0.499830
-1.479518 1.427509 -0.539834
-1.272425 1.536247 -0.539924
1.292740 -4.273281 -0.070637
0.702223 -4.032465 0.010054
1.567566 -4.108624 -0.068066
0.649279 -3.976549 -0.011494
-0.657267 -1.824342 -0.082104
-0.749842 -1.628488 -0.158452
-0.186753 -1.516054 -0.140576
-0.811478 -1.417155 -0.147661
-0.077858 -1.472678 -0.147540
-1.026342 -0.833026 -0.133475
-0.641325 -0.925422 -0.120672
0.764421 -0.783328 -0.277141
1.414977 -0.858633 -0.281286
-1.092912 -0.690684 -0.158689
0.992706 -0.649036 -0.286744
1.241872 -0.545852 -0.179770
1.293331 -0.568345 -0.258820
-1.158954 -0.520203 -0.248375
1.198583 -0.411870 -0.200233
1.262410 -0.445764 -0.314003
1.106946 0.002882 -0.247146
1.398157 -0.070564 -0.382351
0.946070 0.265991 -0.182323
1.063278 0.061523 -0.141336
0.893917 0.406969 -0.284550
0.804553 0.626246 -0.322706
0.719138 0.894333 -0.395319
1.240923 -0.423648 -0.128020
0.911335 0.165081 -0.122674
1.118440 0.061337 -0.127999
0.890644 0.333136 -0.127028
-1.262608 2.018686 -0.084217
-0.081764 0.951980 -1.350358
0.227783 -3.041080 -0.594049
0.174382 -1.471336 -0.542438
0.746042 -1.440006 -0.677081
-0.815421 -1.303417 -0.516340
-0.050829 -1.339776 -0.524559
-0.890975 -1.055884 -0.520129
0.701297 -1.020860 -0.715359
0.836302 -0.972856 -0.712277
1.536822 -1.008323 -0.734855
1.567219 -0.880702 -0.727758
-1.002697 -0.714810 -0.508940
-0.930665 -0.851566 -0.487791
0.974590 -0.866869 -0.737204
1.655109 -0.647723 -0.739371
-1.087909 -0.547073 -0.508844
-1.157640 -0.351075 -0.508628
1.127008 0.103828 -0.743552
-2.902244 0.620508 -0.574166
-2.961449 1.004377 -0.566371
1.562183 -2.402989 -0.374194
0.678913 -2.016613 -0.302240
-0.718371 -1.478198 -0.351494
-0.659045 -1.661886 -0.404073
-0.151484 -1.410095 -0.329781
-0.794772 -1.296420 -0.324063
-0.039136 -1.348171 -0.309295
-0.864199 -1.098114 -0.360739
-0.993517 -0.736900 -0.381174
-0.829082 -0.858149 -0.426108
-1.073716 -0.545039 -0.370524
1.336532 -0.416760 -0.422879
-1.160438 -0.371768 -0.411896
1.118044 0.124261 -0.564493
1.411126 0.056158 -0.455981
1.125680 0.151502 -0.548135
-2.075780 1.015011 -0.488730
0.798297 0.907795 -0.431434
-1.918804 1.381561 -0.276088
-1.402295 1.535564 -0.489917
-1.359823 1.587130 -0.530632
-1.250978 1.633131 -0.529789
1.384253 -4.087359 -0.033762
1.647597 -3.970484 -0.072314
0.336406 -1.649218 -0.235217
-0.726757 -1.483336 -0.157324
-0.651284 -1.639467 -0.169898
-0.012679 -1.391364 -0.135514
0.203344 -1.603006 -0.192688
-0.793321 -1.308193 -0.152240
-0.032615 -1.341439 -0.152827
0.109644 -1.331616 -0.186369
-0.737977 -1.085539 -0.145224
1.467030 -0.832329 -0.201315
-0.998338 -0.710668 -0.144466
-0.616302 -0.774673 -0.122564
0.867710 -0.645715 -0.286549
1.425292 -0.702019 -0.262936
-1.061851 -0.558213 -0.143638
-0.640676 -0.611945 -0.137676
0.785847 -0.604769 -0.291218
0.909598 -0.588375 -0.291950
1.279544 -0.381259 -0.242035
1.356494 -0.477853 -0.248232
1.272747 -0.289840 -0.234546
1.119971 0.137177 -0.360749
0.968535 0.400247 -0.164289
0.935975 0.531043 -0.333308
0.838860 0.748435 -0.333063
0.786851 0.949006 -0.349063
-1.991483 1.080378 -0.225467
1.177974 0.135447 -0.161305
0.938232 0.260886 -0.142676
0.097324 -1.544710 -0.605329
-0.845579 -1.338483 -0.524217
-0.087127 -1.436632 -0.565625
0.940705 -1.272776 -0.684652
1.099711 -1.264117 -0.686266
1.214717 -1.004030 -0.664748
1.432665 -0.936935 -0.732078
-1.077334 -0.652900 -0.533175
-0.992791 -0.550174 -0.578823
-1.857309 -0.067123 -0.612245
1.075441 0.076108 -0.673824
-3.510511 0.730247 -0.568265
-3.261407 0.862848 -0.517683
-1.910382 1.315942 -0.599515
-0.656826 -1.768413 -0.489627
-0.739163 -1.580863 -0.406170
-0.667566 -1.600254 -0.281946
-0.154966 -1.464481 -0.405920
0.156876 -1.504782 -0.392220
-0.825168 -1.373044 -0.371192
-0.053068 -1.406822 -0.360616
0.060654 -1.417696 -0.367266
-0.912727 -1.114572 -0.403494
-1.024991 -0.779913 -0.415631
-0.962599 -0.921137 -0.414660
-1.091565 -0.619572 -0.393332
1.346773 -0.543334 -0.429378
-1.180984 -0.427811 -0.399482
1.103499 0.082685 -0.401218
1.407502 0.097870 -0.498108
0.888106 0.461310 -0.409498
0.802785 0.696187 -0.424448
-2.139066 0.929404 -0.447324
-2.023491 1.146666 -0.291512
-1.785991 1.363872 -0.305804
-1.363468 1.525831 -0.491216
-1.242804 1.580152 -0.491617
-1.363801 2.090152 -0.552643
-1.302196 2.092698 -0.515087
1.495488 -4.067645 -0.044502
1.625925 -3.098928 -0.066732
-0.724076 -1.602002 -0.227281
-0.107336 -1.458447 -0.194554
0.179530 -1.653785 -0.216947
-0.819334 -1.350723 -0.188781
-0.033172 -1.391209 -0.171722
0.074291 -1.423215 -0.202890
-0.751514 -1.082614 -0.079932
-1.039250 -0.751354 -0.117120
1.356443 -0.733584 -0.205519
-1.095370 -0.616113 -0.173502
1.236822 -0.494610 -0.213755
1.299101 -0.510958 -0.237529
1.222792 -0.333116 -0.224441
1.073068 0.031582 -0.144130
1.359272 0.010206 -0.308477
1.100921 0.127328 -0.379550
0.889091 0.467076 -0.259516
0.785978 0.690571 -0.260957
-2.201655 0.849759 -0.120226
-2.842827 1.003651 -0.023969
-1.765530 1.381133 -0.195071
1.133865 0.069661 -0.127741
0.930250 0.184224 -0.116309
1.110273 0.134972 -0.128808
1.253431 0.185359 -0.133664
-2.880229 3.508094 -5.305046
-0.129513 1.092923 -1.557383
-0.641265 -1.763722 -0.546733
-0.737446 -1.536600 -0.545958
0.107041 -1.517300 -0.638420
2.377141 -1.146797 -0.725159
0.784462 -1.084150 -0.603777
0.854209 -1.037276 -0.610272
1.167910 -0.909837 -0.649129
1.295707 -0.863549 -0.687668
-1.102921 -0.640622 -0.630915
-1.193602 -0.454035 -0.608629
-3.567950 0.507033 -0.517024
-3.458244 0.672885 -0.551104
-0.577346 -1.857022 -0.312824
-0.715314 -1.580714 -0.335756
-0.621903 -1.654451 -0.330180
-0.100079 -1.491280 -0.432661
0.143771 -1.473244 -0.410068
-0.793558 -1.378831 -0.435752
0.008020 -1.408723 -0.398256
-0.865299 -1.216042 -0.451065
-1.011321 -0.828505 -0.440938
-0.910020 -0.996328 -0.446345
-0.705982 -0.912450 -0.376931
-1.072743 -0.670340 -0.416641
1.383638 -0.567045 -0.417730
-1.168353 -0.465079 -0.422407
1.102386 0.100203 -0.475788
1.374618 0.042821 -0.422109
0.863897 0.472373 -0.406225
0.778635 0.711731 -0.427615
-2.127426 0.903967 -0.418464
-2.067569 0.999378 -0.412834
-1.937333 1.269370 -0.399646
-1.811662 1.310359 -0.446573
-1.536887 1.405700 -0.474120
-1.492226 1.460943 -0.450091
-1.314747 1.534361 -0.422604
-1.322931 2.063768 -0.509259
-0.116588 -1.472292 -0.234434
0.128510 -1.476571 -0.255004
-0.798238 -1.359365 -0.257281
-0.019455 -1.412813 -0.235627
0.108189 -1.364957 -0.105682
-0.790186 -1.110798 -0.180037
-1.009587 -0.808767 -0.261061
0.737832 -0.718627 -0.285635
1.358793 -0.652762 -0.224141
-1.074488 -0.680339 -0.211952
-0.682068 -0.707169 -0.205757
0.943783 -0.608153 -0.248747
1.252397 -0.431673 -0.216287
1.312654 -0.521123 -0.262177
-1.134986 -0.524024 -0.272588
1.236836 -0.332446 -0.215471
1.267399 -0.356179 -0.213991
1.376755 0.032047 -0.282160
0.879964 0.342016 -0.122882
0.876661 0.453076 -0.256344
0.768437 0.699864 -0.260331
-2.062203 0.965074 -0.187051
-1.718716 1.363898 -0.202557
1.253497 -0.387869 -0.118288
1.237985 -0.300574 -0.120718
1.113074 0.090381 -0.121387
0.895531 0.197535 -0.111868
1.227753 0.198875 -0.129514
0.890525 0.440646 -0.124685
-0.562133 -1.929502 -0.566861
-0.390656 -1.950995 -0.568922
-0.730513 -1.552209 -0.505990
-0.824116 -1.320328 -0.473105
2.271212 -1.196528 -0.677959
0.723832 -1.093406 -0.605971
0.903364 -1.094640 -0.649637
1.039126 -0.900271 -0.629395
-1.122971 -0.597873 -0.578172
-1.173189 -0.484361 -0.586994
1.410224 0.065927 -0.652200
-3.600825 0.552747 -0.481037
-3.446060 0.707584 -0.517490
-3.200698 0.819687 -0.531316
0.487762 -1.732772 -0.245673
-0.718534 -1.574897 -0.207025
-0.640698 -1.659399 -0.246949
0.246841 -1.502075 -0.412117
-0.789435 -1.385073 -0.381810
-0.015574 -1.413814 -0.368370
0.094049 -1.419178 -0.362325
-0.877595 -1.125525 -0.312613
-1.010288 -0.839688 -0.393693
-0.874443 -0.942281 -0.388674
-1.072340 -0.645439 -0.372507
1.219927 -0.457998 -0.414590
1.349348 -0.508041 -0.394739
-1.170948 -0.463157 -0.374443
1.102044 0.101247 -0.393321
1.393960 0.076307 -0.473007
0.878670 0.494656 -0.423470
-2.132754 0.890221 -0.380335
-3.007158 0.896857 -0.459743
-2.073995 0.986430 -0.422414
-1.973337 1.278986 -0.413568
-1.729332 1.366297 -0.478180
-1.556997 1.424235 -0.442282
-1.400705 1.493789 -0.485395
-1.294480 1.532784 -0.464258
-1.336612 2.061841 -0.576888
-0.139178 -1.456308 -0.193156
0.089526 -1.481327 -0.151834
-0.782270 -1.337333 -0.182562
-0.018286 -1.401097 -0.141532
-0.788177 -1.135347 -0.137927
-1.020323 -0.772992 -0.164344
1.395940 -0.723686 -0.165457
-1.083617 -0.633115 -0.185434
0.953146 -0.592734 -0.222667
1.243864 -0.446701 -0.172590
1.314617 -0.488353 -0.199722
1.250732 -0.326236 -0.165755
1.099207 0.099601 -0.181185
1.385631 0.036213 -0.249336
0.948311 0.345873 -0.260397
0.877755 0.491138 -0.267878
0.788895 0.672363 -0.274465
-2.105400 0.880951 -0.154491
-2.003005 1.145469 -0.142314
6.791346 2.469305 -0.514847
1.125625 0.090527 -0.112572
0.913669 0.214933 -0.100086
1.222466 0.205376 -0.119075
1.247931 0.204862 -0.125459
0.923046 0.445445 -0.126826
-0.738389 -1.490384 -0.577597
0.286898 -1.548766 -0.566954
-0.826612 -1.291638 -0.540240
1.823141 -1.318520 -0.772177
-0.868608 -1.173689 -0.523709
0.727617 -1.101539 -0.645594
0.888894 -1.066197 -0.673896
1.084763 -0.937904 -0.678095
1.485011 -1.073410 -0.578415
1.573606 -0.978594 -0.589468
-1.034947 -0.745328 -0.560858
-0.966992 -0.847614 -0.561841
1.637896 -0.867416 -0.593167
-1.104777 -0.585954 -0.567849
-1.175537 -0.423186 -0.547347
-3.483430 0.786842 -0.500454
-1.378562 1.495014 -0.554769
-1.496447 1.513736 -0.633998
-0.619060 -1.805948 -0.390217
-0.749205 -1.538305 -0.299180
-0.690921 -1.570606 -0.481073
-0.151231 -1.451054 -0.278976
0.226337 -1.520266 -0.477800
-0.822712 -1.331881 -0.359427
-0.034472 -1.413122 -0.356854
0.055628 -1.396572 -0.457431
-0.885153 -1.128866 -0.354061
-1.011894 -0.799632 -0.372636
-0.832167 -0.874923 -0.404821
1.444964 -0.761560 -0.371880
-1.091595 -0.594630 -0.365796
1.352672 -0.601557 -0.321771
-1.147142 -0.440458 -0.354712
1.127388 0.064918 -0.493474
1.420383 0.039536 -0.376198
0.945955 0.360188 -0.333092
-3.202135 0.895430 -0.439868
-2.005569 1.095346 -0.390677
-1.470071 1.493747 -0.352732
-1.201750 1.605555 -0.340876
-0.726208 -1.512095 -0.171757
-0.679145 -1.609130 -0.141102
-0.129145 -1.465215 -0.106184
0.082957 -1.443518 -0.147385
-0.831675 -1.288022 -0.204113
-0.022899 -1.400469 -0.135152
0.084025 -1.404908 -0.094369
-0.751067 -1.142858 -0.121488
-1.024942 -0.749687 -0.163157
-0.617537 -0.846254 -0.128503
0.858355 -0.692892 -0.235385
1.368737 -0.715974 -0.172190
-1.085258 -0.624751 -0.157857
1.159667 -0.537200 -0.183020
1.317066 -0.529948 -0.146762
1.231387 -0.354914 -0.098488
1.278704 -0.369081 -0.265374
1.085812 0.011174 -0.117763
1.437595 -0.008315 -0.315064
-0.048486 0.204842 -0.142704
0.911408 0.432158 -0.245032
0.829800 0.725805 -0.275429
-2.228733 0.944473 -0.037351
0.798633 0.848481 -0.288311
-2.875527 1.018885 -0.027399
-2.117618 1.087171 -0.045866
1.115880 0.062609 -0.056256
0.935246 0.193215 -0.056462
1.148020 0.121334 -0.064561
0.943110 0.443903 -0.063013
-0.025640 0.957125 -1.412810
0.178937 -1.551936 -0.523519
-0.811115 -1.382995 -0.522028
1.161624 -1.379643 -0.597860
1.819606 -1.422082 -0.799231
0.693812 -1.191757 -0.646793
0.851707 -1.126805 -0.677134
1.476419 -1.152640 -0.599302
1.548422 -1.051342 -0.608649
-1.007629 -0.822426 -0.556856
1.668746 -0.969614 -0.637181
-1.086727 -0.633469 -0.556305
-1.150931 -0.481718 -0.566874
-3.537451 0.663318 -0.445328
-3.459443 0.768297 -0.521282
-3.156355 0.928093 -0.502746
-0.633125 -1.830082 -0.354158
-0.755056 -1.531431 -0.355111
-0.667915 -1.674929 -0.235661
-0.037784 -1.498544 -0.459511
-0.826745 -1.337504 -0.310771
-0.052318 -1.455800 -0.321639
0.116388 -1.489966 -0.435704
-0.895410 -1.127672 -0.332136
-1.007019 -0.815937 -0.367970
-0.801956 -0.919193 -0.359656
1.420371 -0.784272 -0.386002
-1.062601 -0.642178 -0.340029
1.370854 -0.617337 -0.350026
-1.151308 -0.446197 -0.367397
1.219970 -0.471943 -0.459225
1.165697 -0.016228 -0.488042
1.478091 -0.036790 -0.408688
-3.298455 0.862733 -0.444016
0.778007 0.916485 -0.436744
-2.948266 0.990724 -0.428951
-1.937366 1.131846 -0.461048
-1.743542 1.387377 -0.504912
-1.332537 1.512082 -0.415751
-1.164258 1.610396 -0.421190
-1.102340 2.123678 -0.524475
-0.593733 -1.861788 -0.049001
-0.741305 -1.602030 -0.187016
-0.693009 -1.684546 -0.113394
-0.142505 -1.498073 -0.130029
0.074753 -1.483345 -0.130588
-0.786218 -1.368039 -0.117968
-0.031127 -1.433293 -0.125067
0.057551 -1.475504 -0.111182
-0.744044 -1.149749 -0.102282
1.445685 -0.977443 -0.194333
-1.017557 -0.774596 -0.166165
-0.726574 -0.958728 -0.006608
-0.620595 -0.875153 -0.092331
0.791324 -0.803539 -0.252449
1.427430 -0.926306 -0.169289
-1.075535 -0.619603 -0.173434
1.278369 -0.510556 -0.167623
1.328740 -0.634945 -0.187155
1.256688 -0.419088 -0.169108
1.295464 -0.457593 -0.323047
1.140939 -0.056069 -0.206026
1.470983 -0.089158 -0.373634
0.949044 0.391913 -0.298601
0.886005 0.645665 -0.322609
0.822019 0.882461 -0.374320
1.179840 0.009835 -0.104423
0.968322 0.153334 -0.104238
0.964273 0.328867 -0.116257
-0.762559 -1.521645 -0.536274
-0.776128 -1.411431 -0.501975
-0.857189 -1.213899 -0.496980
0.990259 -0.988455 -0.668020
0.241777 0.562067 -0.629823
-3.694540 0.755082 -0.545285
-3.355812 0.864404 -0.480899
-3.082449 0.974732 -0.435366
-0.738117 -1.568461 -0.303246
-0.679993 -1.579187 -0.265218
0.199132 -1.516255 -0.494916
-0.834131 -1.283601 -0.370577
-0.045045 -1.439246 -0.410466
0.076191 -1.454180 -0.437988
-0.869464 -1.124767 -0.393359
-0.992580 -0.788184 -0.398650
1.204515 -0.889848 -0.496974
1.722581 -0.896984 -0.652617
-1.059162 -0.606991 -0.395057
1.319976 -0.486591 -0.432730
-1.149249 -0.404418 -0.405811
1.177584 0.013308 -0.460142
1.163812 0.045591 -0.484168
0.223704 0.506978 -0.589093
-2.034181 0.971362 -0.420005
0.225484 0.923285 -0.620870
-1.947814 1.040902 -0.340269
-1.851818 1.360778 -0.376065
-1.278689 1.550914 -0.444884
-1.118508 1.598583 -0.410677
-1.055254 2.158669 -0.511877
1.613767 -3.149101 -0.106360
0.542194 -2.035141 -0.144739
-0.162724 -1.494415 -0.283014
-0.807720 -1.379403 -0.238213
-0.040326 -1.427830 -0.224686
0.062315 -1.462068 -0.289309
-0.752384 -1.108640 -0.103709
-1.000886 -0.755118 -0.165183
-0.600889 -0.861159 -0.094048
0.774844 -0.778641 -0.286594
1.418487 -0.828372 -0.288541
-1.063964 -0.595668 -0.187405
1.011427 -0.668706 -0.283282
1.292221 -0.508691 -0.231820
1.355511 -0.599878 -0.256676
-1.069792 -0.458440 -0.220863
1.270053 -0.391899 -0.236886
1.314201 -0.445213 -0.300305
1.178067 0.037547 -0.316388
1.449940 -0.056753 -0.366558
0.958126 0.406679 -0.257144
0.892216 0.654184 -0.285441
0.777292 1.015842 -0.297327
0.811610 0.991810 -0.349180
-1.698834 1.389571 -0.179156
6.992572 1.894408 -0.593802
1.455045 -4.125062 -0.063085
1.148227 -2.659945 -0.085241
1.284948 -0.424784 -0.150598
1.209982 0.021435 -0.154551
0.984161 0.175451 -0.138575
1.005601 0.343155 -0.149133
0.008513 0.994700 -1.531485
-0.759007 -1.454066 -0.543396
-0.639367 -1.654578 -0.573625
0.282721 -1.578861 -0.581713
0.762594 -1.551330 -0.671462
-0.803577 -1.343300 -0.533742
1.640147 -1.276264 -0.741586
-0.832463 -1.086488 -0.499541
0.706540 -1.180522 -0.701629
0.858813 -1.114149 -0.733856
1.709562 -1.079376 -0.743467
-0.965646 -0.736836 -0.540137
-0.855565 -0.847873 -0.552203
-1.045793 -0.574516 -0.553177
-1.111720 -0.392348 -0.556176
-2.249414 0.544943 -0.607177
-3.542116 0.760110 -0.417026
-0.618213 -1.770225 -0.346791
0.429601 -1.870891 -0.313160
-0.718646 -1.527138 -0.274612
-0.095779 -1.470099 -0.352063
0.129692 -1.461171 -0.464524
-0.794302 -1.306886 -0.341738
-0.022519 -1.411627 -0.305598
-0.838333 -1.100570 -0.318208
-0.956065 -0.740301 -0.350966
-0.902957 -0.888683 -0.367651
-1.012340 -0.566153 -0.322737
-1.081859 -0.402315 -0.379342
1.212365 0.013462 -0.617823
-3.379508 0.890393 -0.299831
-3.043214 1.031277 -0.304987
-1.908859 1.064086 -0.470394
0.839601 1.049962 -0.534627
-1.809135 1.380231 -0.526899
-1.118201 2.118078 -0.431415
1.253301 -4.172229 -0.037087
1.517428 -4.064379 -0.075476
0.521135 -1.932156 -0.102444
-0.663107 -1.614060 -0.108051
-0.646548 -1.585348 -0.160991
-0.097818 -1.466392 -0.123541
0.121909 -1.468423 -0.162456
-0.735458 -1.363442 -0.126453
0.001918 -1.404265 -0.152694
1.605265 -1.220717 -0.265865
-0.676491 -1.049070 -0.109126
1.512151 -0.959378 -0.343830
-0.951625 -0.708216 -0.135031
-0.572498 -0.822470 -0.123483
0.787080 -0.920719 -0.299318
0.876799 -0.761177 -0.302350
1.428275 -0.770657 -0.264269
-1.016787 -0.565875 -0.158691
0.997147 -0.669988 -0.319546
1.346432 -0.534426 -0.216919
1.387835 -0.565727 -0.333292
1.301335 -0.404281 -0.223690
1.349329 -0.434793 -0.377654
1.169484 -0.021475 -0.279679
1.480857 -0.078610 -0.459895
1.073583 0.289210 -0.384651
0.052407 0.466497 -0.324876
1.022406 0.425002 -0.374646
0.942633 0.666216 -0.411126
0.838084 0.980946 -0.475964
-2.666534 1.168574 -0.023460
0.806588 1.081914 -0.496800
-1.006978 2.185410 -0.193211
1.028063 2.909181 -0.402201
1.259499 0.019862 -0.194861
1.049547 0.170405 -0.192436
1.249576 0.074948 -0.200951
0.990453 0.389573 -0.210917
-0.141164 1.010441 -1.413787
-0.516245 -1.644866 -0.640471
0.147060 -1.530698 -0.587264
0.697249 -1.491046 -0.683382
1.016608 -1.334294 -0.697321
-0.914253 -1.185033 -0.577674
0.665107 -1.092077 -0.708031
0.873035 -1.000572 -0.724429
1.555353 -1.045086 -0.709750
-1.037804 -0.786032 -0.551282
-1.118517 -0.596023 -0.561118
-1.193238 -0.409407 -0.563200
-2.884815 0.431050 -0.621762
-3.152884 0.862770 -0.638358
-0.639829 -1.812001 -0.451388
-0.768992 -1.526415 -0.381201
-0.713272 -1.653753 -0.405026
-0.174469 -1.467392 -0.339914
-0.843348 -1.289217 -0.350473
-0.047166 -1.399728 -0.355382
0.028548 -1.408045 -0.344868
-0.894862 -1.149948 -0.352547
-1.031266 -0.741484 -0.307189
-1.089630 -0.601640 -0.401971
1.214137 -0.487502 -0.442475
1.376562 -0.614212 -0.407277
-1.174185 -0.410069 -0.447170
1.122242 0.073635 -0.526934
1.419237 0.043626 -0.508848
0.702427 1.042426 -0.394553
-2.075444 1.008785 -0.495646
-1.988971 1.300969 -0.298541
-1.454096 1.482202 -0.535695
-1.354250 1.541040 -0.530569
-1.217087 1.609856 -0.526817
-1.208831 2.135945 -0.559835
1.414584 -4.092962 -0.078166
1.650754 -3.989821 -0.068863
-0.758759 -1.527975 -0.183980
-0.700199 -1.605475 -0.138536
-0.091300 -1.454665 -0.168285
0.062863 -1.467097 -0.176605
-0.794893 -1.334813 -0.187898
-0.050698 -1.405229 -0.165577
-0.773518 -1.136214 -0.166106
1.462294 -1.056567 -0.174451
-1.028500 -0.760459 -0.170053
0.762615 -0.760461 -0.285956
1.404655 -0.802192 -0.251118
-1.084014 -0.587483 -0.169675
-0.674400 -0.662258 -0.143808
1.249502 -0.470073 -0.184711
1.318118 -0.553117 -0.194794
1.227540 -0.346989 -0.179312
1.261138 -0.380518 -0.264573
1.119421 0.069638 -0.324195
0.987655 0.315875 -0.132594
1.133021 0.111605 -0.132107
0.918293 0.466643 -0.282103
0.828233 0.683459 -0.288583
0.774115 0.896146 -0.352731
-2.864470 1.025500 -0.037157
0.947773 0.202381 -0.115065
1.121349 0.118532 -0.126546
-1.249506 2.110805 -0.080140
-0.723401 -1.520258 -0.556577
0.086469 -1.563395 -0.603347
-0.822234 -1.366579 -0.521797
-0.094200 -1.421705 -0.551493
0.561431 -1.413609 -0.689077
0.893306 -1.246844 -0.650409
1.055523 -1.278329 -0.710334
0.742372 -1.025676 -0.711421
0.819290 -0.989187 -0.728579
1.384413 -1.013787 -0.716283
1.490576 -0.869051 -0.732000
-3.451071 0.765634 -0.565443
-3.195344 0.892088 -0.515551
0.127843 0.964622 -0.636083
-1.882246 1.327324 -0.567089
-0.661884 -1.757388 -0.476813
-0.762774 -1.530717 -0.395923
-0.155278 -1.489223 -0.381682
0.149969 -1.510365 -0.384952
-0.821783 -1.364749 -0.357963
-0.053008 -1.421099 -0.344030
0.058356 -1.429627 -0.332800
-0.901309 -1.134530 -0.403605
0.966764 -1.032971 -0.577124
-1.007648 -0.828581 -0.397338
-1.091168 -0.620850 -0.399841
1.280199 -0.431813 -0.435670
-1.177223 -0.420195 -0.405361
1.104133 0.055218 -0.466470
1.413759 0.015656 -0.469047
1.103556 0.089375 -0.579501
0.899278 0.467130 -0.396261
0.824198 0.671730 -0.411193
-2.104208 0.946642 -0.446397
0.733384 0.985883 -0.441414
-1.989164 1.165857 -0.380103
-1.765823 1.377984 -0.280354
-1.379823 1.512425 -0.465890
-1.215452 1.624059 -0.460756
-1.364346 2.089689 -0.549814
-1.203955 2.124340 -0.544353
1.517709 -4.065796 -0.067565
1.582708 -3.044462 -0.112844
-0.670749 -1.750715 -0.236208
-2.244932 -1.539326 0.048609
-0.092634 -1.481544 -0.189540
0.071595 -1.484339 -0.185903
-2.173005 -1.291537 0.042892
-0.807093 -1.372734 -0.204006
-0.032793 -1.421882 -0.191391
1.642352 -1.269161 -0.145148
-0.744265 -1.132466 -0.142126
-1.027715 -0.777140 -0.119664
-1.090195 -0.634075 -0.189347
-0.668560 -0.681606 -0.168787
1.249794 -0.473971 -0.180645
1.319630 -0.557755 -0.249464
1.243220 -0.377057 -0.222506
1.094638 -0.019746 -0.145730
1.388617 -0.016369 -0.304651
0.904990 0.458878 -0.252234
0.804030 0.671852 -0.254818
-1.423347 1.464742 -0.282079
1.013764 3.017419 -0.244106
0.931633 0.184223 -0.116531
-0.006428 0.912675 -1.429085
-0.717676 -1.533674 -0.525947
-0.004647 -1.645751 -0.623643
0.094496 -1.594899 -0.598805
2.447040 -1.327967 -0.644527
0.844580 -1.148884 -0.559217
1.188103 -1.000330 -0.587589
1.329068 -0.968058 -0.629857
-3.684249 0.611952 -0.630747
-3.345016 0.853244 -0.642057
-3.066513 0.961964 -0.584284
-0.738042 -1.567502 -0.372020
-0.679924 -1.702894 -0.363509
-0.140367 -1.507426 -0.367280
0.143207 -1.506754 -0.367463
-0.809997 -1.379438 -0.425396
-0.032417 -1.438822 -0.353314
0.054023 -1.433646 -0.350861
-0.875554 -1.126127 -0.429491
-0.559653 -1.001007 -0.500636
-0.988748 -0.806842 -0.402721
-0.831757 -0.943501 -0.385663
-1.060349 -0.610820 -0.412958
1.333401 -0.498374 -0.362017
-1.144579 -0.413583 -0.441699
1.161091 -0.006054 -0.445402
1.129091 0.021090 -0.546028
0.954980 0.416859 -0.385347
0.901025 0.614731 -0.409683
-1.994298 0.979308 -0.445637
0.840724 0.798279 -0.429193
-1.969299 1.014750 -0.360641
-1.878300 1.332988 -0.441425
-1.524612 1.440102 -0.441936
-1.326472 1.471442 -0.592620
-1.272406 1.534120 -0.488878
-1.185812 1.558365 -0.483095
-1.167056 2.095222 -0.588764
1.500810 -4.094635 0.075813
-0.754618 -1.554501 -0.235393
-0.135014 -1.490941 -0.140463
0.067085 -1.508611 -0.202766
-0.809074 -1.335800 -0.209212
-0.053086 -1.443700 -0.184073
0.061182 -1.466297 -0.254012
1.480179 -1.002132 -0.242451
-1.000871 -0.772044 -0.132969
1.391483 -0.732126 -0.187430
-1.054566 -0.615268 -0.209944
1.269237 -0.564653 -0.162688
1.338367 -0.604065 -0.195447
1.283448 -0.410428 -0.199574
1.159321 0.009430 -0.142010
1.460523 -0.094643 -0.273400
1.007031 0.255001 -0.108816
1.048508 0.260861 -0.106834
0.956277 0.412363 -0.255893
0.863518 0.629704 -0.244121
-2.759870 1.079650 -0.244054
-1.917639 1.159932 -0.230862
-1.681560 1.398114 -0.250997
6.976164 2.001701 -0.306343
0.993656 0.118280 -0.087965
1.321886 0.111464 -0.090568
0.908332 0.367565 -0.103456
-0.425678 -2.245861 -0.592074
-0.724384 -1.608821 -0.496286
-0.788580 -1.444601 -0.466825
-0.068304 -1.451627 -0.614066
0.739684 -1.167372 -0.632974
0.913882 -1.185473 -0.696411
1.306955 -1.045378 -0.766700
-0.983623 -0.780828 -0.569420
-1.058502 -0.589769 -0.564969
-1.132746 -0.373709 -0.557473
-3.406683 0.821374 -0.462562
-3.149625 0.995931 -0.456944
-0.676731 -1.700502 -0.265302
0.426705 -1.843885 -0.319077
-0.747175 -1.479244 -0.311957
-0.106197 -1.464130 -0.413994
-0.809118 -1.291761 -0.326368
-0.019270 -1.414049 -0.394169
0.071584 -1.415878 -0.403266
-0.875565 -1.087172 -0.413075
-0.971890 -0.770338 -0.376842
-0.691904 -0.861975 -0.357832
-1.048436 -0.559009 -0.362631
1.407440 -0.630099 -0.437332
-1.113240 -0.385432 -0.364476
1.189893 0.008380 -0.483447
1.193838 0.056406 -0.464084
1.006769 0.378040 -0.487905
-3.320392 0.937257 -0.396397
-2.945465 1.058949 -0.388619
0.838066 0.983752 -0.508946
-1.890468 1.211899 -0.424510
-1.679980 1.451804 -0.491855
-1.608909 1.464465 -0.397067
-1.315578 1.549671 -0.501196
-1.249540 1.578952 -0.422653
-1.144844 1.620174 -0.423308
-1.017514 2.170368 -0.475798
-0.094274 -1.466042 -0.225226
0.084502 -1.506335 -0.251113
-0.772890 -1.355417 -0.206325
-0.016752 -1.415581 -0.184246
-0.715102 -1.045810 -0.134901
1.467860 -0.968201 -0.270523
-0.978237 -0.742231 -0.188148
1.408812 -0.826061 -0.276483
-1.038405 -0.579359 -0.169010
1.306633 -0.502065 -0.258552
1.375594 -0.615211 -0.239135
1.303754 -0.406327 -0.249821
1.172437 0.001560 -0.188338
1.005933 0.290372 -0.240876
1.013067 0.400929 -0.337746
0.918139 0.650508 -0.349994
0.836259 0.943525 -0.361728
0.892227 0.827039 -0.359875
-2.730266 1.138986 0.010696
0.825288 1.065828 -0.380186
7.039875 1.786189 -0.755604
0.996973 0.053216 -0.160933
1.215504 0.027973 -0.171506
1.453330 -0.080018 -0.194128
1.014599 0.151993 -0.166793
0.947692 0.404323 -0.177009
0.039129 0.947156 -1.386208
1.547228 -4.195354 -0.514566
-0.458523 -2.136916 -0.619426
-0.751377 -1.579929 -0.541126
-0.701196 -1.637833 -0.548888
-0.820151 -1.429108 -0.518910
0.419870 -1.346972 -0.650686
1.000861 -1.437924 -0.548377
1.677013 -1.394364 -0.652391
0.962815 -1.113280 -0.640217
-0.986598 -0.797377 -0.588185
-0.937512 -0.917833 -0.584527
-1.065518 -0.609641 -0.598125
-1.153182 -0.387217 -0.601338
-3.401798 0.842868 -0.544536
-0.660906 -1.801235 -0.328650
-0.764774 -1.505478 -0.336555
-0.674847 -1.656878 -0.255427
-0.099249 -1.501233 -0.419780
0.082332 -1.487463 -0.405928
-0.831800 -1.322774 -0.378266
-0.024310 -1.446868 -0.418020
0.103419 -1.454170 -0.417916
-0.882798 -1.108903 -0.406293
-0.991169 -0.788946 -0.389627
-1.055035 -0.597411 -0.374222
1.254455 -0.558203 -0.447794
-1.125151 -0.424998 -0.401806
1.150800 -0.015458 -0.399679
1.182266 0.002916 -0.585783
-3.258787 0.934872 -0.467029
-3.110412 1.000893 -0.524699
0.834491 0.940410 -0.416369
-2.931787 1.068295 -0.452027
-1.955608 1.063081 -0.549583
-1.869125 1.154632 -0.440738
-1.681765 1.405007 -0.462338
-1.404276 1.468007 -0.569041
-1.101380 1.617082 -0.497997
-1.049886 2.141319 -0.490983
1.517863 -3.183418 -0.010222
-0.741729 -1.572015 -0.207363
-0.695000 -1.642427 -0.103501
-0.149622 -1.488691 -0.151399
0.106035 -1.501282 -0.221795
-0.806656 -1.373397 -0.212344
-0.041694 -1.442358 -0.202932
0.089108 -1.418892 -0.098448
-0.821960 -1.114762 -0.179712
-0.990819 -0.768967 -0.194953
-0.637635 -0.820176 -0.103626
0.765185 -0.827430 -0.227646
1.387354 -0.806918 -0.205315
-1.067832 -0.587738 -0.217374
0.955939 -0.702904 -0.221864
1.291605 -0.567368 -0.140500
1.342868 -0.620862 -0.189588
1.276101 -0.443922 -0.172065
1.146693 -0.054697 -0.115189
-1.499692 0.154140 -0.060811
1.229062 0.048469 -0.191945
-0.002259 0.426518 -0.277820
0.993123 0.362427 -0.253314
0.906461 0.629368 -0.281379
-1.997683 0.961366 -0.099326
0.860044 0.828889 -0.317392
1.206467 -0.025247 -0.099944
0.970848 0.161134 -0.104008
1.331594 0.084283 -0.106848
0.988705 0.374903 -0.112853
-0.123081 0.921235 -1.394467
-0.470576 -1.668730 -0.631669
0.162115 -1.524772 -0.540064
0.728322 -1.511042 -0.675480
-0.814769 -1.297081 -0.589746
1.230945 -1.323799 -0.700529
-0.823944 -1.232665 -0.575465
0.885698 -1.033502 -0.718011
1.582149 -1.033892 -0.715255
-0.988407 -0.838457 -0.563820
-1.090062 -0.620963 -0.577161
-1.174899 -0.423497 -0.580232
1.134238 0.032214 -0.726943
-2.410313 0.588089 -0.650563
-1.519916 1.429329 -0.674592
-1.351157 1.545291 -0.688988
-1.236938 1.564029 -0.675014
-0.665227 -1.749109 -0.351310
-0.155454 -1.472423 -0.305905
-0.795435 -1.405057 -0.346862
-0.041407 -1.425768 -0.407078
-0.864091 -1.174094 -0.362164
-1.005509 -0.789694 -0.372059
-0.649633 -0.846377 -0.299017
1.416316 -0.711563 -0.408668
-1.078880 -0.595830 -0.364441
-1.154724 -0.429160 -0.413648
1.123912 0.065117 -0.528157
1.425583 0.071163 -0.563019
-3.492043 0.754838 -0.451956
-3.152809 0.906813 -0.436731
-2.032780 1.057340 -0.461510
-1.975000 1.147762 -0.416547
-1.886592 1.342418 -0.494393
-1.311126 1.536049 -0.505428
-1.249403 2.093210 -0.464966
-0.719394 -1.564500 -0.182714
-0.649069 -1.662475 -0.177971
-0.131425 -1.475246 -0.237177
-0.796328 -1.337310 -0.192986
-0.019296 -1.406830 -0.188914
0.108861 -1.413673 -0.134315
1.457479 -0.911195 -0.237114
-1.011064 -0.766742 -0.201062
-0.649827 -0.849104 -0.127490
0.784059 -0.738775 -0.281663
1.409668 -0.747182 -0.236531
-1.060757 -0.638273 -0.182516
1.270404 -0.457465 -0.177289
1.328373 -0.539257 -0.282432
-1.116074 -0.460885 -0.272316
1.223567 -0.340094 -0.220660
1.279947 -0.364726 -0.345713
1.134722 0.079724 -0.247224
1.409480 -0.023669 -0.410754
1.080787 0.110875 -0.165173
0.918442 0.472063 -0.324712
0.833280 0.691495 -0.321752
-2.123698 0.918258 -0.186879
0.755169 0.950080 -0.398545
-1.236529 2.130551 -0.189762
0.921399 0.130998 -0.129938
-0.099479 0.914222 -1.391698
-0.369293 -1.650943 -0.619811
0.176285 -1.580130 -0.581798
0.608336 -1.519322 -0.638992
-0.845026 -1.329768 -0.567322
0.912799 -1.380667 -0.643803
1.072615 -1.240449 -0.608504
1.502965 -1.050113 -0.655426
-0.994869 -0.826358 -0.557754
0.955315 -0.961883 -0.686332
1.582494 -0.882317 -0.658669
-1.084023 -0.632212 -0.562640
-1.164673 -0.434768 -0.570560
-2.780138 0.331346 -0.676576
-2.730243 0.528898 -0.686499
-1.648013 1.388208 -0.638802
-1.488960 1.442771 -0.631191
-1.286625 1.521881 -0.634114
-1.190477 1.560791 -0.625927
-0.626587 -1.838580 -0.460817
-0.756296 -1.549179 -0.413382
-0.147318 -1.495075 -0.343940
0.109670 -1.500984 -0.330747
-0.830901 -1.345646 -0.374188
-0.034704 -1.425181 -0.313378
-0.883014 -1.167379 -0.359833
1.009239 -1.050425 -0.545551
-1.022192 -0.795058 -0.348640
1.423864 -0.757697 -0.354602
-1.082989 -0.603484 -0.374283
1.372038 -0.642639 -0.360631
-1.152899 -0.442876 -0.399793
1.131164 0.013751 -0.517960
1.455939 -0.045094 -0.412226
0.932113 0.437605 -0.364419
0.873247 0.644243 -0.379907
-3.293302 0.868085 -0.438104
0.798326 0.901074 -0.408800
-2.961656 0.997252 -0.419036
-1.151563 2.117743 -0.456399
1.412610 -4.107141 -0.018606
-0.631003 -1.811174 -0.212808
-0.736423 -1.551733 -0.179375
-0.698864 -1.589199 -0.194129
-0.146684 -1.503609 -0.164544
0.070740 -1.488933 -0.162711
-0.822125 -1.350034 -0.192699
-0.038271 -1.434695 -0.156947
0.130258 -1.467020 -0.170710
-0.745878 -1.115068 -0.175894
1.502773 -1.107002 -0.180202
-1.020179 -0.768746 -0.149749
0.843959 -0.752996 -0.248078
1.405702 -0.862683 -0.158411
-1.069421 -0.632307 -0.172219
1.015432 -0.642464 -0.223704
1.249897 -0.496506 -0.125271
1.309172 -0.586274 -0.180743
1.236853 -0.411328 -0.123582
1.124151 -0.020029 -0.214859
1.430618 -0.081820 -0.301861
1.020745 0.269043 -0.111525
0.923519 0.400331 -0.285068
0.851774 0.625287 -0.274368
0.757535 1.030757 -0.374126
-1.194226 2.123302 -0.154183
1.015563 2.934626 -0.244361
1.163411 0.016358 -0.086552
0.965700 0.142627 -0.087503
1.296047 0.121285 -0.099410
0.954304 0.395763 -0.110031
-0.330751 5.953674 -7.175771
-0.047300 -1.557119 -0.640115
0.118600 -1.555785 -0.615486
-0.830186 -1.354776 -0.601238
-0.922832 -1.112200 -0.565442
0.960248 -1.022595 -0.591424
1.263602 -0.983715 -0.641902
1.374266 -1.051481 -0.695402
-1.018398 -0.780757 -0.571711
-0.958624 -0.858366 -0.564187
-1.096416 -0.607273 -0.559211
-1.180938 -0.406367 -0.569167
-2.950910 0.417679 -0.633168
-2.924374 0.634666 -0.644578
-2.801059 0.821504 -0.640618
-1.588117 1.421510 -0.566495
-1.400280 1.501626 -0.560852
-0.671830 -1.750882 -0.513840
-0.783625 -1.501207 -0.419146
-0.723925 -1.678014 -0.504342
-0.164640 -1.495433 -0.416358
0.081243 -1.477639 -0.391586
-0.851749 -1.314574 -0.408818
-0.061394 -1.423370 -0.375252
0.057973 -1.466365 -0.367004
-0.895517 -1.147341 -0.406576
-1.034605 -0.789348 -0.417906
-0.972953 -0.858746 -0.399611
-0.609465 -0.961119 -0.509610
-1.087864 -0.597010 -0.389227
1.331399 -0.563069 -0.421997
-1.165016 -0.421354 -0.438046
1.148515 0.008311 -0.555413
1.447315 -0.040066 -0.412338
1.154998 0.047981 -0.373313
0.943292 0.435659 -0.376639
-3.479499 0.734610 -0.347030
0.873820 0.676269 -0.392888
-3.255095 0.924002 -0.339350
-2.021806 1.009840 -0.290605
0.804698 0.869696 -0.407504
-2.842434 1.046440 -0.380132
-1.582464 1.456978 -0.310136
-1.360196 1.513145 -0.459166
-1.304972 1.539389 -0.547035
-1.207530 2.127587 -0.409068
1.184341 -4.202361 -0.072638
1.405257 -4.142212 -0.113146
1.559919 -4.094057 -0.193318
-0.759396 -1.585441 -0.243378
-0.664326 -1.712212 -0.266698
-0.167871 -1.496767 -0.231270
0.071734 -1.481907 -0.199741
-0.824740 -1.334297 -0.234373
-0.071515 -1.437232 -0.197896
0.094039 -1.438640 -0.179225
-0.793233 -1.096538 -0.176866
1.513651 -1.161074 -0.213795
-1.018432 -0.768071 -0.156163
1.378096 -0.782556 -0.218962
-1.087770 -0.616310 -0.180579
1.257438 -0.504685 -0.155355
1.334262 -0.640773 -0.228994
1.224932 -0.396267 -0.162434
1.298913 -0.455374 -0.230770
1.102239 -0.031516 -0.176913
0.956436 0.223558 -0.119404
0.953088 0.405096 -0.229674
0.874375 0.607921 -0.232039
-2.026901 0.988247 -0.145011
0.767383 1.024114 -0.334761
-2.877617 1.061134 -0.049660
-1.946476 1.348291 -0.167505
-1.259206 2.098765 -0.070537
-1.138529 2.149367 -0.074250
1.137499 2.986498 -0.284531
1.175124 0.029467 -0.100346
0.955223 0.138951 -0.096459
0.832574 2.884240 -0.143770
-0.015517 -1.543080 -0.629756
0.176860 -1.559558 -0.629694
-0.839966 -1.318549 -0.612919
0.917772 -1.295673 -0.663728
1.062282 -1.305987 -0.705001
0.754273 -1.046178 -0.716808
0.922752 -1.063135 -0.683801
1.359258 -1.027414 -0.682183
-1.014202 -0.803342 -0.602250
0.872330 -0.934976 -0.717466
1.463126 -0.886146 -0.690807
1.555237 -0.797875 -0.710485
-1.103770 -0.611746 -0.602809
-1.183208 -0.410662 -0.606804
-3.011429 0.523062 -0.723704
0.622598 -2.090999 -0.327675
-0.673834 -1.737754 -0.534723
-0.741870 -1.532741 -0.443508
-0.703139 -1.715141 -0.528746
-0.173948 -1.488050 -0.389259
0.112219 -1.500103 -0.403925
-0.818077 -1.419502 -0.451755
-0.056552 -1.427507 -0.394637
0.044598 -1.432121 -0.393277
-0.887183 -1.163412 -0.422962
-1.015139 -0.813665 -0.464181
-0.907408 -0.886690 -0.512022
-1.095730 -0.609181 -0.436137
1.271969 -0.451623 -0.369589
-1.178338 -0.424104 -0.458006
1.129547 0.025927 -0.451908
1.411109 -0.021508 -0.440159
1.122745 0.063677 -0.546712
0.940529 0.416135 -0.386813
-3.515135 0.673244 -0.431366
0.866324 0.651987 -0.406929
-3.320577 0.875051 -0.424460
0.176824 0.941086 -0.504456
0.777627 0.958484 -0.436298
-2.969254 0.997070 -0.401382
-1.941993 1.192903 -0.359780
-1.974751 1.279708 -0.389192
-1.697781 1.402345 -0.364950
-1.418265 1.498486 -0.602052
-1.358602 1.510922 -0.608877
1.289484 -4.166941 -0.140708
1.549006 -4.041043 -0.158652
-0.657553 -1.766026 -0.293179
-1.859706 -1.651065 -0.071953
-0.779006 -1.535144 -0.257118
-0.157786 -1.486489 -0.232722
0.072905 -1.485508 -0.219797
-0.817148 -1.348827 -0.262775
-0.055071 -1.430670 -0.214387
-0.782288 -1.159226 -0.207476
-1.031446 -0.787711 -0.222566
1.360253 -0.713824 -0.227899
-1.983815 -0.654034 -0.075344
-1.086376 -0.625377 -0.233725
-0.663409 -0.652901 -0.233362
1.246966 -0.481457 -0.190206
1.313496 -0.543723 -0.232561
1.215534 -0.375099 -0.164368
1.272290 -0.383930 -0.229127
1.066025 -0.011850 -0.131306
1.406451 -0.052530 -0.280288
1.019509 0.302247 -0.134902
0.938797 0.437574 -0.243744
0.833867 0.644343 -0.247084
0.713826 1.050677 -0.263326
0.765437 0.907263 -0.336763
-1.955181 1.146748 -0.247915
0.691704 1.064444 -0.256265
-1.375299 1.503507 -0.356916
-1.237341 2.091361 -0.256899
1.867086 -0.497392 -0.087756
1.153869 0.037254 -0.109973
0.951747 0.160268 -0.112113
1.194691 0.079579 -0.111504
0.858441 0.357293 -0.119374
-1.145881 2.160692 -0.134035
0.829566 2.898036 -0.181481
0.129905 -1.515865 -0.634964
-0.835237 -1.324779 -0.590954
-0.088205 -1.444965 -0.587984
0.569255 -1.393927 -0.689350
1.061568 -1.261844 -0.698997
-0.946094 -0.985535 -0.586398
0.965977 -1.032656 -0.612776
1.341201 -0.973411 -0.680689
-1.012610 -0.803829 -0.586134
-0.960555 -0.973467 -0.552525
-1.100033 -0.611559 -0.587584
-1.188150 -0.413979 -0.597208
-3.059745 0.490914 -0.717814
-2.969999 0.696760 -0.723408
-1.837729 1.335410 -0.687066
-1.574397 1.443664 -0.646759
0.651647 -2.068442 -0.309775
-0.670111 -1.724890 -0.508451
-0.769485 -1.477780 -0.466999
-0.157078 -1.462259 -0.368986
0.154967 -1.509251 -0.403246
-0.830485 -1.348717 -0.425981
-0.040718 -1.405185 -0.380718
0.059669 -1.416135 -0.381973
-0.899749 -1.116054 -0.428789
-1.021161 -0.798123 -0.470027
-0.863718 -0.872901 -0.486957
-1.110928 -0.588993 -0.413284
-1.191829 -0.409493 -0.471238
1.132923 0.064294 -0.407501
1.427146 0.071882 -0.510540
1.096233 0.098191 -0.568340
0.910828 0.474896 -0.423163
0.842136 0.683786 -0.446070
-3.001238 0.926579 -0.530501
0.778998 0.870928 -0.464931
-1.974063 1.180285 -0.388357
-1.755347 1.412741 -0.403478
-1.353403 1.542145 -0.636353
-1.285506 1.556388 -0.621174
-1.229247 2.114340 -0.599746
1.561706 -4.051957 0.006027
-0.672586 -1.728346 -0.270073
-0.740328 -1.491620 -0.195827
-0.089376 -1.461476 -0.209703
0.081751 -1.454382 -0.206002
-0.804649 -1.353434 -0.237722
-0.051715 -1.399704 -0.197548
0.111553 -1.420244 -0.156898
-0.752744 -1.081520 -0.105151
1.465568 -0.962503 -0.176377
1.550338 -1.067388 -0.205115
-1.005064 -0.776117 -0.146711
-1.797450 -0.618657 -0.068190
-1.076327 -0.616808 -0.221602
-0.662775 -0.670005 -0.214049
1.010059 -0.584458 -0.274953
1.247344 -0.460626 -0.209921
1.315627 -0.527658 -0.243494
1.220376 -0.328962 -0.147791
1.095687 0.005612 -0.156677
1.395875 -0.008290 -0.309991
0.915232 0.468888 -0.278191
0.819318 0.669277 -0.289781
0.739587 0.946000 -0.374251
-2.028713 1.011451 -0.228112
0.710227 1.129729 -0.317835
-1.864287 1.358759 -0.328864
6.931896 2.133620 -0.428062
-1.199763 2.129692 -0.344043
0.955254 2.986105 -0.296924
1.151395 0.051890 -0.137552
0.949103 0.182135 -0.133674
1.124574 0.117080 -0.138640
-0.199526 0.942727 -1.436080
-0.279123 -1.672592 -0.647599
-0.021918 -1.554970 -0.636430
0.128945 -1.485978 -0.559573
0.687226 -1.417407 -0.672768
-0.785596 -1.400369 -0.572394
-0.043610 -1.428451 -0.552905
0.918880 -1.320412 -0.669800
-0.904054 -1.132011 -0.585020
1.462947 -0.945374 -0.683029
-1.096340 -0.646563 -0.575858
-1.207044 -0.401234 -0.588553
-1.721751 -0.135737 -0.703884
-3.100175 0.461545 -0.738165
-3.460783 0.680300 -0.756174
-0.613543 -1.791222 -0.473526
-0.731156 -1.558473 -0.399348
-0.102771 -1.455673 -0.359629
0.103353 -1.473162 -0.360398
-0.826265 -1.321023 -0.378380
-0.057713 -1.403474 -0.350306
0.052777 -1.389670 -0.323996
-0.881994 -1.155464 -0.390708
-1.027198 -0.820073 -0.492245
-0.892452 -0.890813 -0.532006
-1.112970 -0.609819 -0.431703
1.333081 -0.557591 -0.416370
-1.198927 -0.434628 -0.490545
0.745321 0.815053 -0.436263
0.682525 0.935227 -0.446947
0.592258 1.189797 -0.481389
-1.493853 1.464574 -0.613861
-1.399753 1.502180 -0.600954
-1.425638 2.071459 -0.569240
1.558538 -3.993456 0.006885
1.242089 -2.659907 -0.043380
-0.557281 -1.935943 -0.017172
-0.738389 -1.544102 -0.216084
-0.069235 -1.458766 -0.179248
0.090935 -1.480038 -0.165607
-0.805642 -1.310047 -0.206176
-0.028732 -1.402778 -0.209106
-0.759379 -1.130024 -0.197882
1.511123 -0.977269 -0.184185
-1.031277 -0.762483 -0.168374
-0.978936 -0.804549 -0.193913
0.743144 -0.642941 -0.295554
1.393173 -0.682220 -0.221336
-1.104552 -0.621318 -0.202923
1.207118 -0.378732 -0.215133
1.282369 -0.466381 -0.226099
1.190270 -0.285577 -0.199623
1.245277 -0.319078 -0.267358
1.080737 0.142618 -0.298451
0.922569 0.397872 -0.256142
0.860305 0.522145 -0.327561
0.765089 0.713167 -0.344497
-1.924663 1.309196 -0.378540
0.711453 2.984843 -0.314639
0.916081 0.280769 -0.143329
1.091013 0.186000 -0.144240
0.896261 0.494846 -0.160754
-0.712492 -1.470943 -0.586887
-0.006564 -1.529654 -0.622533
0.160211 -1.504661 -0.595105
-0.841275 -1.259168 -0.538460
-0.091951 -1.398411 -0.574257
0.544753 -1.366367 -0.672569
1.047244 -1.249386 -0.695496
1.006191 -0.940739 -0.606101
1.044784 -1.100428 -0.656258
1.344987 -0.969656 -0.685519
-1.195285 -0.344539 -0.576531
-3.388698 0.642310 -0.671088
-3.419900 0.794349 -0.620853
-3.165756 0.898096 -0.631552
-2.005580 1.314355 -0.643730
-0.624052 -1.747959 -0.476392
-0.734040 -1.526650 -0.393421
-0.654061 -1.665238 -0.355321
-0.020058 -1.439950 -0.359242
0.127012 -1.461873 -0.376619
-0.827734 -1.274354 -0.368751
-0.884108 -1.111613 -0.388817
-1.010707 -0.778774 -0.458685
-0.655130 -0.893858 -0.502764
-1.086561 -0.589909 -0.423385
1.337834 -0.500195 -0.401278
-1.181379 -0.392895 -0.466803
1.097573 0.112419 -0.537923
1.455620 0.097792 -0.503447
0.887584 0.537428 -0.412646
0.791973 0.794534 -0.437122
0.721680 0.991252 -0.457930
-2.072109 1.007721 -0.516850
-2.027848 1.085138 -0.441504
-1.918676 1.345891 -0.445862
-1.598664 1.451524 -0.526828
-1.558787 1.471239 -0.533301
-1.361664 1.591677 -0.522524
-1.289472 1.590735 -0.522277
-1.384262 2.074171 -0.541911
-1.278973 2.136409 -0.624234
1.336094 -4.027352 0.011277
1.621136 -3.970086 -0.008473
-0.606853 -1.769495 -0.238819
0.520509 -1.839172 -0.107196
-0.713480 -1.536174 -0.215168
-0.031542 -1.523744 -0.191891
0.086142 -1.574054 -0.241750
-2.278344 -1.443159 0.027066
-0.800009 -1.354623 -0.194579
-0.740486 -1.043722 -0.128938
-1.008679 -0.746157 -0.145938
1.391679 -0.630500 -0.250775
-1.082206 -0.589877 -0.205388
-0.671304 -0.616539 -0.180816
1.251479 -0.378260 -0.215993
1.314048 -0.481910 -0.257756
-1.155623 -0.442565 -0.273547
1.228871 -0.281403 -0.144580
1.277658 -0.311639 -0.243642
1.098385 0.076705 -0.187748
0.903476 0.513692 -0.249079
0.794058 0.729183 -0.273627
0.706539 1.113480 -0.339163
-1.539299 1.468043 -0.345559
6.838492 2.294628 -0.517585
1.185792 -2.381098 -0.028645
1.956312 -0.505823 -0.117702
1.258982 -0.292221 -0.129414
1.103177 0.140939 -0.129546
0.938528 0.224710 -0.125073
0.065016 -1.512102 -0.641046
-0.842258 -1.313868 -0.560536
0.889327 -1.227397 -0.687392
0.910326 -1.047864 -0.641223
1.173600 -0.919888 -0.656368
1.277450 -0.859158 -0.681411
-1.094364 -0.611790 -0.578358
-3.668637 0.609891 -0.594387
-3.490817 0.761700 -0.619617
-3.251725 0.875357 -0.626085
-3.061792 0.953812 -0.548453
0.227441 0.998931 -0.650461
0.628523 -2.065410 -0.352761
-0.652433 -1.778479 -0.418754
-0.768340 -1.508870 -0.458972
-0.088704 -1.454580 -0.392725
0.029440 -1.420280 -0.407778
-0.856147 -1.332567 -0.427534
-0.090025 -1.398331 -0.393855
0.048359 -1.406846 -0.423762
-0.934248 -1.073689 -0.450615
-1.032323 -0.792304 -0.468798
-0.903166 -0.885680 -0.399115
-1.111061 -0.596279 -0.426380
1.299893 -0.470814 -0.426283
-1.201159 -0.401551 -0.464625
1.078600 0.091764 -0.477802
1.403530 0.057410 -0.468403
1.076220 0.127693 -0.591102
0.882379 0.475576 -0.407073
0.796596 0.703073 -0.423606
0.738527 0.897215 -0.441082
-2.053426 1.106575 -0.405316
-1.768316 1.396555 -0.338191
-1.461767 1.471109 -0.457121
-1.424779 1.553210 -0.479327
-1.332144 1.583868 -0.514054
-1.279428 2.141340 -0.548805
1.446284 -4.072283 -0.085899
1.704831 -3.988963 -0.087700
1.568067 -3.023159 -0.091526
-0.754784 -1.530364 -0.246582
-0.229567 -1.528505 -0.256153
-0.100164 -1.449696 -0.237634
0.052798 -1.473944 -0.253261
-0.840745 -1.301436 -0.247386
-0.078607 -1.388585 -0.305151
-0.759393 -1.044064 -0.104804
1.516630 -1.044502 -0.227280
-1.045368 -0.760313 -0.221848
1.359931 -0.823218 -0.162872
-1.110506 -0.612032 -0.212965
-0.696129 -0.657426 -0.206958
1.226127 -0.448621 -0.216436
1.299806 -0.523120 -0.260105
-1.181376 -0.454649 -0.277248
1.204524 -0.307519 -0.247238
1.247301 -0.338334 -0.138395
1.072211 0.052464 -0.145995
1.357151 0.014235 -0.229258
1.086445 0.131814 -0.379461
0.881257 0.493559 -0.261444
0.777873 0.696129 -0.271796
0.654786 1.124641 -0.280342
6.863081 2.194696 -0.418848
0.805427 2.956693 -0.211195
0.918270 0.199886 -0.124102
1.098093 0.147103 -0.127175
-0.362462 -2.262477 -0.645610
-0.632515 -1.748798 -0.586749
-0.709509 -1.557798 -0.549240
-0.059644 -1.437784 -0.647357
0.720679 -1.085458 -0.608421
0.891468 -1.084918 -0.657727
1.301113 -0.939274 -0.716398
-1.047270 -0.770717 -0.664274
-0.921530 -0.875432 -0.654551
1.319578 -0.825153 -0.703538
-1.104840 -0.615828 -0.661708
-1.172795 -0.441997 -0.652726
-3.499298 0.695104 -0.702385
-0.660976 -1.713277 -0.332037
0.453064 -1.814054 -0.321579
-0.724721 -1.570664 -0.394144
-0.108179 -1.477965 -0.454577
0.139472 -1.459483 -0.421260
-0.804100 -1.369294 -0.421674
-0.023953 -1.406346 -0.427668
0.067262 -1.389828 -0.426433
1.036212 -1.273747 -0.534569
-0.896905 -1.112921 -0.490932
-1.017786 -0.792901 -0.464322
-0.871389 -0.912716 -0.447865
1.388422 -0.660352 -0.410116
-1.089441 -0.618020 -0.451202
1.376750 -0.559329 -0.383330
-1.176694 -0.450273 -0.471291
1.094426 0.108290 -0.536877
1.398431 0.089417 -0.469867
1.083637 0.155577 -0.418237
0.878900 0.463020 -0.454078
-3.331774 0.790664 -0.619506
-2.148247 0.918630 -0.585906
0.030326 0.897907 -0.655058
-2.072191 1.020622 -0.531486
-1.948052 1.308094 -0.516750
-1.671738 1.410882 -0.615323
-1.534797 1.469653 -0.536038
-1.297072 1.572738 -0.552945
-1.209575 2.128846 -0.579966
0.520094 -1.877002 -0.120440
-0.653676 -1.653644 -0.280951
-0.068078 -1.457983 -0.206032
0.145980 -1.460838 -0.248960
-0.811835 -1.309236 -0.288845
-0.031342 -1.401574 -0.260083
0.099256 -1.365122 -0.116486
-0.764819 -1.058833 -0.145588
1.429724 -0.852621 -0.210104
-1.036829 -0.766659 -0.293100
1.387381 -0.730616 -0.187136
-1.103786 -0.626200 -0.274241
-0.695473 -0.674206 -0.258576
1.242351 -0.415641 -0.183786
1.292324 -0.477611 -0.167489
-1.162235 -0.477970 -0.317491
1.213049 -0.295969 -0.194371
1.056222 0.070049 -0.148077
0.881911 0.373847 -0.208937
0.892983 0.461965 -0.303876
0.777889 0.714940 -0.318842
0.665502 1.014225 -0.341485
0.649023 1.137618 -0.360913
-1.680817 1.418797 -0.312019
1.108906 0.143557 -0.132642
0.904480 0.242568 -0.135236
0.796156 0.480352 -0.150903
-0.131561 1.044005 -1.537152
-0.475460 -2.033565 -0.659088
-0.313677 -2.148521 -0.664234
-0.758282 -1.516180 -0.573028
-0.816172 -1.416011 -0.562525
0.319146 -1.291224 -0.708615
0.775550 -1.128871 -0.703332
0.928038 -1.096613 -0.743923
-1.029072 -0.833241 -0.643295
-0.985516 -0.823758 -0.613455
-1.113574 -0.638660 -0.644707
-1.182711 -0.469947 -0.633537
1.066310 0.093626 -0.691474
-2.383065 0.381488 -0.721972
-3.723415 0.500395 -0.584962
0.172480 0.591993 -0.729595
-3.469807 0.705535 -0.571187
-0.653029 -1.761806 -0.367660
-0.720436 -1.615632 -0.321207
-0.134816 -1.461593 -0.386880
0.188176 -1.468065 -0.505462
-0.801738 -1.386226 -0.420843
-0.017128 -1.410988 -0.478294
0.063086 -1.418977 -0.456719
-0.905815 -1.120398 -0.460425
-1.025380 -0.808547 -0.443253
-0.973724 -0.900124 -0.440294
1.062671 -0.752561 -0.462680
1.412705 -0.683461 -0.447916
-1.100674 -0.628205 -0.425143
0.924025 -0.376891 -0.566659
-1.191843 -0.452325 -0.438792
1.082712 0.112474 -0.579555
-3.217786 0.826508 -0.521192
-2.160438 0.861064 -0.575163
-2.072174 0.965788 -0.469958
0.640619 1.124917 -0.508153
-1.942611 1.298272 -0.491512
-1.528297 1.471834 -0.475495
-1.283197 1.581773 -0.469813
-1.240196 2.124775 -0.545242
0.521984 -1.895200 -0.156276
-0.702158 -1.550008 -0.196809
-0.076982 -1.447985 -0.241066
0.136609 -1.448742 -0.232350
-0.835819 -1.291817 -0.272844
-0.038303 -1.412848 -0.295323
-0.746560 -1.064783 -0.157335
-1.035608 -0.753043 -0.216770
0.741032 -0.724382 -0.305435
0.800123 -0.671664 -0.317359
1.393127 -0.746089 -0.229665
-1.108097 -0.627740 -0.257768
-0.672451 -0.645085 -0.190850
1.245098 -0.449847 -0.303183
1.298553 -0.476367 -0.276640
1.216381 -0.303161 -0.236953
1.257692 -0.344487 -0.391318
1.042095 0.098252 -0.185076
1.346876 0.040621 -0.298997
-0.109415 0.471810 -0.340634
0.873508 0.471112 -0.310957
0.772727 0.741562 -0.352693
0.593428 1.115271 -0.309761
0.675231 1.047135 -0.396445
0.589080 1.159729 -0.377259
-1.895837 1.455089 -0.191237
-2.275816 2.419317 -0.254057
0.735352 2.974580 -0.317133
1.114916 0.130631 -0.172748
0.914373 0.206420 -0.167702
0.877252 0.462356 -0.180277
-0.117381 1.027529 -1.416832
0.207492 -1.484714 -0.560092
0.800352 -1.482254 -0.662987
0.843091 -1.559710 -0.655501
-0.789641 -1.363887 -0.568424
1.165604 -1.247002 -0.611374
-0.931742 -0.996865 -0.599675
0.702621 -1.095438 -0.673692
0.854426 -1.020452 -0.699472
1.512481 -1.052202 -0.645006
1.551510 -0.914385 -0.618933
-1.031345 -0.761100 -0.572206
1.674035 -0.828121 -0.646734
-1.119904 -0.598963 -0.595964
-1.177130 -0.444418 -0.562840
0.168470 0.599272 -0.656780
0.198700 0.595971 -0.657567
-3.496437 0.710810 -0.512316
-0.616765 -1.826127 -0.328628
0.294195 -1.685579 -0.329811
-0.750450 -1.499640 -0.287063
-0.657734 -1.629990 -0.258904
-0.069873 -1.437764 -0.373641
0.106249 -1.433683 -0.374541
-0.808088 -1.328859 -0.336611
-0.011941 -1.414301 -0.487353
-0.889420 -1.094537 -0.375055
-1.020297 -0.790447 -0.386157
-0.841522 -0.894293 -0.427784
1.422862 -0.673003 -0.386667
-1.092479 -0.615367 -0.366039
1.349157 -0.550512 -0.344865
-1.176236 -0.449237 -0.382068
1.103910 0.104862 -0.536949
1.425611 0.127328 -0.491881
-3.231869 0.830110 -0.457942
-2.114173 0.970077 -0.506166
-2.046133 1.043993 -0.391764
0.649434 1.136345 -0.427302
-1.885732 1.325167 -0.410715
-1.557174 1.443475 -0.461586
-1.274450 1.585756 -0.438411
-1.235503 2.136124 -0.467045
0.996563 -2.406874 -0.215863
-0.706003 -1.507622 -0.204831
-0.652529 -1.655808 -0.098799
-0.014711 -1.434025 -0.126740
0.127033 -1.484154 -0.249273
-0.799225 -1.351370 -0.212213
-0.038438 -1.406572 -0.225999
-1.013598 -0.753855 -0.163771
-0.610523 -0.890709 -0.173948
0.766873 -0.701850 -0.236561
0.848630 -0.658493 -0.251672
1.360063 -0.653812 -0.186350
-1.097824 -0.618675 -0.215537
-0.930027 -0.666602 -0.244105
1.247007 -0.422174 -0.201124
1.312801 -0.502759 -0.151657
1.233032 -0.301903 -0.170000
1.263549 -0.335252 -0.325115
1.064331 0.094851 -0.156085
1.371842 0.051502 -0.363394
0.931708 0.373727 -0.269234
3.907781 0.534843 -0.217258
-2.089482 0.429740 -0.046137
0.875849 0.520827 -0.251115
0.782249 0.749730 -0.267796
0.715113 0.986424 -0.305474
-2.156235 0.992123 -0.076502
-1.990582 1.412970 -0.108165
-2.213083 2.342889 -0.163745
0.725886 2.956040 -0.213294
1.089920 0.130165 -0.095837
0.907736 0.232802 -0.098239
1.226592 0.220260 -0.105763
0.896763 0.436357 -0.107405
0.203294 -1.567352 -0.585482
0.756926 -1.516356 -0.655623
-0.038222 -1.460116 -0.537157
0.929370 -1.408793 -0.661303
-0.878518 -1.183783 -0.609390
0.740982 -1.076113 -0.696756
1.070844 -1.105363 -0.580269
1.517086 -1.050802 -0.657239
-1.024391 -0.842732 -0.579467
-0.950051 -0.991555 -0.590508
1.587095 -0.874866 -0.655093
-1.106239 -0.660491 -0.595833
-1.187990 -0.477865 -0.598328
-1.530172 0.142228 -0.688578
-2.627686 0.272387 -0.683646
-2.604107 0.462291 -0.695704
-1.372662 1.472460 -0.645668
-1.340713 1.537421 -0.663501
-0.713685 -1.637440 -0.426578
-0.689767 -1.623475 -0.439973
-0.153958 -1.519419 -0.362080
0.092186 -1.487135 -0.333001
-0.815867 -1.364733 -0.392120
-0.060922 -1.442139 -0.355011
-0.882921 -1.176837 -0.374351
-1.038148 -0.848102 -0.386780
-0.933597 -0.997367 -0.397299
-1.100350 -0.642306 -0.377857
1.351297 -0.633096 -0.369522
-1.163736 -0.490743 -0.444047
1.118199 0.042514 -0.549248
-3.380476 0.753889 -0.481609
0.099887 0.898647 -0.517215
0.719981 0.963210 -0.390067
-3.042570 0.890797 -0.456047
-2.026221 1.161613 -0.504803
-1.458344 1.467973 -0.375754
-1.367546 2.028918 -0.430972
-1.226495 2.093072 -0.512679
1.448780 -4.133090 0.006459
-0.633776 -1.808144 -0.217840
-0.742830 -1.570302 -0.204282
-0.102927 -1.498822 -0.172790
0.129671 -1.505001 -0.183882
-0.823452 -1.324566 -0.211032
-0.010850 -1.461865 -0.172070
0.054365 -1.460625 -0.194596
-1.032699 -0.799456 -0.178262
0.766433 -0.793578 -0.269987
0.877106 -0.704795 -0.243689
1.355219 -0.705365 -0.128137
-1.103544 -0.645923 -0.204106
-0.661672 -0.657889 -0.168770
0.950004 -0.628782 -0.238572
1.234635 -0.475813 -0.139451
1.305197 -0.587781 -0.190744
1.207593 -0.370801 -0.149591
1.271523 -0.403378 -0.300557
1.121097 0.044356 -0.302438
1.372327 -0.034497 -0.316532
1.114870 0.084213 -0.329756
0.894850 0.428622 -0.241455
0.806231 0.668990 -0.278484
-2.127695 0.860917 -0.156423
0.709263 0.907746 -0.355502
6.846894 2.193969 -0.314451
-1.256695 2.103783 -0.167070
6.852456 2.413973 -0.281915
1.113003 0.044493 -0.100581
0.905119 0.145648 -0.076924
0.887266 0.448161 -0.106539
-3.157653 3.511563 -5.086345
-0.146430 0.908065 -1.575080
0.007004 -1.494772 -0.629723
0.201985 -1.566628 -0.651566
0.508309 -1.473257 -0.730675
-0.796113 -1.365167 -0.654143
-0.054309 -1.439129 -0.629480
1.092415 -1.228459 -0.732524
-0.875770 -1.190381 -0.686178
1.425791 -1.033605 -0.755836
-1.019967 -0.843298 -0.670946
-0.953599 -0.955172 -0.689550
1.518232 -0.877925 -0.768907
1.558684 -0.764415 -0.773880
-1.105602 -0.648971 -0.675299
-1.188195 -0.469098 -0.682384
-2.986931 0.404852 -0.833040
-2.900522 0.605091 -0.843193
-1.888345 1.284703 -0.800667
-0.700859 -1.642815 -0.510618
-0.120959 -1.498306 -0.435336
-0.787431 -1.400431 -0.464662
-0.016020 -1.420255 -0.412655
0.067536 -1.439592 -0.420974
-0.877682 -1.173632 -0.479762
-1.011713 -0.836973 -0.512787
-0.916643 -0.940502 -0.552613
-1.098764 -0.639239 -0.497639
1.333437 -0.552810 -0.498323
-1.183737 -0.469967 -0.570775
1.074110 0.082005 -0.654467
1.395590 0.074636 -0.634624
1.103858 0.106528 -0.654416
0.852922 0.548478 -0.519623
0.795752 0.716424 -0.539041
-3.447325 0.707401 -0.563147
-3.099581 0.851580 -0.548476
0.711902 0.974428 -0.576449
-2.000372 1.241856 -0.512040
-1.455669 1.412940 -0.712355
-1.447107 1.452739 -0.784288
-1.315819 1.531519 -0.781589
-1.206715 2.114755 -0.591612
1.354681 -4.139451 -0.039593
1.587672 -4.027543 -0.079964
-0.485061 -2.096658 -0.065897
-0.572837 -1.866384 -0.305673
-2.174798 -1.587339 -0.071343
-0.717490 -1.552779 -0.283479
-0.026140 -1.472558 -0.247300
0.139091 -1.493882 -0.260479
-2.183981 -1.379755 -0.082081
-0.807540 -1.354693 -0.295064
-0.010624 -1.432299 -0.269339
-0.733413 -1.074995 -0.158939
-1.031373 -0.791713 -0.248736
1.363695 -0.657954 -0.329534
-1.757463 -0.697099 -0.129821
-1.084070 -0.650895 -0.297410
-0.665661 -0.698113 -0.271519
0.905549 -0.590119 -0.333914
1.236483 -0.471801 -0.295583
1.299024 -0.485235 -0.265898
1.231714 -0.355440 -0.259094
1.261395 -0.346789 -0.344709
1.079969 0.049098 -0.332056
1.389240 0.002764 -0.379527
0.949345 0.330220 -0.351013
0.877949 0.483064 -0.416904
0.784509 0.684743 -0.374787
-2.076725 0.913796 -0.471843
0.693656 0.971287 -0.498097
-1.666537 1.378137 -0.511578
-1.320775 2.086373 -0.341429
2.094661 -0.819406 -0.151640
0.916826 0.222458 -0.227681
1.116548 0.151566 -0.229901
0.886576 0.429618 -0.251599
-1.183149 2.133363 -0.339074
-0.613494 -1.774825 -0.580332
0.108082 -1.501607 -0.678899
-0.846458 -1.320180 -0.623833
-0.078197 -1.396886 -0.640677
0.817534 -0.897496 -0.780646
1.177317 -0.859675 -0.685331
1.367316 -0.841473 -0.750517
-1.023907 -0.804843 -0.597190
-0.990782 -0.876627 -0.604241
-1.117987 -0.592512 -0.608311
-1.220150 -0.402870 -0.603376
-2.954995 0.273829 -0.692313
-2.890448 0.469188 -0.690008
-1.944454 1.326061 -0.670931
0.688987 -2.046712 -0.394214
-0.655312 -1.723079 -0.327971
-0.760805 -1.499349 -0.485378
-0.138409 -1.444916 -0.444046
0.145459 -1.501558 -0.446243
-0.833527 -1.322379 -0.457587
-0.019587 -1.385954 -0.438425
0.067340 -1.401032 -0.443762
-0.906779 -1.109267 -0.477125
-0.593707 -0.983884 -0.573792
-1.038384 -0.795148 -0.515999
-0.821974 -0.882184 -0.456893
-1.116350 -0.612277 -0.456674
-1.199437 -0.433601 -0.489552
1.080468 0.119667 -0.499271
1.069565 0.172112 -0.626931
0.868024 0.515380 -0.443154
0.776065 0.741278 -0.459222
-3.420982 0.763309 -0.359484
-2.146528 0.913928 -0.430206
0.711496 0.932068 -0.476612
-2.112038 0.998766 -0.353464
-2.044767 1.300013 -0.423663
-1.671538 1.430953 -0.595728
-1.442735 1.526786 -0.582460
-1.372337 1.540960 -0.543854
-1.342737 2.104206 -0.567773
1.549943 -4.011382 -0.154875
0.577577 -1.936480 -0.152041
-0.757538 -1.511904 -0.272079
-0.055084 -1.437649 -0.252730
0.110731 -1.471180 -0.279084
-0.803014 -1.343684 -0.286716
-0.063456 -1.389875 -0.294454
1.578192 -1.190153 -0.184562
-0.786876 -1.144520 -0.178861
1.445750 -0.929763 -0.204375
-1.047751 -0.774313 -0.216678
-1.110883 -0.615097 -0.240505
-0.670869 -0.657022 -0.239550
1.229681 -0.434123 -0.297837
1.293326 -0.469943 -0.293826
1.194195 -0.297907 -0.243412
1.238390 -0.324708 -0.321456
1.038345 0.057926 -0.188419
1.357364 0.065063 -0.345829
0.909530 0.372720 -0.175298
1.068135 0.170172 -0.296721
0.862200 0.526844 -0.294023
0.758523 0.732871 -0.295634
0.625034 1.007628 -0.298336
6.821885 2.375752 -0.451700
1.109018 0.110752 -0.163313
0.907946 0.234206 -0.159405
1.098686 0.184801 -0.164027
-1.286715 2.143634 -0.127092
-0.709281 -1.653088 -0.571407
-0.810538 -1.452308 -0.602399
-0.906508 -1.173447 -0.563434
1.302976 -0.943261 -0.736345
-1.014045 -0.833722 -0.554138
-3.758718 0.471312 -0.687676
-3.542325 0.696187 -0.670113
-3.184268 0.777183 -0.656217
0.130085 0.921246 -0.645538
-0.652405 -1.773604 -0.346355
-0.751444 -1.574365 -0.339762
-0.118854 -1.490200 -0.415038
0.156419 -1.497187 -0.441433
-0.811091 -1.369176 -0.428651
-0.020328 -1.425591 -0.447047
0.069779 -1.420712 -0.431265
-0.889316 -1.184820 -0.461487
0.927086 -0.926597 -0.598728
-1.026585 -0.850047 -0.478059
-0.945766 -1.010534 -0.470136
-1.108475 -0.652684 -0.470878
-1.201359 -0.456299 -0.490696
1.093488 0.095510 -0.426856
0.873412 0.472326 -0.430819
-2.156900 0.874097 -0.480928
-2.058372 0.952287 -0.380294
-1.971906 1.274086 -0.407389
-1.655195 1.378915 -0.449388
-1.495193 1.451876 -0.515267
-1.374267 1.508543 -0.503974
-1.258743 1.548064 -0.500997
-1.215877 2.095950 -0.402725
-0.047073 -1.482892 -0.207443
0.130591 -1.510588 -0.262843
-0.805037 -1.345910 -0.295369
-0.031977 -1.448430 -0.267297
0.124325 -1.438759 -0.134931
-0.755554 -1.111467 -0.135706
1.463069 -0.881591 -0.267009
0.787193 -0.667542 -0.276695
1.396566 -0.668770 -0.345756
-1.111550 -0.654268 -0.239849
-0.662309 -0.666223 -0.161447
0.869750 -0.629490 -0.258667
1.240738 -0.425207 -0.203381
1.296523 -0.509404 -0.192037
1.210811 -0.349550 -0.159647
1.037037 -0.035970 -0.145469
1.400343 0.004113 -0.270078
0.863683 0.344567 -0.155308
1.046281 0.113712 -0.137199
0.876713 0.483580 -0.278702
0.774998 0.691065 -0.280901
0.692054 1.030330 -0.301275
6.815036 2.327788 -0.377197
1.112573 0.078827 -0.123983
0.912134 0.226901 -0.120024
1.245062 0.196821 -0.130681
0.890471 0.418610 -0.128112
0.612251 -1.744624 -0.684648
-0.781315 -1.511037 -0.608129
-0.706511 -1.691472 -0.643946
-0.828531 -1.391222 -0.587426
1.517833 -1.060540 -0.705211
-0.981457 -0.830606 -0.693929
-3.547084 0.693396 -0.659379
0.430964 -1.678926 -0.370481
-0.735588 -1.605044 -0.382249
-0.671516 -1.657851 -0.358629
-0.139462 -1.449114 -0.396002
0.215577 -1.465811 -0.554893
-0.840457 -1.311679 -0.438699
-0.019078 -1.390273 -0.477332
0.057114 -1.413865 -0.471537
-0.917050 -1.063916 -0.505008
-1.044943 -0.787222 -0.488593
-0.975982 -0.902291 -0.488257
1.118702 -0.764131 -0.470664
1.385950 -0.647342 -0.422818
1.709493 -0.770811 -0.615341
-1.112579 -0.621248 -0.458558
-1.200673 -0.449217 -0.472035
1.054724 0.129482 -0.523343
-3.273690 0.813842 -0.598345
-2.220505 0.864501 -0.634763
0.025528 0.960108 -0.687104
-2.106128 0.959963 -0.520022
0.605730 1.139371 -0.493112
-1.988023 1.300729 -0.538877
-1.553442 1.460809 -0.506869
-1.443128 1.513667 -0.655075
-1.302550 1.594162 -0.497233
-1.256393 2.138342 -0.571797
1.578208 -3.947233 -0.221802
0.560682 -1.946443 -0.184848
-0.746030 -1.541008 -0.283072
-0.705577 -1.559522 -0.177411
-0.086207 -1.443163 -0.224662
0.066337 -1.449134 -0.216896
-0.818349 -1.343683 -0.289079
-0.045738 -1.395865 -0.300410
0.035943 -1.399367 -0.183789
-0.778408 -1.073609 -0.255666
-1.061633 -0.764655 -0.301759
-0.638568 -0.887114 -0.251991
0.715433 -0.697821 -0.298489
0.748959 -0.736743 -0.311443
1.363127 -0.702363 -0.218530
-1.118675 -0.632527 -0.280710
0.899791 -0.593729 -0.278882
1.144395 -0.430033 -0.244505
1.276978 -0.497020 -0.274218
-1.182740 -0.484141 -0.361248
1.175290 -0.292857 -0.211171
1.230286 -0.313266 -0.268727
1.032599 0.056185 -0.168547
1.350322 0.073473 -0.385855
-1.637221 0.127337 -0.147733
0.909571 0.382724 -0.301062
0.829400 0.517228 -0.318028
0.738837 0.756031 -0.326126
-2.203324 0.868147 -0.256431
0.662641 1.016302 -0.380147
0.595199 1.172257 -0.398879
-1.755292 1.433941 -0.235302
1.131429 -0.923001 -0.073649
1.085382 0.134344 -0.155739
0.868902 0.270767 -0.158435
1.066174 0.175622 -0.154563
0.856020 0.434552 -0.169324
-0.769950 -1.502258 -0.561326
-0.819981 -1.332872 -0.531730
0.969680 -1.333567 -0.614843
-0.891249 -1.208033 -0.533938
1.902515 -0.887333 -0.738128
-1.017196 -0.815128 -0.596794
-0.964828 -0.875366 -0.586201
-1.115324 -0.606053 -0.603518
-1.200760 -0.428469 -0.606804
-2.486101 0.428647 -0.692620
-2.456242 0.609268 -0.713662
0.151974 0.576537 -0.713285
0.214572 0.612913 -0.752006
-1.560231 1.432781 -0.747314
-1.386341 1.517630 -0.760612
-1.271873 1.563861 -0.754241
-0.654987 -1.747423 -0.347295
-0.754709 -1.497289 -0.319549
-0.680828 -1.564018 -0.446022
-0.103695 -1.442860 -0.399321
-0.811216 -1.372847 -0.358869
-0.046028 -1.409398 -0.392535
0.070234 -1.410582 -0.448752
-0.884897 -1.122285 -0.384220
-1.015306 -0.799503 -0.408434
-0.884044 -0.848294 -0.538202
1.382785 -0.649578 -0.428460
-1.094205 -0.579924 -0.406446
-1.172002 -0.444136 -0.428179
1.098772 0.104038 -0.600409
-3.452276 0.753580 -0.509734
-3.099272 0.896420 -0.495385
0.085436 0.955728 -0.639316
-2.043990 1.007866 -0.513066
-1.937834 1.312881 -0.559041
-1.377450 1.528384 -0.580370
-1.358753 2.069167 -0.560637
1.531642 -4.015441 -0.102527
1.709762 -3.966239 0.053616
-0.714967 -1.557115 -0.143072
-0.666821 -1.600317 -0.231000
-0.004737 -1.426133 -0.133772
0.143698 -1.456797 -0.213825
-0.817374 -1.335406 -0.235178
-0.046047 -1.406279 -0.245172
-0.752346 -1.071387 -0.134138
-1.033494 -0.733359 -0.207682
-0.951331 -0.778902 -0.202951
-0.661119 -0.840803 -0.144688
0.743875 -0.755834 -0.302482
0.900158 -0.645548 -0.318070
1.390971 -0.617778 -0.266198
-1.071172 -0.620400 -0.211394
0.955290 -0.575903 -0.312023
1.214962 -0.431523 -0.238272
1.309844 -0.525148 -0.269937
1.196852 -0.306238 -0.204762
1.272446 -0.350110 -0.383419
1.099495 0.116459 -0.263973
1.372978 0.026954 -0.370549
-0.043274 0.479469 -0.347405
0.886158 0.487049 -0.348303
0.799242 0.723753 -0.377312
0.722789 0.957052 -0.460087
-2.042901 1.099399 -0.286197
0.631255 1.123123 -0.459364
6.841835 2.244490 -0.649506
-1.298663 2.134615 -0.290223
0.889774 0.179893 -0.175961
0.889947 0.497788 -0.215095
-0.095414 1.019821 -1.458533
0.218412 -3.028674 -0.476480
0.203398 -1.485063 -0.547463
0.850340 -1.585306 -0.645221
-0.801314 -1.352419 -0.572683
1.186108 -1.276898 -0.609164
-0.863974 -1.186063 -0.566585
0.742926 -1.091865 -0.674705
0.894076 -1.040729 -0.697071
1.660471 -0.980605 -0.648483
-1.009180 -0.792735 -0.566423
-0.955471 -0.907368 -0.543674
1.638572 -0.825220 -0.628246
-1.098040 -0.605134 -0.575420
-1.180731 -0.423069 -0.588708
-2.802710 0.324459 -0.688957
-2.737119 0.516790 -0.697209
0.153742 0.593722 -0.666426
-1.366605 1.545724 -0.666966
-1.235277 1.622647 -0.672795
-0.598988 -1.808431 -0.387596
-0.735476 -1.519443 -0.349359
-0.673290 -1.558364 -0.417848
-0.100001 -1.448933 -0.354774
-0.818519 -1.286538 -0.339701
-0.013480 -1.401952 -0.360855
0.068127 -1.394549 -0.471458
-0.867825 -1.139541 -0.332573
-1.013707 -0.785352 -0.362785
-0.735241 -0.885218 -0.453620
1.440225 -0.718325 -0.409344
-1.084534 -0.591242 -0.366618
-1.153643 -0.439508 -0.402423
1.123378 0.097309 -0.534772
1.416635 0.080307 -0.525586
1.087416 0.134290 -0.468590
-3.370717 0.782291 -0.446286
-3.037516 0.924070 -0.430200
-2.095092 0.956758 -0.513974
0.099665 0.951045 -0.542648
-1.549735 1.408305 -0.471461
-1.294045 2.099169 -0.451791
1.300633 -4.092856 -0.038531
1.581919 -4.024204 -0.067129
1.675105 -3.039727 -0.119102
-0.724600 -1.481909 -0.156865
-0.662570 -1.615070 -0.175755
-0.040268 -1.441807 -0.136421
0.116109 -1.422974 -0.132567
-0.809826 -1.289046 -0.184868
-0.015507 -1.402129 -0.224896
-0.739228 -1.059566 -0.110621
1.492652 -0.983606 -0.126371
-1.016692 -0.757780 -0.161883
-0.643026 -0.874093 -0.138650
0.899957 -0.632210 -0.252685
1.419947 -0.789521 -0.178358
-1.077532 -0.607934 -0.172599
0.936772 -0.591588 -0.243537
1.247469 -0.397472 -0.167088
1.314054 -0.483284 -0.232563
1.231315 -0.308741 -0.175976
1.272127 -0.341723 -0.333912
1.089224 0.077470 -0.225441
1.423772 0.035350 -0.380604
0.984174 0.368375 -0.150547
0.886294 0.503449 -0.262655
0.798115 0.748779 -0.345856
-2.171215 0.875252 -0.197997
0.734701 0.948711 -0.388883
-1.312857 2.128748 -0.187699
0.856686 3.009881 -0.301925
1.988492 -0.656145 -0.086571
1.142872 0.111626 -0.128673
0.938971 0.224391 -0.119431
6.862577 2.494532 -0.387277
-0.085767 0.953404 -1.387742
0.198568 -1.531427 -0.623768
0.679272 -1.518282 -0.688868
0.897324 -1.489939 -0.684247
-0.832424 -1.350722 -0.636461
1.054979 -1.185335 -0.597726
-0.902196 -1.181413 -0.627002
0.693726 -1.121545 -0.710028
0.914800 -1.026744 -0.709532
1.454941 -1.035848 -0.628151
1.512431 -0.927302 -0.628473
-1.031321 -0.811660 -0.613786
-0.986070 -0.890248 -0.635437
-1.104328 -0.654852 -0.612820
-1.190838 -0.457728 -0.616284
-3.042319 0.383367 -0.745165
-3.006487 0.600920 -0.754540
0.167807 0.548284 -0.668743
-0.961728 1.585331 -0.727802
-0.685648 -1.763076 -0.488209
-0.714759 -1.717534 -0.468694
-0.145338 -1.499403 -0.404180
0.109177 -1.507680 -0.491883
-0.824412 -1.389052 -0.416971
-0.040254 -1.446935 -0.405209
-0.897556 -1.163679 -0.433324
-1.039302 -0.804226 -0.558633
-0.914776 -0.908364 -0.551406
1.350050 -0.699062 -0.368332
-1.119838 -0.624176 -0.454929
-1.184493 -0.460726 -0.488281
1.084020 0.062341 -0.490991
-3.543192 0.593140 -0.466184
-3.336418 0.794301 -0.453897
-2.132228 0.908250 -0.564282
0.110798 0.918649 -0.473863
-3.004592 0.926905 -0.428755
-1.879408 1.327425 -0.387873
-1.445842 1.466204 -0.617404
-1.364801 1.493020 -0.598237
-1.333297 2.043968 -0.549873
1.456380 -4.082988 -0.104744
1.671884 -3.983524 -0.162280
1.196568 -2.794029 -0.093889
-0.615805 -1.874553 -0.258046
-0.746816 -1.590372 -0.236054
-0.703095 -1.641006 -0.246954
-0.097815 -1.500513 -0.198627
0.079547 -1.496815 -0.203609
-0.820654 -1.420065 -0.232886
-0.030635 -1.455297 -0.214146
-0.784095 -1.148864 -0.171166
-1.042358 -0.797648 -0.238895
-0.696249 -0.863778 -0.199341
0.687080 -0.727434 -0.284236
0.806972 -0.721231 -0.277815
1.327344 -0.688379 -0.219521
-1.118385 -0.641305 -0.249574
-0.705664 -0.714086 -0.199203
0.964060 -0.625322 -0.266267
1.222701 -0.487282 -0.171205
1.293133 -0.552204 -0.219482
1.189804 -0.351761 -0.181878
1.048243 0.038662 -0.181852
1.363917 0.044004 -0.332792
0.901300 0.288031 -0.128275
0.877615 0.434649 -0.253127
0.761269 0.686564 -0.266386
0.714067 0.907721 -0.349535
-2.944880 0.931583 -0.162610
-1.637556 1.410403 -0.311947
-1.376198 2.050622 -0.284366
-1.244077 2.100684 -0.220542
0.945799 2.986281 -0.284043
1.099592 0.082137 -0.097691
0.898639 0.173282 -0.098256
1.108381 0.089811 -0.093152
0.653962 2.913603 -0.155230
0.244269 -1.553009 -0.612106
0.708613 -1.449803 -0.712053
-0.798348 -1.379469 -0.610767
-0.021040 -1.455261 -0.596707
0.955362 -1.286113 -0.685885
-0.857486 -1.241912 -0.636779
1.061719 -1.039032 -0.636113
1.505726 -0.965042 -0.714708
-1.009102 -0.856723 -0.615150
-0.856444 -0.954017 -0.598468
1.521084 -0.768674 -0.695351
-1.101892 -0.693897 -0.616046
-1.217340 -0.450471 -0.625466
-3.397963 0.565087 -0.779700
-0.680756 -1.660689 -0.476401
-0.076288 -1.480291 -0.395837
-0.811185 -1.382213 -0.426862
-0.041651 -1.436238 -0.423358
-0.871673 -1.223105 -0.449307
-1.047827 -0.860160 -0.518876
-0.866443 -0.959753 -0.508126
-1.107827 -0.683855 -0.468237
1.332508 -0.566156 -0.431650
-1.193584 -0.511541 -0.513052
1.053686 0.091379 -0.531411
1.393374 0.091296 -0.568361
0.692579 0.844084 -0.433172
0.033497 0.949415 -0.520875
0.615013 1.072434 -0.459129
-2.141835 0.881927 -0.629660
-2.114304 1.127236 -0.403855
-1.448885 1.446018 -0.607931
-1.405292 1.507694 -0.619748
-1.327189 2.070143 -0.621368
1.670455 -4.009997 -0.084038
1.280308 -2.661195 -0.115052
-0.534922 -1.979149 -0.073648
-0.711826 -1.616008 -0.265636
-0.032120 -1.477561 -0.220726
0.145508 -1.498331 -0.220266
-0.794349 -1.436368 -0.258604
0.022114 -1.442820 -0.252691
-0.762935 -1.210996 -0.226629
-1.053014 -0.826322 -0.232072
1.375708 -0.699862 -0.230370
-1.120281 -0.666618 -0.242382
1.219558 -0.424036 -0.231022
1.285708 -0.493652 -0.240554
1.207703 -0.302023 -0.203996
1.231904 -0.327850 -0.288980
1.066762 0.122540 -0.376580
0.899599 0.384292 -0.257863
0.823370 0.514536 -0.334013
0.730023 0.698559 -0.341537
-2.108284 0.966363 -0.365962
-1.955224 1.245422 -0.382030
0.618529 2.968139 -0.278416
1.244403 -0.431340 -0.140345
1.013743 0.142029 -0.136199
0.897436 0.264714 -0.148203
1.061959 0.172847 -0.156053
0.835617 0.563939 -0.162272
6.678001 2.610487 -0.313123
-0.711518 -1.489696 -0.532421
-0.798518 -1.348620 -0.563729
-0.036618 -1.412445 -0.616327
1.305410 -0.910995 -0.731537
1.341759 -0.806688 -0.731361
-1.047487 -0.749776 -0.545967
-3.321909 0.499164 -0.727450
-3.455111 0.670548 -0.698066
-3.096010 0.821859 -0.666100
-0.699602 -1.572156 -0.387223
-0.612032 -1.712757 -0.457923
-0.085148 -1.456024 -0.364504
0.130509 -1.442807 -0.344619
-0.813911 -1.310166 -0.387066
-0.029141 -1.384980 -0.338845
0.125888 -1.410716 -0.379536
-0.889726 -1.105809 -0.428895
0.939076 -0.897848 -0.597327
-1.015188 -0.817060 -0.464951
-0.961674 -0.944543 -0.520210
-0.699588 -0.891496 -0.343244
0.995074 -0.831658 -0.604362
-1.095141 -0.634063 -0.444074
1.310668 -0.430933 -0.422443
-1.195568 -0.448413 -0.501951
1.082017 0.183711 -0.542444
0.831187 0.563584 -0.442899
0.761485 0.756276 -0.462697
-3.146360 0.764442 -0.503446
0.683874 0.945125 -0.485992
-2.117171 0.922633 -0.584552
0.597849 1.190368 -0.524002
-2.061128 1.242580 -0.400426
-1.660529 1.382066 -0.599477
-1.624363 1.404490 -0.607081
-1.455339 1.502980 -0.598739
-1.371719 1.520194 -0.595497
-1.388806 2.066375 -0.661974
1.543152 -4.006717 0.035329
1.805481 -3.889302 0.013407
1.261918 -2.681476 -0.022491
-0.590015 -1.770956 -0.228440
-2.137188 -1.588385 0.017791
-0.708854 -1.567663 -0.215589
-0.036569 -1.445237 -0.178176
0.139033 -1.450587 -0.176333
-2.011786 -1.302407 0.000488
-0.759804 -1.395609 -0.205631
0.063698 -1.406730 -0.220529
1.719723 -1.250568 -0.124737
2.358083 -1.029800 -0.164332
-0.730983 -1.079655 -0.112804
-1.010277 -0.778124 -0.177613
-0.607241 -0.889932 -0.189015
1.384407 -0.694744 -0.206170
-1.094142 -0.640351 -0.217577
-0.665795 -0.622707 -0.198222
1.242631 -0.369943 -0.193650
1.295200 -0.426204 -0.286983
-1.163558 -0.495810 -0.305719
1.216650 -0.266774 -0.232671
1.048906 0.106250 -0.256568
0.931654 0.398154 -0.240327
0.876309 0.499622 -0.313496
0.736856 0.761758 -0.310684
-2.116539 0.904092 -0.360951
0.670990 1.005633 -0.370207
-1.726702 1.383837 -0.403100
6.765498 2.474183 -0.542200
2.049452 -0.713541 -0.123219
1.269219 -0.329969 -0.144110
0.889457 0.267397 -0.155287
1.096665 0.191493 -0.157103
-0.186541 1.015273 -1.496190
-0.430632 -2.062539 -0.707714
-0.307472 -2.167797 -0.724127
-0.726964 -1.495506 -0.598427
-0.628120 -1.705363 -0.651264
-0.796032 -1.396111 -0.616634
0.927462 -0.946165 -0.675439
-0.899097 -0.857179 -0.689137
0.982546 -0.796384 -0.641285
1.120140 -0.770194 -0.685397
-3.520166 0.574276 -0.731086
-3.342722 0.710333 -0.740744
-3.125953 0.790615 -0.650775
1.601870 -2.325338 -0.573377
-0.554943 -1.851139 -0.423412
-0.704056 -1.566407 -0.388034
-0.641667 -1.649716 -0.389266
0.146992 -1.447453 -0.429349
0.330001 -1.512802 -0.591065
-0.827119 -1.313007 -0.429400
-0.001394 -1.389502 -0.495228
0.073476 -1.380724 -0.482097
-0.881268 -1.158181 -0.460712
-1.044109 -0.816140 -0.515823
-0.955559 -0.975994 -0.535507
-0.739869 -0.904967 -0.473303
-1.119789 -0.646937 -0.486095
-1.219783 -0.456389 -0.526135
1.339364 0.134957 -0.464751
0.806037 0.486911 -0.394337
-2.198158 0.866928 -0.570551
-2.143008 0.960253 -0.541266
-1.994588 1.260282 -0.483598
-1.675683 1.394966 -0.549063
-1.421279 1.526963 -0.546088
-1.396259 2.073641 -0.608799
1.633662 -3.987138 -0.079369
1.855075 -3.898032 -0.085267
-0.017525 -1.429017 -0.251416
0.109910 -1.455067 -0.287236
-0.765888 -1.428253 -0.246233
-0.005701 -1.384216 -0.331100
-0.743549 -1.065565 -0.167539
1.518536 -0.959573 -0.218745
-1.043002 -0.813548 -0.236125
0.740669 -0.722368 -0.302474
1.381557 -0.667866 -0.260524
-1.636192 -0.762346 -0.115178
-1.119464 -0.655883 -0.276530
-0.689460 -0.675877 -0.285381
1.198936 -0.370213 -0.179512
1.261128 -0.407257 -0.253990
-1.203665 -0.511706 -0.336872
1.159145 -0.227158 -0.226279
1.218745 -0.245041 -0.285874
0.998370 0.079142 -0.148475
1.387604 0.187741 -0.367182
0.889717 0.410990 -0.150764
0.827541 0.540728 -0.303260
0.731709 0.769222 -0.313347
0.571794 1.068384 -0.299603
0.641651 1.008777 -0.327299
0.604551 3.040991 -0.215540
2.028973 -0.688582 -0.110777
1.048936 0.180302 -0.124733
0.853783 0.249547 -0.120089
-0.649338 -1.699927 -0.602221
-0.623154 -1.731523 -0.609306
-0.774619 -1.437202 -0.630686
2.265198 -1.117596 -0.683188
-0.880001 -1.163312 -0.602167
1.333369 -0.892269 -0.710538
1.104004 -0.883535 -0.629135
-1.099257 -0.718556 -0.593345
-1.198816 -0.510611 -0.595258
1.088351 0.059776 -0.682128
-3.548723 0.476081 -0.744624
-3.236507 0.654742 -0.700013
-0.004975 0.859480 -0.617353
-1.341851 1.483245 -0.600273
-0.576769 -1.849881 -0.383604
0.322916 -1.738677 -0.373639
0.518046 -1.718320 -0.349933
-0.625574 -1.661597 -0.401626
0.198452 -1.528837 -0.391100
-0.748853 -1.484135 -0.455250
-0.011767 -1.470978 -0.445717
0.133489 -1.459871 -0.451321
-0.861753 -1.220366 -0.456802
-1.015419 -0.917884 -0.519311
-0.925542 -1.016276 -0.496520
-1.093480 -0.725293 -0.455730
1.333267 -0.433220 -0.420085
-1.187454 -0.532906 -0.492267
1.080492 0.092438 -0.421327
1.083919 0.130135 -0.395980
0.838115 0.493904 -0.396417
0.777448 0.639655 -0.407419
-2.207561 0.733853 -0.486900
-2.114339 0.986627 -0.399555
-1.846496 1.251992 -0.448214
-1.585287 1.344900 -0.531030
-1.482799 1.432378 -0.490255
-1.356183 1.458020 -0.510738
-1.458152 1.970205 -0.579792
1.516512 -4.094752 -0.151272
1.810530 -3.978745 -0.151389
-0.019346 -1.517322 -0.240857
0.163875 -1.534593 -0.236325
1.684801 -1.333681 -0.132143
-0.780751 -1.408851 -0.293646
0.043242 -1.476200 -0.291332
1.584969 -1.116431 -0.129062
-0.726778 -1.194640 -0.181218
1.437502 -0.906957 -0.151665
-1.011501 -0.883796 -0.188602
1.329413 -0.651751 -0.190226
-1.085675 -0.748942 -0.232651
0.906286 -0.616658 -0.248233
1.227038 -0.417780 -0.176056
1.312838 -0.495209 -0.225850
-1.163933 -0.594617 -0.307817
1.215282 -0.332886 -0.175287
1.255946 -0.334515 -0.162396
1.071195 0.105713 -0.107572
1.247122 0.267469 -0.112164
0.843542 0.472950 -0.232113
0.722669 0.686787 -0.235878
-2.284194 0.671738 -0.247669
0.610307 1.042454 -0.278820
-2.098620 0.959334 -0.253582
-1.657987 1.270345 -0.257944
0.730314 3.035616 -0.119614
1.261195 -0.423113 -0.099399
1.064972 0.089876 -0.094867
0.864392 0.201812 -0.088757
-0.438848 -2.165917 -0.620869
-0.309472 -2.245215 -0.625490
1.014448 -1.804300 -0.622928
-0.704631 -1.669566 -0.557878
-0.773167 -1.433247 -0.531335
-0.867791 -1.253093 -0.539228
1.024738 -1.153902 -0.693810
1.260655 -0.921346 -0.679260
1.094325 0.054398 -0.619275
-3.472061 0.647279 -0.698898
-3.216589 0.757673 -0.704074
-0.643395 -1.793830 -0.330028
-0.720162 -1.617106 -0.312444
-0.103305 -1.520352 -0.367247
0.137054 -1.511827 -0.289794
-0.806327 -1.414475 -0.405511
-0.014801 -1.451493 -0.422058
0.081544 -1.451977 -0.409806
-0.904001 -1.158052 -0.477082
-1.020369 -0.864193 -0.490788
-0.977159 -0.973593 -0.471098
-1.107575 -0.670397 -0.444456
-1.207460 -0.480719 -0.482794
1.079214 0.067859 -0.436708
0.919191 0.373303 -0.441908
-2.069227 1.002279 -0.594452
-1.549265 1.415633 -0.614837
-1.525003 1.436199 -0.561593
-1.353817 1.533599 -0.558611
-1.268632 2.065815 -0.583671
-0.684517 -1.638897 -0.112850
-0.042377 -1.494480 -0.199758
0.127229 -1.524080 -0.197969
-0.817227 -1.394427 -0.273604
-0.017707 -1.432441 -0.258651
0.063380 -1.447131 -0.116302
-0.737826 -1.100359 -0.129684
1.500598 -0.917986 -0.244642
-1.031906 -0.839261 -0.181987
0.756254 -0.812771 -0.259002
0.764471 -0.732334 -0.227204
1.414337 -0.805275 -0.209343
-1.122965 -0.653163 -0.242860
1.223301 -0.411441 -0.159019
1.296583 -0.517684 -0.172946
1.218807 -0.339925 -0.164074
1.049897 0.064119 -0.114419
1.239202 0.018105 -0.113063
0.844695 0.440268 -0.249435
0.653787 0.760395 -0.260965
0.773797 0.699373 -0.289679
0.678910 1.006404 -0.336151
0.627572 1.086152 -0.312866
0.608400 2.879380 -0.270072
1.170798 -0.995240 -0.016345
1.078688 0.063706 -0.100533
0.890967 0.174269 -0.106677
0.870323 0.407761 -0.127980
-0.165741 1.069174 -1.568670
1.830982 -3.938152 -0.518646
-0.749687 -1.469264 -0.511103
-0.651201 -1.669731 -0.583746
0.957826 -1.492406 -0.626860
-0.790473 -1.369065 -0.532968
0.910180 -0.919011 -0.590039
1.004400 -0.825557 -0.599123
2.022125 -0.604246 -0.638593
-1.094806 -0.637792 -0.630726
-1.231225 -0.364211 -0.659241
-3.544568 0.556242 -0.605134
0.135489 0.624381 -0.627059
-3.524173 0.671452 -0.683124
-3.335456 0.766103 -0.596593
-0.590186 -1.803718 -0.348616
-0.685602 -1.587113 -0.312725
-0.653831 -1.644204 -0.259951
-0.048997 -1.432463 -0.396382
0.196547 -1.436781 -0.396678
-0.790835 -1.331986 -0.352840
0.006470 -1.370198 -0.344761
-0.870690 -1.091801 -0.400984
-1.009588 -0.801508 -0.438517
-0.892769 -0.900329 -0.418854
1.372956 -0.730976 -0.471559
-1.096403 -0.617011 -0.410143
1.349727 -0.478980 -0.344881
-1.188619 -0.430784 -0.439197
1.098221 0.186048 -0.413095
0.195387 0.571902 -0.601030
-2.100041 0.931047 -0.590975
-2.082425 1.040295 -0.495106
-1.897143 1.330217 -0.510830
-1.593170 1.407526 -0.415544
-1.329384 1.570042 -0.482727
-1.477744 2.083172 -0.591365
-1.329169 2.105201 -0.512616
0.617987 -1.890632 -0.083361
-0.644546 -1.641233 -0.116958
-0.017921 -1.410095 -0.153553
0.129347 -1.389488 -0.102753
1.037563 -1.462368 -0.249827
-0.776585 -1.391191 -0.236197
-0.016166 -1.369059 -0.243854
-0.748868 -1.114196 -0.122992
1.589508 -1.014468 -0.199556
-1.018084 -0.758309 -0.224366
0.731111 -0.663647 -0.221233
0.804274 -0.636639 -0.231347
1.366983 -0.588039 -0.151516
-1.112910 -0.590163 -0.241408
0.825161 -0.561474 -0.204246
1.230397 -0.333981 -0.116095
1.301731 -0.415152 -0.163127
-1.163035 -0.461526 -0.281353
1.192886 -0.240062 -0.141443
1.250318 -0.287814 -0.267176
1.070265 0.137963 -0.162712
1.391248 0.091228 -0.306432
1.163816 0.262941 -0.107734
0.824028 0.567147 -0.249107
0.744684 0.797617 -0.265372
0.658279 1.073210 -0.333666
0.890654 0.321454 -0.086336
0.859945 0.500870 -0.104943
-0.748995 -1.562395 -0.582303
0.586646 -1.665127 -0.597977
-0.812267 -1.406398 -0.553418
0.470652 -1.227496 -0.621592
0.984038 -1.346531 -0.543829
1.218552 -1.259290 -0.537457
-0.908247 -1.170454 -0.540213
1.018573 -0.952721 -0.618792
1.708857 -1.103134 -0.583824
-1.021537 -0.899904 -0.594299
1.079757 -0.882359 -0.623562
1.780625 -0.828819 -0.577449
-1.117051 -0.684142 -0.599747
-1.210871 -0.500029 -0.596786
-2.673599 0.315317 -0.717693
-2.645093 0.507401 -0.730959
0.115048 0.539489 -0.610580
0.175905 0.572611 -0.639743
-1.649112 1.345374 -0.664463
-1.615274 1.363262 -0.677084
-1.454285 1.466094 -0.671731
-1.345427 1.492677 -0.653324
-0.642361 -1.801559 -0.369234
-0.719634 -1.589301 -0.380433
-0.063616 -1.496956 -0.374028
0.178339 -1.520100 -0.349255
-0.817161 -1.375825 -0.338808
-0.040237 -1.440089 -0.304369
0.081716 -1.462413 -0.424268
-0.872215 -1.237862 -0.349131
-1.016233 -0.847476 -0.362779
-0.975596 -0.958651 -0.496761
-1.091243 -0.674735 -0.360783
-1.180612 -0.508446 -0.374779
1.367952 0.065402 -0.398377
1.086665 0.118824 -0.458168
-3.561304 0.586895 -0.531753
-3.231227 0.752051 -0.502263
-2.113714 0.949665 -0.529344
-1.992615 1.249936 -0.558883
-1.440080 1.474312 -0.380600
-1.375893 2.055039 -0.444210
1.417480 -4.092048 0.008598
1.678296 -3.979100 0.017984
0.584690 -1.960612 -0.047759
0.712207 -1.993150 -0.174927
-0.704108 -1.608356 -0.169453
-0.632784 -1.705518 -0.135302
-0.024547 -1.490206 -0.120392
0.128348 -1.493260 -0.133698
-0.796807 -1.393022 -0.191205
-0.022385 -1.453537 -0.149217
1.501648 -0.923326 -0.190719
-1.033179 -0.819847 -0.170902
-0.991300 -0.829636 -0.084240
0.747667 -0.892882 -0.226748
0.755017 -0.728122 -0.211905
1.360165 -0.730499 -0.082782
-1.099966 -0.694784 -0.176513
-0.686075 -0.704335 -0.132851
0.911626 -0.613263 -0.176161
1.225956 -0.442011 -0.079865
1.285941 -0.514365 -0.131630
1.183166 -0.316095 -0.107517
1.243941 -0.322239 -0.226414
1.072214 0.024060 -0.146255
0.929120 0.341276 -0.066435
-0.053814 0.450422 -0.238806
0.847704 0.462204 -0.215864
0.752701 0.695719 -0.267072
-2.219527 0.786425 -0.165855
0.680552 0.902441 -0.308044
0.608237 1.137997 -0.332455
-1.354636 2.059745 -0.178044
0.720104 2.984605 -0.209156
0.888745 0.194109 -0.043237
1.074786 0.134641 -0.045422
-0.199099 0.912612 -1.449137
-0.641132 -1.594186 -0.526983
0.291360 -1.490103 -0.541918
-0.783047 -1.334450 -0.556955
1.190925 -1.138374 -0.569105
1.575357 -1.091227 -0.619449
-0.853480 -1.174448 -0.562882
0.763574 -1.054195 -0.661783
0.954061 -0.984021 -0.669482
1.512928 -0.911078 -0.587798
1.669429 -0.843531 -0.628144
-1.009634 -0.814748 -0.574935
-0.927913 -0.964238 -0.594912
1.605819 -0.683396 -0.604744
-1.091545 -0.662949 -0.587433
-1.183102 -0.486209 -0.599286
0.131223 0.578739 -0.718865
-2.929634 0.538039 -0.791396
-0.587338 -1.750224 -0.369320
-0.649764 -1.644533 -0.367627
-0.596103 -1.662067 -0.338812
-0.000468 -1.444360 -0.326395
0.195838 -1.458576 -0.369725
-0.752812 -1.407949 -0.339183
-0.000262 -1.387516 -0.310549
-0.829642 -1.209433 -0.325463
-0.991976 -0.834474 -0.426409
-0.883733 -0.891420 -0.528436
1.381656 -0.563675 -0.350449
-1.088053 -0.635124 -0.420299
-1.181496 -0.484624 -0.487527
1.076186 0.165550 -0.536411
1.395331 0.177568 -0.546835
-3.408179 0.615108 -0.506492
-3.081610 0.771011 -0.492772
0.597518 1.135157 -0.476310
-2.122470 0.950592 -0.641661
-1.976827 1.230402 -0.678729
-1.609682 1.326829 -0.720157
-1.499203 1.432632 -0.732429
-1.356914 1.499601 -0.723425
-1.499194 1.985798 -0.662246
-1.436007 2.016261 -0.731706
1.729057 -3.914057 0.160563
1.365087 -2.628926 0.102566
-0.657574 -1.591438 -0.145202
-0.595923 -1.670441 -0.138280
0.007638 -1.436843 -0.120225
0.143618 -1.450873 -0.127885
-0.748445 -1.372143 -0.163323
-0.724500 -1.185695 -0.152831
1.564590 -0.935056 -0.159452
-1.006111 -0.814166 -0.188752
0.846449 -0.613848 -0.256518
1.368881 -0.599274 -0.143855
-1.079189 -0.652909 -0.212586
-0.664024 -0.697012 -0.165064
0.939895 -0.531900 -0.256493
1.246041 -0.327778 -0.168338
1.313241 -0.410777 -0.234812
1.206602 -0.215000 -0.209430
1.055807 0.106285 -0.211505
1.383255 0.125828 -0.251962
0.876887 0.385019 -0.171011
0.844500 0.531762 -0.334052
0.742150 0.751936 -0.364596
0.673745 0.953498 -0.429963
0.594474 1.176063 -0.477914
-1.720116 1.321777 -0.446917
-1.411803 2.026428 -0.415154
0.750950 3.076165 -0.524739
1.085110 0.208083 -0.134341
0.893061 0.291656 -0.140859
0.460584 2.942118 -0.380200
-0.325916 -2.427709 -0.543779
0.216710 -1.559694 -0.534928
0.693506 -1.489348 -0.635534
-0.765613 -1.404669 -0.595790
-0.047185 -1.462496 -0.522307
0.922603 -1.387901 -0.635560
-0.858817 -1.276255 -0.558158
1.479773 -1.005174 -0.615016
-1.037728 -0.815223 -0.563583
1.615977 -0.718391 -0.624851
-1.104094 -0.680682 -0.562120
-1.207348 -0.483663 -0.563086
-3.019437 0.285837 -0.721197
-3.335632 0.472609 -0.732657
-2.010575 1.222180 -0.596297
-0.710495 -1.650921 -0.415494
-0.637891 -1.750655 -0.433359
-0.129282 -1.498987 -0.335070
0.092608 -1.480721 -0.329526
-0.804063 -1.394086 -0.361285
-0.043572 -1.445714 -0.348013
-0.881305 -1.217984 -0.401673
-1.028906 -0.851280 -0.418683
-0.973383 -0.925409 -0.530448
-1.107018 -0.676968 -0.419797
1.320628 -0.500174 -0.334502
-1.196807 -0.495605 -0.472343
1.069719 0.113331 -0.455791
1.357797 0.130000 -0.413573
1.053107 0.135235 -0.475716
0.630016 1.027995 -0.362673
-2.139165 0.929472 -0.570806
-1.605817 1.375843 -0.569306
-1.453678 1.491591 -0.568470
-1.342544 1.508114 -0.552920
-1.453161 1.995053 -0.601210
1.666422 -3.983655 -0.003883
-0.715104 -1.606661 -0.190810
-0.050166 -1.492692 -0.161615
0.124149 -1.494352 -0.149872
-0.798868 -1.414214 -0.191740
0.022925 -1.451055 -0.163530
1.418207 -0.845347 -0.159497
-1.044916 -0.812267 -0.186218
0.752923 -0.706107 -0.240878
1.400476 -0.729261 -0.180919
-1.106578 -0.689930 -0.181575
1.219453 -0.497696 -0.205172
1.275867 -0.464064 -0.147878
-1.156110 -0.548140 -0.277916
1.196795 -0.317146 -0.126549
1.227251 -0.330716 -0.208119
1.066770 0.109685 -0.297171
1.364633 0.034859 -0.318063
0.897478 0.355416 -0.125400
1.017542 0.137727 -0.266822
0.827227 0.480213 -0.251692
0.732065 0.704801 -0.263321
0.665934 0.864229 -0.302154
0.543785 1.105251 -0.195863
1.323915 0.030858 -0.071218
0.855022 0.244948 -0.065852
1.039255 0.141028 -0.062899
0.857445 0.478863 -0.075141
6.691323 2.616430 -0.161440
-0.495946 -1.679935 -0.611807
0.164526 -1.535689 -0.549366
0.715431 -1.498994 -0.645360
0.866000 -1.461481 -0.650242
-0.810403 -1.394568 -0.548467
-0.026352 -1.458489 -0.509049
1.174331 -1.307640 -0.652002
-0.900418 -1.162168 -0.519810
0.681890 -1.105564 -0.679998
0.863994 -1.042198 -0.684679
1.560017 -1.036332 -0.673041
-1.011021 -0.848355 -0.526140
-0.979503 -0.847772 -0.515351
-1.112553 -0.615191 -0.539650
-1.204078 -0.416848 -0.535297
-2.954636 0.369538 -0.656995
-0.619624 -1.842661 -0.421654
-0.755484 -1.552557 -0.354244
-0.085429 -1.483133 -0.321696
0.132178 -1.504250 -0.336044
-0.844065 -1.313027 -0.330786
-0.042243 -1.424055 -0.330668
-0.887557 -1.172456 -0.340476
-1.028964 -0.794427 -0.422050
-0.850309 -0.901192 -0.467380
1.371176 -0.713315 -0.384768
-1.100421 -0.626200 -0.392936
1.209550 -0.489741 -0.420978
1.372062 -0.605944 -0.381927
-1.183372 -0.452858 -0.417369
1.102098 0.069961 -0.514284
1.389915 0.033559 -0.449711
1.094279 0.108071 -0.493755
0.681014 1.049513 -0.411824
-2.023009 1.090665 -0.544829
-1.929116 1.294053 -0.453470
-1.492260 1.457057 -0.547861
-1.253757 1.559894 -0.562814
1.469158 -4.080409 0.015789
1.711419 -3.986013 0.025799
-0.614655 -1.817304 -0.178710
-0.721514 -1.588540 -0.149258
-0.036398 -1.471266 -0.138563
0.101024 -1.475195 -0.143703
-0.777646 -1.431869 -0.168959
-0.014907 -1.419386 -0.164966
-0.765701 -1.157794 -0.148090
-1.029348 -0.783050 -0.143303
1.401284 -0.768991 -0.214445
-1.094104 -0.619031 -0.179706
-0.673700 -0.667861 -0.143599
1.250316 -0.470592 -0.157413
1.298995 -0.498447 -0.214311
1.226854 -0.336110 -0.174579
1.262415 -0.388779 -0.221456
1.114299 0.074813 -0.316676
0.965215 0.319762 -0.128720
1.104680 0.114377 -0.122575
0.895847 0.479793 -0.276180
0.800759 0.696299 -0.309304
0.744426 0.888482 -0.361112
0.917148 0.201476 -0.108624
1.107031 0.126441 -0.117805
1.837714 -3.913523 -0.519986
0.223450 -1.522167 -0.584163
0.688904 -1.471220 -0.660444
0.925708 -1.377405 -0.659863
-0.822895 -1.300159 -0.621940
-0.667439 -1.443942 -0.627970
-0.035442 -1.426800 -0.564851
-0.871988 -1.240347 -0.650148
1.000323 -0.866574 -0.692894
1.061610 -1.068896 -0.570562
1.503303 -1.003658 -0.633067
1.589247 -0.832467 -0.633200
-1.028383 -0.806666 -0.584308
-0.950349 -0.952229 -0.581520
-1.110440 -0.630080 -0.604501
-1.216414 -0.418855 -0.604330
-3.210694 0.435403 -0.761584
-3.181285 0.666949 -0.772186
-0.632301 -1.760660 -0.479572
-0.740762 -1.556185 -0.444850
-0.657615 -1.676284 -0.450936
-0.082308 -1.464580 -0.384209
0.156599 -1.486164 -0.338844
-0.810557 -1.364497 -0.404990
-0.042162 -1.402833 -0.375633
-0.885114 -1.156763 -0.425063
-1.026399 -0.831336 -0.436204
-1.115124 -0.629622 -0.451859
1.327664 -0.484958 -0.339372
-1.190655 -0.465178 -0.497307
1.081399 0.127407 -0.453845
1.382657 0.158930 -0.384287
1.068247 0.156879 -0.476865
-2.187991 0.840904 -0.574180
0.644587 1.048921 -0.354514
-1.572006 1.421774 -0.548722
-1.354913 1.541487 -0.579092
1.428631 -4.086481 -0.040753
1.685464 -3.970668 -0.067117
-0.643644 -1.768364 -0.244464
-0.035311 -1.451021 -0.181872
0.122950 -1.466564 -0.176651
-0.794940 -1.399906 -0.227894
0.031952 -1.419896 -0.204738
1.408808 -0.824111 -0.163132
-1.046087 -0.803016 -0.231632
-0.659482 -0.864572 -0.177445
0.746963 -0.680538 -0.251788
0.774776 -0.621347 -0.250879
1.302069 -0.608476 -0.101373
-1.105132 -0.656269 -0.238420
1.214152 -0.441730 -0.146738
1.286979 -0.461097 -0.201846
1.194428 -0.295145 -0.147380
1.059891 0.125016 -0.189138
1.373260 0.050351 -0.316097
0.917836 0.378798 -0.168716
1.045184 0.162983 -0.270755
0.847988 0.499693 -0.242839
0.744550 0.722573 -0.264345
0.663951 0.982422 -0.318351
1.157632 -0.308479 -0.068730
1.084963 0.115419 -0.072684
0.856451 0.249558 -0.070566
1.201429 0.238154 -0.072697
0.757586 0.451624 -0.076162
-1.335391 2.087589 -0.125251
1.304543 -2.101444 -0.643212
-0.577984 -1.836301 -0.544288
-0.647793 -1.796924 -0.545797
0.110699 -1.599799 -0.642321
-0.789501 -1.464243 -0.588050
0.844374 -1.114136 -0.593381
1.167367 -0.933051 -0.611220
-1.033076 -0.856174 -0.572918
-0.953056 -1.060888 -0.558206
1.362065 -0.856996 -0.665309
-1.095502 -0.716994 -0.578667
-1.169790 -0.520943 -0.586483
-1.737430 0.300746 -0.699512
-3.359329 0.671812 -0.742837
0.679564 -2.088205 -0.287837
-0.734606 -1.591895 -0.504926
-0.654213 -1.706766 -0.404487
-0.129573 -1.544264 -0.396090
0.144686 -1.521618 -0.385829
-0.813995 -1.424684 -0.447564
-0.014169 -1.469604 -0.355319
0.060263 -1.471464 -0.372351
-0.867277 -1.259872 -0.395551
-1.028750 -0.880921 -0.460231
-0.936925 -0.993705 -0.458947
-1.104804 -0.695074 -0.429467
1.288388 -0.479970 -0.352865
-1.193711 -0.514614 -0.456781
1.067308 0.058612 -0.530983
1.074612 0.088653 -0.485843
-2.178355 0.832194 -0.572809
0.621726 1.065589 -0.396300
-1.533667 1.377097 -0.549432
-1.327300 1.498114 -0.563672
1.577486 -4.076566 -0.022447
1.237116 -2.718343 -0.065024
-0.604181 -1.922469 -0.030327
-0.744924 -1.619890 -0.211469
-0.667138 -1.781483 -0.223135
-0.049576 -1.528857 -0.168243
0.108270 -1.518252 -0.173328
-0.809120 -1.398874 -0.207650
-0.008203 -1.486414 -0.159248
0.138392 -1.478795 -0.160468
-0.785662 -1.253172 -0.200072
-1.038657 -0.868318 -0.196999
-0.667114 -0.914319 -0.163887
0.747796 -0.773198 -0.265602
1.398211 -0.757867 -0.244768
-1.116334 -0.693285 -0.200633
-0.702946 -0.756844 -0.178546
0.859220 -0.667971 -0.248157
1.211792 -0.524763 -0.190563
1.282477 -0.521229 -0.171582
1.202558 -0.355116 -0.165900
1.242154 -0.389635 -0.232038
1.089763 0.055907 -0.313886
1.351705 -0.021303 -0.225312
0.858493 0.425344 -0.262809
0.749828 0.665434 -0.280327
0.697391 0.822841 -0.368314
-2.112179 0.899367 -0.307617
-2.003925 1.210803 -0.327770
0.682161 2.908607 -0.212584
1.131313 -0.953123 -0.022429
0.888891 0.204047 -0.094806
1.072793 0.095276 -0.099083
-0.714381 -1.624444 -0.453149
-0.663168 -1.687135 -0.462074
-0.839165 -1.357108 -0.489490
2.161968 -1.205978 -0.667359
1.172314 -0.944080 -0.632338
1.250617 -0.871264 -0.650713
-3.563980 0.550518 -0.573162
-3.301476 0.743938 -0.560947
0.092646 0.890532 -0.625575
-0.647269 1.298612 -0.700357
-1.321803 1.502789 -0.605847
-0.684084 -1.694712 -0.259706
-0.656933 -1.687547 -0.238724
0.089251 -1.589655 -0.231888
-0.796279 -1.420023 -0.320304
-0.006650 -1.448046 -0.353547
0.136064 -1.440820 -0.358967
-0.879255 -1.166384 -0.363530
-1.012019 -0.851900 -0.376080
-0.961914 -0.947854 -0.414709
-1.099985 -0.653925 -0.371279
-1.183047 -0.476013 -0.395478
0.956468 -0.393976 -0.476047
1.077042 0.082252 -0.377867
1.403963 0.104494 -0.467033
0.869787 0.456658 -0.418801
-2.190342 0.804831 -0.448765
-2.056290 1.047817 -0.399961
-1.750297 1.341765 -0.494395
-1.454623 1.439832 -0.478983
-1.407786 1.466642 -0.487596
-1.416758 1.997317 -0.593368
-1.319689 2.053550 -0.594616
1.554251 -4.047142 0.055534
1.257820 -2.735308 0.008602
-0.038222 -1.484306 -0.135999
0.142458 -1.497317 -0.119602
-0.811227 -1.299531 -0.106974
-0.013029 -1.444973 -0.199095
1.726165 -1.291875 -0.079892
-0.847455 -1.190231 -0.196571
-1.023008 -0.795562 -0.093588
0.820532 -0.684429 -0.218389
1.395014 -0.730418 -0.226409
-1.104890 -0.628066 -0.167745
1.009512 -0.580478 -0.234255
1.223993 -0.497932 -0.188175
1.312830 -0.512721 -0.176945
1.239399 -0.349476 -0.187194
1.062587 0.027096 -0.163531
1.389512 0.005626 -0.286406
0.966663 0.341461 -0.121422
0.875302 0.458189 -0.223761
0.759840 0.716745 -0.276290
0.639937 1.050628 -0.298777
0.722752 0.880838 -0.288567
-1.870848 1.274398 -0.228900
1.979856 -0.610221 -0.081490
1.102977 0.059600 -0.088094
0.913194 0.199446 -0.088508
0.751221 0.388613 -0.099382
-0.482579 -2.128512 -0.630407
-0.682286 -1.589136 -0.531336
-0.627203 -1.645436 -0.540218
-0.770157 -1.350451 -0.538882
2.104292 -1.165755 -0.677382
-0.494527 -1.006620 -0.534982
1.211315 -0.874520 -0.670662
-0.906373 -0.846972 -0.621598
1.092900 0.122219 -0.655958
-3.556517 0.527376 -0.603517
-3.511235 0.633234 -0.673797
-3.324337 0.730795 -0.586524
-1.345494 1.530118 -0.615470
-0.658956 -1.665895 -0.326680
-0.627494 -1.648909 -0.303993
0.144735 -1.434577 -0.404863
0.989407 -1.367105 -0.547589
-0.782799 -1.373464 -0.398626
0.006255 -1.391449 -0.388386
0.077030 -1.390715 -0.413301
-0.861984 -1.126631 -0.405775
-1.026089 -0.835803 -0.432971
-0.946926 -0.954519 -0.486855
-1.085214 -0.634510 -0.412758
1.305477 -0.426141 -0.399861
-1.179235 -0.456401 -0.417740
1.084660 0.147950 -0.468277
1.364530 0.170172 -0.436435
0.155395 0.554197 -0.550963
0.863209 0.539997 -0.415452
-2.131259 0.927361 -0.476056
-2.050512 1.011598 -0.372540
-1.950170 1.272702 -0.450752
-1.681090 1.383316 -0.496661
-1.451793 1.468932 -0.470718
-1.420547 1.493299 -0.472251
-1.344301 1.534280 -0.482996
-1.479857 2.052055 -0.569614
-1.373712 2.058249 -0.560133
1.668653 -3.991375 -0.006062
1.692969 -2.933671 -0.060791
1.067015 -2.387334 -0.215280
-0.611456 -1.676232 -0.100332
-0.009785 -1.435909 -0.199236
0.156679 -1.443811 -0.175197
-0.785145 -1.319949 -0.215582
0.012152 -1.401698 -0.229954
-0.825898 -1.154898 -0.253610
1.544214 -0.906164 -0.218396
-1.026724 -0.776104 -0.120031
0.790999 -0.646531 -0.248569
1.413223 -0.683354 -0.222129
-1.100207 -0.619098 -0.211947
-0.913571 -0.684638 -0.240653
1.239940 -0.388590 -0.165211
1.309282 -0.433177 -0.181946
1.217564 -0.280133 -0.149435
1.254147 -0.291058 -0.237653
1.051754 0.088513 -0.134797
1.382903 0.072994 -0.283035
0.940975 0.383296 -0.188888
0.862800 0.530928 -0.256889
0.765789 0.777171 -0.267911
0.691934 0.978867 -0.274923
-2.048988 0.992399 -0.230925
-1.977085 1.292514 -0.256426
0.777548 3.041081 -0.201978
1.108289 0.146937 -0.101643
0.884009 0.244490 -0.087079
0.865735 0.501823 -0.100244
-0.423353 -2.031189 -0.651869
-0.707323 -1.584205 -0.566302
0.985552 -1.580344 -0.676677
-0.763343 -1.446328 -0.546207
0.905871 -0.997042 -0.639562
0.987149 -0.812746 -0.606204
-3.550287 0.515171 -0.606402
-3.559184 0.635625 -0.686855
-3.324154 0.720778 -0.592054
-0.582374 -1.817553 -0.359105
-0.705956 -1.590886 -0.336026
-0.641020 -1.674097 -0.316374
0.129288 -1.441893 -0.436824
-0.809557 -1.350262 -0.410118
0.004334 -1.421285 -0.447611
0.147957 -1.413816 -0.450130
-0.859129 -1.149718 -0.429085
-1.017020 -0.847151 -0.453041
-0.942812 -1.003440 -0.485221
-1.094103 -0.658751 -0.427240
1.306188 -0.444019 -0.407666
-1.188242 -0.472457 -0.431303
1.087143 0.139750 -0.417533
1.046484 0.138582 -0.622676
0.148148 0.550145 -0.592169
-2.119958 0.909539 -0.525673
-2.084867 0.993371 -0.459137
-1.906241 1.287111 -0.440145
-1.593754 1.389323 -0.507373
-1.326153 1.531833 -0.497589
-1.290053 2.079337 -0.568240
1.031402 -2.393540 -0.244915
-0.628976 -1.670769 -0.132160
-0.043960 -1.480858 -0.174739
0.149870 -1.493802 -0.283577
-0.019958 -1.419128 -0.259642
0.117415 -1.412094 -0.145089
1.412511 -0.843491 -0.160178
-1.020049 -0.809316 -0.188635
0.761719 -0.687556 -0.248142
0.878230 -0.640322 -0.263906
1.367093 -0.653241 -0.222260
-1.104836 -0.656866 -0.212067
1.246036 -0.361557 -0.127550
1.304658 -0.454436 -0.231708
1.213182 -0.279886 -0.168755
1.250091 -0.326654 -0.285377
1.057329 0.118436 -0.210184
0.883796 0.366059 -0.180147
0.851945 0.510035 -0.288808
0.753129 0.753127 -0.278689
0.693878 0.921860 -0.309343
0.602962 2.917527 -0.211150
1.241052 -0.371154 -0.112110
1.098829 0.125521 -0.118040
0.886293 0.244892 -0.114086
1.103405 0.156355 -0.113142
0.865938 0.456338 -0.121963
0.963689 -1.668829 -0.618791
-0.712297 -1.609811 -0.535060
-0.795146 -1.417335 -0.500451
-0.871503 -1.295186 -0.501135
0.975951 -1.059881 -0.664686
-1.016237 -0.919669 -0.582223
-1.114026 -0.739572 -0.582496
-1.219564 -0.526739 -0.586743
0.159032 0.553047 -0.642190
-0.616691 -1.828996 -0.323054
-0.724481 -1.596747 -0.289697
-0.034151 -1.506184 -0.389022
0.190035 -1.505794 -0.415592
-0.768460 -1.505572 -0.326441
-0.022896 -1.462543 -0.318060
0.094890 -1.470547 -0.406027
-0.870586 -1.228862 -0.370639
-1.021214 -0.915190 -0.390877
1.386802 -0.654893 -0.340823
-1.113018 -0.701530 -0.382285
1.179339 -0.430459 -0.418149
1.343446 -0.532346 -0.349381
-1.202062 -0.532194 -0.373406
1.075398 0.091850 -0.432811
1.359998 0.079569 -0.384070
-3.485188 0.565584 -0.472468
-3.144702 0.721742 -0.448868
0.608167 1.017942 -0.440423
-2.104553 1.054042 -0.421641
-1.854441 1.253911 -0.475238
-1.566453 1.376186 -0.383384
-1.450601 1.410170 -0.595334
-1.339859 1.507087 -0.380698
-1.307332 2.046855 -0.485308
1.656393 -4.016964 -0.097158
1.829655 -3.956624 0.066177
0.564458 -1.913144 -0.078559
-0.703693 -1.606138 -0.145825
-0.617442 -1.733625 -0.089714
-0.000217 -1.496955 -0.157754
0.167120 -1.508324 -0.166737
-0.012775 -1.468480 -0.187411
0.101157 -1.463527 -0.050277
-0.719037 -1.151278 -0.193378
-1.034671 -0.865613 -0.199678
-0.635929 -0.921982 -0.086707
0.738505 -0.793171 -0.231948
0.766581 -0.724821 -0.228688
1.393486 -0.780711 -0.095602
-1.085355 -0.735515 -0.183656
-0.981716 -0.746214 -0.137195
0.983414 -0.588062 -0.232055
1.230744 -0.419687 -0.141216
1.301107 -0.499545 -0.165883
1.197299 -0.307237 -0.170236
1.048650 0.107106 -0.189820
1.342175 0.026685 -0.343597
1.030166 0.124003 -0.104214
0.830388 0.462807 -0.248574
0.738144 0.693343 -0.275352
0.655197 0.913697 -0.328533
-2.117032 0.956470 -0.214233
0.565599 1.117401 -0.344084
-1.410061 2.021619 -0.181782
6.675335 2.670697 -0.416222
0.830575 0.517500 -0.106889
-0.742229 -1.532695 -0.616575
0.249533 -1.521021 -0.570965
0.574356 -1.604699 -0.643100
-0.820178 -1.336846 -0.583553
1.187691 -1.200653 -0.593219
1.008427 -0.913078 -0.680114
1.499510 -0.959594 -0.593166
1.717824 -0.916461 -0.650185
-1.023998 -0.861889 -0.594939
-0.933043 -0.938168 -0.589069
1.080771 -0.847863 -0.692793
1.712943 -0.769560 -0.636911
-1.108852 -0.692682 -0.611648
-1.208063 -0.490928 -0.611662
1.023618 0.114125 -0.664685
-2.924163 0.228189 -0.722098
-2.882198 0.432508 -0.731918
-1.726855 1.323821 -0.670495
-1.426883 1.509036 -0.658747
-0.630058 -1.758189 -0.402818
-0.710975 -1.579016 -0.402245
-0.651367 -1.720474 -0.393357
-0.049844 -1.471417 -0.370549
0.159151 -1.474769 -0.415803
-0.785479 -1.407183 -0.366781
-0.022019 -1.412832 -0.306802
-0.865417 -1.175740 -0.364778
-1.026833 -0.834844 -0.449157
-0.961103 -0.881336 -0.514085
-0.716378 -0.933583 -0.466325
1.017403 -0.812226 -0.445471
-1.114138 -0.652126 -0.407632
-1.177166 -0.510751 -0.456984
1.064767 0.138083 -0.482830
-3.586122 0.519533 -0.481427
-3.283695 0.700275 -0.462495
-2.106566 0.946978 -0.548476
-1.996453 1.249835 -0.581490
-1.467769 1.451735 -0.644713
-1.497555 1.991453 -0.529157
-1.479349 1.986937 -0.435281
1.474273 -4.077038 0.019994
1.451697 -4.039678 -0.072883
1.719995 -3.964967 -0.070339
-0.623820 -1.741266 -0.174291
-0.686916 -1.606380 -0.191104
-0.646125 -1.727025 -0.170743
-0.005488 -1.464035 -0.155886
0.121247 -1.465221 -0.157275
-0.779951 -1.426898 -0.177446
-0.040665 -1.424089 -0.274411
0.191497 -1.410553 -0.145875
-0.754761 -1.205839 -0.164816
-1.021383 -0.830169 -0.168159
-0.647656 -0.871582 -0.142178
0.817736 -0.651438 -0.248759
1.359581 -0.633004 -0.145890
-1.098685 -0.696021 -0.196826
0.920045 -0.562546 -0.240389
1.212869 -0.351180 -0.146191
1.285322 -0.456787 -0.203131
1.182437 -0.267575 -0.169386
1.224475 -0.269498 -0.264207
1.034127 0.111152 -0.230208
0.858299 0.394022 -0.202602
0.826245 0.528176 -0.329777
0.726667 0.754810 -0.346442
0.577562 1.107300 -0.384408
0.668929 0.911403 -0.356040
-1.473421 1.444370 -0.377197
-1.374187 2.071108 -0.185244
0.633254 2.997056 -0.247077
1.090755 0.125152 -0.099298
0.894077 0.259977 -0.103186
0.851475 0.480673 -0.119592
-0.723409 -1.591299 -0.611617
1.031518 -1.559678 -0.666611
-0.792752 -1.417908 -0.585876
1.244819 -1.273828 -0.617931
1.725718 -1.191977 -0.684139
-0.873619 -1.226486 -0.587134
0.988241 -1.048237 -0.701425
-0.998290 -0.879184 -0.608820
-0.909571 -0.995970 -0.592933
1.078712 -0.885238 -0.697012
1.826092 -0.847880 -0.688006
-1.092190 -0.694153 -0.616472
-1.188566 -0.508799 -0.629097
-2.881968 0.190196 -0.750009
0.124551 0.509362 -0.698721
-2.834242 0.391990 -0.763141
0.185039 0.547807 -0.735364
-2.717365 0.571801 -0.762973
-1.687978 1.303018 -0.738092
-1.424113 1.422180 -0.715382
-1.375691 1.444295 -0.718171
-0.609098 -1.825282 -0.396486
-0.694853 -1.652606 -0.375344
-0.021723 -1.516797 -0.434772
0.205267 -1.537891 -0.398861
-0.776530 -1.423363 -0.373896
-0.022715 -1.459604 -0.353992
0.110567 -1.477285 -0.473980
-0.849549 -1.242675 -0.351866
0.982507 -0.938394 -0.497268
-1.010962 -0.877998 -0.483060
-0.945162 -0.981078 -0.531835
-1.074887 -0.695539 -0.435010
-1.139227 -0.532325 -0.480852
1.106384 0.083353 -0.557550
1.362438 0.003811 -0.421401
-3.406523 0.624132 -0.511265
-3.079542 0.775867 -0.494783
0.061281 0.908219 -0.583915
-2.102259 0.909048 -0.581342
-1.989476 1.211642 -0.620270
-1.346574 2.016000 -0.512955
1.410994 -4.128587 -0.011478
1.497281 -4.095093 -0.000729
1.731411 -3.982908 -0.019605
0.757692 -2.014505 -0.227704
-0.691504 -1.594715 -0.186938
-0.594033 -1.722075 -0.163821
-0.001674 -1.501330 -0.153392
0.165121 -1.504746 -0.176596
0.001514 -1.464855 -0.212387
-0.760764 -1.266709 -0.205066
1.540859 -1.005406 -0.220633
-0.998891 -0.850073 -0.203498
-0.646865 -0.915572 -0.171033
0.766143 -0.808847 -0.297020
1.417438 -0.807276 -0.171271
-1.067051 -0.701642 -0.210321
-0.644576 -0.747966 -0.177122
0.968892 -0.620375 -0.265579
1.250837 -0.438779 -0.175537
1.330138 -0.546073 -0.228715
1.208019 -0.319730 -0.214543
1.280312 -0.373612 -0.315815
1.065831 0.016710 -0.217927
0.859492 0.457335 -0.337443
0.772789 0.682655 -0.378637
-2.221817 0.755655 -0.261630
0.680815 0.940756 -0.428967
-2.071393 0.895867 -0.255101
-1.391348 2.023560 -0.255217
0.754211 3.005034 -0.363578
1.122374 0.089924 -0.154577
0.911044 0.187428 -0.148386
1.064388 0.129431 -0.146677
0.916689 0.391334 -0.176951
6.790387 2.653976 -0.386300
5.779070 -3.610456 -0.934918
0.231032 -1.528365 -0.585585
0.731514 -1.464012 -0.656887
0.877199 -1.418101 -0.654567
-0.827299 -1.317440 -0.627035
-0.665895 -1.419625 -0.629380
-0.014374 -1.435265 -0.544155
0.962369 -1.360137 -0.658269
1.192965 -1.272496 -0.651407
1.117739 -1.067174 -0.588679
1.538122 -1.046879 -0.655918
1.605563 -0.936032 -0.661026
-1.021403 -0.801284 -0.609075
-0.956837 -0.928124 -0.595319
-1.103991 -0.630951 -0.609791
-1.190445 -0.455073 -0.611096
-1.664005 -0.153812 -0.732347
-3.274648 0.359735 -0.786752
-2.924201 0.394480 -0.781542
-0.697336 -1.602530 -0.418721
-0.122517 -1.486285 -0.350248
-0.812292 -1.319419 -0.395051
-0.011989 -1.414072 -0.364580
-0.874881 -1.122582 -0.422265
0.880194 -1.109504 -0.537545
-1.024991 -0.809548 -0.477697
-0.972623 -0.872823 -0.568805
1.398434 -0.681205 -0.379364
-1.103213 -0.631654 -0.460230
1.355899 -0.559227 -0.367905
-1.180439 -0.454665 -0.480959
1.094621 0.097540 -0.504168
1.418230 0.082113 -0.567723
-2.225086 0.803280 -0.622584
0.584082 1.164093 -0.429838
-2.028286 1.241690 -0.662762
-1.666080 1.363154 -0.655378
-1.519659 1.430995 -0.504516
-1.449597 1.472302 -0.639973
-1.375953 1.501672 -0.636854
-1.359874 2.049830 -0.603461
1.209885 -4.124564 0.048198
1.488100 -4.046045 0.045459
1.693282 -3.959929 0.018515
-0.608762 -1.824564 -0.232967
-0.727285 -1.544588 -0.214909
-0.030612 -1.466263 -0.174609
0.125593 -1.459899 -0.176313
1.687708 -1.413893 -0.072704
-0.792836 -1.348439 -0.215874
-0.012727 -1.412134 -0.199122
-1.037803 -0.788525 -0.223305
0.749158 -0.724550 -0.269902
1.388928 -0.656198 -0.233975
-1.105583 -0.648305 -0.236356
1.218005 -0.443117 -0.212881
1.287196 -0.472942 -0.150498
1.216117 -0.291591 -0.164133
1.253639 -0.320005 -0.246068
1.097538 0.115680 -0.311552
0.917714 0.366939 -0.135863
0.873154 0.482772 -0.288934
0.753316 0.746151 -0.312181
0.676680 0.980656 -0.372470
0.545511 1.211300 -0.250436
-1.683231 1.399931 -0.311949
6.729462 2.559434 -0.232324
1.085651 0.139169 -0.112700
0.895811 0.219378 -0.107569
1.059086 0.158908 -0.098055
0.736380 0.446561 -0.120560
0.246006 -2.894819 -0.616129
-0.632976 -1.527525 -0.648992
-0.032586 -1.451545 -0.546782
0.160723 -1.521147 -0.565459
-0.784634 -1.403430 -0.586027
1.075975 -1.140872 -0.603695
-0.916988 -1.133445 -0.575150
0.704405 -1.006184 -0.679880
0.805408 -0.976257 -0.666916
1.028543 -0.978249 -0.553101
1.439704 -0.955228 -0.625231
-1.016479 -0.820921 -0.564605
0.912163 -0.846872 -0.662975
-1.101614 -0.675372 -0.569882
-1.213784 -0.409527 -0.594173
-3.314330 0.492124 -0.800866
-3.453509 0.663347 -0.772340
-3.097942 0.813546 -0.720836
-2.100070 1.230034 -0.680074
-0.593103 -1.848757 -0.508667
-0.737622 -1.581843 -0.437877
-0.696162 -1.566840 -0.342446
-0.144507 -1.487045 -0.355238
0.119025 -1.484525 -0.357580
-0.838524 -1.328159 -0.414995
-0.029993 -1.410403 -0.333951
0.045080 -1.419930 -0.363217
-0.903674 -1.151206 -0.416055
-1.042012 -0.826261 -0.464979
-0.976607 -0.954842 -0.546129
-0.726159 -0.905730 -0.432428
1.345889 -0.620565 -0.324544
-1.111063 -0.651357 -0.440423
1.334216 -0.523558 -0.338623
-1.207915 -0.469969 -0.488316
1.046626 0.117549 -0.490744
1.384766 0.075351 -0.397358
0.733581 0.730927 -0.351648
0.603889 1.099275 -0.393167
0.682783 0.870209 -0.365397
-2.135562 0.914392 -0.597477
-1.662155 1.359305 -0.574050
-1.504236 1.474355 -0.571211
-1.401339 1.498509 -0.554549
-1.329851 2.094776 -0.539855
1.411756 -4.057136 0.006487
1.685767 -3.964924 0.000029
1.738605 -3.948522 0.014993
2.221013 -3.729390 -0.016578
-0.549147 -1.990277 -0.043311
-0.609529 -1.835135 -0.262417
0.512567 -1.846058 -0.083530
-1.953116 -1.770332 -0.062368
-0.733893 -1.576281 -0.213781
-0.688424 -1.637729 -0.244178
-0.038773 -1.461775 -0.177042
0.108338 -1.473327 -0.177813
-0.815371 -1.378621 -0.227819
1.586994 -1.190540 -0.054912
-0.774705 -1.139626 -0.198817
-1.033115 -0.796260 -0.164643
0.792024 -0.664686 -0.237981
1.388161 -0.686657 -0.200735
-1.112673 -0.674133 -0.205844
-0.711239 -0.681864 -0.196806
1.215201 -0.397834 -0.131910
1.258613 -0.466969 -0.134055
1.181028 -0.281572 -0.116314
1.223200 -0.314396 -0.160282
1.052400 0.076947 -0.133497
0.840864 0.492955 -0.235617
0.718595 0.709462 -0.196903
0.659648 0.943293 -0.259777
-2.043970 1.226388 -0.363906
-1.828983 1.348934 -0.375430
6.707302 2.667418 -0.120398
0.522936 2.920320 -0.170385
1.025416 0.125715 -0.061995
0.859889 0.219228 -0.061974
0.814737 0.541698 -0.086491
-0.713635 -1.552005 -0.556247
0.262513 -1.537535 -0.569092
-0.803916 -1.321189 -0.526527
-0.024703 -1.445918 -0.541291
1.005793 -1.249695 -0.624937
1.168439 -1.238150 -0.621992
1.271950 -0.971303 -0.600410
1.482529 -0.892358 -0.657019
-0.854635 -0.903047 -0.636892
-1.040527 -0.698897 -0.560509
-3.397567 0.653147 -0.687187
-3.052140 0.803132 -0.651114
-1.965669 1.242197 -0.701563
-0.594206 -1.791081 -0.358396
-0.683672 -1.585219 -0.373433
-0.093166 -1.496177 -0.365354
0.105959 -1.450663 -0.333982
-0.773909 -1.400144 -0.401768
-0.000611 -1.429825 -0.345139
0.136390 -1.432700 -0.360234
-0.879157 -1.115413 -0.397928
0.963012 -0.952921 -0.540031
-0.997739 -0.837686 -0.444561
-0.873835 -0.963960 -0.430641
-1.078672 -0.661256 -0.430355
1.403992 -0.573837 -0.364730
-1.176913 -0.473863 -0.476440
1.105287 0.121198 -0.359582
1.393490 0.086129 -0.422609
1.060658 0.139705 -0.444891
0.872569 0.484589 -0.377549
0.787591 0.698181 -0.401128
-2.147939 0.819120 -0.448334
0.711040 0.916658 -0.429982
-2.090690 0.904469 -0.555922
-2.066694 0.998152 -0.382440
-1.998674 1.232194 -0.449916
-1.612553 1.344855 -0.550348
-1.421962 1.478420 -0.568617
-1.344092 1.499542 -0.545876
-1.446575 1.989850 -0.644864
-1.350806 2.031560 -0.633748
1.693527 -3.988635 0.101026
1.718628 -3.005628 0.030331
-0.722728 -1.503116 -0.216704
0.000639 -1.469615 -0.152701
0.171134 -1.476047 -0.149517
-0.767950 -1.413080 -0.216532
0.008243 -1.421953 -0.189214
1.609077 -1.094365 -0.140043
-0.704570 -1.026620 -0.075752
-1.011965 -0.813700 -0.170002
1.402379 -0.703017 -0.153014
-1.691725 -0.744241 -0.053721
-1.079934 -0.672976 -0.213210
1.255576 -0.431249 -0.159203
1.330487 -0.497473 -0.226451
-1.155090 -0.521151 -0.283019
1.216697 -0.287992 -0.151074
1.040829 0.044211 -0.106874
0.946699 0.373023 -0.172789
1.072823 0.158368 -0.332207
0.849285 0.524606 -0.236231
0.735352 0.728794 -0.244506
-2.143148 0.837996 -0.225111
-2.074017 0.907483 -0.300491
-2.066814 1.185396 -0.257105
1.114947 0.126961 -0.084776
0.917111 0.206345 -0.083812
-0.462425 -2.087479 -0.629277
-0.338650 -2.180501 -0.637792
-0.751909 -1.530435 -0.549256
-0.649468 -1.723540 -0.576768
-0.773769 -1.487368 -0.533926
2.364395 -1.212432 -0.602339
-0.893421 -1.235832 -0.538389
0.980220 -1.111507 -0.658194
1.141955 -0.849857 -0.602786
-3.651332 0.491004 -0.675842
-3.585800 0.600350 -0.745620
-3.417500 0.701960 -0.654065
-3.276490 0.772347 -0.699775
-3.066469 0.847383 -0.610515
0.141665 0.963497 -0.595174
-2.034272 1.235064 -0.667728
-0.729023 -1.606130 -0.316062
0.140128 -1.471312 -0.402620
0.315479 -1.573847 -0.510883
-0.826204 -1.361555 -0.464478
-0.033183 -1.417288 -0.379573
0.058445 -1.420557 -0.401487
0.964150 -1.364731 -0.512776
-0.897903 -1.133557 -0.423307
-1.027137 -0.852808 -0.472312
-0.901128 -0.942674 -0.450976
-0.727146 -0.915286 -0.384440
-1.101059 -0.657914 -0.419819
1.357906 -0.560781 -0.355796
-1.203431 -0.459915 -0.460940
1.079870 0.088041 -0.369075
1.402201 0.056719 -0.375645
1.077049 0.135509 -0.348293
-2.202450 0.784387 -0.422233
-2.106083 0.937488 -0.509029
-2.073009 1.055703 -0.395158
-1.928141 1.287008 -0.362047
-1.556092 1.414444 -0.483827
-1.333347 1.533157 -0.475182
-1.440746 2.014545 -0.533175
-1.296288 2.076413 -0.556627
1.384866 -4.099508 0.022953
1.658236 -3.996823 0.028542
-0.734821 -1.622473 -0.248300
-0.055741 -1.477148 -0.185350
0.108996 -1.498876 -0.173128
-0.808533 -1.377028 -0.237107
-0.018777 -1.419328 -0.259791
0.075301 -1.437471 -0.108088
-0.749853 -1.087765 -0.143544
1.538398 -1.104676 -0.123836
-1.028755 -0.811420 -0.149916
1.369328 -0.741492 -0.147361
-1.103493 -0.654428 -0.193713
-0.702782 -0.685952 -0.180247
1.223046 -0.460187 -0.138683
1.260521 -0.493190 -0.120785
-1.187734 -0.512668 -0.270973
1.193884 -0.335809 -0.123025
1.242002 -0.353477 -0.158136
1.026706 0.056287 -0.060653
1.365364 0.017318 -0.182682
0.923450 0.336123 -0.070307
0.841667 0.482360 -0.183037
0.735133 0.695078 -0.185252
-1.926322 1.271303 -0.275233
-1.778152 1.356655 -0.262297
0.827822 3.022645 -0.140809
1.084779 0.099944 -0.041094
0.890107 0.175431 -0.040631
-0.155948 0.994675 -1.489039
-0.336381 -2.060770 -0.650753
0.928762 -1.722929 -0.685488
-0.744750 -1.540773 -0.565213
-0.841126 -1.324329 -0.536331
0.303343 -1.288914 -0.689647
0.723769 -1.099103 -0.656198
0.910497 -1.115747 -0.725257
-1.116616 -0.628307 -0.636876
1.070502 0.089418 -0.644484
-3.584742 0.547956 -0.529445
0.169867 0.565811 -0.617753
-3.453334 0.709649 -0.562339
-3.206281 0.820816 -0.570837
0.162443 0.995532 -0.632452
-0.592776 -1.849426 -0.381228
-0.725563 -1.580581 -0.312214
-0.656108 -1.671224 -0.335611
-0.108913 -1.474927 -0.301902
0.235690 -1.495813 -0.469468
-0.805605 -1.379498 -0.380752
-0.025069 -1.432015 -0.462940
0.066294 -1.410250 -0.461924
-0.888527 -1.136155 -0.409120
-1.024178 -0.840499 -0.446863
-0.866423 -0.926078 -0.446597
1.439890 -0.751340 -0.540055
-1.097341 -0.637292 -0.422558
1.359313 -0.571726 -0.418564
-1.191005 -0.439378 -0.437052
1.082269 0.079766 -0.454946
1.378228 0.073007 -0.490064
1.095342 0.129928 -0.438728
-3.027316 0.901018 -0.496080
-2.087048 0.986749 -0.445716
-2.055718 1.037385 -0.422269
-1.925734 1.307015 -0.454448
-1.526741 1.429415 -0.495574
-1.414435 1.513038 -0.447028
-1.315423 1.533927 -0.436488
-1.391907 2.048328 -0.516234
-1.284382 2.085713 -0.524447
-0.660713 -1.705432 -0.147982
-0.013853 -1.455544 -0.217803
0.102180 -1.494933 -0.248836
-0.816804 -1.327842 -0.253204
-0.030003 -1.418651 -0.287261
1.521080 -0.956223 -0.275975
-1.025225 -0.780477 -0.224359
0.743324 -0.727644 -0.292367
1.395208 -0.726299 -0.280147
-1.103403 -0.641758 -0.236837
-0.668466 -0.668866 -0.239192
0.884596 -0.642262 -0.256486
1.244184 -0.457404 -0.200086
1.320681 -0.545364 -0.273645
1.229765 -0.341225 -0.234619
1.262550 -0.363883 -0.219675
1.077242 0.104489 -0.313230
0.953064 0.329245 -0.138722
0.857484 0.503083 -0.268566
0.792878 0.703997 -0.278580
0.665117 1.080167 -0.343234
0.731035 0.935143 -0.330103
6.838974 2.312447 -0.397210
1.114996 0.080151 -0.128561
0.940316 0.257029 -0.127323
1.109443 0.132018 -0.134830
1.235772 0.194785 -0.139796
0.890645 0.425030 -0.135085
6.853011 2.518171 -0.372853
-0.433713 -2.035813 -0.756566
-0.666443 -1.657655 -0.682170
-0.770549 -1.473583 -0.647114
-0.844865 -1.312406 -0.639958
0.949063 -1.102083 -0.706996
1.024740 -0.895770 -0.659148
-1.059697 -0.747579 -0.739820
0.170913 0.506368 -0.669652
-3.480736 0.490689 -0.762554
-3.265317 0.620570 -0.763688
0.496909 -1.898004 -0.408593
-0.655968 -1.669924 -0.430128
-0.606721 -1.822656 -0.463970
-0.110099 -1.580717 -0.399072
0.237777 -1.542668 -0.563207
-0.745101 -1.531531 -0.466637
0.032296 -1.505056 -0.546666
0.110799 -1.506995 -0.520576
-0.846617 -1.259252 -0.505311
-0.979116 -0.965061 -0.558102
-0.835251 -1.051999 -0.553973
1.481533 -0.773565 -0.545364
-1.062489 -0.764752 -0.551942
1.267991 -0.578933 -0.404408
-1.167680 -0.572617 -0.551571
1.102462 0.043377 -0.467735
-3.077675 0.701794 -0.677382
-2.042693 0.932333 -0.617847
-1.796815 1.220413 -0.556292
-1.512498 1.323308 -0.643124
-1.468333 1.371643 -0.546470
-1.363815 1.419160 -0.537333
-1.284759 1.994581 -0.570209
1.262162 -2.485021 -0.111183
-0.667888 -1.686994 -0.243559
0.003257 -1.547024 -0.287136
0.176300 -1.563940 -0.314274
-0.723098 -1.586302 -0.380692
0.023988 -1.520323 -0.312409
-0.865783 -1.266643 -0.385868
1.522304 -1.059764 -0.172091
-0.997821 -0.935230 -0.308666
-0.611673 -0.959106 -0.213671
0.773797 -0.777384 -0.323260
1.441389 -0.832158 -0.231451
-1.073651 -0.775118 -0.351843
0.924429 -0.698866 -0.297207
1.271661 -0.514945 -0.156388
1.318136 -0.542515 -0.246816
1.226363 -0.378019 -0.219699
0.885804 0.267563 -0.148288
1.085025 0.059971 -0.143759
0.892390 0.403006 -0.315568
0.780487 0.623961 -0.270927
0.622267 0.982598 -0.289362
0.721715 0.827964 -0.335590
0.641561 1.050098 -0.356068
1.660873 -4.091601 -0.075183
1.784281 -3.127986 -0.092795
1.093587 0.050837 -0.142095
1.062405 0.083030 -0.139321
0.820448 0.410931 -0.142977
-1.079373 4.346621 -5.744385
-0.666437 -1.684664 -0.674014
1.368939 -1.424840 -0.778903
-0.757299 -1.485185 -0.626047
-0.837475 -1.319569 -0.619094
-1.080396 -0.759613 -0.725667
1.104570 0.030666 -0.735802
1.400878 0.054449 -0.745961
-3.532547 0.418626 -0.685562
-3.449347 0.539359 -0.611039
-3.293550 0.614119 -0.663870
-0.583886 -1.853334 -0.454518
0.527392 -1.935465 -0.442417
-0.637785 -1.667583 -0.409224
-0.092622 -1.574564 -0.403921
0.173188 -1.542080 -0.546873
-0.739004 -1.495894 -0.476417
0.034998 -1.513581 -0.493951
-0.848570 -1.209716 -0.544210
-0.969923 -0.940147 -0.532797
-0.930906 -1.006808 -0.560436
1.442152 -0.732844 -0.537955
-1.067128 -0.733296 -0.522182
-1.153762 -0.564539 -0.488132
1.090447 0.045961 -0.533527
-3.102794 0.697526 -0.583927
-2.149771 0.739934 -0.604479
0.129075 0.899585 -0.696956
-2.054678 0.905945 -0.510970
-1.960253 1.156663 -0.517357
-1.458625 1.360192 -0.521532
-1.457032 1.382481 -0.577585
-1.236990 2.006912 -0.527833
1.291553 -2.474366 -0.163044
0.048695 -1.547474 -0.304258
0.200318 -1.575540 -0.270927
-0.700455 -1.578273 -0.358278
-0.003844 -1.519276 -0.374098
-0.842055 -1.254659 -0.360384
1.508474 -0.976457 -0.270140
-0.985513 -0.899925 -0.281607
-0.621844 -0.977199 -0.216800
0.790117 -0.891081 -0.372547
0.876058 -0.743335 -0.358804
1.419758 -0.742713 -0.317138
-1.062783 -0.756115 -0.322868
0.907280 -0.671003 -0.332502
1.267607 -0.500617 -0.284381
1.330722 -0.578851 -0.249692
-1.115747 -0.601853 -0.353886
1.256131 -0.379260 -0.308656
1.094831 0.026986 -0.213485
1.393741 -0.027784 -0.445508
0.901501 0.386323 -0.325673
0.796547 0.631280 -0.357149
0.631734 0.861618 -0.329924
0.702017 0.884913 -0.402758
0.915413 0.140656 -0.188195
0.912409 0.388192 -0.203671
-0.689318 -1.677393 -0.583306
1.012002 -1.600109 -0.693741
-0.753502 -1.514600 -0.651358
0.510063 -1.261848 -0.714824
-0.872865 -1.235473 -0.625106
0.985901 -1.096286 -0.721282
1.067658 -0.981013 -0.717240
1.562461 -1.013514 -0.616952
-0.990708 -0.959107 -0.685377
1.052360 -0.863706 -0.682018
1.785212 -0.817517 -0.657627
-1.098948 -0.737962 -0.681007
-1.205862 -0.532392 -0.680129
0.099196 0.472404 -0.659275
0.113931 0.521762 -0.694829
-1.694336 1.295751 -0.787145
-0.669507 -1.690731 -0.471947
-0.037121 -1.566675 -0.442090
0.129203 -1.520787 -0.520661
-0.790375 -1.415426 -0.439032
0.005271 -1.502485 -0.399125
-0.857376 -1.265683 -0.479019
-0.998151 -0.952335 -0.493087
-1.088933 -0.752585 -0.466595
-1.196302 -0.552201 -0.485175
1.089195 0.056613 -0.467456
1.351145 -0.000006 -0.388067
1.058918 0.081439 -0.487347
0.088811 0.409630 -0.597121
-3.568475 0.467463 -0.586912
-3.246430 0.641265 -0.557573
0.620213 1.020440 -0.464757
-1.837427 1.222335 -0.595286
-1.369169 1.988830 -0.528193
1.521654 -4.106649 -0.092152
1.750118 -4.018000 -0.156224
-0.659079 -1.693926 -0.242480
-0.579841 -1.769947 -0.227818
0.023611 -1.541902 -0.206601
0.150281 -1.562214 -0.205769
-0.753328 -1.480556 -0.302115
0.003883 -1.502113 -0.322623
-0.997662 -0.894823 -0.237482
-0.645749 -0.961629 -0.209873
0.766190 -0.845340 -0.295643
0.790291 -0.759453 -0.300249
1.385344 -0.743076 -0.173276
-1.075033 -0.756991 -0.271437
0.926618 -0.653734 -0.258241
1.239079 -0.466561 -0.211886
1.313442 -0.550198 -0.217933
1.205627 -0.367278 -0.160056
1.249550 -0.345461 -0.307536
1.056813 0.018724 -0.206204
1.389536 -0.002859 -0.331838
0.928700 0.306377 -0.142855
0.054891 0.474437 -0.316830
0.851795 0.427284 -0.268812
0.752548 0.671362 -0.335966
-2.199336 0.653211 -0.192702
0.668503 0.886316 -0.375701
0.585057 1.101731 -0.393514
-1.433955 1.367746 -0.428773
-1.352986 1.978919 -0.221297
0.671561 2.952926 -0.251355
0.883578 0.163914 -0.120859
1.097207 0.100532 -0.131768
0.820025 0.459898 -0.144530
-0.176337 0.902355 -1.466552
0.687918 -1.543224 -0.751474
-0.805832 -1.355973 -0.639599
-0.891242 -1.172722 -0.641160
1.548737 -0.987899 -0.757919
-1.025895 -0.824127 -0.628272
-0.951960 -0.933547 -0.647397
-1.110306 -0.648496 -0.637526
-1.191131 -0.467349 -0.638816
-2.858104 0.299178 -0.751903
-3.128112 0.476847 -0.753754
-3.073239 0.698748 -0.768043
-0.653983 -1.778028 -0.502164
-0.673790 -1.737568 -0.492340
-0.669152 -1.675536 -0.479855
-0.071712 -1.500642 -0.447182
0.131669 -1.517189 -0.518828
-0.789716 -1.440735 -0.444036
-0.043260 -1.445120 -0.404718
-0.857185 -1.225716 -0.420539
-1.015279 -0.839622 -0.476005
-0.940576 -0.933790 -0.599401
1.375276 -0.682151 -0.482058
-1.102156 -0.650570 -0.488666
1.307144 -0.460433 -0.462978
-1.183006 -0.481983 -0.508760
1.097266 0.074188 -0.619633
-3.230672 0.784887 -0.431052
-2.150456 0.878661 -0.619815
-1.994301 1.236794 -0.441339
-1.480224 1.423879 -0.675870
-1.406113 1.453510 -0.675341
-1.381026 1.998197 -0.622856
1.459044 -4.116070 -0.120980
1.623395 -4.054208 -0.118275
1.723626 -4.003796 -0.150488
-0.695772 -1.602569 -0.239184
-0.645006 -1.679940 -0.262600
-0.023664 -1.493191 -0.239757
0.120468 -1.498695 -0.252274
-0.783457 -1.397933 -0.260337
-0.751266 -1.196926 -0.250373
-1.011497 -0.811379 -0.261010
0.767843 -0.744907 -0.360712
1.323482 -0.657715 -0.281848
-1.080123 -0.670615 -0.273351
-0.657439 -0.710241 -0.242309
1.236670 -0.470465 -0.315501
1.330462 -0.552225 -0.288336
1.225161 -0.341624 -0.283877
1.098165 0.071637 -0.361179
1.387626 -0.002232 -0.348861
0.891527 0.453875 -0.380080
0.784301 0.695653 -0.393123
0.711780 0.925309 -0.468058
-1.771114 1.303478 -0.385397
1.294731 -0.490406 -0.204584
1.134694 0.072380 -0.212650
0.915011 0.204906 -0.212627
-0.730619 -1.571112 -0.645116
0.230785 -1.549848 -0.597956
-0.761279 -1.518623 -0.642422
1.021132 -1.368720 -0.649097
-0.856554 -1.211748 -0.643075
0.771654 -1.155154 -0.728645
0.943380 -1.087650 -0.764886
-1.003995 -0.865058 -0.654770
1.685429 -0.863995 -0.665266
-1.096462 -0.674198 -0.674795
-1.173048 -0.509100 -0.699224
-2.647527 0.238456 -0.803188
-2.573185 0.417344 -0.807939
0.143780 0.535469 -0.737525
-1.503399 1.383828 -0.792960
-1.306004 1.493548 -0.781065
-1.254867 2.016369 -0.890993
-0.721144 -1.591506 -0.462260
-0.642681 -1.768826 -0.428830
-0.105576 -1.522069 -0.381325
0.171842 -1.542282 -0.409374
-0.804415 -1.377623 -0.419905
-0.010111 -1.460180 -0.441701
0.093088 -1.456440 -0.523811
-0.864933 -1.211879 -0.409796
-1.014597 -0.837350 -0.482794
-0.904872 -0.988496 -0.557751
1.206197 -0.892693 -0.539485
-1.081308 -0.669763 -0.483590
-1.151901 -0.512277 -0.531355
1.110074 0.043739 -0.590424
1.093827 0.101000 -0.523347
-3.324791 0.701225 -0.602626
0.105695 0.919240 -0.649632
0.677183 1.044466 -0.502807
-2.031426 0.964594 -0.575117
-1.895767 1.245164 -0.639793
-1.343575 1.471373 -0.503124
-1.320156 2.017490 -0.580645
1.387294 -4.110688 -0.099203
1.665364 -4.037520 -0.057283
0.580709 -1.990744 -0.162000
0.619191 -2.027835 -0.150197
-0.741535 -1.540257 -0.289546
-0.646949 -1.711534 -0.221992
-0.027723 -1.508766 -0.248792
0.117642 -1.490677 -0.200940
-0.794236 -1.368672 -0.264616
-0.008507 -1.466086 -0.286271
-0.741567 -1.204910 -0.240132
0.785433 -0.949867 -0.341601
1.523382 -0.975442 -0.309991
-1.007469 -0.834502 -0.262024
-0.621697 -0.868136 -0.205293
0.782850 -0.769528 -0.327476
0.823853 -0.719068 -0.331039
1.405005 -0.741365 -0.245317
-1.088139 -0.674111 -0.286774
-0.665916 -0.736345 -0.221780
1.014780 -0.611245 -0.323220
1.248128 -0.439561 -0.203045
1.314371 -0.539064 -0.283556
1.209627 -0.343600 -0.234153
1.264876 -0.366591 -0.374826
1.076894 0.067352 -0.288227
0.909362 0.327402 -0.211017
0.861239 0.480093 -0.370784
0.786123 0.681609 -0.391837
-2.178259 0.842233 -0.241361
0.650144 1.047864 -0.462811
0.733022 0.839853 -0.426385
-1.385395 2.044634 -0.310967
1.115129 0.075457 -0.194712
0.897239 0.182218 -0.180395
0.896722 0.383104 -0.210627
-0.589222 -1.888449 -0.683109
0.899759 -1.541138 -0.698404
-0.798819 -1.410794 -0.602188
0.273635 -1.289645 -0.716769
1.704723 -1.258455 -0.747240
1.804201 -1.112540 -0.698992
-0.868855 -1.170674 -0.639166
-1.026149 -0.864388 -0.641303
-0.897280 -1.006135 -0.615769
1.707848 -0.767965 -0.645213
-1.121715 -0.664572 -0.655591
-1.213696 -0.478850 -0.650908
1.078096 0.086838 -0.676672
-2.670271 0.209549 -0.760335
-2.599244 0.389332 -0.762313
0.105082 0.571391 -0.705187
0.161341 0.581001 -0.717335
-1.440166 1.447363 -0.728478
0.488486 -1.762917 -0.332587
-0.695691 -1.660145 -0.400806
-0.653553 -1.679015 -0.454394
-0.130344 -1.490474 -0.375734
0.098663 -1.457273 -0.491907
-0.815628 -1.358858 -0.397748
-0.008048 -1.446858 -0.437008
0.112946 -1.444419 -0.335570
-0.889990 -1.155961 -0.429741
-1.013079 -0.854405 -0.458159
-0.935821 -1.016790 -0.455525
1.378718 -0.632070 -0.405061
-1.103503 -0.669257 -0.440263
-1.184365 -0.501611 -0.482008
1.076961 0.098266 -0.482061
1.388160 0.058847 -0.548239
-3.567075 0.534789 -0.569428
-3.290337 0.718483 -0.551147
0.052157 0.928143 -0.597761
0.588972 1.175879 -0.473403
-1.863480 1.285572 -0.573854
-1.464448 1.996135 -0.515491
-1.331001 2.064557 -0.559915
1.626900 -4.007065 -0.083310
1.806508 -3.933147 -0.020620
0.601767 -1.997910 -0.163177
-0.604997 -1.804273 -0.198301
0.548394 -1.909883 -0.163984
-0.695080 -1.627239 -0.240556
-0.070754 -1.490920 -0.207023
0.115775 -1.454001 -0.156553
-0.806265 -1.375265 -0.268726
-0.029680 -1.446714 -0.273354
-0.762550 -1.165056 -0.189070
-0.711950 -1.075106 -0.190753
1.462618 -0.955441 -0.182422
-1.037023 -0.825429 -0.237114
-0.669380 -0.915312 -0.188472
0.747382 -0.816028 -0.306268
1.373305 -0.684094 -0.267231
-1.104569 -0.691000 -0.268295
0.952898 -0.557124 -0.295980
1.226231 -0.410315 -0.192411
1.287604 -0.524737 -0.232773
1.190790 -0.309098 -0.232985
1.242521 -0.350731 -0.307899
1.056051 0.091261 -0.168416
0.901073 0.346156 -0.173347
0.839919 0.431505 -0.317397
0.746904 0.711741 -0.351997
-2.256256 0.798000 -0.249012
0.629714 0.999302 -0.401039
0.673848 0.908617 -0.399790
6.747447 2.445594 -0.340259
1.145709 -0.901965 -0.070132
1.361112 0.034268 -0.159056
0.848315 0.192529 -0.141446
0.651747 -1.608802 -0.683545
0.949207 -1.525523 -0.676744
-0.793223 -1.415625 -0.663179
-0.859933 -1.226731 -0.668213
0.702661 -1.182021 -0.713610
1.403699 -1.147594 -0.617547
1.571553 -1.031305 -0.646464
-0.982297 -0.927499 -0.659466
-0.916569 -1.086862 -0.617060
-1.076487 -0.738486 -0.666192
-1.170853 -0.544090 -0.680765
-3.112662 0.305753 -0.887704
-3.023747 0.516794 -0.891866
-0.627607 -1.839312 -0.488345
-0.697469 -1.657111 -0.467934
-0.123031 -1.569020 -0.391022
0.149879 -1.578205 -0.472177
-0.790662 -1.449409 -0.439757
-0.020012 -1.511194 -0.430049
-0.847153 -1.227386 -0.506931
-0.997448 -0.919133 -0.538372
-0.827283 -1.021376 -0.574464
1.371783 -0.718590 -0.377958
-1.079156 -0.725317 -0.508683
-1.169420 -0.551726 -0.530806
1.085303 0.023359 -0.531511
1.100254 0.059135 -0.553861
-3.355183 0.637765 -0.590666
-3.016630 0.777858 -0.563318
-2.121438 0.768901 -0.685776
0.648640 1.004691 -0.462020
0.647931 1.047779 -0.462367
-1.597623 1.282083 -0.751502
-1.431179 1.388217 -0.659504
-1.337719 1.423324 -0.732367
-1.411182 1.927012 -0.671247
1.602481 -4.100702 0.030631
1.286152 -2.800587 0.003187
-0.690372 -1.668288 -0.251212
-0.647935 -1.723150 -0.257308
-0.038276 -1.544010 -0.205394
0.104259 -1.560401 -0.211824
-0.769329 -1.482162 -0.262003
0.038223 -1.513876 -0.225986
-0.764174 -1.293563 -0.250598
-1.023096 -0.880312 -0.279467
-0.642820 -0.951373 -0.224349
0.814602 -0.780532 -0.295547
1.376250 -0.703083 -0.287118
-1.090646 -0.732145 -0.305109
-0.672077 -0.782221 -0.244147
1.003284 -0.659386 -0.287368
1.238283 -0.499824 -0.203378
1.325505 -0.588401 -0.244000
1.204962 -0.389957 -0.212517
1.064436 0.012654 -0.222082
1.396127 -0.032480 -0.253667
0.908116 0.250170 -0.171271
0.874114 0.403444 -0.325516
0.791605 0.608654 -0.352261
0.717612 0.821302 -0.416154
-1.657780 1.292199 -0.460263
-1.279845 1.990461 -0.368887
1.099381 0.056892 -0.139682
0.915586 0.149798 -0.145723
0.578611 2.830324 -0.298010
0.241371 -1.587552 -0.620502
0.519494 -1.616821 -0.703623
0.754021 -1.543385 -0.704369
0.904329 -1.498842 -0.704470
-0.813468 -1.396226 -0.654403
-0.630615 -1.549236 -0.645988
1.188541 -1.313651 -0.685152
-0.925672 -1.081360 -0.626162
1.572874 -1.037168 -0.696999
-1.014661 -0.883851 -0.648226
-1.082886 -0.748740 -0.648045
-1.191465 -0.503760 -0.659608
-2.962755 0.382647 -0.827781
-0.494207 -2.107495 -0.529891
-0.581200 -1.901782 -0.506453
-0.720370 -1.639698 -0.468337
-0.651991 -1.732418 -0.472104
-0.058339 -1.532191 -0.459018
-0.785540 -1.475469 -0.435987
-0.015382 -1.470289 -0.372660
-0.867479 -1.249873 -0.429405
-1.010292 -0.892928 -0.537661
-0.927609 -1.063474 -0.596432
-0.720334 -0.966323 -0.510150
-1.097344 -0.710673 -0.502429
1.348757 -0.603239 -0.409038
-1.184876 -0.527771 -0.569515
1.357319 -0.015399 -0.425878
1.064507 0.085798 -0.552741
-2.080404 0.976966 -0.667858
0.562642 1.083243 -0.473268
-1.897721 1.232711 -0.684554
-1.736933 1.249959 -0.709659
-1.504997 1.374611 -0.645804
1.562304 -4.089910 -0.020428
1.808905 -3.992272 0.000829
-0.582992 -1.883712 -0.267153
-0.723450 -1.620008 -0.253040
-0.669278 -1.689979 -0.209576
-0.076541 -1.519280 -0.215932
-0.769978 -1.499699 -0.268495
0.017346 -1.464469 -0.209284
0.065476 -1.375003 -0.214583
-1.029734 -0.856984 -0.252795
0.760443 -0.827978 -0.318896
1.389822 -0.777420 -0.223186
-1.120070 -0.683109 -0.280562
1.224743 -0.432835 -0.184302
1.297095 -0.521267 -0.238681
1.197878 -0.337793 -0.235275
1.245176 -0.393743 -0.258551
1.058205 0.055726 -0.268872
0.929147 0.299906 -0.179784
1.072394 0.098625 -0.168721
0.857300 0.451956 -0.335294
0.752449 0.667001 -0.335627
0.612319 1.004227 -0.455677
0.695782 0.865111 -0.412720
-1.905524 1.220109 -0.458338
1.066514 0.084223 -0.148898
0.859969 0.195439 -0.161318
1.079326 0.115974 -0.162107
-1.361787 2.060790 -0.244540
-0.166611 -2.556580 -0.749393
-0.585982 -1.801827 -0.641900
-0.825836 -1.345416 -0.681903
-0.091896 -1.412175 -0.681192
0.962407 -1.216740 -0.722378
0.897181 -0.998626 -0.725726
1.229819 -0.899697 -0.679706
1.415521 -0.873194 -0.734279
-0.987638 -0.884719 -0.669113
-0.950683 -0.954169 -0.673972
-1.100536 -0.661867 -0.681420
-1.192544 -0.487695 -0.679611
-2.900214 0.354245 -0.824914
-0.615139 -1.775858 -0.633387
-0.712676 -1.564172 -0.523122
0.045819 -1.511933 -0.471452
0.105022 -1.559592 -0.495298
-0.795375 -1.382118 -0.523327
-0.868451 -1.193353 -0.527596
-0.547872 -1.042399 -0.625397
1.014139 -0.992846 -0.635318
-1.010422 -0.861421 -0.541378
-0.948305 -0.964420 -0.582066
-0.706582 -0.948318 -0.509227
-1.095879 -0.682683 -0.526216
-1.178180 -0.512365 -0.588183
1.096895 0.084712 -0.484416
1.404601 0.090648 -0.563161
0.863196 0.468218 -0.431313
0.753965 0.739182 -0.452026
0.700749 0.884344 -0.466315
-2.099460 1.049045 -0.664669
-1.662976 1.318226 -0.664019
-1.643684 1.354664 -0.674448
-1.420170 1.462804 -0.649885
-1.366575 1.473217 -0.641392
-1.376043 2.026474 -0.633566
0.883108 -4.018004 -0.125489
1.499288 -4.101014 -0.121606
1.744142 -3.982514 -0.147771
-0.598583 -1.851082 -0.336426
-0.714641 -1.604669 -0.315136
-0.637126 -1.716519 -0.315747
0.006830 -1.496974 -0.261895
0.081257 -1.537545 -0.299801
-0.799138 -1.395870 -0.316826
-0.043810 -1.460425 -0.263198
-1.029519 -0.840490 -0.286786
0.730644 -0.674209 -0.335097
0.793673 -0.821790 -0.287047
1.359320 -0.697612 -0.236175
-1.108052 -0.682598 -0.305544
-0.676062 -0.702530 -0.266836
1.220068 -0.406770 -0.225613
1.281940 -0.498522 -0.246156
1.216390 -0.328047 -0.203451
1.089797 0.086453 -0.154436
0.880428 0.344105 -0.160978
0.881215 0.410128 -0.246889
0.749939 0.668754 -0.249557
0.686068 0.883383 -0.342524
0.554651 1.131096 -0.313852
1.076207 0.069551 -0.133192
0.874093 0.202134 -0.145469
0.284869 -2.424641 -0.723116
-0.657813 -1.701607 -0.645017
-0.603594 -1.762663 -0.653933
-0.796639 -1.446488 -0.668413
-0.069975 -1.495441 -0.715909
2.156805 -1.244073 -0.701023
1.277962 -0.982377 -0.741699
2.217736 -1.081475 -0.700075
1.072066 0.030052 -0.705874
-3.606559 0.378416 -0.833212
-3.347457 0.582089 -0.802907
-3.018775 0.731586 -0.759584
-1.367289 1.411684 -0.746446
0.348175 -3.191907 -0.477290
1.027388 -2.668539 -0.403768
0.480955 -1.889983 -0.397336
-0.628511 -1.797936 -0.446935
0.067615 -1.638888 -0.463705
-0.765184 -1.486339 -0.486308
-0.059587 -1.467063 -0.501219
-0.857594 -1.238478 -0.565426
-0.995469 -0.923000 -0.551699
-0.835823 -1.063919 -0.554328
-1.084272 -0.744202 -0.557963
-1.171406 -0.576246 -0.554857
1.080500 0.073866 -0.543315
0.881848 0.380743 -0.469266
0.719291 0.676724 -0.476255
-2.129248 0.785680 -0.628671
-2.083672 0.915074 -0.615307
-1.981305 1.150004 -0.604181
-1.651992 1.267127 -0.634491
-1.616013 1.274431 -0.626132
-1.464371 1.395222 -0.625345
-1.367813 1.426670 -0.619268
-1.450138 1.925178 -0.701918
-1.341703 1.967530 -0.706286
1.650409 -4.061960 -0.067253
1.728031 -3.093895 -0.098411
0.077450 -1.632753 -0.258265
-0.055636 -1.465641 -0.294461
-0.799790 -1.239805 -0.311572
1.544117 -0.977426 -0.256780
-1.013684 -0.918686 -0.289898
-0.965729 -0.852516 -0.254635
0.767726 -0.716738 -0.308685
1.376702 -0.671818 -0.288722
-1.095792 -0.746856 -0.341610
-0.663705 -0.770932 -0.319692
0.852186 -0.683200 -0.289987
1.189765 -0.512317 -0.263256
1.313804 -0.522356 -0.253725
1.212491 -0.367896 -0.220609
1.248842 -0.369096 -0.285272
1.037887 0.011546 -0.168342
1.096755 0.070751 -0.321093
0.864645 0.427340 -0.316424
0.758163 0.636556 -0.327859
0.688954 0.824107 -0.335133
0.629022 1.032217 -0.360181
1.075724 0.070764 -0.144519
0.905929 0.124338 -0.145584
0.170006 -2.148682 -0.626686
-0.709444 -1.609379 -0.523851
-0.667410 -1.689309 -0.596486
-0.795833 -1.401773 -0.550637
0.285534 -1.294432 -0.680168
1.855791 -1.154192 -0.697051
-0.878510 -1.159064 -0.532103
1.012309 -0.990201 -0.687077
1.694215 -0.918652 -0.636291
-0.996341 -0.881049 -0.638462
-1.103041 -0.658996 -0.640938
-1.200140 -0.425480 -0.621413
-3.611877 0.504481 -0.655167
0.139651 0.560233 -0.705637
0.197250 0.576339 -0.725349
-3.460901 0.668045 -0.613683
-0.620572 -1.805233 -0.358604
-0.717300 -1.577151 -0.323629
-0.194151 -1.496959 -0.500171
-0.094641 -1.504394 -0.355509
-0.816388 -1.343171 -0.390368
-0.113741 -1.436501 -0.420874
-0.876339 -1.130347 -0.391770
-0.995123 -0.853592 -0.454483
-0.958779 -0.962009 -0.503057
-1.086393 -0.649066 -0.433392
1.273232 -0.388083 -0.393712
-1.185712 -0.453357 -0.453213
1.085116 0.097692 -0.496526
-3.178995 0.788549 -0.563878
-2.078265 0.907814 -0.519622
-1.989119 1.224184 -0.564474
-1.642231 1.359669 -0.531296
-1.398098 1.517231 -0.533578
-1.269972 1.511605 -0.688541
-1.407179 2.022491 -0.626522
-1.357549 2.031466 -0.625482
-0.658852 -1.615072 -0.171657
-0.182012 -1.488700 -0.267680
0.001001 -1.578824 -0.193764
0.097204 -1.610820 -0.158192
-0.783033 -1.393899 -0.234213
-0.090655 -1.418479 -0.163923
-0.750265 -1.144321 -0.148260
-1.017402 -0.797046 -0.244546
-0.645410 -0.868622 -0.147163
0.738624 -0.791544 -0.281955
0.798281 -0.714699 -0.287779
1.394651 -0.783331 -0.251813
-1.104993 -0.620709 -0.246927
-0.658209 -0.671383 -0.161695
1.243632 -0.409997 -0.187306
1.327552 -0.525643 -0.256630
1.216787 -0.312276 -0.231272
1.266680 -0.357571 -0.307700
1.090572 0.053072 -0.240106
0.898927 0.371312 -0.182873
0.879006 0.457597 -0.297550
0.779603 0.729794 -0.375311
0.673430 1.047547 -0.426265
0.683003 1.018909 -0.427604
6.804720 2.383056 -0.503932
1.125624 0.111378 -0.158045
0.916155 0.228523 -0.163236
1.087476 0.153686 -0.166567
0.894624 0.432507 -0.181578
0.234590 -2.243403 -0.662991
-0.690897 -1.617023 -0.589633
-0.767717 -1.458828 -0.563119
-0.111132 -1.374994 -0.645023
0.389229 -1.301771 -0.690794
1.053331 -1.346255 -0.594645
-0.860944 -1.269823 -0.551497
0.740477 -1.146100 -0.657105
0.919509 -1.105611 -0.680487
2.006361 -1.014892 -0.696101
1.023619 -0.926021 -0.651861
1.821497 -0.793099 -0.632868
-1.902924 -0.046294 -0.710399
-3.555578 0.441262 -0.647221
-3.427089 0.600133 -0.679430
-2.997926 0.794796 -0.605799
0.166106 0.928747 -0.677304
0.282483 -3.108368 -0.449147
-0.705994 -1.575737 -0.330341
-0.637981 -1.752208 -0.365448
-0.181036 -1.520454 -0.496418
0.034069 -1.621350 -0.379464
-0.785099 -1.408613 -0.393874
-0.172785 -1.494237 -0.485129
-0.099243 -1.483866 -0.452339
-0.860900 -1.183119 -0.425723
-0.992429 -0.886095 -0.466380
-0.718359 -0.975908 -0.420514
1.335815 -0.865117 -0.509351
-1.075442 -0.705031 -0.436317
1.227467 -0.453419 -0.490672
1.404293 -0.620821 -0.403544
-1.165707 -0.528259 -0.477113
1.401389 0.003711 -0.454533
1.076366 0.093525 -0.455882
0.216854 0.467117 -0.630238
-2.093973 0.851166 -0.594194
-2.087389 0.902533 -0.537722
-2.043137 0.980553 -0.535262
-1.907209 1.219599 -0.532477
-1.587311 1.324833 -0.532135
-1.430891 1.442614 -0.536112
-1.329639 1.471829 -0.558913
-1.414295 1.976083 -0.617059
-1.302462 2.010492 -0.623663
-0.617605 -1.673779 -0.150314
0.041116 -1.616352 -0.235784
-0.785097 -1.376816 -0.282088
-0.087187 -1.441232 -0.227096
1.634721 -1.311479 -0.154938
-0.719492 -1.215875 -0.153237
-1.009546 -0.865436 -0.234814
1.435424 -0.805257 -0.201585
-1.075083 -0.719926 -0.233630
1.257973 -0.466858 -0.194786
1.334454 -0.551051 -0.192844
1.225898 -0.334349 -0.208264
1.278062 -0.381733 -0.312544
1.088865 0.045074 -0.192820
1.409230 -0.001048 -0.347218
0.880731 0.433124 -0.287270
3.909555 0.536582 -0.236078
0.779790 0.692080 -0.302723
-3.244200 0.708035 -0.289026
0.619142 0.936327 -0.302738
0.712822 0.891071 -0.354606
-2.921214 0.841523 -0.283847
1.297995 -0.417452 -0.126561
0.885272 0.204920 -0.131133
1.247851 0.189991 -0.139302
0.835518 0.333925 -0.143299
0.173975 -2.308588 -0.696552
-0.456934 -2.080373 -0.700961
-0.705094 -1.615342 -0.618025
-0.655545 -1.676311 -0.627722
-0.778374 -1.506186 -0.612760
-0.162316 -1.398398 -0.688995
-0.839138 -1.298786 -0.611349
0.955625 -1.061707 -0.712096
0.183022 0.520364 -0.709251
-3.569600 0.505081 -0.669461
0.090906 0.889355 -0.721143
0.616251 -3.110811 -0.455153
-0.608191 -1.842736 -0.408906
-0.706003 -1.608911 -0.381827
-0.609652 -1.738010 -0.343353
0.003394 -1.596015 -0.431231
-0.796660 -1.421976 -0.510544
-0.199115 -1.496827 -0.531487
-0.124311 -1.479586 -0.511940
-0.871124 -1.221614 -0.568985
-1.007841 -0.900071 -0.559047
-0.957346 -0.993835 -0.521904
-0.710146 -0.999493 -0.493051
1.084104 -0.792757 -0.469902
1.411612 -0.687431 -0.429148
-1.085882 -0.712714 -0.548585
1.194505 -0.509118 -0.441074
-1.192815 -0.533873 -0.545943
0.933714 -0.418930 -0.574184
1.094448 0.070085 -0.496483
1.366340 0.095165 -0.547918
-3.393760 0.598653 -0.583875
-3.237775 0.674152 -0.638366
-3.045592 0.748446 -0.562068
-2.175363 0.744954 -0.639637
-2.088980 0.852220 -0.534423
0.008120 0.871362 -0.714306
0.653176 0.949674 -0.488436
-2.066372 0.969768 -0.567138
-2.007061 1.171007 -0.569573
-1.444438 1.406465 -0.520158
-1.428180 1.409375 -0.669002
-1.447399 1.954048 -0.592221
-1.344303 1.989190 -0.597611
1.654104 -4.069035 -0.229420
0.503812 -1.956151 -0.177095
-0.673001 -1.676231 -0.189584
-0.640506 -1.654674 -0.188990
0.002925 -1.557127 -0.256091
-0.747753 -1.534325 -0.306894
-0.185939 -1.449947 -0.241710
-0.115724 -1.401930 -0.284695
-0.727318 -1.152772 -0.199804
-1.026775 -0.859157 -0.288557
0.764515 -0.784558 -0.314032
0.788917 -0.761238 -0.325173
1.413455 -0.768005 -0.222167
-1.091713 -0.717355 -0.301311
1.241536 -0.487506 -0.226561
1.314377 -0.548409 -0.273291
1.210660 -0.332107 -0.253235
1.253034 -0.355756 -0.389981
1.065324 -0.015785 -0.190543
1.318412 -0.000098 -0.295676
0.861707 0.296222 -0.241513
-1.844373 0.209261 -0.172339
0.862288 0.452323 -0.366804
0.758500 0.695648 -0.363060
-2.158773 0.757756 -0.270832
0.594324 0.954034 -0.308482
0.654680 1.001134 -0.408201
0.577626 1.092647 -0.409138
-1.803110 1.395114 -0.258279
0.595479 2.900425 -0.325114
1.307138 -0.467655 -0.164396
1.088889 0.092294 -0.181974
0.901098 0.191628 -0.180442
0.875322 0.415587 -0.194159
-0.143534 0.883744 -1.557092
-0.640079 -1.736996 -0.666780
-0.731337 -1.565768 -0.639543
0.781683 -1.158654 -0.676156
0.976032 -1.168906 -0.736567
-0.961377 -0.979227 -0.712988
-0.910379 -1.068923 -0.706119
-0.688293 -0.971854 -0.648473
-1.062766 -0.770601 -0.717162
-1.173405 -0.559676 -0.722286
-2.360749 0.327374 -0.839629
-3.559367 0.430480 -0.735102
0.404392 -3.139299 -0.482268
-0.513261 -1.981196 -0.451812
-0.665464 -1.677621 -0.500372
-0.598601 -1.768565 -0.420440
-0.748782 -1.490803 -0.517344
-0.174214 -1.337442 -0.485472
-0.832726 -1.282739 -0.543160
-0.037946 -1.157542 -0.417768
-0.972127 -0.956416 -0.526385
-0.693605 -1.040049 -0.446796
-0.689836 -1.016112 -0.512063
-1.054637 -0.768983 -0.499939
-1.154131 -0.588326 -0.510692
1.078861 0.045947 -0.465956
1.075502 0.083442 -0.538821
1.399709 0.101102 -0.507014
-3.242975 0.606246 -0.696733
-3.053822 0.682025 -0.614637
0.640252 0.957727 -0.454777
-2.100120 0.868063 -0.636201
-1.971182 1.135678 -0.596727
-1.562726 1.291453 -0.610030
-1.344757 1.462780 -0.523608
-1.345105 1.965152 -0.588241
-0.581505 -1.840618 -0.222590
0.445392 -1.861258 -0.227250
-0.658364 -1.676343 -0.361889
-0.748794 -1.519914 -0.330626
-0.148740 -1.195615 -0.288128
-0.986976 -0.920230 -0.290288
0.776233 -0.856767 -0.312679
1.358662 -0.697034 -0.227380
-1.070972 -0.755625 -0.321299
1.231035 -0.441859 -0.185901
1.330936 -0.546652 -0.222538
1.225191 -0.353350 -0.204327
1.264947 -0.382806 -0.242217
1.087449 0.022891 -0.154182
0.878850 0.409419 -0.326857
0.751822 0.661906 -0.328107
0.636919 0.935757 -0.363417
0.696398 0.834640 -0.358023
0.606030 1.037905 -0.380443
-1.814957 1.256459 -0.270808
-1.681592 1.361385 -0.275587
1.267674 -2.466539 -0.059331
1.097954 0.071273 -0.140746
0.868701 0.147281 -0.149016
1.080511 0.108099 -0.146066
0.022238 -3.165979 -0.502267
-0.247389 -2.776562 -0.461983
-0.465305 -2.195604 -0.537077
0.992519 -1.576850 -0.695694
-0.791428 -1.451891 -0.592547
1.287518 -1.369137 -0.684958
1.613604 -1.265610 -0.710711
-0.870666 -1.290611 -0.583450
0.943029 -1.112266 -0.735410
1.654045 -1.056543 -0.701210
-1.010391 -0.868714 -0.615794
1.635262 -0.833354 -0.679415
-1.056277 -0.786246 -0.611498
-2.848236 0.281353 -0.713499
-1.437870 1.399241 -0.709608
-1.366856 1.431665 -0.709649
-0.639306 -1.834771 -0.402395
-0.730322 -1.581287 -0.387855
-0.824071 -1.396510 -0.371798
-0.865502 -1.247114 -0.351096
-1.016859 -0.845945 -0.553408
-1.062029 -0.778122 -0.558165
-0.696731 -0.087930 -0.588566
1.112859 0.026318 -0.574298
1.371839 -0.043443 -0.458436
-3.432691 0.674997 -0.464699
-3.078591 0.815438 -0.450746
-1.764622 1.298083 -0.594557
-1.245796 2.048193 -0.505991
1.354727 -4.173307 -0.050990
0.554323 -4.054812 0.060382
1.414076 -4.131198 -0.050449
1.626933 -4.080654 -0.083070
-0.700695 -1.642841 -0.188764
-0.616337 -1.724991 -0.166900
-0.817652 -1.398210 -0.209680
1.607484 -1.345995 -0.166230
1.486775 -0.974562 -0.251512
-0.602687 -0.895122 -0.156067
0.774332 -0.938348 -0.332187
0.853126 -0.739213 -0.302929
1.365536 -0.742161 -0.236221
-0.362416 -0.538689 -0.241290
0.971681 -0.649260 -0.296070
1.259496 -0.485835 -0.249485
1.328434 -0.576269 -0.289955
-0.281749 -0.495019 -0.219031
1.223447 -0.386832 -0.216318
1.074640 -0.010162 -0.263490
1.417056 -0.044009 -0.404911
0.902406 0.425250 -0.344316
0.792425 0.656585 -0.401009
0.700015 0.924935 -0.457471
0.735987 0.834057 -0.441562
0.630749 1.040874 -0.461447
-1.347539 2.045866 -0.237201
-1.159404 2.094671 -0.251802
0.816880 2.939125 -0.381844
0.952370 0.176057 -0.183270
1.113949 0.094731 -0.182181
0.914803 0.382578 -0.203831
